id,year,state_name,state_code,district_name,district_code,irrigated_area_type,area_classification,area_sub_classification,irrigated_area,old_district_name
5340,1998-1999,Telangana,36,Adilabad,501.0,Gross Irrigated Area,Canal,Government,23762.0,Adilabad
5341,1998-1999,Telangana,36,Adilabad,501.0,Gross Irrigated Area,Canal,Private,,Adilabad
5342,1998-1999,Telangana,36,Adilabad,501.0,Gross Irrigated Area,Other Source,Other Source,2942.0,Adilabad
5343,1998-1999,Telangana,36,Adilabad,501.0,Gross Irrigated Area,Tank,Tank,22102.0,Adilabad
5344,1998-1999,Telangana,36,Adilabad,501.0,Gross Irrigated Area,Well,Other Well,23227.0,Adilabad
5345,1998-1999,Telangana,36,Adilabad,501.0,Gross Irrigated Area,Well,Tubewell,24012.0,Adilabad
5346,1998-1999,Telangana,36,Adilabad,501.0,Net Irrigated Area,Canal,Government,19418.0,Adilabad
5347,1998-1999,Telangana,36,Adilabad,501.0,Net Irrigated Area,Canal,Private,,Adilabad
5348,1998-1999,Telangana,36,Adilabad,501.0,Net Irrigated Area,Other Source,Other Source,2676.0,Adilabad
5349,1998-1999,Telangana,36,Adilabad,501.0,Net Irrigated Area,Tank,Tank,20424.0,Adilabad
5350,1998-1999,Telangana,36,Adilabad,501.0,Net Irrigated Area,Well,Other Well,20436.0,Adilabad
5351,1998-1999,Telangana,36,Adilabad,501.0,Net Irrigated Area,Well,Tubewell,15574.0,Adilabad
5352,1998-1999,Telangana,36,Karimnagar,508.0,Gross Irrigated Area,Canal,Government,89713.0,Karimnagar
5353,1998-1999,Telangana,36,Karimnagar,508.0,Gross Irrigated Area,Canal,Private,,Karimnagar
5354,1998-1999,Telangana,36,Karimnagar,508.0,Gross Irrigated Area,Other Source,Other Source,5829.0,Karimnagar
5355,1998-1999,Telangana,36,Karimnagar,508.0,Gross Irrigated Area,Tank,Tank,54850.0,Karimnagar
5356,1998-1999,Telangana,36,Karimnagar,508.0,Gross Irrigated Area,Well,Other Well,245270.0,Karimnagar
5357,1998-1999,Telangana,36,Karimnagar,508.0,Gross Irrigated Area,Well,Tubewell,5509.0,Karimnagar
5358,1998-1999,Telangana,36,Karimnagar,508.0,Net Irrigated Area,Canal,Government,52956.0,Karimnagar
5359,1998-1999,Telangana,36,Karimnagar,508.0,Net Irrigated Area,Canal,Private,,Karimnagar
5360,1998-1999,Telangana,36,Karimnagar,508.0,Net Irrigated Area,Other Source,Other Source,4534.0,Karimnagar
5361,1998-1999,Telangana,36,Karimnagar,508.0,Net Irrigated Area,Tank,Tank,36217.0,Karimnagar
5362,1998-1999,Telangana,36,Karimnagar,508.0,Net Irrigated Area,Well,Other Well,168804.0,Karimnagar
5363,1998-1999,Telangana,36,Karimnagar,508.0,Net Irrigated Area,Well,Tubewell,4445.0,Karimnagar
5364,1998-1999,Telangana,36,Khammam,509.0,Gross Irrigated Area,Canal,Government,77024.0,Khammam
5365,1998-1999,Telangana,36,Khammam,509.0,Gross Irrigated Area,Canal,Private,,Khammam
5366,1998-1999,Telangana,36,Khammam,509.0,Gross Irrigated Area,Other Source,Other Source,27525.0,Khammam
5367,1998-1999,Telangana,36,Khammam,509.0,Gross Irrigated Area,Tank,Tank,60157.0,Khammam
5368,1998-1999,Telangana,36,Khammam,509.0,Gross Irrigated Area,Well,Other Well,37067.0,Khammam
5369,1998-1999,Telangana,36,Khammam,509.0,Gross Irrigated Area,Well,Tubewell,21482.0,Khammam
5370,1998-1999,Telangana,36,Khammam,509.0,Net Irrigated Area,Canal,Government,63651.0,Khammam
5371,1998-1999,Telangana,36,Khammam,509.0,Net Irrigated Area,Canal,Private,,Khammam
5372,1998-1999,Telangana,36,Khammam,509.0,Net Irrigated Area,Other Source,Other Source,25288.0,Khammam
5373,1998-1999,Telangana,36,Khammam,509.0,Net Irrigated Area,Tank,Tank,55289.0,Khammam
5374,1998-1999,Telangana,36,Khammam,509.0,Net Irrigated Area,Well,Other Well,33787.0,Khammam
5375,1998-1999,Telangana,36,Khammam,509.0,Net Irrigated Area,Well,Tubewell,18772.0,Khammam
5376,1998-1999,Telangana,36,Mahabubnagar,512.0,Gross Irrigated Area,Canal,Government,17356.0,Mahabubnagar
5377,1998-1999,Telangana,36,Mahabubnagar,512.0,Gross Irrigated Area,Canal,Private,,Mahabubnagar
5378,1998-1999,Telangana,36,Mahabubnagar,512.0,Gross Irrigated Area,Other Source,Other Source,9261.0,Mahabubnagar
5379,1998-1999,Telangana,36,Mahabubnagar,512.0,Gross Irrigated Area,Tank,Tank,24797.0,Mahabubnagar
5380,1998-1999,Telangana,36,Mahabubnagar,512.0,Gross Irrigated Area,Well,Other Well,65247.0,Mahabubnagar
5381,1998-1999,Telangana,36,Mahabubnagar,512.0,Gross Irrigated Area,Well,Tubewell,109705.0,Mahabubnagar
5382,1998-1999,Telangana,36,Mahabubnagar,512.0,Net Irrigated Area,Canal,Government,13742.0,Mahabubnagar
5383,1998-1999,Telangana,36,Mahabubnagar,512.0,Net Irrigated Area,Canal,Private,,Mahabubnagar
5384,1998-1999,Telangana,36,Mahabubnagar,512.0,Net Irrigated Area,Other Source,Other Source,6390.0,Mahabubnagar
5385,1998-1999,Telangana,36,Mahabubnagar,512.0,Net Irrigated Area,Tank,Tank,22610.0,Mahabubnagar
5386,1998-1999,Telangana,36,Mahabubnagar,512.0,Net Irrigated Area,Well,Other Well,51865.0,Mahabubnagar
5387,1998-1999,Telangana,36,Mahabubnagar,512.0,Net Irrigated Area,Well,Tubewell,82940.0,Mahabubnagar
5388,1998-1999,Telangana,36,Medak,513.0,Gross Irrigated Area,Canal,Government,2961.0,Medak
5389,1998-1999,Telangana,36,Medak,513.0,Gross Irrigated Area,Canal,Private,,Medak
5390,1998-1999,Telangana,36,Medak,513.0,Gross Irrigated Area,Other Source,Other Source,1486.0,Medak
5391,1998-1999,Telangana,36,Medak,513.0,Gross Irrigated Area,Tank,Tank,25275.0,Medak
5392,1998-1999,Telangana,36,Medak,513.0,Gross Irrigated Area,Well,Other Well,44350.0,Medak
5393,1998-1999,Telangana,36,Medak,513.0,Gross Irrigated Area,Well,Tubewell,121773.0,Medak
5394,1998-1999,Telangana,36,Medak,513.0,Net Irrigated Area,Canal,Government,2917.0,Medak
5395,1998-1999,Telangana,36,Medak,513.0,Net Irrigated Area,Canal,Private,,Medak
5396,1998-1999,Telangana,36,Medak,513.0,Net Irrigated Area,Other Source,Other Source,1416.0,Medak
5397,1998-1999,Telangana,36,Medak,513.0,Net Irrigated Area,Tank,Tank,19036.0,Medak
5398,1998-1999,Telangana,36,Medak,513.0,Net Irrigated Area,Well,Other Well,31800.0,Medak
5399,1998-1999,Telangana,36,Medak,513.0,Net Irrigated Area,Well,Tubewell,86343.0,Medak
5400,1998-1999,Telangana,36,Nalgonda,514.0,Gross Irrigated Area,Canal,Government,123460.0,Nalgonda
5401,1998-1999,Telangana,36,Nalgonda,514.0,Gross Irrigated Area,Canal,Private,,Nalgonda
5402,1998-1999,Telangana,36,Nalgonda,514.0,Gross Irrigated Area,Other Source,Other Source,24180.0,Nalgonda
5403,1998-1999,Telangana,36,Nalgonda,514.0,Gross Irrigated Area,Tank,Tank,27085.0,Nalgonda
5404,1998-1999,Telangana,36,Nalgonda,514.0,Gross Irrigated Area,Well,Other Well,135402.0,Nalgonda
5405,1998-1999,Telangana,36,Nalgonda,514.0,Gross Irrigated Area,Well,Tubewell,51715.0,Nalgonda
5406,1998-1999,Telangana,36,Nalgonda,514.0,Net Irrigated Area,Canal,Government,71992.0,Nalgonda
5407,1998-1999,Telangana,36,Nalgonda,514.0,Net Irrigated Area,Canal,Private,,Nalgonda
5408,1998-1999,Telangana,36,Nalgonda,514.0,Net Irrigated Area,Other Source,Other Source,12784.0,Nalgonda
5409,1998-1999,Telangana,36,Nalgonda,514.0,Net Irrigated Area,Tank,Tank,16312.0,Nalgonda
5410,1998-1999,Telangana,36,Nalgonda,514.0,Net Irrigated Area,Well,Other Well,90643.0,Nalgonda
5411,1998-1999,Telangana,36,Nalgonda,514.0,Net Irrigated Area,Well,Tubewell,31960.0,Nalgonda
5412,1998-1999,Telangana,36,Nizamabad,516.0,Gross Irrigated Area,Canal,Government,40181.0,Nizamabad
5413,1998-1999,Telangana,36,Nizamabad,516.0,Gross Irrigated Area,Canal,Private,,Nizamabad
5414,1998-1999,Telangana,36,Nizamabad,516.0,Gross Irrigated Area,Other Source,Other Source,5392.0,Nizamabad
5415,1998-1999,Telangana,36,Nizamabad,516.0,Gross Irrigated Area,Tank,Tank,30582.0,Nizamabad
5416,1998-1999,Telangana,36,Nizamabad,516.0,Gross Irrigated Area,Well,Other Well,18114.0,Nizamabad
5417,1998-1999,Telangana,36,Nizamabad,516.0,Gross Irrigated Area,Well,Tubewell,181007.0,Nizamabad
5418,1998-1999,Telangana,36,Nizamabad,516.0,Net Irrigated Area,Canal,Government,24073.0,Nizamabad
5419,1998-1999,Telangana,36,Nizamabad,516.0,Net Irrigated Area,Canal,Private,,Nizamabad
5420,1998-1999,Telangana,36,Nizamabad,516.0,Net Irrigated Area,Other Source,Other Source,3464.0,Nizamabad
5421,1998-1999,Telangana,36,Nizamabad,516.0,Net Irrigated Area,Tank,Tank,21955.0,Nizamabad
5422,1998-1999,Telangana,36,Nizamabad,516.0,Net Irrigated Area,Well,Other Well,10344.0,Nizamabad
5423,1998-1999,Telangana,36,Nizamabad,516.0,Net Irrigated Area,Well,Tubewell,99297.0,Nizamabad
5424,1998-1999,Telangana,36,Ranga Reddy,518.0,Gross Irrigated Area,Canal,Government,3136.0,Ranga Reddy
5425,1998-1999,Telangana,36,Ranga Reddy,518.0,Gross Irrigated Area,Canal,Private,,Ranga Reddy
5426,1998-1999,Telangana,36,Ranga Reddy,518.0,Gross Irrigated Area,Other Source,Other Source,2432.0,Ranga Reddy
5427,1998-1999,Telangana,36,Ranga Reddy,518.0,Gross Irrigated Area,Tank,Tank,9455.0,Ranga Reddy
5428,1998-1999,Telangana,36,Ranga Reddy,518.0,Gross Irrigated Area,Well,Other Well,38002.0,Ranga Reddy
5429,1998-1999,Telangana,36,Ranga Reddy,518.0,Gross Irrigated Area,Well,Tubewell,47292.0,Ranga Reddy
5430,1998-1999,Telangana,36,Ranga Reddy,518.0,Net Irrigated Area,Canal,Government,2866.0,Ranga Reddy
5431,1998-1999,Telangana,36,Ranga Reddy,518.0,Net Irrigated Area,Canal,Private,,Ranga Reddy
5432,1998-1999,Telangana,36,Ranga Reddy,518.0,Net Irrigated Area,Other Source,Other Source,1759.0,Ranga Reddy
5433,1998-1999,Telangana,36,Ranga Reddy,518.0,Net Irrigated Area,Tank,Tank,7590.0,Ranga Reddy
5434,1998-1999,Telangana,36,Ranga Reddy,518.0,Net Irrigated Area,Well,Other Well,30539.0,Ranga Reddy
5435,1998-1999,Telangana,36,Ranga Reddy,518.0,Net Irrigated Area,Well,Tubewell,32154.0,Ranga Reddy
5436,1998-1999,Telangana,36,Warangal,522.0,Gross Irrigated Area,Canal,Government,2150.0,Warangal
5437,1998-1999,Telangana,36,Warangal,522.0,Gross Irrigated Area,Canal,Private,,Warangal
5438,1998-1999,Telangana,36,Warangal,522.0,Gross Irrigated Area,Other Source,Other Source,4009.0,Warangal
5439,1998-1999,Telangana,36,Warangal,522.0,Gross Irrigated Area,Tank,Tank,105342.0,Warangal
5440,1998-1999,Telangana,36,Warangal,522.0,Gross Irrigated Area,Well,Other Well,237983.0,Warangal
5441,1998-1999,Telangana,36,Warangal,522.0,Gross Irrigated Area,Well,Tubewell,16470.0,Warangal
5442,1998-1999,Telangana,36,Warangal,522.0,Net Irrigated Area,Canal,Government,1746.0,Warangal
5443,1998-1999,Telangana,36,Warangal,522.0,Net Irrigated Area,Canal,Private,,Warangal
5444,1998-1999,Telangana,36,Warangal,522.0,Net Irrigated Area,Other Source,Other Source,2894.0,Warangal
5445,1998-1999,Telangana,36,Warangal,522.0,Net Irrigated Area,Tank,Tank,83063.0,Warangal
5446,1998-1999,Telangana,36,Warangal,522.0,Net Irrigated Area,Well,Other Well,200903.0,Warangal
5447,1998-1999,Telangana,36,Warangal,522.0,Net Irrigated Area,Well,Tubewell,11783.0,Warangal
12036,1999-2000,Telangana,36,Adilabad,501.0,Gross Irrigated Area,Canal,Government,27341.0,Adilabad
12037,1999-2000,Telangana,36,Adilabad,501.0,Gross Irrigated Area,Canal,Private,,Adilabad
12038,1999-2000,Telangana,36,Adilabad,501.0,Gross Irrigated Area,Other Source,Other Source,2170.0,Adilabad
12039,1999-2000,Telangana,36,Adilabad,501.0,Gross Irrigated Area,Tank,Tank,22398.0,Adilabad
12040,1999-2000,Telangana,36,Adilabad,501.0,Gross Irrigated Area,Well,Other Well,17950.0,Adilabad
12041,1999-2000,Telangana,36,Adilabad,501.0,Gross Irrigated Area,Well,Tubewell,26720.0,Adilabad
12042,1999-2000,Telangana,36,Adilabad,501.0,Net Irrigated Area,Canal,Government,23600.0,Adilabad
12043,1999-2000,Telangana,36,Adilabad,501.0,Net Irrigated Area,Canal,Private,,Adilabad
12044,1999-2000,Telangana,36,Adilabad,501.0,Net Irrigated Area,Other Source,Other Source,2079.0,Adilabad
12045,1999-2000,Telangana,36,Adilabad,501.0,Net Irrigated Area,Tank,Tank,19967.0,Adilabad
12046,1999-2000,Telangana,36,Adilabad,501.0,Net Irrigated Area,Well,Other Well,14700.0,Adilabad
12047,1999-2000,Telangana,36,Adilabad,501.0,Net Irrigated Area,Well,Tubewell,16678.0,Adilabad
12048,1999-2000,Telangana,36,Karimnagar,508.0,Gross Irrigated Area,Canal,Government,90650.0,Karimnagar
12049,1999-2000,Telangana,36,Karimnagar,508.0,Gross Irrigated Area,Canal,Private,,Karimnagar
12050,1999-2000,Telangana,36,Karimnagar,508.0,Gross Irrigated Area,Other Source,Other Source,3732.0,Karimnagar
12051,1999-2000,Telangana,36,Karimnagar,508.0,Gross Irrigated Area,Tank,Tank,44307.0,Karimnagar
12052,1999-2000,Telangana,36,Karimnagar,508.0,Gross Irrigated Area,Well,Other Well,227090.0,Karimnagar
12053,1999-2000,Telangana,36,Karimnagar,508.0,Gross Irrigated Area,Well,Tubewell,7368.0,Karimnagar
12054,1999-2000,Telangana,36,Karimnagar,508.0,Net Irrigated Area,Canal,Government,64477.0,Karimnagar
12055,1999-2000,Telangana,36,Karimnagar,508.0,Net Irrigated Area,Canal,Private,,Karimnagar
12056,1999-2000,Telangana,36,Karimnagar,508.0,Net Irrigated Area,Other Source,Other Source,2742.0,Karimnagar
12057,1999-2000,Telangana,36,Karimnagar,508.0,Net Irrigated Area,Tank,Tank,31900.0,Karimnagar
12058,1999-2000,Telangana,36,Karimnagar,508.0,Net Irrigated Area,Well,Other Well,151923.0,Karimnagar
12059,1999-2000,Telangana,36,Karimnagar,508.0,Net Irrigated Area,Well,Tubewell,5142.0,Karimnagar
12060,1999-2000,Telangana,36,Khammam,509.0,Gross Irrigated Area,Canal,Government,69340.0,Khammam
12061,1999-2000,Telangana,36,Khammam,509.0,Gross Irrigated Area,Canal,Private,,Khammam
12062,1999-2000,Telangana,36,Khammam,509.0,Gross Irrigated Area,Other Source,Other Source,27887.0,Khammam
12063,1999-2000,Telangana,36,Khammam,509.0,Gross Irrigated Area,Tank,Tank,55473.0,Khammam
12064,1999-2000,Telangana,36,Khammam,509.0,Gross Irrigated Area,Well,Other Well,37563.0,Khammam
12065,1999-2000,Telangana,36,Khammam,509.0,Gross Irrigated Area,Well,Tubewell,20071.0,Khammam
12066,1999-2000,Telangana,36,Khammam,509.0,Net Irrigated Area,Canal,Government,65100.0,Khammam
12067,1999-2000,Telangana,36,Khammam,509.0,Net Irrigated Area,Canal,Private,,Khammam
12068,1999-2000,Telangana,36,Khammam,509.0,Net Irrigated Area,Other Source,Other Source,26257.0,Khammam
12069,1999-2000,Telangana,36,Khammam,509.0,Net Irrigated Area,Tank,Tank,52422.0,Khammam
12070,1999-2000,Telangana,36,Khammam,509.0,Net Irrigated Area,Well,Other Well,34898.0,Khammam
12071,1999-2000,Telangana,36,Khammam,509.0,Net Irrigated Area,Well,Tubewell,17415.0,Khammam
12072,1999-2000,Telangana,36,Mahabubnagar,512.0,Gross Irrigated Area,Canal,Government,18166.0,Mahabubnagar
12073,1999-2000,Telangana,36,Mahabubnagar,512.0,Gross Irrigated Area,Canal,Private,,Mahabubnagar
12074,1999-2000,Telangana,36,Mahabubnagar,512.0,Gross Irrigated Area,Other Source,Other Source,7674.0,Mahabubnagar
12075,1999-2000,Telangana,36,Mahabubnagar,512.0,Gross Irrigated Area,Tank,Tank,3549.0,Mahabubnagar
12076,1999-2000,Telangana,36,Mahabubnagar,512.0,Gross Irrigated Area,Well,Other Well,48763.0,Mahabubnagar
12077,1999-2000,Telangana,36,Mahabubnagar,512.0,Gross Irrigated Area,Well,Tubewell,122450.0,Mahabubnagar
12078,1999-2000,Telangana,36,Mahabubnagar,512.0,Net Irrigated Area,Canal,Government,14584.0,Mahabubnagar
12079,1999-2000,Telangana,36,Mahabubnagar,512.0,Net Irrigated Area,Canal,Private,,Mahabubnagar
12080,1999-2000,Telangana,36,Mahabubnagar,512.0,Net Irrigated Area,Other Source,Other Source,5269.0,Mahabubnagar
12081,1999-2000,Telangana,36,Mahabubnagar,512.0,Net Irrigated Area,Tank,Tank,3359.0,Mahabubnagar
12082,1999-2000,Telangana,36,Mahabubnagar,512.0,Net Irrigated Area,Well,Other Well,38510.0,Mahabubnagar
12083,1999-2000,Telangana,36,Mahabubnagar,512.0,Net Irrigated Area,Well,Tubewell,95464.0,Mahabubnagar
12084,1999-2000,Telangana,36,Medak,513.0,Gross Irrigated Area,Canal,Government,3186.0,Medak
12085,1999-2000,Telangana,36,Medak,513.0,Gross Irrigated Area,Canal,Private,,Medak
12086,1999-2000,Telangana,36,Medak,513.0,Gross Irrigated Area,Other Source,Other Source,1176.0,Medak
12087,1999-2000,Telangana,36,Medak,513.0,Gross Irrigated Area,Tank,Tank,15006.0,Medak
12088,1999-2000,Telangana,36,Medak,513.0,Gross Irrigated Area,Well,Other Well,32387.0,Medak
12089,1999-2000,Telangana,36,Medak,513.0,Gross Irrigated Area,Well,Tubewell,138145.0,Medak
12090,1999-2000,Telangana,36,Medak,513.0,Net Irrigated Area,Canal,Government,3186.0,Medak
12091,1999-2000,Telangana,36,Medak,513.0,Net Irrigated Area,Canal,Private,,Medak
12092,1999-2000,Telangana,36,Medak,513.0,Net Irrigated Area,Other Source,Other Source,1176.0,Medak
12093,1999-2000,Telangana,36,Medak,513.0,Net Irrigated Area,Tank,Tank,14600.0,Medak
12094,1999-2000,Telangana,36,Medak,513.0,Net Irrigated Area,Well,Other Well,25322.0,Medak
12095,1999-2000,Telangana,36,Medak,513.0,Net Irrigated Area,Well,Tubewell,94851.0,Medak
12096,1999-2000,Telangana,36,Nalgonda,514.0,Gross Irrigated Area,Canal,Government,91985.0,Nalgonda
12097,1999-2000,Telangana,36,Nalgonda,514.0,Gross Irrigated Area,Canal,Private,,Nalgonda
12098,1999-2000,Telangana,36,Nalgonda,514.0,Gross Irrigated Area,Other Source,Other Source,20706.0,Nalgonda
12099,1999-2000,Telangana,36,Nalgonda,514.0,Gross Irrigated Area,Tank,Tank,16541.0,Nalgonda
12100,1999-2000,Telangana,36,Nalgonda,514.0,Gross Irrigated Area,Well,Other Well,99729.0,Nalgonda
12101,1999-2000,Telangana,36,Nalgonda,514.0,Gross Irrigated Area,Well,Tubewell,54544.0,Nalgonda
12102,1999-2000,Telangana,36,Nalgonda,514.0,Net Irrigated Area,Canal,Government,79189.0,Nalgonda
12103,1999-2000,Telangana,36,Nalgonda,514.0,Net Irrigated Area,Canal,Private,,Nalgonda
12104,1999-2000,Telangana,36,Nalgonda,514.0,Net Irrigated Area,Other Source,Other Source,16241.0,Nalgonda
12105,1999-2000,Telangana,36,Nalgonda,514.0,Net Irrigated Area,Tank,Tank,10330.0,Nalgonda
12106,1999-2000,Telangana,36,Nalgonda,514.0,Net Irrigated Area,Well,Other Well,71374.0,Nalgonda
12107,1999-2000,Telangana,36,Nalgonda,514.0,Net Irrigated Area,Well,Tubewell,34553.0,Nalgonda
12108,1999-2000,Telangana,36,Nizamabad,516.0,Gross Irrigated Area,Canal,Government,44812.0,Nizamabad
12109,1999-2000,Telangana,36,Nizamabad,516.0,Gross Irrigated Area,Canal,Private,,Nizamabad
12110,1999-2000,Telangana,36,Nizamabad,516.0,Gross Irrigated Area,Other Source,Other Source,5256.0,Nizamabad
12111,1999-2000,Telangana,36,Nizamabad,516.0,Gross Irrigated Area,Tank,Tank,29853.0,Nizamabad
12112,1999-2000,Telangana,36,Nizamabad,516.0,Gross Irrigated Area,Well,Other Well,16158.0,Nizamabad
12113,1999-2000,Telangana,36,Nizamabad,516.0,Gross Irrigated Area,Well,Tubewell,189670.0,Nizamabad
12114,1999-2000,Telangana,36,Nizamabad,516.0,Net Irrigated Area,Canal,Government,24746.0,Nizamabad
12115,1999-2000,Telangana,36,Nizamabad,516.0,Net Irrigated Area,Canal,Private,,Nizamabad
12116,1999-2000,Telangana,36,Nizamabad,516.0,Net Irrigated Area,Other Source,Other Source,3646.0,Nizamabad
12117,1999-2000,Telangana,36,Nizamabad,516.0,Net Irrigated Area,Tank,Tank,23938.0,Nizamabad
12118,1999-2000,Telangana,36,Nizamabad,516.0,Net Irrigated Area,Well,Other Well,9972.0,Nizamabad
12119,1999-2000,Telangana,36,Nizamabad,516.0,Net Irrigated Area,Well,Tubewell,107503.0,Nizamabad
12120,1999-2000,Telangana,36,Ranga Reddy,518.0,Gross Irrigated Area,Canal,Government,1528.0,Ranga Reddy
12121,1999-2000,Telangana,36,Ranga Reddy,518.0,Gross Irrigated Area,Canal,Private,,Ranga Reddy
12122,1999-2000,Telangana,36,Ranga Reddy,518.0,Gross Irrigated Area,Other Source,Other Source,2198.0,Ranga Reddy
12123,1999-2000,Telangana,36,Ranga Reddy,518.0,Gross Irrigated Area,Tank,Tank,2857.0,Ranga Reddy
12124,1999-2000,Telangana,36,Ranga Reddy,518.0,Gross Irrigated Area,Well,Other Well,36081.0,Ranga Reddy
12125,1999-2000,Telangana,36,Ranga Reddy,518.0,Gross Irrigated Area,Well,Tubewell,51880.0,Ranga Reddy
12126,1999-2000,Telangana,36,Ranga Reddy,518.0,Net Irrigated Area,Canal,Government,1062.0,Ranga Reddy
12127,1999-2000,Telangana,36,Ranga Reddy,518.0,Net Irrigated Area,Canal,Private,,Ranga Reddy
12128,1999-2000,Telangana,36,Ranga Reddy,518.0,Net Irrigated Area,Other Source,Other Source,1614.0,Ranga Reddy
12129,1999-2000,Telangana,36,Ranga Reddy,518.0,Net Irrigated Area,Tank,Tank,2356.0,Ranga Reddy
12130,1999-2000,Telangana,36,Ranga Reddy,518.0,Net Irrigated Area,Well,Other Well,32515.0,Ranga Reddy
12131,1999-2000,Telangana,36,Ranga Reddy,518.0,Net Irrigated Area,Well,Tubewell,38319.0,Ranga Reddy
12132,1999-2000,Telangana,36,Warangal,522.0,Gross Irrigated Area,Canal,Government,3269.0,Warangal
12133,1999-2000,Telangana,36,Warangal,522.0,Gross Irrigated Area,Canal,Private,,Warangal
12134,1999-2000,Telangana,36,Warangal,522.0,Gross Irrigated Area,Other Source,Other Source,5081.0,Warangal
12135,1999-2000,Telangana,36,Warangal,522.0,Gross Irrigated Area,Tank,Tank,84677.0,Warangal
12136,1999-2000,Telangana,36,Warangal,522.0,Gross Irrigated Area,Well,Other Well,223801.0,Warangal
12137,1999-2000,Telangana,36,Warangal,522.0,Gross Irrigated Area,Well,Tubewell,28640.0,Warangal
12138,1999-2000,Telangana,36,Warangal,522.0,Net Irrigated Area,Canal,Government,2633.0,Warangal
12139,1999-2000,Telangana,36,Warangal,522.0,Net Irrigated Area,Canal,Private,,Warangal
12140,1999-2000,Telangana,36,Warangal,522.0,Net Irrigated Area,Other Source,Other Source,4285.0,Warangal
12141,1999-2000,Telangana,36,Warangal,522.0,Net Irrigated Area,Tank,Tank,69334.0,Warangal
12142,1999-2000,Telangana,36,Warangal,522.0,Net Irrigated Area,Well,Other Well,193108.0,Warangal
12143,1999-2000,Telangana,36,Warangal,522.0,Net Irrigated Area,Well,Tubewell,17803.0,Warangal
18567,2000-2001,Telangana,36,Khammam,509.0,Gross Irrigated Area,Tank,Tank,55523.0,Khammam
18540,2000-2001,Telangana,36,Adilabad,501.0,Gross Irrigated Area,Canal,Government,19743.0,Adilabad
18541,2000-2001,Telangana,36,Adilabad,501.0,Gross Irrigated Area,Canal,Private,,Adilabad
18542,2000-2001,Telangana,36,Adilabad,501.0,Gross Irrigated Area,Other Source,Other Source,2971.0,Adilabad
18543,2000-2001,Telangana,36,Adilabad,501.0,Gross Irrigated Area,Tank,Tank,22531.0,Adilabad
18544,2000-2001,Telangana,36,Adilabad,501.0,Gross Irrigated Area,Well,Other Well,18587.0,Adilabad
18545,2000-2001,Telangana,36,Adilabad,501.0,Gross Irrigated Area,Well,Tubewell,33936.0,Adilabad
18546,2000-2001,Telangana,36,Adilabad,501.0,Net Irrigated Area,Canal,Government,18906.0,Adilabad
18547,2000-2001,Telangana,36,Adilabad,501.0,Net Irrigated Area,Canal,Private,,Adilabad
18548,2000-2001,Telangana,36,Adilabad,501.0,Net Irrigated Area,Other Source,Other Source,2810.0,Adilabad
18549,2000-2001,Telangana,36,Adilabad,501.0,Net Irrigated Area,Tank,Tank,21967.0,Adilabad
18550,2000-2001,Telangana,36,Adilabad,501.0,Net Irrigated Area,Well,Other Well,15717.0,Adilabad
18551,2000-2001,Telangana,36,Adilabad,501.0,Net Irrigated Area,Well,Tubewell,21683.0,Adilabad
18552,2000-2001,Telangana,36,Karimnagar,508.0,Gross Irrigated Area,Canal,Government,104811.0,Karimnagar
18553,2000-2001,Telangana,36,Karimnagar,508.0,Gross Irrigated Area,Canal,Private,,Karimnagar
18554,2000-2001,Telangana,36,Karimnagar,508.0,Gross Irrigated Area,Other Source,Other Source,4302.0,Karimnagar
18555,2000-2001,Telangana,36,Karimnagar,508.0,Gross Irrigated Area,Tank,Tank,47586.0,Karimnagar
18556,2000-2001,Telangana,36,Karimnagar,508.0,Gross Irrigated Area,Well,Other Well,254923.0,Karimnagar
18557,2000-2001,Telangana,36,Karimnagar,508.0,Gross Irrigated Area,Well,Tubewell,8139.0,Karimnagar
18558,2000-2001,Telangana,36,Karimnagar,508.0,Net Irrigated Area,Canal,Government,79162.0,Karimnagar
18559,2000-2001,Telangana,36,Karimnagar,508.0,Net Irrigated Area,Canal,Private,,Karimnagar
18560,2000-2001,Telangana,36,Karimnagar,508.0,Net Irrigated Area,Other Source,Other Source,2719.0,Karimnagar
18561,2000-2001,Telangana,36,Karimnagar,508.0,Net Irrigated Area,Tank,Tank,34710.0,Karimnagar
18562,2000-2001,Telangana,36,Karimnagar,508.0,Net Irrigated Area,Well,Other Well,174651.0,Karimnagar
18563,2000-2001,Telangana,36,Karimnagar,508.0,Net Irrigated Area,Well,Tubewell,4629.0,Karimnagar
18564,2000-2001,Telangana,36,Khammam,509.0,Gross Irrigated Area,Canal,Government,69066.0,Khammam
18565,2000-2001,Telangana,36,Khammam,509.0,Gross Irrigated Area,Canal,Private,,Khammam
18566,2000-2001,Telangana,36,Khammam,509.0,Gross Irrigated Area,Other Source,Other Source,25530.0,Khammam
18568,2000-2001,Telangana,36,Khammam,509.0,Gross Irrigated Area,Well,Other Well,39517.0,Khammam
18569,2000-2001,Telangana,36,Khammam,509.0,Gross Irrigated Area,Well,Tubewell,19224.0,Khammam
18570,2000-2001,Telangana,36,Khammam,509.0,Net Irrigated Area,Canal,Government,66279.0,Khammam
18571,2000-2001,Telangana,36,Khammam,509.0,Net Irrigated Area,Canal,Private,,Khammam
18572,2000-2001,Telangana,36,Khammam,509.0,Net Irrigated Area,Other Source,Other Source,23576.0,Khammam
18573,2000-2001,Telangana,36,Khammam,509.0,Net Irrigated Area,Tank,Tank,52970.0,Khammam
18574,2000-2001,Telangana,36,Khammam,509.0,Net Irrigated Area,Well,Other Well,36383.0,Khammam
18575,2000-2001,Telangana,36,Khammam,509.0,Net Irrigated Area,Well,Tubewell,16008.0,Khammam
18576,2000-2001,Telangana,36,Mahabubnagar,512.0,Gross Irrigated Area,Canal,Government,19855.0,Mahabubnagar
18577,2000-2001,Telangana,36,Mahabubnagar,512.0,Gross Irrigated Area,Canal,Private,,Mahabubnagar
18578,2000-2001,Telangana,36,Mahabubnagar,512.0,Gross Irrigated Area,Other Source,Other Source,7265.0,Mahabubnagar
18579,2000-2001,Telangana,36,Mahabubnagar,512.0,Gross Irrigated Area,Tank,Tank,20422.0,Mahabubnagar
18580,2000-2001,Telangana,36,Mahabubnagar,512.0,Gross Irrigated Area,Well,Other Well,49186.0,Mahabubnagar
18581,2000-2001,Telangana,36,Mahabubnagar,512.0,Gross Irrigated Area,Well,Tubewell,137877.0,Mahabubnagar
18582,2000-2001,Telangana,36,Mahabubnagar,512.0,Net Irrigated Area,Canal,Government,17532.0,Mahabubnagar
18583,2000-2001,Telangana,36,Mahabubnagar,512.0,Net Irrigated Area,Canal,Private,,Mahabubnagar
18584,2000-2001,Telangana,36,Mahabubnagar,512.0,Net Irrigated Area,Other Source,Other Source,5140.0,Mahabubnagar
18585,2000-2001,Telangana,36,Mahabubnagar,512.0,Net Irrigated Area,Tank,Tank,18915.0,Mahabubnagar
18586,2000-2001,Telangana,36,Mahabubnagar,512.0,Net Irrigated Area,Well,Other Well,40241.0,Mahabubnagar
18587,2000-2001,Telangana,36,Mahabubnagar,512.0,Net Irrigated Area,Well,Tubewell,106078.0,Mahabubnagar
18588,2000-2001,Telangana,36,Medak,513.0,Gross Irrigated Area,Canal,Government,3045.0,Medak
18589,2000-2001,Telangana,36,Medak,513.0,Gross Irrigated Area,Canal,Private,,Medak
18590,2000-2001,Telangana,36,Medak,513.0,Gross Irrigated Area,Other Source,Other Source,861.0,Medak
18591,2000-2001,Telangana,36,Medak,513.0,Gross Irrigated Area,Tank,Tank,20031.0,Medak
18592,2000-2001,Telangana,36,Medak,513.0,Gross Irrigated Area,Well,Other Well,31801.0,Medak
18593,2000-2001,Telangana,36,Medak,513.0,Gross Irrigated Area,Well,Tubewell,142730.0,Medak
18594,2000-2001,Telangana,36,Medak,513.0,Net Irrigated Area,Canal,Government,2979.0,Medak
18595,2000-2001,Telangana,36,Medak,513.0,Net Irrigated Area,Canal,Private,,Medak
18596,2000-2001,Telangana,36,Medak,513.0,Net Irrigated Area,Other Source,Other Source,861.0,Medak
18597,2000-2001,Telangana,36,Medak,513.0,Net Irrigated Area,Tank,Tank,18559.0,Medak
18598,2000-2001,Telangana,36,Medak,513.0,Net Irrigated Area,Well,Other Well,22061.0,Medak
18599,2000-2001,Telangana,36,Medak,513.0,Net Irrigated Area,Well,Tubewell,93421.0,Medak
18600,2000-2001,Telangana,36,Nalgonda,514.0,Gross Irrigated Area,Canal,Government,95637.0,Nalgonda
18601,2000-2001,Telangana,36,Nalgonda,514.0,Gross Irrigated Area,Canal,Private,,Nalgonda
18602,2000-2001,Telangana,36,Nalgonda,514.0,Gross Irrigated Area,Other Source,Other Source,19499.0,Nalgonda
18603,2000-2001,Telangana,36,Nalgonda,514.0,Gross Irrigated Area,Tank,Tank,23306.0,Nalgonda
18604,2000-2001,Telangana,36,Nalgonda,514.0,Gross Irrigated Area,Well,Other Well,101351.0,Nalgonda
18605,2000-2001,Telangana,36,Nalgonda,514.0,Gross Irrigated Area,Well,Tubewell,70026.0,Nalgonda
18606,2000-2001,Telangana,36,Nalgonda,514.0,Net Irrigated Area,Canal,Government,71967.0,Nalgonda
18607,2000-2001,Telangana,36,Nalgonda,514.0,Net Irrigated Area,Canal,Private,,Nalgonda
18608,2000-2001,Telangana,36,Nalgonda,514.0,Net Irrigated Area,Other Source,Other Source,15479.0,Nalgonda
18609,2000-2001,Telangana,36,Nalgonda,514.0,Net Irrigated Area,Tank,Tank,15262.0,Nalgonda
18610,2000-2001,Telangana,36,Nalgonda,514.0,Net Irrigated Area,Well,Other Well,71825.0,Nalgonda
18611,2000-2001,Telangana,36,Nalgonda,514.0,Net Irrigated Area,Well,Tubewell,47293.0,Nalgonda
18612,2000-2001,Telangana,36,Nizamabad,516.0,Gross Irrigated Area,Canal,Government,59098.0,Nizamabad
18613,2000-2001,Telangana,36,Nizamabad,516.0,Gross Irrigated Area,Canal,Private,,Nizamabad
18614,2000-2001,Telangana,36,Nizamabad,516.0,Gross Irrigated Area,Other Source,Other Source,6248.0,Nizamabad
18615,2000-2001,Telangana,36,Nizamabad,516.0,Gross Irrigated Area,Tank,Tank,25643.0,Nizamabad
18616,2000-2001,Telangana,36,Nizamabad,516.0,Gross Irrigated Area,Well,Other Well,15104.0,Nizamabad
18617,2000-2001,Telangana,36,Nizamabad,516.0,Gross Irrigated Area,Well,Tubewell,191232.0,Nizamabad
18618,2000-2001,Telangana,36,Nizamabad,516.0,Net Irrigated Area,Canal,Government,38447.0,Nizamabad
18619,2000-2001,Telangana,36,Nizamabad,516.0,Net Irrigated Area,Canal,Private,,Nizamabad
18620,2000-2001,Telangana,36,Nizamabad,516.0,Net Irrigated Area,Other Source,Other Source,3867.0,Nizamabad
18621,2000-2001,Telangana,36,Nizamabad,516.0,Net Irrigated Area,Tank,Tank,22393.0,Nizamabad
18622,2000-2001,Telangana,36,Nizamabad,516.0,Net Irrigated Area,Well,Other Well,8720.0,Nizamabad
18623,2000-2001,Telangana,36,Nizamabad,516.0,Net Irrigated Area,Well,Tubewell,103547.0,Nizamabad
18624,2000-2001,Telangana,36,Ranga Reddy,518.0,Gross Irrigated Area,Canal,Government,2379.0,Ranga Reddy
18625,2000-2001,Telangana,36,Ranga Reddy,518.0,Gross Irrigated Area,Canal,Private,,Ranga Reddy
18626,2000-2001,Telangana,36,Ranga Reddy,518.0,Gross Irrigated Area,Other Source,Other Source,2235.0,Ranga Reddy
18627,2000-2001,Telangana,36,Ranga Reddy,518.0,Gross Irrigated Area,Tank,Tank,7438.0,Ranga Reddy
18628,2000-2001,Telangana,36,Ranga Reddy,518.0,Gross Irrigated Area,Well,Other Well,27835.0,Ranga Reddy
18629,2000-2001,Telangana,36,Ranga Reddy,518.0,Gross Irrigated Area,Well,Tubewell,59587.0,Ranga Reddy
18630,2000-2001,Telangana,36,Ranga Reddy,518.0,Net Irrigated Area,Canal,Government,2339.0,Ranga Reddy
18631,2000-2001,Telangana,36,Ranga Reddy,518.0,Net Irrigated Area,Canal,Private,,Ranga Reddy
18632,2000-2001,Telangana,36,Ranga Reddy,518.0,Net Irrigated Area,Other Source,Other Source,1640.0,Ranga Reddy
18633,2000-2001,Telangana,36,Ranga Reddy,518.0,Net Irrigated Area,Tank,Tank,6614.0,Ranga Reddy
18634,2000-2001,Telangana,36,Ranga Reddy,518.0,Net Irrigated Area,Well,Other Well,23403.0,Ranga Reddy
18635,2000-2001,Telangana,36,Ranga Reddy,518.0,Net Irrigated Area,Well,Tubewell,44015.0,Ranga Reddy
18636,2000-2001,Telangana,36,Warangal,522.0,Gross Irrigated Area,Canal,Government,3241.0,Warangal
18637,2000-2001,Telangana,36,Warangal,522.0,Gross Irrigated Area,Canal,Private,,Warangal
18638,2000-2001,Telangana,36,Warangal,522.0,Gross Irrigated Area,Other Source,Other Source,4843.0,Warangal
18639,2000-2001,Telangana,36,Warangal,522.0,Gross Irrigated Area,Tank,Tank,92015.0,Warangal
18640,2000-2001,Telangana,36,Warangal,522.0,Gross Irrigated Area,Well,Other Well,234456.0,Warangal
18641,2000-2001,Telangana,36,Warangal,522.0,Gross Irrigated Area,Well,Tubewell,40826.0,Warangal
18642,2000-2001,Telangana,36,Warangal,522.0,Net Irrigated Area,Canal,Government,2650.0,Warangal
18643,2000-2001,Telangana,36,Warangal,522.0,Net Irrigated Area,Canal,Private,,Warangal
18644,2000-2001,Telangana,36,Warangal,522.0,Net Irrigated Area,Other Source,Other Source,4164.0,Warangal
18645,2000-2001,Telangana,36,Warangal,522.0,Net Irrigated Area,Tank,Tank,78086.0,Warangal
18646,2000-2001,Telangana,36,Warangal,522.0,Net Irrigated Area,Well,Other Well,195880.0,Warangal
18647,2000-2001,Telangana,36,Warangal,522.0,Net Irrigated Area,Well,Tubewell,26700.0,Warangal
25305,2001-2002,Telangana,36,Adilabad,501.0,Net Irrigated Area,Tank,Tank,21481.0,Adilabad
25296,2001-2002,Telangana,36,Adilabad,501.0,Gross Irrigated Area,Canal,Government,26848.0,Adilabad
25297,2001-2002,Telangana,36,Adilabad,501.0,Gross Irrigated Area,Canal,Private,,Adilabad
25298,2001-2002,Telangana,36,Adilabad,501.0,Gross Irrigated Area,Other Source,Other Source,917.0,Adilabad
25299,2001-2002,Telangana,36,Adilabad,501.0,Gross Irrigated Area,Tank,Tank,23131.0,Adilabad
25300,2001-2002,Telangana,36,Adilabad,501.0,Gross Irrigated Area,Well,Other Well,18513.0,Adilabad
25301,2001-2002,Telangana,36,Adilabad,501.0,Gross Irrigated Area,Well,Tubewell,23939.0,Adilabad
25302,2001-2002,Telangana,36,Adilabad,501.0,Net Irrigated Area,Canal,Government,24180.0,Adilabad
25303,2001-2002,Telangana,36,Adilabad,501.0,Net Irrigated Area,Canal,Private,,Adilabad
25304,2001-2002,Telangana,36,Adilabad,501.0,Net Irrigated Area,Other Source,Other Source,580.0,Adilabad
25306,2001-2002,Telangana,36,Adilabad,501.0,Net Irrigated Area,Well,Other Well,14404.0,Adilabad
25307,2001-2002,Telangana,36,Adilabad,501.0,Net Irrigated Area,Well,Tubewell,15467.0,Adilabad
25308,2001-2002,Telangana,36,Karimnagar,508.0,Gross Irrigated Area,Canal,Government,96161.0,Karimnagar
25309,2001-2002,Telangana,36,Karimnagar,508.0,Gross Irrigated Area,Canal,Private,,Karimnagar
25310,2001-2002,Telangana,36,Karimnagar,508.0,Gross Irrigated Area,Other Source,Other Source,3218.0,Karimnagar
25311,2001-2002,Telangana,36,Karimnagar,508.0,Gross Irrigated Area,Tank,Tank,43644.0,Karimnagar
25312,2001-2002,Telangana,36,Karimnagar,508.0,Gross Irrigated Area,Well,Other Well,229723.0,Karimnagar
25313,2001-2002,Telangana,36,Karimnagar,508.0,Gross Irrigated Area,Well,Tubewell,13607.0,Karimnagar
25314,2001-2002,Telangana,36,Karimnagar,508.0,Net Irrigated Area,Canal,Government,64659.0,Karimnagar
25315,2001-2002,Telangana,36,Karimnagar,508.0,Net Irrigated Area,Canal,Private,,Karimnagar
25316,2001-2002,Telangana,36,Karimnagar,508.0,Net Irrigated Area,Other Source,Other Source,2298.0,Karimnagar
25317,2001-2002,Telangana,36,Karimnagar,508.0,Net Irrigated Area,Tank,Tank,28897.0,Karimnagar
25318,2001-2002,Telangana,36,Karimnagar,508.0,Net Irrigated Area,Well,Other Well,159504.0,Karimnagar
25319,2001-2002,Telangana,36,Karimnagar,508.0,Net Irrigated Area,Well,Tubewell,7500.0,Karimnagar
25320,2001-2002,Telangana,36,Khammam,509.0,Gross Irrigated Area,Canal,Government,50185.0,Khammam
25321,2001-2002,Telangana,36,Khammam,509.0,Gross Irrigated Area,Canal,Private,,Khammam
25322,2001-2002,Telangana,36,Khammam,509.0,Gross Irrigated Area,Other Source,Other Source,22032.0,Khammam
25323,2001-2002,Telangana,36,Khammam,509.0,Gross Irrigated Area,Tank,Tank,35532.0,Khammam
25324,2001-2002,Telangana,36,Khammam,509.0,Gross Irrigated Area,Well,Other Well,37188.0,Khammam
25325,2001-2002,Telangana,36,Khammam,509.0,Gross Irrigated Area,Well,Tubewell,22825.0,Khammam
25326,2001-2002,Telangana,36,Khammam,509.0,Net Irrigated Area,Canal,Government,46178.0,Khammam
25327,2001-2002,Telangana,36,Khammam,509.0,Net Irrigated Area,Canal,Private,,Khammam
25328,2001-2002,Telangana,36,Khammam,509.0,Net Irrigated Area,Other Source,Other Source,20295.0,Khammam
25329,2001-2002,Telangana,36,Khammam,509.0,Net Irrigated Area,Tank,Tank,33689.0,Khammam
25330,2001-2002,Telangana,36,Khammam,509.0,Net Irrigated Area,Well,Other Well,34888.0,Khammam
25331,2001-2002,Telangana,36,Khammam,509.0,Net Irrigated Area,Well,Tubewell,20018.0,Khammam
25332,2001-2002,Telangana,36,Mahabubnagar,512.0,Gross Irrigated Area,Canal,Government,20715.0,Mahabubnagar
25333,2001-2002,Telangana,36,Mahabubnagar,512.0,Gross Irrigated Area,Canal,Private,,Mahabubnagar
25334,2001-2002,Telangana,36,Mahabubnagar,512.0,Gross Irrigated Area,Other Source,Other Source,7487.0,Mahabubnagar
25335,2001-2002,Telangana,36,Mahabubnagar,512.0,Gross Irrigated Area,Tank,Tank,8666.0,Mahabubnagar
25336,2001-2002,Telangana,36,Mahabubnagar,512.0,Gross Irrigated Area,Well,Other Well,42036.0,Mahabubnagar
25337,2001-2002,Telangana,36,Mahabubnagar,512.0,Gross Irrigated Area,Well,Tubewell,130046.0,Mahabubnagar
25338,2001-2002,Telangana,36,Mahabubnagar,512.0,Net Irrigated Area,Canal,Government,16862.0,Mahabubnagar
25339,2001-2002,Telangana,36,Mahabubnagar,512.0,Net Irrigated Area,Canal,Private,,Mahabubnagar
25340,2001-2002,Telangana,36,Mahabubnagar,512.0,Net Irrigated Area,Other Source,Other Source,6161.0,Mahabubnagar
25341,2001-2002,Telangana,36,Mahabubnagar,512.0,Net Irrigated Area,Tank,Tank,7402.0,Mahabubnagar
25342,2001-2002,Telangana,36,Mahabubnagar,512.0,Net Irrigated Area,Well,Other Well,34518.0,Mahabubnagar
25343,2001-2002,Telangana,36,Mahabubnagar,512.0,Net Irrigated Area,Well,Tubewell,98663.0,Mahabubnagar
25344,2001-2002,Telangana,36,Medak,513.0,Gross Irrigated Area,Canal,Government,2778.0,Medak
25345,2001-2002,Telangana,36,Medak,513.0,Gross Irrigated Area,Canal,Private,,Medak
25346,2001-2002,Telangana,36,Medak,513.0,Gross Irrigated Area,Other Source,Other Source,761.0,Medak
25347,2001-2002,Telangana,36,Medak,513.0,Gross Irrigated Area,Tank,Tank,8677.0,Medak
25348,2001-2002,Telangana,36,Medak,513.0,Gross Irrigated Area,Well,Other Well,29518.0,Medak
25349,2001-2002,Telangana,36,Medak,513.0,Gross Irrigated Area,Well,Tubewell,145119.0,Medak
25350,2001-2002,Telangana,36,Medak,513.0,Net Irrigated Area,Canal,Government,2778.0,Medak
25351,2001-2002,Telangana,36,Medak,513.0,Net Irrigated Area,Canal,Private,,Medak
25352,2001-2002,Telangana,36,Medak,513.0,Net Irrigated Area,Other Source,Other Source,761.0,Medak
25353,2001-2002,Telangana,36,Medak,513.0,Net Irrigated Area,Tank,Tank,8079.0,Medak
25354,2001-2002,Telangana,36,Medak,513.0,Net Irrigated Area,Well,Other Well,18364.0,Medak
25355,2001-2002,Telangana,36,Medak,513.0,Net Irrigated Area,Well,Tubewell,100227.0,Medak
25356,2001-2002,Telangana,36,Nalgonda,514.0,Gross Irrigated Area,Canal,Government,79468.0,Nalgonda
25357,2001-2002,Telangana,36,Nalgonda,514.0,Gross Irrigated Area,Canal,Private,,Nalgonda
25358,2001-2002,Telangana,36,Nalgonda,514.0,Gross Irrigated Area,Other Source,Other Source,18055.0,Nalgonda
25359,2001-2002,Telangana,36,Nalgonda,514.0,Gross Irrigated Area,Tank,Tank,20114.0,Nalgonda
25360,2001-2002,Telangana,36,Nalgonda,514.0,Gross Irrigated Area,Well,Other Well,82459.0,Nalgonda
25361,2001-2002,Telangana,36,Nalgonda,514.0,Gross Irrigated Area,Well,Tubewell,72095.0,Nalgonda
25362,2001-2002,Telangana,36,Nalgonda,514.0,Net Irrigated Area,Canal,Government,62678.0,Nalgonda
25363,2001-2002,Telangana,36,Nalgonda,514.0,Net Irrigated Area,Canal,Private,,Nalgonda
25364,2001-2002,Telangana,36,Nalgonda,514.0,Net Irrigated Area,Other Source,Other Source,12249.0,Nalgonda
25365,2001-2002,Telangana,36,Nalgonda,514.0,Net Irrigated Area,Tank,Tank,13511.0,Nalgonda
25366,2001-2002,Telangana,36,Nalgonda,514.0,Net Irrigated Area,Well,Other Well,58890.0,Nalgonda
25367,2001-2002,Telangana,36,Nalgonda,514.0,Net Irrigated Area,Well,Tubewell,46732.0,Nalgonda
25368,2001-2002,Telangana,36,Nizamabad,516.0,Gross Irrigated Area,Canal,Government,25525.0,Nizamabad
25369,2001-2002,Telangana,36,Nizamabad,516.0,Gross Irrigated Area,Canal,Private,,Nizamabad
25370,2001-2002,Telangana,36,Nizamabad,516.0,Gross Irrigated Area,Other Source,Other Source,6097.0,Nizamabad
25371,2001-2002,Telangana,36,Nizamabad,516.0,Gross Irrigated Area,Tank,Tank,19620.0,Nizamabad
25372,2001-2002,Telangana,36,Nizamabad,516.0,Gross Irrigated Area,Well,Other Well,12156.0,Nizamabad
25373,2001-2002,Telangana,36,Nizamabad,516.0,Gross Irrigated Area,Well,Tubewell,204658.0,Nizamabad
25374,2001-2002,Telangana,36,Nizamabad,516.0,Net Irrigated Area,Canal,Government,24584.0,Nizamabad
25375,2001-2002,Telangana,36,Nizamabad,516.0,Net Irrigated Area,Canal,Private,,Nizamabad
25376,2001-2002,Telangana,36,Nizamabad,516.0,Net Irrigated Area,Other Source,Other Source,4450.0,Nizamabad
25377,2001-2002,Telangana,36,Nizamabad,516.0,Net Irrigated Area,Tank,Tank,17988.0,Nizamabad
25378,2001-2002,Telangana,36,Nizamabad,516.0,Net Irrigated Area,Well,Other Well,7135.0,Nizamabad
25379,2001-2002,Telangana,36,Nizamabad,516.0,Net Irrigated Area,Well,Tubewell,114156.0,Nizamabad
25380,2001-2002,Telangana,36,Ranga Reddy,518.0,Gross Irrigated Area,Canal,Government,2855.0,Ranga Reddy
25381,2001-2002,Telangana,36,Ranga Reddy,518.0,Gross Irrigated Area,Canal,Private,,Ranga Reddy
25382,2001-2002,Telangana,36,Ranga Reddy,518.0,Gross Irrigated Area,Other Source,Other Source,2175.0,Ranga Reddy
25383,2001-2002,Telangana,36,Ranga Reddy,518.0,Gross Irrigated Area,Tank,Tank,3414.0,Ranga Reddy
25384,2001-2002,Telangana,36,Ranga Reddy,518.0,Gross Irrigated Area,Well,Other Well,20161.0,Ranga Reddy
25385,2001-2002,Telangana,36,Ranga Reddy,518.0,Gross Irrigated Area,Well,Tubewell,59230.0,Ranga Reddy
25386,2001-2002,Telangana,36,Ranga Reddy,518.0,Net Irrigated Area,Canal,Government,2849.0,Ranga Reddy
25387,2001-2002,Telangana,36,Ranga Reddy,518.0,Net Irrigated Area,Canal,Private,,Ranga Reddy
25388,2001-2002,Telangana,36,Ranga Reddy,518.0,Net Irrigated Area,Other Source,Other Source,1507.0,Ranga Reddy
25389,2001-2002,Telangana,36,Ranga Reddy,518.0,Net Irrigated Area,Tank,Tank,2948.0,Ranga Reddy
25390,2001-2002,Telangana,36,Ranga Reddy,518.0,Net Irrigated Area,Well,Other Well,17195.0,Ranga Reddy
25391,2001-2002,Telangana,36,Ranga Reddy,518.0,Net Irrigated Area,Well,Tubewell,47405.0,Ranga Reddy
25392,2001-2002,Telangana,36,Warangal,522.0,Gross Irrigated Area,Canal,Government,3701.0,Warangal
25393,2001-2002,Telangana,36,Warangal,522.0,Gross Irrigated Area,Canal,Private,,Warangal
25394,2001-2002,Telangana,36,Warangal,522.0,Gross Irrigated Area,Other Source,Other Source,4046.0,Warangal
25395,2001-2002,Telangana,36,Warangal,522.0,Gross Irrigated Area,Tank,Tank,63137.0,Warangal
25396,2001-2002,Telangana,36,Warangal,522.0,Gross Irrigated Area,Well,Other Well,232313.0,Warangal
25397,2001-2002,Telangana,36,Warangal,522.0,Gross Irrigated Area,Well,Tubewell,53943.0,Warangal
25398,2001-2002,Telangana,36,Warangal,522.0,Net Irrigated Area,Canal,Government,3323.0,Warangal
25399,2001-2002,Telangana,36,Warangal,522.0,Net Irrigated Area,Canal,Private,,Warangal
25400,2001-2002,Telangana,36,Warangal,522.0,Net Irrigated Area,Other Source,Other Source,3732.0,Warangal
25401,2001-2002,Telangana,36,Warangal,522.0,Net Irrigated Area,Tank,Tank,58819.0,Warangal
25402,2001-2002,Telangana,36,Warangal,522.0,Net Irrigated Area,Well,Other Well,200653.0,Warangal
25403,2001-2002,Telangana,36,Warangal,522.0,Net Irrigated Area,Well,Tubewell,35474.0,Warangal
32160,2002-2003,Telangana,36,Adilabad,501.0,Gross Irrigated Area,Canal,Government,20792.0,Adilabad
32161,2002-2003,Telangana,36,Adilabad,501.0,Gross Irrigated Area,Canal,Private,,Adilabad
32162,2002-2003,Telangana,36,Adilabad,501.0,Gross Irrigated Area,Other Source,Other Source,2748.0,Adilabad
32163,2002-2003,Telangana,36,Adilabad,501.0,Gross Irrigated Area,Tank,Tank,18325.0,Adilabad
32164,2002-2003,Telangana,36,Adilabad,501.0,Gross Irrigated Area,Well,Other Well,17736.0,Adilabad
32165,2002-2003,Telangana,36,Adilabad,501.0,Gross Irrigated Area,Well,Tubewell,33933.0,Adilabad
32166,2002-2003,Telangana,36,Adilabad,501.0,Net Irrigated Area,Canal,Government,20640.0,Adilabad
32167,2002-2003,Telangana,36,Adilabad,501.0,Net Irrigated Area,Canal,Private,,Adilabad
32168,2002-2003,Telangana,36,Adilabad,501.0,Net Irrigated Area,Other Source,Other Source,2680.0,Adilabad
32169,2002-2003,Telangana,36,Adilabad,501.0,Net Irrigated Area,Tank,Tank,17996.0,Adilabad
32170,2002-2003,Telangana,36,Adilabad,501.0,Net Irrigated Area,Well,Other Well,15710.0,Adilabad
32171,2002-2003,Telangana,36,Adilabad,501.0,Net Irrigated Area,Well,Tubewell,30672.0,Adilabad
32172,2002-2003,Telangana,36,Karimnagar,508.0,Gross Irrigated Area,Canal,Government,77185.0,Karimnagar
32173,2002-2003,Telangana,36,Karimnagar,508.0,Gross Irrigated Area,Canal,Private,,Karimnagar
32174,2002-2003,Telangana,36,Karimnagar,508.0,Gross Irrigated Area,Other Source,Other Source,2274.0,Karimnagar
32175,2002-2003,Telangana,36,Karimnagar,508.0,Gross Irrigated Area,Tank,Tank,36721.0,Karimnagar
32176,2002-2003,Telangana,36,Karimnagar,508.0,Gross Irrigated Area,Well,Other Well,184611.0,Karimnagar
32177,2002-2003,Telangana,36,Karimnagar,508.0,Gross Irrigated Area,Well,Tubewell,17120.0,Karimnagar
32178,2002-2003,Telangana,36,Karimnagar,508.0,Net Irrigated Area,Canal,Government,61355.0,Karimnagar
32179,2002-2003,Telangana,36,Karimnagar,508.0,Net Irrigated Area,Canal,Private,,Karimnagar
32180,2002-2003,Telangana,36,Karimnagar,508.0,Net Irrigated Area,Other Source,Other Source,2132.0,Karimnagar
32181,2002-2003,Telangana,36,Karimnagar,508.0,Net Irrigated Area,Tank,Tank,28448.0,Karimnagar
32182,2002-2003,Telangana,36,Karimnagar,508.0,Net Irrigated Area,Well,Other Well,123057.0,Karimnagar
32183,2002-2003,Telangana,36,Karimnagar,508.0,Net Irrigated Area,Well,Tubewell,11709.0,Karimnagar
32184,2002-2003,Telangana,36,Khammam,509.0,Gross Irrigated Area,Canal,Government,23143.0,Khammam
32185,2002-2003,Telangana,36,Khammam,509.0,Gross Irrigated Area,Canal,Private,,Khammam
32186,2002-2003,Telangana,36,Khammam,509.0,Gross Irrigated Area,Other Source,Other Source,17661.0,Khammam
32187,2002-2003,Telangana,36,Khammam,509.0,Gross Irrigated Area,Tank,Tank,34953.0,Khammam
32188,2002-2003,Telangana,36,Khammam,509.0,Gross Irrigated Area,Well,Other Well,37634.0,Khammam
32189,2002-2003,Telangana,36,Khammam,509.0,Gross Irrigated Area,Well,Tubewell,22312.0,Khammam
32190,2002-2003,Telangana,36,Khammam,509.0,Net Irrigated Area,Canal,Government,23123.0,Khammam
32191,2002-2003,Telangana,36,Khammam,509.0,Net Irrigated Area,Canal,Private,,Khammam
32192,2002-2003,Telangana,36,Khammam,509.0,Net Irrigated Area,Other Source,Other Source,16442.0,Khammam
32193,2002-2003,Telangana,36,Khammam,509.0,Net Irrigated Area,Tank,Tank,34831.0,Khammam
32194,2002-2003,Telangana,36,Khammam,509.0,Net Irrigated Area,Well,Other Well,35711.0,Khammam
32195,2002-2003,Telangana,36,Khammam,509.0,Net Irrigated Area,Well,Tubewell,17758.0,Khammam
32196,2002-2003,Telangana,36,Mahabubnagar,512.0,Gross Irrigated Area,Canal,Government,11332.0,Mahabubnagar
32197,2002-2003,Telangana,36,Mahabubnagar,512.0,Gross Irrigated Area,Canal,Private,,Mahabubnagar
32198,2002-2003,Telangana,36,Mahabubnagar,512.0,Gross Irrigated Area,Other Source,Other Source,5958.0,Mahabubnagar
32199,2002-2003,Telangana,36,Mahabubnagar,512.0,Gross Irrigated Area,Tank,Tank,1124.0,Mahabubnagar
32200,2002-2003,Telangana,36,Mahabubnagar,512.0,Gross Irrigated Area,Well,Other Well,29528.0,Mahabubnagar
32201,2002-2003,Telangana,36,Mahabubnagar,512.0,Gross Irrigated Area,Well,Tubewell,130359.0,Mahabubnagar
32202,2002-2003,Telangana,36,Mahabubnagar,512.0,Net Irrigated Area,Canal,Government,11175.0,Mahabubnagar
32203,2002-2003,Telangana,36,Mahabubnagar,512.0,Net Irrigated Area,Canal,Private,,Mahabubnagar
32204,2002-2003,Telangana,36,Mahabubnagar,512.0,Net Irrigated Area,Other Source,Other Source,4604.0,Mahabubnagar
32205,2002-2003,Telangana,36,Mahabubnagar,512.0,Net Irrigated Area,Tank,Tank,1027.0,Mahabubnagar
32206,2002-2003,Telangana,36,Mahabubnagar,512.0,Net Irrigated Area,Well,Other Well,24078.0,Mahabubnagar
32207,2002-2003,Telangana,36,Mahabubnagar,512.0,Net Irrigated Area,Well,Tubewell,100041.0,Mahabubnagar
32208,2002-2003,Telangana,36,Medak,513.0,Gross Irrigated Area,Canal,Government,3057.0,Medak
32209,2002-2003,Telangana,36,Medak,513.0,Gross Irrigated Area,Canal,Private,,Medak
32210,2002-2003,Telangana,36,Medak,513.0,Gross Irrigated Area,Other Source,Other Source,1612.0,Medak
32211,2002-2003,Telangana,36,Medak,513.0,Gross Irrigated Area,Tank,Tank,2768.0,Medak
32212,2002-2003,Telangana,36,Medak,513.0,Gross Irrigated Area,Well,Other Well,21470.0,Medak
32213,2002-2003,Telangana,36,Medak,513.0,Gross Irrigated Area,Well,Tubewell,126206.0,Medak
32214,2002-2003,Telangana,36,Medak,513.0,Net Irrigated Area,Canal,Government,3057.0,Medak
32215,2002-2003,Telangana,36,Medak,513.0,Net Irrigated Area,Canal,Private,,Medak
32216,2002-2003,Telangana,36,Medak,513.0,Net Irrigated Area,Other Source,Other Source,1415.0,Medak
32217,2002-2003,Telangana,36,Medak,513.0,Net Irrigated Area,Tank,Tank,2632.0,Medak
32218,2002-2003,Telangana,36,Medak,513.0,Net Irrigated Area,Well,Other Well,14466.0,Medak
32219,2002-2003,Telangana,36,Medak,513.0,Net Irrigated Area,Well,Tubewell,85479.0,Medak
32220,2002-2003,Telangana,36,Nalgonda,514.0,Gross Irrigated Area,Canal,Government,20604.0,Nalgonda
32221,2002-2003,Telangana,36,Nalgonda,514.0,Gross Irrigated Area,Canal,Private,,Nalgonda
32222,2002-2003,Telangana,36,Nalgonda,514.0,Gross Irrigated Area,Other Source,Other Source,6547.0,Nalgonda
32223,2002-2003,Telangana,36,Nalgonda,514.0,Gross Irrigated Area,Tank,Tank,9440.0,Nalgonda
32224,2002-2003,Telangana,36,Nalgonda,514.0,Gross Irrigated Area,Well,Other Well,66029.0,Nalgonda
32225,2002-2003,Telangana,36,Nalgonda,514.0,Gross Irrigated Area,Well,Tubewell,77918.0,Nalgonda
32226,2002-2003,Telangana,36,Nalgonda,514.0,Net Irrigated Area,Canal,Government,19778.0,Nalgonda
32227,2002-2003,Telangana,36,Nalgonda,514.0,Net Irrigated Area,Canal,Private,,Nalgonda
32228,2002-2003,Telangana,36,Nalgonda,514.0,Net Irrigated Area,Other Source,Other Source,5619.0,Nalgonda
32229,2002-2003,Telangana,36,Nalgonda,514.0,Net Irrigated Area,Tank,Tank,7209.0,Nalgonda
32230,2002-2003,Telangana,36,Nalgonda,514.0,Net Irrigated Area,Well,Other Well,51086.0,Nalgonda
32231,2002-2003,Telangana,36,Nalgonda,514.0,Net Irrigated Area,Well,Tubewell,57080.0,Nalgonda
32232,2002-2003,Telangana,36,Nizamabad,516.0,Gross Irrigated Area,Canal,Government,8099.0,Nizamabad
32233,2002-2003,Telangana,36,Nizamabad,516.0,Gross Irrigated Area,Canal,Private,,Nizamabad
32234,2002-2003,Telangana,36,Nizamabad,516.0,Gross Irrigated Area,Other Source,Other Source,2942.0,Nizamabad
32235,2002-2003,Telangana,36,Nizamabad,516.0,Gross Irrigated Area,Tank,Tank,7098.0,Nizamabad
32236,2002-2003,Telangana,36,Nizamabad,516.0,Gross Irrigated Area,Well,Other Well,8003.0,Nizamabad
32237,2002-2003,Telangana,36,Nizamabad,516.0,Gross Irrigated Area,Well,Tubewell,182422.0,Nizamabad
32238,2002-2003,Telangana,36,Nizamabad,516.0,Net Irrigated Area,Canal,Government,7131.0,Nizamabad
32239,2002-2003,Telangana,36,Nizamabad,516.0,Net Irrigated Area,Canal,Private,,Nizamabad
32240,2002-2003,Telangana,36,Nizamabad,516.0,Net Irrigated Area,Other Source,Other Source,2600.0,Nizamabad
32241,2002-2003,Telangana,36,Nizamabad,516.0,Net Irrigated Area,Tank,Tank,6603.0,Nizamabad
32242,2002-2003,Telangana,36,Nizamabad,516.0,Net Irrigated Area,Well,Other Well,5035.0,Nizamabad
32243,2002-2003,Telangana,36,Nizamabad,516.0,Net Irrigated Area,Well,Tubewell,114849.0,Nizamabad
32244,2002-2003,Telangana,36,Ranga Reddy,518.0,Gross Irrigated Area,Canal,Government,764.0,Ranga Reddy
32245,2002-2003,Telangana,36,Ranga Reddy,518.0,Gross Irrigated Area,Canal,Private,,Ranga Reddy
32246,2002-2003,Telangana,36,Ranga Reddy,518.0,Gross Irrigated Area,Other Source,Other Source,1529.0,Ranga Reddy
32247,2002-2003,Telangana,36,Ranga Reddy,518.0,Gross Irrigated Area,Tank,Tank,1320.0,Ranga Reddy
32248,2002-2003,Telangana,36,Ranga Reddy,518.0,Gross Irrigated Area,Well,Other Well,15597.0,Ranga Reddy
32249,2002-2003,Telangana,36,Ranga Reddy,518.0,Gross Irrigated Area,Well,Tubewell,50364.0,Ranga Reddy
32250,2002-2003,Telangana,36,Ranga Reddy,518.0,Net Irrigated Area,Canal,Government,764.0,Ranga Reddy
32251,2002-2003,Telangana,36,Ranga Reddy,518.0,Net Irrigated Area,Canal,Private,,Ranga Reddy
32252,2002-2003,Telangana,36,Ranga Reddy,518.0,Net Irrigated Area,Other Source,Other Source,866.0,Ranga Reddy
32253,2002-2003,Telangana,36,Ranga Reddy,518.0,Net Irrigated Area,Tank,Tank,816.0,Ranga Reddy
32254,2002-2003,Telangana,36,Ranga Reddy,518.0,Net Irrigated Area,Well,Other Well,13700.0,Ranga Reddy
32255,2002-2003,Telangana,36,Ranga Reddy,518.0,Net Irrigated Area,Well,Tubewell,36786.0,Ranga Reddy
32256,2002-2003,Telangana,36,Warangal,522.0,Gross Irrigated Area,Canal,Government,1831.0,Warangal
32257,2002-2003,Telangana,36,Warangal,522.0,Gross Irrigated Area,Canal,Private,,Warangal
32258,2002-2003,Telangana,36,Warangal,522.0,Gross Irrigated Area,Other Source,Other Source,2694.0,Warangal
32259,2002-2003,Telangana,36,Warangal,522.0,Gross Irrigated Area,Tank,Tank,54847.0,Warangal
32260,2002-2003,Telangana,36,Warangal,522.0,Gross Irrigated Area,Well,Other Well,190004.0,Warangal
32261,2002-2003,Telangana,36,Warangal,522.0,Gross Irrigated Area,Well,Tubewell,43759.0,Warangal
32262,2002-2003,Telangana,36,Warangal,522.0,Net Irrigated Area,Canal,Government,1792.0,Warangal
32263,2002-2003,Telangana,36,Warangal,522.0,Net Irrigated Area,Canal,Private,,Warangal
32264,2002-2003,Telangana,36,Warangal,522.0,Net Irrigated Area,Other Source,Other Source,2387.0,Warangal
32265,2002-2003,Telangana,36,Warangal,522.0,Net Irrigated Area,Tank,Tank,53528.0,Warangal
32266,2002-2003,Telangana,36,Warangal,522.0,Net Irrigated Area,Well,Other Well,159649.0,Warangal
32267,2002-2003,Telangana,36,Warangal,522.0,Net Irrigated Area,Well,Tubewell,29864.0,Warangal
38724,2003-2004,Telangana,36,Adilabad,501.0,Gross Irrigated Area,Canal,Government,21157.0,Adilabad
38725,2003-2004,Telangana,36,Adilabad,501.0,Gross Irrigated Area,Canal,Private,,Adilabad
38726,2003-2004,Telangana,36,Adilabad,501.0,Gross Irrigated Area,Other Source,Other Source,1907.0,Adilabad
38727,2003-2004,Telangana,36,Adilabad,501.0,Gross Irrigated Area,Tank,Tank,21059.0,Adilabad
38728,2003-2004,Telangana,36,Adilabad,501.0,Gross Irrigated Area,Well,Other Well,17394.0,Adilabad
38729,2003-2004,Telangana,36,Adilabad,501.0,Gross Irrigated Area,Well,Tubewell,39628.0,Adilabad
38730,2003-2004,Telangana,36,Adilabad,501.0,Net Irrigated Area,Canal,Government,20897.0,Adilabad
38731,2003-2004,Telangana,36,Adilabad,501.0,Net Irrigated Area,Canal,Private,,Adilabad
38732,2003-2004,Telangana,36,Adilabad,501.0,Net Irrigated Area,Other Source,Other Source,1464.0,Adilabad
38733,2003-2004,Telangana,36,Adilabad,501.0,Net Irrigated Area,Tank,Tank,20584.0,Adilabad
38734,2003-2004,Telangana,36,Adilabad,501.0,Net Irrigated Area,Well,Other Well,16346.0,Adilabad
38735,2003-2004,Telangana,36,Adilabad,501.0,Net Irrigated Area,Well,Tubewell,32944.0,Adilabad
38736,2003-2004,Telangana,36,Karimnagar,508.0,Gross Irrigated Area,Canal,Government,89686.0,Karimnagar
38737,2003-2004,Telangana,36,Karimnagar,508.0,Gross Irrigated Area,Canal,Private,,Karimnagar
38738,2003-2004,Telangana,36,Karimnagar,508.0,Gross Irrigated Area,Other Source,Other Source,1573.0,Karimnagar
38739,2003-2004,Telangana,36,Karimnagar,508.0,Gross Irrigated Area,Tank,Tank,34289.0,Karimnagar
38740,2003-2004,Telangana,36,Karimnagar,508.0,Gross Irrigated Area,Well,Other Well,209151.0,Karimnagar
38741,2003-2004,Telangana,36,Karimnagar,508.0,Gross Irrigated Area,Well,Tubewell,21567.0,Karimnagar
38742,2003-2004,Telangana,36,Karimnagar,508.0,Net Irrigated Area,Canal,Government,65868.0,Karimnagar
38743,2003-2004,Telangana,36,Karimnagar,508.0,Net Irrigated Area,Canal,Private,,Karimnagar
38744,2003-2004,Telangana,36,Karimnagar,508.0,Net Irrigated Area,Other Source,Other Source,1465.0,Karimnagar
38745,2003-2004,Telangana,36,Karimnagar,508.0,Net Irrigated Area,Tank,Tank,24530.0,Karimnagar
38746,2003-2004,Telangana,36,Karimnagar,508.0,Net Irrigated Area,Well,Other Well,133872.0,Karimnagar
38747,2003-2004,Telangana,36,Karimnagar,508.0,Net Irrigated Area,Well,Tubewell,13051.0,Karimnagar
38748,2003-2004,Telangana,36,Khammam,509.0,Gross Irrigated Area,Canal,Government,19638.0,Khammam
38749,2003-2004,Telangana,36,Khammam,509.0,Gross Irrigated Area,Canal,Private,,Khammam
38750,2003-2004,Telangana,36,Khammam,509.0,Gross Irrigated Area,Other Source,Other Source,23102.0,Khammam
38751,2003-2004,Telangana,36,Khammam,509.0,Gross Irrigated Area,Tank,Tank,51222.0,Khammam
38752,2003-2004,Telangana,36,Khammam,509.0,Gross Irrigated Area,Well,Other Well,45643.0,Khammam
38753,2003-2004,Telangana,36,Khammam,509.0,Gross Irrigated Area,Well,Tubewell,32227.0,Khammam
38754,2003-2004,Telangana,36,Khammam,509.0,Net Irrigated Area,Canal,Government,18065.0,Khammam
38755,2003-2004,Telangana,36,Khammam,509.0,Net Irrigated Area,Canal,Private,,Khammam
38756,2003-2004,Telangana,36,Khammam,509.0,Net Irrigated Area,Other Source,Other Source,21128.0,Khammam
38757,2003-2004,Telangana,36,Khammam,509.0,Net Irrigated Area,Tank,Tank,47774.0,Khammam
38758,2003-2004,Telangana,36,Khammam,509.0,Net Irrigated Area,Well,Other Well,41286.0,Khammam
38759,2003-2004,Telangana,36,Khammam,509.0,Net Irrigated Area,Well,Tubewell,24764.0,Khammam
38760,2003-2004,Telangana,36,Mahabubnagar,512.0,Gross Irrigated Area,Canal,Government,15267.0,Mahabubnagar
38761,2003-2004,Telangana,36,Mahabubnagar,512.0,Gross Irrigated Area,Canal,Private,,Mahabubnagar
38762,2003-2004,Telangana,36,Mahabubnagar,512.0,Gross Irrigated Area,Other Source,Other Source,4776.0,Mahabubnagar
38763,2003-2004,Telangana,36,Mahabubnagar,512.0,Gross Irrigated Area,Tank,Tank,2654.0,Mahabubnagar
38764,2003-2004,Telangana,36,Mahabubnagar,512.0,Gross Irrigated Area,Well,Other Well,19723.0,Mahabubnagar
38765,2003-2004,Telangana,36,Mahabubnagar,512.0,Gross Irrigated Area,Well,Tubewell,128590.0,Mahabubnagar
38766,2003-2004,Telangana,36,Mahabubnagar,512.0,Net Irrigated Area,Canal,Government,14078.0,Mahabubnagar
38767,2003-2004,Telangana,36,Mahabubnagar,512.0,Net Irrigated Area,Canal,Private,,Mahabubnagar
38768,2003-2004,Telangana,36,Mahabubnagar,512.0,Net Irrigated Area,Other Source,Other Source,3715.0,Mahabubnagar
38769,2003-2004,Telangana,36,Mahabubnagar,512.0,Net Irrigated Area,Tank,Tank,2479.0,Mahabubnagar
38770,2003-2004,Telangana,36,Mahabubnagar,512.0,Net Irrigated Area,Well,Other Well,15872.0,Mahabubnagar
38771,2003-2004,Telangana,36,Mahabubnagar,512.0,Net Irrigated Area,Well,Tubewell,96206.0,Mahabubnagar
38772,2003-2004,Telangana,36,Medak,513.0,Gross Irrigated Area,Canal,Government,3082.0,Medak
38773,2003-2004,Telangana,36,Medak,513.0,Gross Irrigated Area,Canal,Private,,Medak
38774,2003-2004,Telangana,36,Medak,513.0,Gross Irrigated Area,Other Source,Other Source,1733.0,Medak
38775,2003-2004,Telangana,36,Medak,513.0,Gross Irrigated Area,Tank,Tank,12202.0,Medak
38776,2003-2004,Telangana,36,Medak,513.0,Gross Irrigated Area,Well,Other Well,15082.0,Medak
38777,2003-2004,Telangana,36,Medak,513.0,Gross Irrigated Area,Well,Tubewell,134543.0,Medak
38778,2003-2004,Telangana,36,Medak,513.0,Net Irrigated Area,Canal,Government,2464.0,Medak
38779,2003-2004,Telangana,36,Medak,513.0,Net Irrigated Area,Canal,Private,,Medak
38780,2003-2004,Telangana,36,Medak,513.0,Net Irrigated Area,Other Source,Other Source,1268.0,Medak
38781,2003-2004,Telangana,36,Medak,513.0,Net Irrigated Area,Tank,Tank,10133.0,Medak
38782,2003-2004,Telangana,36,Medak,513.0,Net Irrigated Area,Well,Other Well,10930.0,Medak
38783,2003-2004,Telangana,36,Medak,513.0,Net Irrigated Area,Well,Tubewell,88119.0,Medak
38784,2003-2004,Telangana,36,Nalgonda,514.0,Gross Irrigated Area,Canal,Government,2269.0,Nalgonda
38785,2003-2004,Telangana,36,Nalgonda,514.0,Gross Irrigated Area,Canal,Private,,Nalgonda
38786,2003-2004,Telangana,36,Nalgonda,514.0,Gross Irrigated Area,Other Source,Other Source,3904.0,Nalgonda
38787,2003-2004,Telangana,36,Nalgonda,514.0,Gross Irrigated Area,Tank,Tank,10140.0,Nalgonda
38788,2003-2004,Telangana,36,Nalgonda,514.0,Gross Irrigated Area,Well,Other Well,63081.0,Nalgonda
38789,2003-2004,Telangana,36,Nalgonda,514.0,Gross Irrigated Area,Well,Tubewell,101164.0,Nalgonda
38790,2003-2004,Telangana,36,Nalgonda,514.0,Net Irrigated Area,Canal,Government,1813.0,Nalgonda
38791,2003-2004,Telangana,36,Nalgonda,514.0,Net Irrigated Area,Canal,Private,,Nalgonda
38792,2003-2004,Telangana,36,Nalgonda,514.0,Net Irrigated Area,Other Source,Other Source,3009.0,Nalgonda
38793,2003-2004,Telangana,36,Nalgonda,514.0,Net Irrigated Area,Tank,Tank,7216.0,Nalgonda
38794,2003-2004,Telangana,36,Nalgonda,514.0,Net Irrigated Area,Well,Other Well,45334.0,Nalgonda
38795,2003-2004,Telangana,36,Nalgonda,514.0,Net Irrigated Area,Well,Tubewell,68104.0,Nalgonda
38796,2003-2004,Telangana,36,Nizamabad,516.0,Gross Irrigated Area,Canal,Government,12756.0,Nizamabad
38797,2003-2004,Telangana,36,Nizamabad,516.0,Gross Irrigated Area,Canal,Private,,Nizamabad
38798,2003-2004,Telangana,36,Nizamabad,516.0,Gross Irrigated Area,Other Source,Other Source,3205.0,Nizamabad
38799,2003-2004,Telangana,36,Nizamabad,516.0,Gross Irrigated Area,Tank,Tank,10227.0,Nizamabad
38800,2003-2004,Telangana,36,Nizamabad,516.0,Gross Irrigated Area,Well,Other Well,5524.0,Nizamabad
38801,2003-2004,Telangana,36,Nizamabad,516.0,Gross Irrigated Area,Well,Tubewell,157646.0,Nizamabad
38802,2003-2004,Telangana,36,Nizamabad,516.0,Net Irrigated Area,Canal,Government,9130.0,Nizamabad
38803,2003-2004,Telangana,36,Nizamabad,516.0,Net Irrigated Area,Canal,Private,,Nizamabad
38804,2003-2004,Telangana,36,Nizamabad,516.0,Net Irrigated Area,Other Source,Other Source,2566.0,Nizamabad
38805,2003-2004,Telangana,36,Nizamabad,516.0,Net Irrigated Area,Tank,Tank,9499.0,Nizamabad
38806,2003-2004,Telangana,36,Nizamabad,516.0,Net Irrigated Area,Well,Other Well,3728.0,Nizamabad
38807,2003-2004,Telangana,36,Nizamabad,516.0,Net Irrigated Area,Well,Tubewell,99580.0,Nizamabad
38808,2003-2004,Telangana,36,Ranga Reddy,518.0,Gross Irrigated Area,Canal,Government,2019.0,Ranga Reddy
38809,2003-2004,Telangana,36,Ranga Reddy,518.0,Gross Irrigated Area,Canal,Private,,Ranga Reddy
38810,2003-2004,Telangana,36,Ranga Reddy,518.0,Gross Irrigated Area,Other Source,Other Source,2364.0,Ranga Reddy
38811,2003-2004,Telangana,36,Ranga Reddy,518.0,Gross Irrigated Area,Tank,Tank,2367.0,Ranga Reddy
38812,2003-2004,Telangana,36,Ranga Reddy,518.0,Gross Irrigated Area,Well,Other Well,14239.0,Ranga Reddy
38813,2003-2004,Telangana,36,Ranga Reddy,518.0,Gross Irrigated Area,Well,Tubewell,55622.0,Ranga Reddy
38814,2003-2004,Telangana,36,Ranga Reddy,518.0,Net Irrigated Area,Canal,Government,1718.0,Ranga Reddy
38815,2003-2004,Telangana,36,Ranga Reddy,518.0,Net Irrigated Area,Canal,Private,,Ranga Reddy
38816,2003-2004,Telangana,36,Ranga Reddy,518.0,Net Irrigated Area,Other Source,Other Source,1428.0,Ranga Reddy
38817,2003-2004,Telangana,36,Ranga Reddy,518.0,Net Irrigated Area,Tank,Tank,1695.0,Ranga Reddy
38818,2003-2004,Telangana,36,Ranga Reddy,518.0,Net Irrigated Area,Well,Other Well,11555.0,Ranga Reddy
38819,2003-2004,Telangana,36,Ranga Reddy,518.0,Net Irrigated Area,Well,Tubewell,36639.0,Ranga Reddy
38820,2003-2004,Telangana,36,Warangal,522.0,Gross Irrigated Area,Canal,Government,2929.0,Warangal
38821,2003-2004,Telangana,36,Warangal,522.0,Gross Irrigated Area,Canal,Private,,Warangal
38822,2003-2004,Telangana,36,Warangal,522.0,Gross Irrigated Area,Other Source,Other Source,2925.0,Warangal
38823,2003-2004,Telangana,36,Warangal,522.0,Gross Irrigated Area,Tank,Tank,76366.0,Warangal
38824,2003-2004,Telangana,36,Warangal,522.0,Gross Irrigated Area,Well,Other Well,201735.0,Warangal
38825,2003-2004,Telangana,36,Warangal,522.0,Gross Irrigated Area,Well,Tubewell,58934.0,Warangal
38826,2003-2004,Telangana,36,Warangal,522.0,Net Irrigated Area,Canal,Government,2118.0,Warangal
38827,2003-2004,Telangana,36,Warangal,522.0,Net Irrigated Area,Canal,Private,,Warangal
38828,2003-2004,Telangana,36,Warangal,522.0,Net Irrigated Area,Other Source,Other Source,2649.0,Warangal
38829,2003-2004,Telangana,36,Warangal,522.0,Net Irrigated Area,Tank,Tank,64848.0,Warangal
38830,2003-2004,Telangana,36,Warangal,522.0,Net Irrigated Area,Well,Other Well,167358.0,Warangal
38831,2003-2004,Telangana,36,Warangal,522.0,Net Irrigated Area,Well,Tubewell,37331.0,Warangal
45312,2004-2005,Telangana,36,Adilabad,501.0,Gross Irrigated Area,Canal,Government,5068.0,Adilabad
45313,2004-2005,Telangana,36,Adilabad,501.0,Gross Irrigated Area,Canal,Private,,Adilabad
45314,2004-2005,Telangana,36,Adilabad,501.0,Gross Irrigated Area,Other Source,Other Source,2888.0,Adilabad
45315,2004-2005,Telangana,36,Adilabad,501.0,Gross Irrigated Area,Tank,Tank,6919.0,Adilabad
45316,2004-2005,Telangana,36,Adilabad,501.0,Gross Irrigated Area,Well,Other Well,16349.0,Adilabad
45317,2004-2005,Telangana,36,Adilabad,501.0,Gross Irrigated Area,Well,Tubewell,40571.0,Adilabad
45318,2004-2005,Telangana,36,Adilabad,501.0,Net Irrigated Area,Canal,Government,5068.0,Adilabad
45319,2004-2005,Telangana,36,Adilabad,501.0,Net Irrigated Area,Canal,Private,,Adilabad
45320,2004-2005,Telangana,36,Adilabad,501.0,Net Irrigated Area,Other Source,Other Source,2531.0,Adilabad
45321,2004-2005,Telangana,36,Adilabad,501.0,Net Irrigated Area,Tank,Tank,6903.0,Adilabad
45322,2004-2005,Telangana,36,Adilabad,501.0,Net Irrigated Area,Well,Other Well,15191.0,Adilabad
45323,2004-2005,Telangana,36,Adilabad,501.0,Net Irrigated Area,Well,Tubewell,40188.0,Adilabad
45324,2004-2005,Telangana,36,Karimnagar,508.0,Gross Irrigated Area,Canal,Government,456.0,Karimnagar
45325,2004-2005,Telangana,36,Karimnagar,508.0,Gross Irrigated Area,Canal,Private,,Karimnagar
45326,2004-2005,Telangana,36,Karimnagar,508.0,Gross Irrigated Area,Other Source,Other Source,734.0,Karimnagar
45327,2004-2005,Telangana,36,Karimnagar,508.0,Gross Irrigated Area,Tank,Tank,7022.0,Karimnagar
45328,2004-2005,Telangana,36,Karimnagar,508.0,Gross Irrigated Area,Well,Other Well,197373.0,Karimnagar
45329,2004-2005,Telangana,36,Karimnagar,508.0,Gross Irrigated Area,Well,Tubewell,30845.0,Karimnagar
45330,2004-2005,Telangana,36,Karimnagar,508.0,Net Irrigated Area,Canal,Government,456.0,Karimnagar
45331,2004-2005,Telangana,36,Karimnagar,508.0,Net Irrigated Area,Canal,Private,,Karimnagar
45332,2004-2005,Telangana,36,Karimnagar,508.0,Net Irrigated Area,Other Source,Other Source,640.0,Karimnagar
45333,2004-2005,Telangana,36,Karimnagar,508.0,Net Irrigated Area,Tank,Tank,6910.0,Karimnagar
45334,2004-2005,Telangana,36,Karimnagar,508.0,Net Irrigated Area,Well,Other Well,138370.0,Karimnagar
45335,2004-2005,Telangana,36,Karimnagar,508.0,Net Irrigated Area,Well,Tubewell,22954.0,Karimnagar
45336,2004-2005,Telangana,36,Khammam,509.0,Gross Irrigated Area,Canal,Government,39614.0,Khammam
45337,2004-2005,Telangana,36,Khammam,509.0,Gross Irrigated Area,Canal,Private,,Khammam
45338,2004-2005,Telangana,36,Khammam,509.0,Gross Irrigated Area,Other Source,Other Source,24613.0,Khammam
45339,2004-2005,Telangana,36,Khammam,509.0,Gross Irrigated Area,Tank,Tank,53208.0,Khammam
45340,2004-2005,Telangana,36,Khammam,509.0,Gross Irrigated Area,Well,Other Well,51528.0,Khammam
45341,2004-2005,Telangana,36,Khammam,509.0,Gross Irrigated Area,Well,Tubewell,36453.0,Khammam
45342,2004-2005,Telangana,36,Khammam,509.0,Net Irrigated Area,Canal,Government,28762.0,Khammam
45343,2004-2005,Telangana,36,Khammam,509.0,Net Irrigated Area,Canal,Private,,Khammam
45344,2004-2005,Telangana,36,Khammam,509.0,Net Irrigated Area,Other Source,Other Source,21647.0,Khammam
45345,2004-2005,Telangana,36,Khammam,509.0,Net Irrigated Area,Tank,Tank,49551.0,Khammam
45346,2004-2005,Telangana,36,Khammam,509.0,Net Irrigated Area,Well,Other Well,44981.0,Khammam
45347,2004-2005,Telangana,36,Khammam,509.0,Net Irrigated Area,Well,Tubewell,28303.0,Khammam
45348,2004-2005,Telangana,36,Mahabubnagar,512.0,Gross Irrigated Area,Canal,Government,20188.0,Mahabubnagar
45349,2004-2005,Telangana,36,Mahabubnagar,512.0,Gross Irrigated Area,Canal,Private,,Mahabubnagar
45350,2004-2005,Telangana,36,Mahabubnagar,512.0,Gross Irrigated Area,Other Source,Other Source,6100.0,Mahabubnagar
45351,2004-2005,Telangana,36,Mahabubnagar,512.0,Gross Irrigated Area,Tank,Tank,973.0,Mahabubnagar
45352,2004-2005,Telangana,36,Mahabubnagar,512.0,Gross Irrigated Area,Well,Other Well,13654.0,Mahabubnagar
45353,2004-2005,Telangana,36,Mahabubnagar,512.0,Gross Irrigated Area,Well,Tubewell,118577.0,Mahabubnagar
45354,2004-2005,Telangana,36,Mahabubnagar,512.0,Net Irrigated Area,Canal,Government,17264.0,Mahabubnagar
45355,2004-2005,Telangana,36,Mahabubnagar,512.0,Net Irrigated Area,Canal,Private,,Mahabubnagar
45356,2004-2005,Telangana,36,Mahabubnagar,512.0,Net Irrigated Area,Other Source,Other Source,4928.0,Mahabubnagar
45357,2004-2005,Telangana,36,Mahabubnagar,512.0,Net Irrigated Area,Tank,Tank,776.0,Mahabubnagar
45358,2004-2005,Telangana,36,Mahabubnagar,512.0,Net Irrigated Area,Well,Other Well,11785.0,Mahabubnagar
45359,2004-2005,Telangana,36,Mahabubnagar,512.0,Net Irrigated Area,Well,Tubewell,92571.0,Mahabubnagar
45360,2004-2005,Telangana,36,Medak,513.0,Gross Irrigated Area,Canal,Government,1747.0,Medak
45361,2004-2005,Telangana,36,Medak,513.0,Gross Irrigated Area,Canal,Private,,Medak
45362,2004-2005,Telangana,36,Medak,513.0,Gross Irrigated Area,Other Source,Other Source,1234.0,Medak
45363,2004-2005,Telangana,36,Medak,513.0,Gross Irrigated Area,Tank,Tank,6575.0,Medak
45364,2004-2005,Telangana,36,Medak,513.0,Gross Irrigated Area,Well,Other Well,13546.0,Medak
45365,2004-2005,Telangana,36,Medak,513.0,Gross Irrigated Area,Well,Tubewell,121310.0,Medak
45366,2004-2005,Telangana,36,Medak,513.0,Net Irrigated Area,Canal,Government,1747.0,Medak
45367,2004-2005,Telangana,36,Medak,513.0,Net Irrigated Area,Canal,Private,,Medak
45368,2004-2005,Telangana,36,Medak,513.0,Net Irrigated Area,Other Source,Other Source,1233.0,Medak
45369,2004-2005,Telangana,36,Medak,513.0,Net Irrigated Area,Tank,Tank,6051.0,Medak
45370,2004-2005,Telangana,36,Medak,513.0,Net Irrigated Area,Well,Other Well,11527.0,Medak
45371,2004-2005,Telangana,36,Medak,513.0,Net Irrigated Area,Well,Tubewell,80376.0,Medak
45372,2004-2005,Telangana,36,Nalgonda,514.0,Gross Irrigated Area,Canal,Government,63926.0,Nalgonda
45373,2004-2005,Telangana,36,Nalgonda,514.0,Gross Irrigated Area,Canal,Private,,Nalgonda
45374,2004-2005,Telangana,36,Nalgonda,514.0,Gross Irrigated Area,Other Source,Other Source,8147.0,Nalgonda
45375,2004-2005,Telangana,36,Nalgonda,514.0,Gross Irrigated Area,Tank,Tank,14866.0,Nalgonda
45376,2004-2005,Telangana,36,Nalgonda,514.0,Gross Irrigated Area,Well,Other Well,58357.0,Nalgonda
45377,2004-2005,Telangana,36,Nalgonda,514.0,Gross Irrigated Area,Well,Tubewell,109459.0,Nalgonda
45378,2004-2005,Telangana,36,Nalgonda,514.0,Net Irrigated Area,Canal,Government,52927.0,Nalgonda
45379,2004-2005,Telangana,36,Nalgonda,514.0,Net Irrigated Area,Canal,Private,,Nalgonda
45380,2004-2005,Telangana,36,Nalgonda,514.0,Net Irrigated Area,Other Source,Other Source,4180.0,Nalgonda
45381,2004-2005,Telangana,36,Nalgonda,514.0,Net Irrigated Area,Tank,Tank,9289.0,Nalgonda
45382,2004-2005,Telangana,36,Nalgonda,514.0,Net Irrigated Area,Well,Other Well,40459.0,Nalgonda
45383,2004-2005,Telangana,36,Nalgonda,514.0,Net Irrigated Area,Well,Tubewell,80269.0,Nalgonda
45384,2004-2005,Telangana,36,Nizamabad,516.0,Gross Irrigated Area,Canal,Government,3204.0,Nizamabad
45385,2004-2005,Telangana,36,Nizamabad,516.0,Gross Irrigated Area,Canal,Private,,Nizamabad
45386,2004-2005,Telangana,36,Nizamabad,516.0,Gross Irrigated Area,Other Source,Other Source,2894.0,Nizamabad
45387,2004-2005,Telangana,36,Nizamabad,516.0,Gross Irrigated Area,Tank,Tank,5106.0,Nizamabad
45388,2004-2005,Telangana,36,Nizamabad,516.0,Gross Irrigated Area,Well,Other Well,5029.0,Nizamabad
45389,2004-2005,Telangana,36,Nizamabad,516.0,Gross Irrigated Area,Well,Tubewell,173597.0,Nizamabad
45390,2004-2005,Telangana,36,Nizamabad,516.0,Net Irrigated Area,Canal,Government,3144.0,Nizamabad
45391,2004-2005,Telangana,36,Nizamabad,516.0,Net Irrigated Area,Canal,Private,,Nizamabad
45392,2004-2005,Telangana,36,Nizamabad,516.0,Net Irrigated Area,Other Source,Other Source,2631.0,Nizamabad
45393,2004-2005,Telangana,36,Nizamabad,516.0,Net Irrigated Area,Tank,Tank,5106.0,Nizamabad
45394,2004-2005,Telangana,36,Nizamabad,516.0,Net Irrigated Area,Well,Other Well,2582.0,Nizamabad
45395,2004-2005,Telangana,36,Nizamabad,516.0,Net Irrigated Area,Well,Tubewell,101474.0,Nizamabad
45396,2004-2005,Telangana,36,Ranga Reddy,518.0,Gross Irrigated Area,Canal,Government,1079.0,Ranga Reddy
45397,2004-2005,Telangana,36,Ranga Reddy,518.0,Gross Irrigated Area,Canal,Private,,Ranga Reddy
45398,2004-2005,Telangana,36,Ranga Reddy,518.0,Gross Irrigated Area,Other Source,Other Source,3018.0,Ranga Reddy
45399,2004-2005,Telangana,36,Ranga Reddy,518.0,Gross Irrigated Area,Tank,Tank,1482.0,Ranga Reddy
45400,2004-2005,Telangana,36,Ranga Reddy,518.0,Gross Irrigated Area,Well,Other Well,12546.0,Ranga Reddy
45401,2004-2005,Telangana,36,Ranga Reddy,518.0,Gross Irrigated Area,Well,Tubewell,52232.0,Ranga Reddy
45402,2004-2005,Telangana,36,Ranga Reddy,518.0,Net Irrigated Area,Canal,Government,665.0,Ranga Reddy
45403,2004-2005,Telangana,36,Ranga Reddy,518.0,Net Irrigated Area,Canal,Private,,Ranga Reddy
45404,2004-2005,Telangana,36,Ranga Reddy,518.0,Net Irrigated Area,Other Source,Other Source,1663.0,Ranga Reddy
45405,2004-2005,Telangana,36,Ranga Reddy,518.0,Net Irrigated Area,Tank,Tank,888.0,Ranga Reddy
45406,2004-2005,Telangana,36,Ranga Reddy,518.0,Net Irrigated Area,Well,Other Well,10140.0,Ranga Reddy
45407,2004-2005,Telangana,36,Ranga Reddy,518.0,Net Irrigated Area,Well,Tubewell,39303.0,Ranga Reddy
45408,2004-2005,Telangana,36,Warangal,522.0,Gross Irrigated Area,Canal,Government,6170.0,Warangal
45409,2004-2005,Telangana,36,Warangal,522.0,Gross Irrigated Area,Canal,Private,,Warangal
45410,2004-2005,Telangana,36,Warangal,522.0,Gross Irrigated Area,Other Source,Other Source,2299.0,Warangal
45411,2004-2005,Telangana,36,Warangal,522.0,Gross Irrigated Area,Tank,Tank,42609.0,Warangal
45412,2004-2005,Telangana,36,Warangal,522.0,Gross Irrigated Area,Well,Other Well,209385.0,Warangal
45413,2004-2005,Telangana,36,Warangal,522.0,Gross Irrigated Area,Well,Tubewell,68234.0,Warangal
45414,2004-2005,Telangana,36,Warangal,522.0,Net Irrigated Area,Canal,Government,6170.0,Warangal
45415,2004-2005,Telangana,36,Warangal,522.0,Net Irrigated Area,Canal,Private,,Warangal
45416,2004-2005,Telangana,36,Warangal,522.0,Net Irrigated Area,Other Source,Other Source,2161.0,Warangal
45417,2004-2005,Telangana,36,Warangal,522.0,Net Irrigated Area,Tank,Tank,41037.0,Warangal
45418,2004-2005,Telangana,36,Warangal,522.0,Net Irrigated Area,Well,Other Well,185448.0,Warangal
45419,2004-2005,Telangana,36,Warangal,522.0,Net Irrigated Area,Well,Tubewell,50036.0,Warangal
51816,2005-2006,Telangana,36,Adilabad,501.0,Gross Irrigated Area,Canal,Government,20478.0,Adilabad
51817,2005-2006,Telangana,36,Adilabad,501.0,Gross Irrigated Area,Canal,Private,,Adilabad
51818,2005-2006,Telangana,36,Adilabad,501.0,Gross Irrigated Area,Other Source,Other Source,4094.0,Adilabad
51819,2005-2006,Telangana,36,Adilabad,501.0,Gross Irrigated Area,Tank,Tank,19640.0,Adilabad
51820,2005-2006,Telangana,36,Adilabad,501.0,Gross Irrigated Area,Well,Other Well,22160.0,Adilabad
51821,2005-2006,Telangana,36,Adilabad,501.0,Gross Irrigated Area,Well,Tubewell,43310.0,Adilabad
51822,2005-2006,Telangana,36,Adilabad,501.0,Net Irrigated Area,Canal,Government,19434.0,Adilabad
51823,2005-2006,Telangana,36,Adilabad,501.0,Net Irrigated Area,Canal,Private,,Adilabad
51824,2005-2006,Telangana,36,Adilabad,501.0,Net Irrigated Area,Other Source,Other Source,3158.0,Adilabad
51825,2005-2006,Telangana,36,Adilabad,501.0,Net Irrigated Area,Tank,Tank,18301.0,Adilabad
51826,2005-2006,Telangana,36,Adilabad,501.0,Net Irrigated Area,Well,Other Well,17595.0,Adilabad
51827,2005-2006,Telangana,36,Adilabad,501.0,Net Irrigated Area,Well,Tubewell,29343.0,Adilabad
51828,2005-2006,Telangana,36,Karimnagar,508.0,Gross Irrigated Area,Canal,Government,136934.0,Karimnagar
51829,2005-2006,Telangana,36,Karimnagar,508.0,Gross Irrigated Area,Canal,Private,,Karimnagar
51830,2005-2006,Telangana,36,Karimnagar,508.0,Gross Irrigated Area,Other Source,Other Source,792.0,Karimnagar
51831,2005-2006,Telangana,36,Karimnagar,508.0,Gross Irrigated Area,Tank,Tank,64831.0,Karimnagar
51832,2005-2006,Telangana,36,Karimnagar,508.0,Gross Irrigated Area,Well,Other Well,235695.0,Karimnagar
51833,2005-2006,Telangana,36,Karimnagar,508.0,Gross Irrigated Area,Well,Tubewell,45868.0,Karimnagar
51834,2005-2006,Telangana,36,Karimnagar,508.0,Net Irrigated Area,Canal,Government,81024.0,Karimnagar
51835,2005-2006,Telangana,36,Karimnagar,508.0,Net Irrigated Area,Canal,Private,,Karimnagar
51836,2005-2006,Telangana,36,Karimnagar,508.0,Net Irrigated Area,Other Source,Other Source,352.0,Karimnagar
51837,2005-2006,Telangana,36,Karimnagar,508.0,Net Irrigated Area,Tank,Tank,44797.0,Karimnagar
51838,2005-2006,Telangana,36,Karimnagar,508.0,Net Irrigated Area,Well,Other Well,159656.0,Karimnagar
51839,2005-2006,Telangana,36,Karimnagar,508.0,Net Irrigated Area,Well,Tubewell,31510.0,Karimnagar
51840,2005-2006,Telangana,36,Khammam,509.0,Gross Irrigated Area,Canal,Government,77310.0,Khammam
51841,2005-2006,Telangana,36,Khammam,509.0,Gross Irrigated Area,Canal,Private,,Khammam
51842,2005-2006,Telangana,36,Khammam,509.0,Gross Irrigated Area,Other Source,Other Source,24879.0,Khammam
51843,2005-2006,Telangana,36,Khammam,509.0,Gross Irrigated Area,Tank,Tank,58091.0,Khammam
51844,2005-2006,Telangana,36,Khammam,509.0,Gross Irrigated Area,Well,Other Well,46801.0,Khammam
51845,2005-2006,Telangana,36,Khammam,509.0,Gross Irrigated Area,Well,Tubewell,33656.0,Khammam
51846,2005-2006,Telangana,36,Khammam,509.0,Net Irrigated Area,Canal,Government,49627.0,Khammam
51847,2005-2006,Telangana,36,Khammam,509.0,Net Irrigated Area,Canal,Private,,Khammam
51848,2005-2006,Telangana,36,Khammam,509.0,Net Irrigated Area,Other Source,Other Source,21407.0,Khammam
51849,2005-2006,Telangana,36,Khammam,509.0,Net Irrigated Area,Tank,Tank,51892.0,Khammam
51850,2005-2006,Telangana,36,Khammam,509.0,Net Irrigated Area,Well,Other Well,39290.0,Khammam
51851,2005-2006,Telangana,36,Khammam,509.0,Net Irrigated Area,Well,Tubewell,26870.0,Khammam
51852,2005-2006,Telangana,36,Mahabubnagar,512.0,Gross Irrigated Area,Canal,Government,24276.0,Mahabubnagar
51853,2005-2006,Telangana,36,Mahabubnagar,512.0,Gross Irrigated Area,Canal,Private,,Mahabubnagar
51854,2005-2006,Telangana,36,Mahabubnagar,512.0,Gross Irrigated Area,Other Source,Other Source,7687.0,Mahabubnagar
51855,2005-2006,Telangana,36,Mahabubnagar,512.0,Gross Irrigated Area,Tank,Tank,12681.0,Mahabubnagar
51856,2005-2006,Telangana,36,Mahabubnagar,512.0,Gross Irrigated Area,Well,Other Well,21970.0,Mahabubnagar
51857,2005-2006,Telangana,36,Mahabubnagar,512.0,Gross Irrigated Area,Well,Tubewell,144840.0,Mahabubnagar
51858,2005-2006,Telangana,36,Mahabubnagar,512.0,Net Irrigated Area,Canal,Government,20812.0,Mahabubnagar
51859,2005-2006,Telangana,36,Mahabubnagar,512.0,Net Irrigated Area,Canal,Private,,Mahabubnagar
51860,2005-2006,Telangana,36,Mahabubnagar,512.0,Net Irrigated Area,Other Source,Other Source,5737.0,Mahabubnagar
51861,2005-2006,Telangana,36,Mahabubnagar,512.0,Net Irrigated Area,Tank,Tank,11119.0,Mahabubnagar
51862,2005-2006,Telangana,36,Mahabubnagar,512.0,Net Irrigated Area,Well,Other Well,18264.0,Mahabubnagar
51863,2005-2006,Telangana,36,Mahabubnagar,512.0,Net Irrigated Area,Well,Tubewell,110674.0,Mahabubnagar
51864,2005-2006,Telangana,36,Medak,513.0,Gross Irrigated Area,Canal,Government,3557.0,Medak
51865,2005-2006,Telangana,36,Medak,513.0,Gross Irrigated Area,Canal,Private,,Medak
51866,2005-2006,Telangana,36,Medak,513.0,Gross Irrigated Area,Other Source,Other Source,1759.0,Medak
51867,2005-2006,Telangana,36,Medak,513.0,Gross Irrigated Area,Tank,Tank,15998.0,Medak
51868,2005-2006,Telangana,36,Medak,513.0,Gross Irrigated Area,Well,Other Well,9416.0,Medak
51869,2005-2006,Telangana,36,Medak,513.0,Gross Irrigated Area,Well,Tubewell,145904.0,Medak
51870,2005-2006,Telangana,36,Medak,513.0,Net Irrigated Area,Canal,Government,3069.0,Medak
51871,2005-2006,Telangana,36,Medak,513.0,Net Irrigated Area,Canal,Private,,Medak
51872,2005-2006,Telangana,36,Medak,513.0,Net Irrigated Area,Other Source,Other Source,1355.0,Medak
51873,2005-2006,Telangana,36,Medak,513.0,Net Irrigated Area,Tank,Tank,14008.0,Medak
51874,2005-2006,Telangana,36,Medak,513.0,Net Irrigated Area,Well,Other Well,6291.0,Medak
51875,2005-2006,Telangana,36,Medak,513.0,Net Irrigated Area,Well,Tubewell,95295.0,Medak
51876,2005-2006,Telangana,36,Nalgonda,514.0,Gross Irrigated Area,Canal,Government,128256.0,Nalgonda
51877,2005-2006,Telangana,36,Nalgonda,514.0,Gross Irrigated Area,Canal,Private,,Nalgonda
51878,2005-2006,Telangana,36,Nalgonda,514.0,Gross Irrigated Area,Other Source,Other Source,17371.0,Nalgonda
51879,2005-2006,Telangana,36,Nalgonda,514.0,Gross Irrigated Area,Tank,Tank,29739.0,Nalgonda
51880,2005-2006,Telangana,36,Nalgonda,514.0,Gross Irrigated Area,Well,Other Well,65894.0,Nalgonda
51881,2005-2006,Telangana,36,Nalgonda,514.0,Gross Irrigated Area,Well,Tubewell,132503.0,Nalgonda
51882,2005-2006,Telangana,36,Nalgonda,514.0,Net Irrigated Area,Canal,Government,75193.0,Nalgonda
51883,2005-2006,Telangana,36,Nalgonda,514.0,Net Irrigated Area,Canal,Private,,Nalgonda
51884,2005-2006,Telangana,36,Nalgonda,514.0,Net Irrigated Area,Other Source,Other Source,9959.0,Nalgonda
51885,2005-2006,Telangana,36,Nalgonda,514.0,Net Irrigated Area,Tank,Tank,18949.0,Nalgonda
51886,2005-2006,Telangana,36,Nalgonda,514.0,Net Irrigated Area,Well,Other Well,45497.0,Nalgonda
51887,2005-2006,Telangana,36,Nalgonda,514.0,Net Irrigated Area,Well,Tubewell,92946.0,Nalgonda
51888,2005-2006,Telangana,36,Nizamabad,516.0,Gross Irrigated Area,Canal,Government,21199.0,Nizamabad
51889,2005-2006,Telangana,36,Nizamabad,516.0,Gross Irrigated Area,Canal,Private,,Nizamabad
51890,2005-2006,Telangana,36,Nizamabad,516.0,Gross Irrigated Area,Other Source,Other Source,6393.0,Nizamabad
51891,2005-2006,Telangana,36,Nizamabad,516.0,Gross Irrigated Area,Tank,Tank,24757.0,Nizamabad
51892,2005-2006,Telangana,36,Nizamabad,516.0,Gross Irrigated Area,Well,Other Well,8159.0,Nizamabad
51893,2005-2006,Telangana,36,Nizamabad,516.0,Gross Irrigated Area,Well,Tubewell,219053.0,Nizamabad
51894,2005-2006,Telangana,36,Nizamabad,516.0,Net Irrigated Area,Canal,Government,10353.0,Nizamabad
51895,2005-2006,Telangana,36,Nizamabad,516.0,Net Irrigated Area,Canal,Private,,Nizamabad
51896,2005-2006,Telangana,36,Nizamabad,516.0,Net Irrigated Area,Other Source,Other Source,4189.0,Nizamabad
51897,2005-2006,Telangana,36,Nizamabad,516.0,Net Irrigated Area,Tank,Tank,19094.0,Nizamabad
51898,2005-2006,Telangana,36,Nizamabad,516.0,Net Irrigated Area,Well,Other Well,5012.0,Nizamabad
51899,2005-2006,Telangana,36,Nizamabad,516.0,Net Irrigated Area,Well,Tubewell,119698.0,Nizamabad
51900,2005-2006,Telangana,36,Ranga Reddy,518.0,Gross Irrigated Area,Canal,Government,1587.0,Ranga Reddy
51901,2005-2006,Telangana,36,Ranga Reddy,518.0,Gross Irrigated Area,Canal,Private,,Ranga Reddy
51902,2005-2006,Telangana,36,Ranga Reddy,518.0,Gross Irrigated Area,Other Source,Other Source,3054.0,Ranga Reddy
51903,2005-2006,Telangana,36,Ranga Reddy,518.0,Gross Irrigated Area,Tank,Tank,1821.0,Ranga Reddy
51904,2005-2006,Telangana,36,Ranga Reddy,518.0,Gross Irrigated Area,Well,Other Well,12743.0,Ranga Reddy
51905,2005-2006,Telangana,36,Ranga Reddy,518.0,Gross Irrigated Area,Well,Tubewell,64174.0,Ranga Reddy
51906,2005-2006,Telangana,36,Ranga Reddy,518.0,Net Irrigated Area,Canal,Government,911.0,Ranga Reddy
51907,2005-2006,Telangana,36,Ranga Reddy,518.0,Net Irrigated Area,Canal,Private,,Ranga Reddy
51908,2005-2006,Telangana,36,Ranga Reddy,518.0,Net Irrigated Area,Other Source,Other Source,1748.0,Ranga Reddy
51909,2005-2006,Telangana,36,Ranga Reddy,518.0,Net Irrigated Area,Tank,Tank,1225.0,Ranga Reddy
51910,2005-2006,Telangana,36,Ranga Reddy,518.0,Net Irrigated Area,Well,Other Well,9963.0,Ranga Reddy
51911,2005-2006,Telangana,36,Ranga Reddy,518.0,Net Irrigated Area,Well,Tubewell,47068.0,Ranga Reddy
51912,2005-2006,Telangana,36,Warangal,522.0,Gross Irrigated Area,Canal,Government,4191.0,Warangal
51913,2005-2006,Telangana,36,Warangal,522.0,Gross Irrigated Area,Canal,Private,,Warangal
51914,2005-2006,Telangana,36,Warangal,522.0,Gross Irrigated Area,Other Source,Other Source,5466.0,Warangal
51915,2005-2006,Telangana,36,Warangal,522.0,Gross Irrigated Area,Tank,Tank,91660.0,Warangal
51916,2005-2006,Telangana,36,Warangal,522.0,Gross Irrigated Area,Well,Other Well,205121.0,Warangal
51917,2005-2006,Telangana,36,Warangal,522.0,Gross Irrigated Area,Well,Tubewell,85032.0,Warangal
51918,2005-2006,Telangana,36,Warangal,522.0,Net Irrigated Area,Canal,Government,2999.0,Warangal
51919,2005-2006,Telangana,36,Warangal,522.0,Net Irrigated Area,Canal,Private,,Warangal
51920,2005-2006,Telangana,36,Warangal,522.0,Net Irrigated Area,Other Source,Other Source,5193.0,Warangal
51921,2005-2006,Telangana,36,Warangal,522.0,Net Irrigated Area,Tank,Tank,74470.0,Warangal
51922,2005-2006,Telangana,36,Warangal,522.0,Net Irrigated Area,Well,Other Well,174568.0,Warangal
51923,2005-2006,Telangana,36,Warangal,522.0,Net Irrigated Area,Well,Tubewell,67860.0,Warangal
58332,2006-2007,Telangana,36,Adilabad,501.0,Gross Irrigated Area,Canal,Government,16245.0,Adilabad
58333,2006-2007,Telangana,36,Adilabad,501.0,Gross Irrigated Area,Canal,Private,,Adilabad
58334,2006-2007,Telangana,36,Adilabad,501.0,Gross Irrigated Area,Other Source,Other Source,4749.0,Adilabad
58335,2006-2007,Telangana,36,Adilabad,501.0,Gross Irrigated Area,Tank,Tank,15834.0,Adilabad
58336,2006-2007,Telangana,36,Adilabad,501.0,Gross Irrigated Area,Well,Other Well,17264.0,Adilabad
58337,2006-2007,Telangana,36,Adilabad,501.0,Gross Irrigated Area,Well,Tubewell,58630.0,Adilabad
58338,2006-2007,Telangana,36,Adilabad,501.0,Net Irrigated Area,Canal,Government,15602.0,Adilabad
58339,2006-2007,Telangana,36,Adilabad,501.0,Net Irrigated Area,Canal,Private,,Adilabad
58340,2006-2007,Telangana,36,Adilabad,501.0,Net Irrigated Area,Other Source,Other Source,4346.0,Adilabad
58341,2006-2007,Telangana,36,Adilabad,501.0,Net Irrigated Area,Tank,Tank,14645.0,Adilabad
58342,2006-2007,Telangana,36,Adilabad,501.0,Net Irrigated Area,Well,Other Well,15608.0,Adilabad
58343,2006-2007,Telangana,36,Adilabad,501.0,Net Irrigated Area,Well,Tubewell,37854.0,Adilabad
58344,2006-2007,Telangana,36,Karimnagar,508.0,Gross Irrigated Area,Canal,Government,139519.0,Karimnagar
58345,2006-2007,Telangana,36,Karimnagar,508.0,Gross Irrigated Area,Canal,Private,,Karimnagar
58346,2006-2007,Telangana,36,Karimnagar,508.0,Gross Irrigated Area,Other Source,Other Source,1105.0,Karimnagar
58347,2006-2007,Telangana,36,Karimnagar,508.0,Gross Irrigated Area,Tank,Tank,67177.0,Karimnagar
58348,2006-2007,Telangana,36,Karimnagar,508.0,Gross Irrigated Area,Well,Other Well,285369.0,Karimnagar
58349,2006-2007,Telangana,36,Karimnagar,508.0,Gross Irrigated Area,Well,Tubewell,54241.0,Karimnagar
58350,2006-2007,Telangana,36,Karimnagar,508.0,Net Irrigated Area,Canal,Government,77584.0,Karimnagar
58351,2006-2007,Telangana,36,Karimnagar,508.0,Net Irrigated Area,Canal,Private,,Karimnagar
58352,2006-2007,Telangana,36,Karimnagar,508.0,Net Irrigated Area,Other Source,Other Source,815.0,Karimnagar
58353,2006-2007,Telangana,36,Karimnagar,508.0,Net Irrigated Area,Tank,Tank,42690.0,Karimnagar
58354,2006-2007,Telangana,36,Karimnagar,508.0,Net Irrigated Area,Well,Other Well,191302.0,Karimnagar
58355,2006-2007,Telangana,36,Karimnagar,508.0,Net Irrigated Area,Well,Tubewell,28590.0,Karimnagar
58356,2006-2007,Telangana,36,Khammam,509.0,Gross Irrigated Area,Canal,Government,63404.0,Khammam
58357,2006-2007,Telangana,36,Khammam,509.0,Gross Irrigated Area,Canal,Private,,Khammam
58358,2006-2007,Telangana,36,Khammam,509.0,Gross Irrigated Area,Other Source,Other Source,20653.0,Khammam
58359,2006-2007,Telangana,36,Khammam,509.0,Gross Irrigated Area,Tank,Tank,50844.0,Khammam
58360,2006-2007,Telangana,36,Khammam,509.0,Gross Irrigated Area,Well,Other Well,46948.0,Khammam
58361,2006-2007,Telangana,36,Khammam,509.0,Gross Irrigated Area,Well,Tubewell,44009.0,Khammam
58362,2006-2007,Telangana,36,Khammam,509.0,Net Irrigated Area,Canal,Government,51428.0,Khammam
58363,2006-2007,Telangana,36,Khammam,509.0,Net Irrigated Area,Canal,Private,,Khammam
58364,2006-2007,Telangana,36,Khammam,509.0,Net Irrigated Area,Other Source,Other Source,18501.0,Khammam
58365,2006-2007,Telangana,36,Khammam,509.0,Net Irrigated Area,Tank,Tank,47655.0,Khammam
58366,2006-2007,Telangana,36,Khammam,509.0,Net Irrigated Area,Well,Other Well,41346.0,Khammam
58367,2006-2007,Telangana,36,Khammam,509.0,Net Irrigated Area,Well,Tubewell,38060.0,Khammam
58368,2006-2007,Telangana,36,Mahabubnagar,512.0,Gross Irrigated Area,Canal,Government,22737.0,Mahabubnagar
58369,2006-2007,Telangana,36,Mahabubnagar,512.0,Gross Irrigated Area,Canal,Private,,Mahabubnagar
58370,2006-2007,Telangana,36,Mahabubnagar,512.0,Gross Irrigated Area,Other Source,Other Source,7636.0,Mahabubnagar
58371,2006-2007,Telangana,36,Mahabubnagar,512.0,Gross Irrigated Area,Tank,Tank,694.0,Mahabubnagar
58372,2006-2007,Telangana,36,Mahabubnagar,512.0,Gross Irrigated Area,Well,Other Well,11630.0,Mahabubnagar
58373,2006-2007,Telangana,36,Mahabubnagar,512.0,Gross Irrigated Area,Well,Tubewell,151988.0,Mahabubnagar
58374,2006-2007,Telangana,36,Mahabubnagar,512.0,Net Irrigated Area,Canal,Government,21482.0,Mahabubnagar
58375,2006-2007,Telangana,36,Mahabubnagar,512.0,Net Irrigated Area,Canal,Private,,Mahabubnagar
58376,2006-2007,Telangana,36,Mahabubnagar,512.0,Net Irrigated Area,Other Source,Other Source,6639.0,Mahabubnagar
58377,2006-2007,Telangana,36,Mahabubnagar,512.0,Net Irrigated Area,Tank,Tank,595.0,Mahabubnagar
58378,2006-2007,Telangana,36,Mahabubnagar,512.0,Net Irrigated Area,Well,Other Well,9605.0,Mahabubnagar
58379,2006-2007,Telangana,36,Mahabubnagar,512.0,Net Irrigated Area,Well,Tubewell,117989.0,Mahabubnagar
58380,2006-2007,Telangana,36,Medak,513.0,Gross Irrigated Area,Canal,Government,3591.0,Medak
58381,2006-2007,Telangana,36,Medak,513.0,Gross Irrigated Area,Canal,Private,,Medak
58382,2006-2007,Telangana,36,Medak,513.0,Gross Irrigated Area,Other Source,Other Source,1728.0,Medak
58383,2006-2007,Telangana,36,Medak,513.0,Gross Irrigated Area,Tank,Tank,16133.0,Medak
58384,2006-2007,Telangana,36,Medak,513.0,Gross Irrigated Area,Well,Other Well,15073.0,Medak
58385,2006-2007,Telangana,36,Medak,513.0,Gross Irrigated Area,Well,Tubewell,164109.0,Medak
58386,2006-2007,Telangana,36,Medak,513.0,Net Irrigated Area,Canal,Government,3484.0,Medak
58387,2006-2007,Telangana,36,Medak,513.0,Net Irrigated Area,Canal,Private,,Medak
58388,2006-2007,Telangana,36,Medak,513.0,Net Irrigated Area,Other Source,Other Source,1412.0,Medak
58389,2006-2007,Telangana,36,Medak,513.0,Net Irrigated Area,Tank,Tank,14117.0,Medak
58390,2006-2007,Telangana,36,Medak,513.0,Net Irrigated Area,Well,Other Well,10460.0,Medak
58391,2006-2007,Telangana,36,Medak,513.0,Net Irrigated Area,Well,Tubewell,109097.0,Medak
58392,2006-2007,Telangana,36,Nalgonda,514.0,Gross Irrigated Area,Canal,Government,120424.0,Nalgonda
58393,2006-2007,Telangana,36,Nalgonda,514.0,Gross Irrigated Area,Canal,Private,,Nalgonda
58394,2006-2007,Telangana,36,Nalgonda,514.0,Gross Irrigated Area,Other Source,Other Source,15935.0,Nalgonda
58395,2006-2007,Telangana,36,Nalgonda,514.0,Gross Irrigated Area,Tank,Tank,24662.0,Nalgonda
58396,2006-2007,Telangana,36,Nalgonda,514.0,Gross Irrigated Area,Well,Other Well,58159.0,Nalgonda
58397,2006-2007,Telangana,36,Nalgonda,514.0,Gross Irrigated Area,Well,Tubewell,129644.0,Nalgonda
58398,2006-2007,Telangana,36,Nalgonda,514.0,Net Irrigated Area,Canal,Government,76375.0,Nalgonda
58399,2006-2007,Telangana,36,Nalgonda,514.0,Net Irrigated Area,Canal,Private,,Nalgonda
58400,2006-2007,Telangana,36,Nalgonda,514.0,Net Irrigated Area,Other Source,Other Source,9683.0,Nalgonda
58401,2006-2007,Telangana,36,Nalgonda,514.0,Net Irrigated Area,Tank,Tank,14374.0,Nalgonda
58402,2006-2007,Telangana,36,Nalgonda,514.0,Net Irrigated Area,Well,Other Well,42694.0,Nalgonda
58403,2006-2007,Telangana,36,Nalgonda,514.0,Net Irrigated Area,Well,Tubewell,92501.0,Nalgonda
58404,2006-2007,Telangana,36,Nizamabad,516.0,Gross Irrigated Area,Canal,Government,50756.0,Nizamabad
58405,2006-2007,Telangana,36,Nizamabad,516.0,Gross Irrigated Area,Canal,Private,,Nizamabad
58406,2006-2007,Telangana,36,Nizamabad,516.0,Gross Irrigated Area,Other Source,Other Source,7225.0,Nizamabad
58407,2006-2007,Telangana,36,Nizamabad,516.0,Gross Irrigated Area,Tank,Tank,21286.0,Nizamabad
58408,2006-2007,Telangana,36,Nizamabad,516.0,Gross Irrigated Area,Well,Other Well,7560.0,Nizamabad
58409,2006-2007,Telangana,36,Nizamabad,516.0,Gross Irrigated Area,Well,Tubewell,215301.0,Nizamabad
58410,2006-2007,Telangana,36,Nizamabad,516.0,Net Irrigated Area,Canal,Government,31225.0,Nizamabad
58411,2006-2007,Telangana,36,Nizamabad,516.0,Net Irrigated Area,Canal,Private,,Nizamabad
58412,2006-2007,Telangana,36,Nizamabad,516.0,Net Irrigated Area,Other Source,Other Source,4746.0,Nizamabad
58413,2006-2007,Telangana,36,Nizamabad,516.0,Net Irrigated Area,Tank,Tank,16665.0,Nizamabad
58414,2006-2007,Telangana,36,Nizamabad,516.0,Net Irrigated Area,Well,Other Well,4085.0,Nizamabad
58415,2006-2007,Telangana,36,Nizamabad,516.0,Net Irrigated Area,Well,Tubewell,117576.0,Nizamabad
58416,2006-2007,Telangana,36,Ranga Reddy,518.0,Gross Irrigated Area,Canal,Government,26.0,Ranga Reddy
58417,2006-2007,Telangana,36,Ranga Reddy,518.0,Gross Irrigated Area,Canal,Private,,Ranga Reddy
58418,2006-2007,Telangana,36,Ranga Reddy,518.0,Gross Irrigated Area,Other Source,Other Source,2435.0,Ranga Reddy
58419,2006-2007,Telangana,36,Ranga Reddy,518.0,Gross Irrigated Area,Tank,Tank,1525.0,Ranga Reddy
58420,2006-2007,Telangana,36,Ranga Reddy,518.0,Gross Irrigated Area,Well,Other Well,11915.0,Ranga Reddy
58421,2006-2007,Telangana,36,Ranga Reddy,518.0,Gross Irrigated Area,Well,Tubewell,53927.0,Ranga Reddy
58422,2006-2007,Telangana,36,Ranga Reddy,518.0,Net Irrigated Area,Canal,Government,26.0,Ranga Reddy
58423,2006-2007,Telangana,36,Ranga Reddy,518.0,Net Irrigated Area,Canal,Private,,Ranga Reddy
58424,2006-2007,Telangana,36,Ranga Reddy,518.0,Net Irrigated Area,Other Source,Other Source,1620.0,Ranga Reddy
58425,2006-2007,Telangana,36,Ranga Reddy,518.0,Net Irrigated Area,Tank,Tank,1160.0,Ranga Reddy
58426,2006-2007,Telangana,36,Ranga Reddy,518.0,Net Irrigated Area,Well,Other Well,9434.0,Ranga Reddy
58427,2006-2007,Telangana,36,Ranga Reddy,518.0,Net Irrigated Area,Well,Tubewell,41082.0,Ranga Reddy
58428,2006-2007,Telangana,36,Warangal,522.0,Gross Irrigated Area,Canal,Government,3707.0,Warangal
58429,2006-2007,Telangana,36,Warangal,522.0,Gross Irrigated Area,Canal,Private,,Warangal
58430,2006-2007,Telangana,36,Warangal,522.0,Gross Irrigated Area,Other Source,Other Source,3425.0,Warangal
58431,2006-2007,Telangana,36,Warangal,522.0,Gross Irrigated Area,Tank,Tank,94313.0,Warangal
58432,2006-2007,Telangana,36,Warangal,522.0,Gross Irrigated Area,Well,Other Well,212791.0,Warangal
58433,2006-2007,Telangana,36,Warangal,522.0,Gross Irrigated Area,Well,Tubewell,97242.0,Warangal
58434,2006-2007,Telangana,36,Warangal,522.0,Net Irrigated Area,Canal,Government,2287.0,Warangal
58435,2006-2007,Telangana,36,Warangal,522.0,Net Irrigated Area,Canal,Private,,Warangal
58436,2006-2007,Telangana,36,Warangal,522.0,Net Irrigated Area,Other Source,Other Source,3099.0,Warangal
58437,2006-2007,Telangana,36,Warangal,522.0,Net Irrigated Area,Tank,Tank,77134.0,Warangal
58438,2006-2007,Telangana,36,Warangal,522.0,Net Irrigated Area,Well,Other Well,168896.0,Warangal
58439,2006-2007,Telangana,36,Warangal,522.0,Net Irrigated Area,Well,Tubewell,72473.0,Warangal
65091,2007-2008,Telangana,36,Nalgonda,514.0,Gross Irrigated Area,Tank,Tank,25431.0,Nalgonda
65028,2007-2008,Telangana,36,Adilabad,501.0,Gross Irrigated Area,Canal,Government,6152.0,Adilabad
65029,2007-2008,Telangana,36,Adilabad,501.0,Gross Irrigated Area,Canal,Private,,Adilabad
65030,2007-2008,Telangana,36,Adilabad,501.0,Gross Irrigated Area,Other Source,Other Source,1078.0,Adilabad
65031,2007-2008,Telangana,36,Adilabad,501.0,Gross Irrigated Area,Tank,Tank,10019.0,Adilabad
65032,2007-2008,Telangana,36,Adilabad,501.0,Gross Irrigated Area,Well,Other Well,,Adilabad
65033,2007-2008,Telangana,36,Adilabad,501.0,Gross Irrigated Area,Well,Tubewell,63982.0,Adilabad
65034,2007-2008,Telangana,36,Adilabad,501.0,Net Irrigated Area,Canal,Government,4720.0,Adilabad
65035,2007-2008,Telangana,36,Adilabad,501.0,Net Irrigated Area,Canal,Private,,Adilabad
65036,2007-2008,Telangana,36,Adilabad,501.0,Net Irrigated Area,Other Source,Other Source,1078.0,Adilabad
65037,2007-2008,Telangana,36,Adilabad,501.0,Net Irrigated Area,Tank,Tank,8891.0,Adilabad
65038,2007-2008,Telangana,36,Adilabad,501.0,Net Irrigated Area,Well,Other Well,,Adilabad
65039,2007-2008,Telangana,36,Adilabad,501.0,Net Irrigated Area,Well,Tubewell,49655.0,Adilabad
65040,2007-2008,Telangana,36,Karimnagar,508.0,Gross Irrigated Area,Canal,Government,55425.0,Karimnagar
65041,2007-2008,Telangana,36,Karimnagar,508.0,Gross Irrigated Area,Canal,Private,,Karimnagar
65042,2007-2008,Telangana,36,Karimnagar,508.0,Gross Irrigated Area,Other Source,Other Source,519.0,Karimnagar
65043,2007-2008,Telangana,36,Karimnagar,508.0,Gross Irrigated Area,Tank,Tank,40825.0,Karimnagar
65044,2007-2008,Telangana,36,Karimnagar,508.0,Gross Irrigated Area,Well,Other Well,,Karimnagar
65045,2007-2008,Telangana,36,Karimnagar,508.0,Gross Irrigated Area,Well,Tubewell,417228.0,Karimnagar
65046,2007-2008,Telangana,36,Karimnagar,508.0,Net Irrigated Area,Canal,Government,15720.0,Karimnagar
65047,2007-2008,Telangana,36,Karimnagar,508.0,Net Irrigated Area,Canal,Private,,Karimnagar
65048,2007-2008,Telangana,36,Karimnagar,508.0,Net Irrigated Area,Other Source,Other Source,322.0,Karimnagar
65049,2007-2008,Telangana,36,Karimnagar,508.0,Net Irrigated Area,Tank,Tank,24152.0,Karimnagar
65050,2007-2008,Telangana,36,Karimnagar,508.0,Net Irrigated Area,Well,Other Well,,Karimnagar
65051,2007-2008,Telangana,36,Karimnagar,508.0,Net Irrigated Area,Well,Tubewell,299979.0,Karimnagar
65052,2007-2008,Telangana,36,Khammam,509.0,Gross Irrigated Area,Canal,Government,88920.0,Khammam
65053,2007-2008,Telangana,36,Khammam,509.0,Gross Irrigated Area,Canal,Private,,Khammam
65054,2007-2008,Telangana,36,Khammam,509.0,Gross Irrigated Area,Other Source,Other Source,21848.0,Khammam
65055,2007-2008,Telangana,36,Khammam,509.0,Gross Irrigated Area,Tank,Tank,45172.0,Khammam
65056,2007-2008,Telangana,36,Khammam,509.0,Gross Irrigated Area,Well,Other Well,,Khammam
65057,2007-2008,Telangana,36,Khammam,509.0,Gross Irrigated Area,Well,Tubewell,88066.0,Khammam
65058,2007-2008,Telangana,36,Khammam,509.0,Net Irrigated Area,Canal,Government,69820.0,Khammam
65059,2007-2008,Telangana,36,Khammam,509.0,Net Irrigated Area,Canal,Private,,Khammam
65060,2007-2008,Telangana,36,Khammam,509.0,Net Irrigated Area,Other Source,Other Source,19213.0,Khammam
65061,2007-2008,Telangana,36,Khammam,509.0,Net Irrigated Area,Tank,Tank,42199.0,Khammam
65062,2007-2008,Telangana,36,Khammam,509.0,Net Irrigated Area,Well,Other Well,,Khammam
65063,2007-2008,Telangana,36,Khammam,509.0,Net Irrigated Area,Well,Tubewell,72162.0,Khammam
65064,2007-2008,Telangana,36,Mahabubnagar,512.0,Gross Irrigated Area,Canal,Government,39068.0,Mahabubnagar
65065,2007-2008,Telangana,36,Mahabubnagar,512.0,Gross Irrigated Area,Canal,Private,,Mahabubnagar
65066,2007-2008,Telangana,36,Mahabubnagar,512.0,Gross Irrigated Area,Other Source,Other Source,9304.0,Mahabubnagar
65067,2007-2008,Telangana,36,Mahabubnagar,512.0,Gross Irrigated Area,Tank,Tank,8449.0,Mahabubnagar
65068,2007-2008,Telangana,36,Mahabubnagar,512.0,Gross Irrigated Area,Well,Other Well,,Mahabubnagar
65069,2007-2008,Telangana,36,Mahabubnagar,512.0,Gross Irrigated Area,Well,Tubewell,208149.0,Mahabubnagar
65070,2007-2008,Telangana,36,Mahabubnagar,512.0,Net Irrigated Area,Canal,Government,34934.0,Mahabubnagar
65071,2007-2008,Telangana,36,Mahabubnagar,512.0,Net Irrigated Area,Canal,Private,,Mahabubnagar
65072,2007-2008,Telangana,36,Mahabubnagar,512.0,Net Irrigated Area,Other Source,Other Source,8188.0,Mahabubnagar
65073,2007-2008,Telangana,36,Mahabubnagar,512.0,Net Irrigated Area,Tank,Tank,7984.0,Mahabubnagar
65074,2007-2008,Telangana,36,Mahabubnagar,512.0,Net Irrigated Area,Well,Other Well,,Mahabubnagar
65075,2007-2008,Telangana,36,Mahabubnagar,512.0,Net Irrigated Area,Well,Tubewell,161422.0,Mahabubnagar
65076,2007-2008,Telangana,36,Medak,513.0,Gross Irrigated Area,Canal,Government,1857.0,Medak
65077,2007-2008,Telangana,36,Medak,513.0,Gross Irrigated Area,Canal,Private,,Medak
65078,2007-2008,Telangana,36,Medak,513.0,Gross Irrigated Area,Other Source,Other Source,1487.0,Medak
65079,2007-2008,Telangana,36,Medak,513.0,Gross Irrigated Area,Tank,Tank,3749.0,Medak
65080,2007-2008,Telangana,36,Medak,513.0,Gross Irrigated Area,Well,Other Well,,Medak
65081,2007-2008,Telangana,36,Medak,513.0,Gross Irrigated Area,Well,Tubewell,195580.0,Medak
65082,2007-2008,Telangana,36,Medak,513.0,Net Irrigated Area,Canal,Government,1857.0,Medak
65083,2007-2008,Telangana,36,Medak,513.0,Net Irrigated Area,Canal,Private,,Medak
65084,2007-2008,Telangana,36,Medak,513.0,Net Irrigated Area,Other Source,Other Source,1345.0,Medak
65085,2007-2008,Telangana,36,Medak,513.0,Net Irrigated Area,Tank,Tank,3299.0,Medak
65086,2007-2008,Telangana,36,Medak,513.0,Net Irrigated Area,Well,Other Well,,Medak
65087,2007-2008,Telangana,36,Medak,513.0,Net Irrigated Area,Well,Tubewell,147612.0,Medak
65088,2007-2008,Telangana,36,Nalgonda,514.0,Gross Irrigated Area,Canal,Government,130326.0,Nalgonda
65089,2007-2008,Telangana,36,Nalgonda,514.0,Gross Irrigated Area,Canal,Private,,Nalgonda
65090,2007-2008,Telangana,36,Nalgonda,514.0,Gross Irrigated Area,Other Source,Other Source,16558.0,Nalgonda
65092,2007-2008,Telangana,36,Nalgonda,514.0,Gross Irrigated Area,Well,Other Well,,Nalgonda
65093,2007-2008,Telangana,36,Nalgonda,514.0,Gross Irrigated Area,Well,Tubewell,214743.0,Nalgonda
65094,2007-2008,Telangana,36,Nalgonda,514.0,Net Irrigated Area,Canal,Government,76851.0,Nalgonda
65095,2007-2008,Telangana,36,Nalgonda,514.0,Net Irrigated Area,Canal,Private,,Nalgonda
65096,2007-2008,Telangana,36,Nalgonda,514.0,Net Irrigated Area,Other Source,Other Source,10703.0,Nalgonda
65097,2007-2008,Telangana,36,Nalgonda,514.0,Net Irrigated Area,Tank,Tank,14985.0,Nalgonda
65098,2007-2008,Telangana,36,Nalgonda,514.0,Net Irrigated Area,Well,Other Well,,Nalgonda
65099,2007-2008,Telangana,36,Nalgonda,514.0,Net Irrigated Area,Well,Tubewell,149328.0,Nalgonda
65100,2007-2008,Telangana,36,Nizamabad,516.0,Gross Irrigated Area,Canal,Government,17258.0,Nizamabad
65101,2007-2008,Telangana,36,Nizamabad,516.0,Gross Irrigated Area,Canal,Private,,Nizamabad
65102,2007-2008,Telangana,36,Nizamabad,516.0,Gross Irrigated Area,Other Source,Other Source,7959.0,Nizamabad
65103,2007-2008,Telangana,36,Nizamabad,516.0,Gross Irrigated Area,Tank,Tank,7213.0,Nizamabad
65104,2007-2008,Telangana,36,Nizamabad,516.0,Gross Irrigated Area,Well,Other Well,,Nizamabad
65105,2007-2008,Telangana,36,Nizamabad,516.0,Gross Irrigated Area,Well,Tubewell,252889.0,Nizamabad
65106,2007-2008,Telangana,36,Nizamabad,516.0,Net Irrigated Area,Canal,Government,15532.0,Nizamabad
65107,2007-2008,Telangana,36,Nizamabad,516.0,Net Irrigated Area,Canal,Private,,Nizamabad
65108,2007-2008,Telangana,36,Nizamabad,516.0,Net Irrigated Area,Other Source,Other Source,5503.0,Nizamabad
65109,2007-2008,Telangana,36,Nizamabad,516.0,Net Irrigated Area,Tank,Tank,6163.0,Nizamabad
65110,2007-2008,Telangana,36,Nizamabad,516.0,Net Irrigated Area,Well,Other Well,,Nizamabad
65111,2007-2008,Telangana,36,Nizamabad,516.0,Net Irrigated Area,Well,Tubewell,142788.0,Nizamabad
65112,2007-2008,Telangana,36,Ranga Reddy,518.0,Gross Irrigated Area,Canal,Government,669.0,Ranga Reddy
65113,2007-2008,Telangana,36,Ranga Reddy,518.0,Gross Irrigated Area,Canal,Private,,Ranga Reddy
65114,2007-2008,Telangana,36,Ranga Reddy,518.0,Gross Irrigated Area,Other Source,Other Source,2371.0,Ranga Reddy
65115,2007-2008,Telangana,36,Ranga Reddy,518.0,Gross Irrigated Area,Tank,Tank,2218.0,Ranga Reddy
65116,2007-2008,Telangana,36,Ranga Reddy,518.0,Gross Irrigated Area,Well,Other Well,,Ranga Reddy
65117,2007-2008,Telangana,36,Ranga Reddy,518.0,Gross Irrigated Area,Well,Tubewell,67561.0,Ranga Reddy
65118,2007-2008,Telangana,36,Ranga Reddy,518.0,Net Irrigated Area,Canal,Government,640.0,Ranga Reddy
65119,2007-2008,Telangana,36,Ranga Reddy,518.0,Net Irrigated Area,Canal,Private,,Ranga Reddy
65120,2007-2008,Telangana,36,Ranga Reddy,518.0,Net Irrigated Area,Other Source,Other Source,1662.0,Ranga Reddy
65121,2007-2008,Telangana,36,Ranga Reddy,518.0,Net Irrigated Area,Tank,Tank,1707.0,Ranga Reddy
65122,2007-2008,Telangana,36,Ranga Reddy,518.0,Net Irrigated Area,Well,Other Well,,Ranga Reddy
65123,2007-2008,Telangana,36,Ranga Reddy,518.0,Net Irrigated Area,Well,Tubewell,50164.0,Ranga Reddy
65124,2007-2008,Telangana,36,Warangal,522.0,Gross Irrigated Area,Canal,Government,2860.0,Warangal
65125,2007-2008,Telangana,36,Warangal,522.0,Gross Irrigated Area,Canal,Private,,Warangal
65126,2007-2008,Telangana,36,Warangal,522.0,Gross Irrigated Area,Other Source,Other Source,3881.0,Warangal
65127,2007-2008,Telangana,36,Warangal,522.0,Gross Irrigated Area,Tank,Tank,71501.0,Warangal
65128,2007-2008,Telangana,36,Warangal,522.0,Gross Irrigated Area,Well,Other Well,,Warangal
65129,2007-2008,Telangana,36,Warangal,522.0,Gross Irrigated Area,Well,Tubewell,315108.0,Warangal
65130,2007-2008,Telangana,36,Warangal,522.0,Net Irrigated Area,Canal,Government,1949.0,Warangal
65131,2007-2008,Telangana,36,Warangal,522.0,Net Irrigated Area,Canal,Private,,Warangal
65132,2007-2008,Telangana,36,Warangal,522.0,Net Irrigated Area,Other Source,Other Source,3200.0,Warangal
65133,2007-2008,Telangana,36,Warangal,522.0,Net Irrigated Area,Tank,Tank,52207.0,Warangal
65134,2007-2008,Telangana,36,Warangal,522.0,Net Irrigated Area,Well,Other Well,,Warangal
65135,2007-2008,Telangana,36,Warangal,522.0,Net Irrigated Area,Well,Tubewell,241133.0,Warangal
71892,2008-2009,Telangana,36,Adilabad,501.0,Gross Irrigated Area,Canal,Government,8425.0,Adilabad
71893,2008-2009,Telangana,36,Adilabad,501.0,Gross Irrigated Area,Canal,Private,,Adilabad
71894,2008-2009,Telangana,36,Adilabad,501.0,Gross Irrigated Area,Other Source,Other Source,197.0,Adilabad
71895,2008-2009,Telangana,36,Adilabad,501.0,Gross Irrigated Area,Tank,Tank,38622.0,Adilabad
71896,2008-2009,Telangana,36,Adilabad,501.0,Gross Irrigated Area,Well,Other Well,63689.0,Adilabad
71897,2008-2009,Telangana,36,Adilabad,501.0,Gross Irrigated Area,Well,Tubewell,8010.0,Adilabad
71898,2008-2009,Telangana,36,Adilabad,501.0,Net Irrigated Area,Canal,Government,8425.0,Adilabad
71899,2008-2009,Telangana,36,Adilabad,501.0,Net Irrigated Area,Canal,Private,,Adilabad
71900,2008-2009,Telangana,36,Adilabad,501.0,Net Irrigated Area,Other Source,Other Source,197.0,Adilabad
71901,2008-2009,Telangana,36,Adilabad,501.0,Net Irrigated Area,Tank,Tank,38622.0,Adilabad
71902,2008-2009,Telangana,36,Adilabad,501.0,Net Irrigated Area,Well,Other Well,24594.0,Adilabad
71903,2008-2009,Telangana,36,Adilabad,501.0,Net Irrigated Area,Well,Tubewell,8010.0,Adilabad
71904,2008-2009,Telangana,36,Karimnagar,508.0,Gross Irrigated Area,Canal,Government,58952.0,Karimnagar
71905,2008-2009,Telangana,36,Karimnagar,508.0,Gross Irrigated Area,Canal,Private,,Karimnagar
71906,2008-2009,Telangana,36,Karimnagar,508.0,Gross Irrigated Area,Other Source,Other Source,2223.0,Karimnagar
71907,2008-2009,Telangana,36,Karimnagar,508.0,Gross Irrigated Area,Tank,Tank,41308.0,Karimnagar
71908,2008-2009,Telangana,36,Karimnagar,508.0,Gross Irrigated Area,Well,Other Well,411034.0,Karimnagar
71909,2008-2009,Telangana,36,Karimnagar,508.0,Gross Irrigated Area,Well,Tubewell,59738.0,Karimnagar
71910,2008-2009,Telangana,36,Karimnagar,508.0,Net Irrigated Area,Canal,Government,58952.0,Karimnagar
71911,2008-2009,Telangana,36,Karimnagar,508.0,Net Irrigated Area,Canal,Private,,Karimnagar
71912,2008-2009,Telangana,36,Karimnagar,508.0,Net Irrigated Area,Other Source,Other Source,1999.0,Karimnagar
71913,2008-2009,Telangana,36,Karimnagar,508.0,Net Irrigated Area,Tank,Tank,27952.0,Karimnagar
71914,2008-2009,Telangana,36,Karimnagar,508.0,Net Irrigated Area,Well,Other Well,266680.0,Karimnagar
71915,2008-2009,Telangana,36,Karimnagar,508.0,Net Irrigated Area,Well,Tubewell,38444.0,Karimnagar
71916,2008-2009,Telangana,36,Khammam,509.0,Gross Irrigated Area,Canal,Government,77669.0,Khammam
71917,2008-2009,Telangana,36,Khammam,509.0,Gross Irrigated Area,Canal,Private,,Khammam
71918,2008-2009,Telangana,36,Khammam,509.0,Gross Irrigated Area,Other Source,Other Source,25186.0,Khammam
71919,2008-2009,Telangana,36,Khammam,509.0,Gross Irrigated Area,Tank,Tank,51967.0,Khammam
71920,2008-2009,Telangana,36,Khammam,509.0,Gross Irrigated Area,Well,Other Well,51221.0,Khammam
71921,2008-2009,Telangana,36,Khammam,509.0,Gross Irrigated Area,Well,Tubewell,49259.0,Khammam
71922,2008-2009,Telangana,36,Khammam,509.0,Net Irrigated Area,Canal,Government,63772.0,Khammam
71923,2008-2009,Telangana,36,Khammam,509.0,Net Irrigated Area,Canal,Private,,Khammam
71924,2008-2009,Telangana,36,Khammam,509.0,Net Irrigated Area,Other Source,Other Source,22241.0,Khammam
71925,2008-2009,Telangana,36,Khammam,509.0,Net Irrigated Area,Tank,Tank,49102.0,Khammam
71926,2008-2009,Telangana,36,Khammam,509.0,Net Irrigated Area,Well,Other Well,44857.0,Khammam
71927,2008-2009,Telangana,36,Khammam,509.0,Net Irrigated Area,Well,Tubewell,38419.0,Khammam
71928,2008-2009,Telangana,36,Mahabubnagar,512.0,Gross Irrigated Area,Canal,Government,34094.0,Mahabubnagar
71929,2008-2009,Telangana,36,Mahabubnagar,512.0,Gross Irrigated Area,Canal,Private,,Mahabubnagar
71930,2008-2009,Telangana,36,Mahabubnagar,512.0,Gross Irrigated Area,Other Source,Other Source,10219.0,Mahabubnagar
71931,2008-2009,Telangana,36,Mahabubnagar,512.0,Gross Irrigated Area,Tank,Tank,3516.0,Mahabubnagar
71932,2008-2009,Telangana,36,Mahabubnagar,512.0,Gross Irrigated Area,Well,Other Well,14766.0,Mahabubnagar
71933,2008-2009,Telangana,36,Mahabubnagar,512.0,Gross Irrigated Area,Well,Tubewell,209121.0,Mahabubnagar
71934,2008-2009,Telangana,36,Mahabubnagar,512.0,Net Irrigated Area,Canal,Government,28964.0,Mahabubnagar
71935,2008-2009,Telangana,36,Mahabubnagar,512.0,Net Irrigated Area,Canal,Private,,Mahabubnagar
71936,2008-2009,Telangana,36,Mahabubnagar,512.0,Net Irrigated Area,Other Source,Other Source,7571.0,Mahabubnagar
71937,2008-2009,Telangana,36,Mahabubnagar,512.0,Net Irrigated Area,Tank,Tank,3350.0,Mahabubnagar
71938,2008-2009,Telangana,36,Mahabubnagar,512.0,Net Irrigated Area,Well,Other Well,12645.0,Mahabubnagar
71939,2008-2009,Telangana,36,Mahabubnagar,512.0,Net Irrigated Area,Well,Tubewell,159468.0,Mahabubnagar
71940,2008-2009,Telangana,36,Medak,513.0,Gross Irrigated Area,Canal,Government,2199.0,Medak
71941,2008-2009,Telangana,36,Medak,513.0,Gross Irrigated Area,Canal,Private,,Medak
71942,2008-2009,Telangana,36,Medak,513.0,Gross Irrigated Area,Other Source,Other Source,4288.0,Medak
71943,2008-2009,Telangana,36,Medak,513.0,Gross Irrigated Area,Tank,Tank,16483.0,Medak
71944,2008-2009,Telangana,36,Medak,513.0,Gross Irrigated Area,Well,Other Well,22664.0,Medak
71945,2008-2009,Telangana,36,Medak,513.0,Gross Irrigated Area,Well,Tubewell,171823.0,Medak
71946,2008-2009,Telangana,36,Medak,513.0,Net Irrigated Area,Canal,Government,2084.0,Medak
71947,2008-2009,Telangana,36,Medak,513.0,Net Irrigated Area,Canal,Private,,Medak
71948,2008-2009,Telangana,36,Medak,513.0,Net Irrigated Area,Other Source,Other Source,3839.0,Medak
71949,2008-2009,Telangana,36,Medak,513.0,Net Irrigated Area,Tank,Tank,14242.0,Medak
71950,2008-2009,Telangana,36,Medak,513.0,Net Irrigated Area,Well,Other Well,13423.0,Medak
71951,2008-2009,Telangana,36,Medak,513.0,Net Irrigated Area,Well,Tubewell,110146.0,Medak
71952,2008-2009,Telangana,36,Nalgonda,514.0,Gross Irrigated Area,Canal,Government,137299.0,Nalgonda
71953,2008-2009,Telangana,36,Nalgonda,514.0,Gross Irrigated Area,Canal,Private,,Nalgonda
71954,2008-2009,Telangana,36,Nalgonda,514.0,Gross Irrigated Area,Other Source,Other Source,19053.0,Nalgonda
71955,2008-2009,Telangana,36,Nalgonda,514.0,Gross Irrigated Area,Tank,Tank,27261.0,Nalgonda
71956,2008-2009,Telangana,36,Nalgonda,514.0,Gross Irrigated Area,Well,Other Well,52785.0,Nalgonda
71957,2008-2009,Telangana,36,Nalgonda,514.0,Gross Irrigated Area,Well,Tubewell,199132.0,Nalgonda
71958,2008-2009,Telangana,36,Nalgonda,514.0,Net Irrigated Area,Canal,Government,76748.0,Nalgonda
71959,2008-2009,Telangana,36,Nalgonda,514.0,Net Irrigated Area,Canal,Private,,Nalgonda
71960,2008-2009,Telangana,36,Nalgonda,514.0,Net Irrigated Area,Other Source,Other Source,11521.0,Nalgonda
71961,2008-2009,Telangana,36,Nalgonda,514.0,Net Irrigated Area,Tank,Tank,17604.0,Nalgonda
71962,2008-2009,Telangana,36,Nalgonda,514.0,Net Irrigated Area,Well,Other Well,38814.0,Nalgonda
71963,2008-2009,Telangana,36,Nalgonda,514.0,Net Irrigated Area,Well,Tubewell,131753.0,Nalgonda
71964,2008-2009,Telangana,36,Nizamabad,516.0,Gross Irrigated Area,Canal,Government,50355.0,Nizamabad
71965,2008-2009,Telangana,36,Nizamabad,516.0,Gross Irrigated Area,Canal,Private,,Nizamabad
71966,2008-2009,Telangana,36,Nizamabad,516.0,Gross Irrigated Area,Other Source,Other Source,9519.0,Nizamabad
71967,2008-2009,Telangana,36,Nizamabad,516.0,Gross Irrigated Area,Tank,Tank,14780.0,Nizamabad
71968,2008-2009,Telangana,36,Nizamabad,516.0,Gross Irrigated Area,Well,Other Well,8981.0,Nizamabad
71969,2008-2009,Telangana,36,Nizamabad,516.0,Gross Irrigated Area,Well,Tubewell,246486.0,Nizamabad
71970,2008-2009,Telangana,36,Nizamabad,516.0,Net Irrigated Area,Canal,Government,30634.0,Nizamabad
71971,2008-2009,Telangana,36,Nizamabad,516.0,Net Irrigated Area,Canal,Private,,Nizamabad
71972,2008-2009,Telangana,36,Nizamabad,516.0,Net Irrigated Area,Other Source,Other Source,5312.0,Nizamabad
71973,2008-2009,Telangana,36,Nizamabad,516.0,Net Irrigated Area,Tank,Tank,12739.0,Nizamabad
71974,2008-2009,Telangana,36,Nizamabad,516.0,Net Irrigated Area,Well,Other Well,5006.0,Nizamabad
71975,2008-2009,Telangana,36,Nizamabad,516.0,Net Irrigated Area,Well,Tubewell,135754.0,Nizamabad
71976,2008-2009,Telangana,36,Ranga Reddy,518.0,Gross Irrigated Area,Canal,Government,646.0,Ranga Reddy
71977,2008-2009,Telangana,36,Ranga Reddy,518.0,Gross Irrigated Area,Canal,Private,,Ranga Reddy
71978,2008-2009,Telangana,36,Ranga Reddy,518.0,Gross Irrigated Area,Other Source,Other Source,2700.0,Ranga Reddy
71979,2008-2009,Telangana,36,Ranga Reddy,518.0,Gross Irrigated Area,Tank,Tank,2241.0,Ranga Reddy
71980,2008-2009,Telangana,36,Ranga Reddy,518.0,Gross Irrigated Area,Well,Other Well,8522.0,Ranga Reddy
71981,2008-2009,Telangana,36,Ranga Reddy,518.0,Gross Irrigated Area,Well,Tubewell,59624.0,Ranga Reddy
71982,2008-2009,Telangana,36,Ranga Reddy,518.0,Net Irrigated Area,Canal,Government,646.0,Ranga Reddy
71983,2008-2009,Telangana,36,Ranga Reddy,518.0,Net Irrigated Area,Canal,Private,,Ranga Reddy
71984,2008-2009,Telangana,36,Ranga Reddy,518.0,Net Irrigated Area,Other Source,Other Source,1908.0,Ranga Reddy
71985,2008-2009,Telangana,36,Ranga Reddy,518.0,Net Irrigated Area,Tank,Tank,1737.0,Ranga Reddy
71986,2008-2009,Telangana,36,Ranga Reddy,518.0,Net Irrigated Area,Well,Other Well,7548.0,Ranga Reddy
71987,2008-2009,Telangana,36,Ranga Reddy,518.0,Net Irrigated Area,Well,Tubewell,44479.0,Ranga Reddy
71988,2008-2009,Telangana,36,Warangal,522.0,Gross Irrigated Area,Canal,Government,4828.0,Warangal
71989,2008-2009,Telangana,36,Warangal,522.0,Gross Irrigated Area,Canal,Private,,Warangal
71990,2008-2009,Telangana,36,Warangal,522.0,Gross Irrigated Area,Other Source,Other Source,6469.0,Warangal
71991,2008-2009,Telangana,36,Warangal,522.0,Gross Irrigated Area,Tank,Tank,89586.0,Warangal
71992,2008-2009,Telangana,36,Warangal,522.0,Gross Irrigated Area,Well,Other Well,235905.0,Warangal
71993,2008-2009,Telangana,36,Warangal,522.0,Gross Irrigated Area,Well,Tubewell,108157.0,Warangal
71994,2008-2009,Telangana,36,Warangal,522.0,Net Irrigated Area,Canal,Government,3354.0,Warangal
71995,2008-2009,Telangana,36,Warangal,522.0,Net Irrigated Area,Canal,Private,,Warangal
71996,2008-2009,Telangana,36,Warangal,522.0,Net Irrigated Area,Other Source,Other Source,5930.0,Warangal
71997,2008-2009,Telangana,36,Warangal,522.0,Net Irrigated Area,Tank,Tank,72671.0,Warangal
71998,2008-2009,Telangana,36,Warangal,522.0,Net Irrigated Area,Well,Other Well,166270.0,Warangal
71999,2008-2009,Telangana,36,Warangal,522.0,Net Irrigated Area,Well,Tubewell,63964.0,Warangal
78843,2009-2010,Telangana,36,Medak,513.0,Gross Irrigated Area,Tank,Tank,1507.0,Medak
78792,2009-2010,Telangana,36,Adilabad,501.0,Gross Irrigated Area,Canal,Government,5405.0,Adilabad
78793,2009-2010,Telangana,36,Adilabad,501.0,Gross Irrigated Area,Canal,Private,,Adilabad
78794,2009-2010,Telangana,36,Adilabad,501.0,Gross Irrigated Area,Other Source,Other Source,880.0,Adilabad
78795,2009-2010,Telangana,36,Adilabad,501.0,Gross Irrigated Area,Tank,Tank,4574.0,Adilabad
78796,2009-2010,Telangana,36,Adilabad,501.0,Gross Irrigated Area,Well,Other Well,25421.0,Adilabad
78797,2009-2010,Telangana,36,Adilabad,501.0,Gross Irrigated Area,Well,Tubewell,44509.0,Adilabad
78798,2009-2010,Telangana,36,Adilabad,501.0,Net Irrigated Area,Canal,Government,5405.0,Adilabad
78799,2009-2010,Telangana,36,Adilabad,501.0,Net Irrigated Area,Canal,Private,,Adilabad
78800,2009-2010,Telangana,36,Adilabad,501.0,Net Irrigated Area,Other Source,Other Source,880.0,Adilabad
78801,2009-2010,Telangana,36,Adilabad,501.0,Net Irrigated Area,Tank,Tank,4574.0,Adilabad
78802,2009-2010,Telangana,36,Adilabad,501.0,Net Irrigated Area,Well,Other Well,23478.0,Adilabad
78803,2009-2010,Telangana,36,Adilabad,501.0,Net Irrigated Area,Well,Tubewell,29318.0,Adilabad
78804,2009-2010,Telangana,36,Karimnagar,508.0,Gross Irrigated Area,Canal,Government,324.0,Karimnagar
78805,2009-2010,Telangana,36,Karimnagar,508.0,Gross Irrigated Area,Canal,Private,,Karimnagar
78806,2009-2010,Telangana,36,Karimnagar,508.0,Gross Irrigated Area,Other Source,Other Source,353.0,Karimnagar
78807,2009-2010,Telangana,36,Karimnagar,508.0,Gross Irrigated Area,Tank,Tank,3182.0,Karimnagar
78808,2009-2010,Telangana,36,Karimnagar,508.0,Gross Irrigated Area,Well,Other Well,314804.0,Karimnagar
78809,2009-2010,Telangana,36,Karimnagar,508.0,Gross Irrigated Area,Well,Tubewell,51605.0,Karimnagar
78810,2009-2010,Telangana,36,Karimnagar,508.0,Net Irrigated Area,Canal,Government,324.0,Karimnagar
78811,2009-2010,Telangana,36,Karimnagar,508.0,Net Irrigated Area,Canal,Private,,Karimnagar
78812,2009-2010,Telangana,36,Karimnagar,508.0,Net Irrigated Area,Other Source,Other Source,253.0,Karimnagar
78813,2009-2010,Telangana,36,Karimnagar,508.0,Net Irrigated Area,Tank,Tank,2404.0,Karimnagar
78814,2009-2010,Telangana,36,Karimnagar,508.0,Net Irrigated Area,Well,Other Well,188224.0,Karimnagar
78815,2009-2010,Telangana,36,Karimnagar,508.0,Net Irrigated Area,Well,Tubewell,32632.0,Karimnagar
78816,2009-2010,Telangana,36,Khammam,509.0,Gross Irrigated Area,Canal,Government,52605.0,Khammam
78817,2009-2010,Telangana,36,Khammam,509.0,Gross Irrigated Area,Canal,Private,,Khammam
78818,2009-2010,Telangana,36,Khammam,509.0,Gross Irrigated Area,Other Source,Other Source,15281.0,Khammam
78819,2009-2010,Telangana,36,Khammam,509.0,Gross Irrigated Area,Tank,Tank,13275.0,Khammam
78820,2009-2010,Telangana,36,Khammam,509.0,Gross Irrigated Area,Well,Other Well,43403.0,Khammam
78821,2009-2010,Telangana,36,Khammam,509.0,Gross Irrigated Area,Well,Tubewell,56979.0,Khammam
78822,2009-2010,Telangana,36,Khammam,509.0,Net Irrigated Area,Canal,Government,44524.0,Khammam
78823,2009-2010,Telangana,36,Khammam,509.0,Net Irrigated Area,Canal,Private,,Khammam
78824,2009-2010,Telangana,36,Khammam,509.0,Net Irrigated Area,Other Source,Other Source,13340.0,Khammam
78825,2009-2010,Telangana,36,Khammam,509.0,Net Irrigated Area,Tank,Tank,12532.0,Khammam
78826,2009-2010,Telangana,36,Khammam,509.0,Net Irrigated Area,Well,Other Well,38914.0,Khammam
78827,2009-2010,Telangana,36,Khammam,509.0,Net Irrigated Area,Well,Tubewell,49212.0,Khammam
78828,2009-2010,Telangana,36,Mahabubnagar,512.0,Gross Irrigated Area,Canal,Government,41144.0,Mahabubnagar
78829,2009-2010,Telangana,36,Mahabubnagar,512.0,Gross Irrigated Area,Canal,Private,,Mahabubnagar
78830,2009-2010,Telangana,36,Mahabubnagar,512.0,Gross Irrigated Area,Other Source,Other Source,14597.0,Mahabubnagar
78831,2009-2010,Telangana,36,Mahabubnagar,512.0,Gross Irrigated Area,Tank,Tank,6500.0,Mahabubnagar
78832,2009-2010,Telangana,36,Mahabubnagar,512.0,Gross Irrigated Area,Well,Other Well,16801.0,Mahabubnagar
78833,2009-2010,Telangana,36,Mahabubnagar,512.0,Gross Irrigated Area,Well,Tubewell,235815.0,Mahabubnagar
78834,2009-2010,Telangana,36,Mahabubnagar,512.0,Net Irrigated Area,Canal,Government,31936.0,Mahabubnagar
78835,2009-2010,Telangana,36,Mahabubnagar,512.0,Net Irrigated Area,Canal,Private,,Mahabubnagar
78836,2009-2010,Telangana,36,Mahabubnagar,512.0,Net Irrigated Area,Other Source,Other Source,10961.0,Mahabubnagar
78837,2009-2010,Telangana,36,Mahabubnagar,512.0,Net Irrigated Area,Tank,Tank,6386.0,Mahabubnagar
78838,2009-2010,Telangana,36,Mahabubnagar,512.0,Net Irrigated Area,Well,Other Well,14151.0,Mahabubnagar
78839,2009-2010,Telangana,36,Mahabubnagar,512.0,Net Irrigated Area,Well,Tubewell,172365.0,Mahabubnagar
78840,2009-2010,Telangana,36,Medak,513.0,Gross Irrigated Area,Canal,Government,754.0,Medak
78841,2009-2010,Telangana,36,Medak,513.0,Gross Irrigated Area,Canal,Private,,Medak
78842,2009-2010,Telangana,36,Medak,513.0,Gross Irrigated Area,Other Source,Other Source,1645.0,Medak
78844,2009-2010,Telangana,36,Medak,513.0,Gross Irrigated Area,Well,Other Well,16784.0,Medak
78845,2009-2010,Telangana,36,Medak,513.0,Gross Irrigated Area,Well,Tubewell,154552.0,Medak
78846,2009-2010,Telangana,36,Medak,513.0,Net Irrigated Area,Canal,Government,540.0,Medak
78847,2009-2010,Telangana,36,Medak,513.0,Net Irrigated Area,Canal,Private,,Medak
78848,2009-2010,Telangana,36,Medak,513.0,Net Irrigated Area,Other Source,Other Source,1272.0,Medak
78849,2009-2010,Telangana,36,Medak,513.0,Net Irrigated Area,Tank,Tank,1112.0,Medak
78850,2009-2010,Telangana,36,Medak,513.0,Net Irrigated Area,Well,Other Well,10834.0,Medak
78851,2009-2010,Telangana,36,Medak,513.0,Net Irrigated Area,Well,Tubewell,94799.0,Medak
78852,2009-2010,Telangana,36,Nalgonda,514.0,Gross Irrigated Area,Canal,Government,67549.0,Nalgonda
78853,2009-2010,Telangana,36,Nalgonda,514.0,Gross Irrigated Area,Canal,Private,,Nalgonda
78854,2009-2010,Telangana,36,Nalgonda,514.0,Gross Irrigated Area,Other Source,Other Source,11443.0,Nalgonda
78855,2009-2010,Telangana,36,Nalgonda,514.0,Gross Irrigated Area,Tank,Tank,18004.0,Nalgonda
78856,2009-2010,Telangana,36,Nalgonda,514.0,Gross Irrigated Area,Well,Other Well,45074.0,Nalgonda
78857,2009-2010,Telangana,36,Nalgonda,514.0,Gross Irrigated Area,Well,Tubewell,211352.0,Nalgonda
78858,2009-2010,Telangana,36,Nalgonda,514.0,Net Irrigated Area,Canal,Government,53702.0,Nalgonda
78859,2009-2010,Telangana,36,Nalgonda,514.0,Net Irrigated Area,Canal,Private,,Nalgonda
78860,2009-2010,Telangana,36,Nalgonda,514.0,Net Irrigated Area,Other Source,Other Source,6229.0,Nalgonda
78861,2009-2010,Telangana,36,Nalgonda,514.0,Net Irrigated Area,Tank,Tank,12307.0,Nalgonda
78862,2009-2010,Telangana,36,Nalgonda,514.0,Net Irrigated Area,Well,Other Well,38249.0,Nalgonda
78863,2009-2010,Telangana,36,Nalgonda,514.0,Net Irrigated Area,Well,Tubewell,154279.0,Nalgonda
78864,2009-2010,Telangana,36,Nizamabad,516.0,Gross Irrigated Area,Canal,Government,644.0,Nizamabad
78865,2009-2010,Telangana,36,Nizamabad,516.0,Gross Irrigated Area,Canal,Private,,Nizamabad
78866,2009-2010,Telangana,36,Nizamabad,516.0,Gross Irrigated Area,Other Source,Other Source,3780.0,Nizamabad
78867,2009-2010,Telangana,36,Nizamabad,516.0,Gross Irrigated Area,Tank,Tank,4678.0,Nizamabad
78868,2009-2010,Telangana,36,Nizamabad,516.0,Gross Irrigated Area,Well,Other Well,5912.0,Nizamabad
78869,2009-2010,Telangana,36,Nizamabad,516.0,Gross Irrigated Area,Well,Tubewell,224848.0,Nizamabad
78870,2009-2010,Telangana,36,Nizamabad,516.0,Net Irrigated Area,Canal,Government,627.0,Nizamabad
78871,2009-2010,Telangana,36,Nizamabad,516.0,Net Irrigated Area,Canal,Private,,Nizamabad
78872,2009-2010,Telangana,36,Nizamabad,516.0,Net Irrigated Area,Other Source,Other Source,2331.0,Nizamabad
78873,2009-2010,Telangana,36,Nizamabad,516.0,Net Irrigated Area,Tank,Tank,3692.0,Nizamabad
78874,2009-2010,Telangana,36,Nizamabad,516.0,Net Irrigated Area,Well,Other Well,3323.0,Nizamabad
78875,2009-2010,Telangana,36,Nizamabad,516.0,Net Irrigated Area,Well,Tubewell,122708.0,Nizamabad
78876,2009-2010,Telangana,36,Ranga Reddy,518.0,Gross Irrigated Area,Canal,Government,394.0,Ranga Reddy
78877,2009-2010,Telangana,36,Ranga Reddy,518.0,Gross Irrigated Area,Canal,Private,,Ranga Reddy
78878,2009-2010,Telangana,36,Ranga Reddy,518.0,Gross Irrigated Area,Other Source,Other Source,2717.0,Ranga Reddy
78879,2009-2010,Telangana,36,Ranga Reddy,518.0,Gross Irrigated Area,Tank,Tank,2806.0,Ranga Reddy
78880,2009-2010,Telangana,36,Ranga Reddy,518.0,Gross Irrigated Area,Well,Other Well,8143.0,Ranga Reddy
78881,2009-2010,Telangana,36,Ranga Reddy,518.0,Gross Irrigated Area,Well,Tubewell,64722.0,Ranga Reddy
78882,2009-2010,Telangana,36,Ranga Reddy,518.0,Net Irrigated Area,Canal,Government,394.0,Ranga Reddy
78883,2009-2010,Telangana,36,Ranga Reddy,518.0,Net Irrigated Area,Canal,Private,,Ranga Reddy
78884,2009-2010,Telangana,36,Ranga Reddy,518.0,Net Irrigated Area,Other Source,Other Source,1851.0,Ranga Reddy
78885,2009-2010,Telangana,36,Ranga Reddy,518.0,Net Irrigated Area,Tank,Tank,2486.0,Ranga Reddy
78886,2009-2010,Telangana,36,Ranga Reddy,518.0,Net Irrigated Area,Well,Other Well,6314.0,Ranga Reddy
78887,2009-2010,Telangana,36,Ranga Reddy,518.0,Net Irrigated Area,Well,Tubewell,49439.0,Ranga Reddy
78888,2009-2010,Telangana,36,Warangal,522.0,Gross Irrigated Area,Canal,Government,246.0,Warangal
78889,2009-2010,Telangana,36,Warangal,522.0,Gross Irrigated Area,Canal,Private,,Warangal
78890,2009-2010,Telangana,36,Warangal,522.0,Gross Irrigated Area,Other Source,Other Source,2358.0,Warangal
78891,2009-2010,Telangana,36,Warangal,522.0,Gross Irrigated Area,Tank,Tank,12650.0,Warangal
78892,2009-2010,Telangana,36,Warangal,522.0,Gross Irrigated Area,Well,Other Well,212904.0,Warangal
78893,2009-2010,Telangana,36,Warangal,522.0,Gross Irrigated Area,Well,Tubewell,108359.0,Warangal
78894,2009-2010,Telangana,36,Warangal,522.0,Net Irrigated Area,Canal,Government,,Warangal
78895,2009-2010,Telangana,36,Warangal,522.0,Net Irrigated Area,Canal,Private,,Warangal
78896,2009-2010,Telangana,36,Warangal,522.0,Net Irrigated Area,Other Source,Other Source,2018.0,Warangal
78897,2009-2010,Telangana,36,Warangal,522.0,Net Irrigated Area,Tank,Tank,11359.0,Warangal
78898,2009-2010,Telangana,36,Warangal,522.0,Net Irrigated Area,Well,Other Well,158237.0,Warangal
78899,2009-2010,Telangana,36,Warangal,522.0,Net Irrigated Area,Well,Tubewell,72911.0,Warangal
85887,2010-2011,Telangana,36,Warangal,522.0,Gross Irrigated Area,Tank,Tank,98076.0,Warangal
85788,2010-2011,Telangana,36,Adilabad,501.0,Gross Irrigated Area,Canal,Government,18963.0,Adilabad
85789,2010-2011,Telangana,36,Adilabad,501.0,Gross Irrigated Area,Canal,Private,,Adilabad
85790,2010-2011,Telangana,36,Adilabad,501.0,Gross Irrigated Area,Other Source,Other Source,2567.0,Adilabad
85791,2010-2011,Telangana,36,Adilabad,501.0,Gross Irrigated Area,Tank,Tank,18421.0,Adilabad
85792,2010-2011,Telangana,36,Adilabad,501.0,Gross Irrigated Area,Well,Other Well,26739.0,Adilabad
85793,2010-2011,Telangana,36,Adilabad,501.0,Gross Irrigated Area,Well,Tubewell,56304.0,Adilabad
85794,2010-2011,Telangana,36,Adilabad,501.0,Net Irrigated Area,Canal,Government,12121.0,Adilabad
85795,2010-2011,Telangana,36,Adilabad,501.0,Net Irrigated Area,Canal,Private,,Adilabad
85796,2010-2011,Telangana,36,Adilabad,501.0,Net Irrigated Area,Other Source,Other Source,1909.0,Adilabad
85797,2010-2011,Telangana,36,Adilabad,501.0,Net Irrigated Area,Tank,Tank,15545.0,Adilabad
85798,2010-2011,Telangana,36,Adilabad,501.0,Net Irrigated Area,Well,Other Well,15367.0,Adilabad
85799,2010-2011,Telangana,36,Adilabad,501.0,Net Irrigated Area,Well,Tubewell,33922.0,Adilabad
85800,2010-2011,Telangana,36,Karimnagar,508.0,Gross Irrigated Area,Canal,Government,125273.0,Karimnagar
85801,2010-2011,Telangana,36,Karimnagar,508.0,Gross Irrigated Area,Canal,Private,,Karimnagar
85802,2010-2011,Telangana,36,Karimnagar,508.0,Gross Irrigated Area,Other Source,Other Source,,Karimnagar
85803,2010-2011,Telangana,36,Karimnagar,508.0,Gross Irrigated Area,Tank,Tank,52381.0,Karimnagar
85804,2010-2011,Telangana,36,Karimnagar,508.0,Gross Irrigated Area,Well,Other Well,350861.0,Karimnagar
85805,2010-2011,Telangana,36,Karimnagar,508.0,Gross Irrigated Area,Well,Tubewell,72029.0,Karimnagar
85806,2010-2011,Telangana,36,Karimnagar,508.0,Net Irrigated Area,Canal,Government,84986.0,Karimnagar
85807,2010-2011,Telangana,36,Karimnagar,508.0,Net Irrigated Area,Canal,Private,,Karimnagar
85808,2010-2011,Telangana,36,Karimnagar,508.0,Net Irrigated Area,Other Source,Other Source,,Karimnagar
85809,2010-2011,Telangana,36,Karimnagar,508.0,Net Irrigated Area,Tank,Tank,34236.0,Karimnagar
85810,2010-2011,Telangana,36,Karimnagar,508.0,Net Irrigated Area,Well,Other Well,234471.0,Karimnagar
85811,2010-2011,Telangana,36,Karimnagar,508.0,Net Irrigated Area,Well,Tubewell,46685.0,Karimnagar
85812,2010-2011,Telangana,36,Khammam,509.0,Gross Irrigated Area,Canal,Government,89340.0,Khammam
85813,2010-2011,Telangana,36,Khammam,509.0,Gross Irrigated Area,Canal,Private,,Khammam
85814,2010-2011,Telangana,36,Khammam,509.0,Gross Irrigated Area,Other Source,Other Source,23443.0,Khammam
85815,2010-2011,Telangana,36,Khammam,509.0,Gross Irrigated Area,Tank,Tank,58522.0,Khammam
85816,2010-2011,Telangana,36,Khammam,509.0,Gross Irrigated Area,Well,Other Well,44216.0,Khammam
85817,2010-2011,Telangana,36,Khammam,509.0,Gross Irrigated Area,Well,Tubewell,63530.0,Khammam
85818,2010-2011,Telangana,36,Khammam,509.0,Net Irrigated Area,Canal,Government,59277.0,Khammam
85819,2010-2011,Telangana,36,Khammam,509.0,Net Irrigated Area,Canal,Private,,Khammam
85820,2010-2011,Telangana,36,Khammam,509.0,Net Irrigated Area,Other Source,Other Source,17157.0,Khammam
85821,2010-2011,Telangana,36,Khammam,509.0,Net Irrigated Area,Tank,Tank,51323.0,Khammam
85822,2010-2011,Telangana,36,Khammam,509.0,Net Irrigated Area,Well,Other Well,36439.0,Khammam
85823,2010-2011,Telangana,36,Khammam,509.0,Net Irrigated Area,Well,Tubewell,46831.0,Khammam
85824,2010-2011,Telangana,36,Mahabubnagar,512.0,Gross Irrigated Area,Canal,Government,41755.0,Mahabubnagar
85825,2010-2011,Telangana,36,Mahabubnagar,512.0,Gross Irrigated Area,Canal,Private,,Mahabubnagar
85826,2010-2011,Telangana,36,Mahabubnagar,512.0,Gross Irrigated Area,Other Source,Other Source,12543.0,Mahabubnagar
85827,2010-2011,Telangana,36,Mahabubnagar,512.0,Gross Irrigated Area,Tank,Tank,19667.0,Mahabubnagar
85828,2010-2011,Telangana,36,Mahabubnagar,512.0,Gross Irrigated Area,Well,Other Well,12130.0,Mahabubnagar
85829,2010-2011,Telangana,36,Mahabubnagar,512.0,Gross Irrigated Area,Well,Tubewell,259580.0,Mahabubnagar
85830,2010-2011,Telangana,36,Mahabubnagar,512.0,Net Irrigated Area,Canal,Government,34089.0,Mahabubnagar
85831,2010-2011,Telangana,36,Mahabubnagar,512.0,Net Irrigated Area,Canal,Private,,Mahabubnagar
85832,2010-2011,Telangana,36,Mahabubnagar,512.0,Net Irrigated Area,Other Source,Other Source,10349.0,Mahabubnagar
85833,2010-2011,Telangana,36,Mahabubnagar,512.0,Net Irrigated Area,Tank,Tank,15781.0,Mahabubnagar
85834,2010-2011,Telangana,36,Mahabubnagar,512.0,Net Irrigated Area,Well,Other Well,10677.0,Mahabubnagar
85835,2010-2011,Telangana,36,Mahabubnagar,512.0,Net Irrigated Area,Well,Tubewell,192118.0,Mahabubnagar
85836,2010-2011,Telangana,36,Medak,513.0,Gross Irrigated Area,Canal,Government,3032.0,Medak
85837,2010-2011,Telangana,36,Medak,513.0,Gross Irrigated Area,Canal,Private,,Medak
85838,2010-2011,Telangana,36,Medak,513.0,Gross Irrigated Area,Other Source,Other Source,2347.0,Medak
85839,2010-2011,Telangana,36,Medak,513.0,Gross Irrigated Area,Tank,Tank,12415.0,Medak
85840,2010-2011,Telangana,36,Medak,513.0,Gross Irrigated Area,Well,Other Well,13664.0,Medak
85841,2010-2011,Telangana,36,Medak,513.0,Gross Irrigated Area,Well,Tubewell,209839.0,Medak
85842,2010-2011,Telangana,36,Medak,513.0,Net Irrigated Area,Canal,Government,2042.0,Medak
85843,2010-2011,Telangana,36,Medak,513.0,Net Irrigated Area,Canal,Private,,Medak
85844,2010-2011,Telangana,36,Medak,513.0,Net Irrigated Area,Other Source,Other Source,2262.0,Medak
85845,2010-2011,Telangana,36,Medak,513.0,Net Irrigated Area,Tank,Tank,10121.0,Medak
85846,2010-2011,Telangana,36,Medak,513.0,Net Irrigated Area,Well,Other Well,8148.0,Medak
85847,2010-2011,Telangana,36,Medak,513.0,Net Irrigated Area,Well,Tubewell,127851.0,Medak
85848,2010-2011,Telangana,36,Nalgonda,514.0,Gross Irrigated Area,Canal,Government,148021.0,Nalgonda
85849,2010-2011,Telangana,36,Nalgonda,514.0,Gross Irrigated Area,Canal,Private,,Nalgonda
85850,2010-2011,Telangana,36,Nalgonda,514.0,Gross Irrigated Area,Other Source,Other Source,22633.0,Nalgonda
85851,2010-2011,Telangana,36,Nalgonda,514.0,Gross Irrigated Area,Tank,Tank,28197.0,Nalgonda
85852,2010-2011,Telangana,36,Nalgonda,514.0,Gross Irrigated Area,Well,Other Well,41042.0,Nalgonda
85853,2010-2011,Telangana,36,Nalgonda,514.0,Gross Irrigated Area,Well,Tubewell,238347.0,Nalgonda
85854,2010-2011,Telangana,36,Nalgonda,514.0,Net Irrigated Area,Canal,Government,83247.0,Nalgonda
85855,2010-2011,Telangana,36,Nalgonda,514.0,Net Irrigated Area,Canal,Private,,Nalgonda
85856,2010-2011,Telangana,36,Nalgonda,514.0,Net Irrigated Area,Other Source,Other Source,12788.0,Nalgonda
85857,2010-2011,Telangana,36,Nalgonda,514.0,Net Irrigated Area,Tank,Tank,16941.0,Nalgonda
85858,2010-2011,Telangana,36,Nalgonda,514.0,Net Irrigated Area,Well,Other Well,26781.0,Nalgonda
85859,2010-2011,Telangana,36,Nalgonda,514.0,Net Irrigated Area,Well,Tubewell,153442.0,Nalgonda
85860,2010-2011,Telangana,36,Nizamabad,516.0,Gross Irrigated Area,Canal,Government,66043.0,Nizamabad
85861,2010-2011,Telangana,36,Nizamabad,516.0,Gross Irrigated Area,Canal,Private,,Nizamabad
85862,2010-2011,Telangana,36,Nizamabad,516.0,Gross Irrigated Area,Other Source,Other Source,7905.0,Nizamabad
85863,2010-2011,Telangana,36,Nizamabad,516.0,Gross Irrigated Area,Tank,Tank,11457.0,Nizamabad
85864,2010-2011,Telangana,36,Nizamabad,516.0,Gross Irrigated Area,Well,Other Well,6696.0,Nizamabad
85865,2010-2011,Telangana,36,Nizamabad,516.0,Gross Irrigated Area,Well,Tubewell,245831.0,Nizamabad
85866,2010-2011,Telangana,36,Nizamabad,516.0,Net Irrigated Area,Canal,Government,36111.0,Nizamabad
85867,2010-2011,Telangana,36,Nizamabad,516.0,Net Irrigated Area,Canal,Private,,Nizamabad
85868,2010-2011,Telangana,36,Nizamabad,516.0,Net Irrigated Area,Other Source,Other Source,4359.0,Nizamabad
85869,2010-2011,Telangana,36,Nizamabad,516.0,Net Irrigated Area,Tank,Tank,8310.0,Nizamabad
85870,2010-2011,Telangana,36,Nizamabad,516.0,Net Irrigated Area,Well,Other Well,4765.0,Nizamabad
85871,2010-2011,Telangana,36,Nizamabad,516.0,Net Irrigated Area,Well,Tubewell,133483.0,Nizamabad
85872,2010-2011,Telangana,36,Ranga Reddy,518.0,Gross Irrigated Area,Canal,Government,1334.0,Ranga Reddy
85873,2010-2011,Telangana,36,Ranga Reddy,518.0,Gross Irrigated Area,Canal,Private,,Ranga Reddy
85874,2010-2011,Telangana,36,Ranga Reddy,518.0,Gross Irrigated Area,Other Source,Other Source,1799.0,Ranga Reddy
85875,2010-2011,Telangana,36,Ranga Reddy,518.0,Gross Irrigated Area,Tank,Tank,6088.0,Ranga Reddy
85876,2010-2011,Telangana,36,Ranga Reddy,518.0,Gross Irrigated Area,Well,Other Well,8663.0,Ranga Reddy
85877,2010-2011,Telangana,36,Ranga Reddy,518.0,Gross Irrigated Area,Well,Tubewell,87863.0,Ranga Reddy
85878,2010-2011,Telangana,36,Ranga Reddy,518.0,Net Irrigated Area,Canal,Government,1064.0,Ranga Reddy
85879,2010-2011,Telangana,36,Ranga Reddy,518.0,Net Irrigated Area,Canal,Private,,Ranga Reddy
85880,2010-2011,Telangana,36,Ranga Reddy,518.0,Net Irrigated Area,Other Source,Other Source,1194.0,Ranga Reddy
85881,2010-2011,Telangana,36,Ranga Reddy,518.0,Net Irrigated Area,Tank,Tank,5186.0,Ranga Reddy
85882,2010-2011,Telangana,36,Ranga Reddy,518.0,Net Irrigated Area,Well,Other Well,6272.0,Ranga Reddy
85883,2010-2011,Telangana,36,Ranga Reddy,518.0,Net Irrigated Area,Well,Tubewell,61014.0,Ranga Reddy
85884,2010-2011,Telangana,36,Warangal,522.0,Gross Irrigated Area,Canal,Government,10126.0,Warangal
85885,2010-2011,Telangana,36,Warangal,522.0,Gross Irrigated Area,Canal,Private,,Warangal
85886,2010-2011,Telangana,36,Warangal,522.0,Gross Irrigated Area,Other Source,Other Source,5491.0,Warangal
85888,2010-2011,Telangana,36,Warangal,522.0,Gross Irrigated Area,Well,Other Well,244459.0,Warangal
85889,2010-2011,Telangana,36,Warangal,522.0,Gross Irrigated Area,Well,Tubewell,129166.0,Warangal
85890,2010-2011,Telangana,36,Warangal,522.0,Net Irrigated Area,Canal,Government,2817.0,Warangal
85891,2010-2011,Telangana,36,Warangal,522.0,Net Irrigated Area,Canal,Private,,Warangal
85892,2010-2011,Telangana,36,Warangal,522.0,Net Irrigated Area,Other Source,Other Source,4641.0,Warangal
85893,2010-2011,Telangana,36,Warangal,522.0,Net Irrigated Area,Tank,Tank,80525.0,Warangal
85894,2010-2011,Telangana,36,Warangal,522.0,Net Irrigated Area,Well,Other Well,170768.0,Warangal
85895,2010-2011,Telangana,36,Warangal,522.0,Net Irrigated Area,Well,Tubewell,86572.0,Warangal
92832,2011-2012,Telangana,36,Adilabad,501.0,Gross Irrigated Area,Canal,Government,13781.0,Adilabad
92833,2011-2012,Telangana,36,Adilabad,501.0,Gross Irrigated Area,Canal,Private,,Adilabad
92834,2011-2012,Telangana,36,Adilabad,501.0,Gross Irrigated Area,Other Source,Other Source,2797.0,Adilabad
92835,2011-2012,Telangana,36,Adilabad,501.0,Gross Irrigated Area,Tank,Tank,16411.0,Adilabad
92836,2011-2012,Telangana,36,Adilabad,501.0,Gross Irrigated Area,Well,Other Well,21576.0,Adilabad
92837,2011-2012,Telangana,36,Adilabad,501.0,Gross Irrigated Area,Well,Tubewell,57030.0,Adilabad
92838,2011-2012,Telangana,36,Adilabad,501.0,Net Irrigated Area,Canal,Government,11790.0,Adilabad
92839,2011-2012,Telangana,36,Adilabad,501.0,Net Irrigated Area,Canal,Private,,Adilabad
92840,2011-2012,Telangana,36,Adilabad,501.0,Net Irrigated Area,Other Source,Other Source,1582.0,Adilabad
92841,2011-2012,Telangana,36,Adilabad,501.0,Net Irrigated Area,Tank,Tank,15981.0,Adilabad
92842,2011-2012,Telangana,36,Adilabad,501.0,Net Irrigated Area,Well,Other Well,17060.0,Adilabad
92843,2011-2012,Telangana,36,Adilabad,501.0,Net Irrigated Area,Well,Tubewell,36410.0,Adilabad
92844,2011-2012,Telangana,36,Karimnagar,508.0,Gross Irrigated Area,Canal,Government,132643.0,Karimnagar
92845,2011-2012,Telangana,36,Karimnagar,508.0,Gross Irrigated Area,Canal,Private,,Karimnagar
92846,2011-2012,Telangana,36,Karimnagar,508.0,Gross Irrigated Area,Other Source,Other Source,110.0,Karimnagar
92847,2011-2012,Telangana,36,Karimnagar,508.0,Gross Irrigated Area,Tank,Tank,36040.0,Karimnagar
92848,2011-2012,Telangana,36,Karimnagar,508.0,Gross Irrigated Area,Well,Other Well,334174.0,Karimnagar
92849,2011-2012,Telangana,36,Karimnagar,508.0,Gross Irrigated Area,Well,Tubewell,83025.0,Karimnagar
92850,2011-2012,Telangana,36,Karimnagar,508.0,Net Irrigated Area,Canal,Government,78571.0,Karimnagar
92851,2011-2012,Telangana,36,Karimnagar,508.0,Net Irrigated Area,Canal,Private,,Karimnagar
92852,2011-2012,Telangana,36,Karimnagar,508.0,Net Irrigated Area,Other Source,Other Source,110.0,Karimnagar
92853,2011-2012,Telangana,36,Karimnagar,508.0,Net Irrigated Area,Tank,Tank,26697.0,Karimnagar
92854,2011-2012,Telangana,36,Karimnagar,508.0,Net Irrigated Area,Well,Other Well,196067.0,Karimnagar
92855,2011-2012,Telangana,36,Karimnagar,508.0,Net Irrigated Area,Well,Tubewell,52898.0,Karimnagar
92856,2011-2012,Telangana,36,Khammam,509.0,Gross Irrigated Area,Canal,Government,67311.0,Khammam
92857,2011-2012,Telangana,36,Khammam,509.0,Gross Irrigated Area,Canal,Private,,Khammam
92858,2011-2012,Telangana,36,Khammam,509.0,Gross Irrigated Area,Other Source,Other Source,18672.0,Khammam
92859,2011-2012,Telangana,36,Khammam,509.0,Gross Irrigated Area,Tank,Tank,44473.0,Khammam
92860,2011-2012,Telangana,36,Khammam,509.0,Gross Irrigated Area,Well,Other Well,44556.0,Khammam
92861,2011-2012,Telangana,36,Khammam,509.0,Gross Irrigated Area,Well,Tubewell,67840.0,Khammam
92862,2011-2012,Telangana,36,Khammam,509.0,Net Irrigated Area,Canal,Government,64875.0,Khammam
92863,2011-2012,Telangana,36,Khammam,509.0,Net Irrigated Area,Canal,Private,,Khammam
92864,2011-2012,Telangana,36,Khammam,509.0,Net Irrigated Area,Other Source,Other Source,15983.0,Khammam
92865,2011-2012,Telangana,36,Khammam,509.0,Net Irrigated Area,Tank,Tank,43299.0,Khammam
92866,2011-2012,Telangana,36,Khammam,509.0,Net Irrigated Area,Well,Other Well,33085.0,Khammam
92867,2011-2012,Telangana,36,Khammam,509.0,Net Irrigated Area,Well,Tubewell,48897.0,Khammam
92868,2011-2012,Telangana,36,Mahabubnagar,512.0,Gross Irrigated Area,Canal,Government,39156.0,Mahabubnagar
92869,2011-2012,Telangana,36,Mahabubnagar,512.0,Gross Irrigated Area,Canal,Private,,Mahabubnagar
92870,2011-2012,Telangana,36,Mahabubnagar,512.0,Gross Irrigated Area,Other Source,Other Source,11813.0,Mahabubnagar
92871,2011-2012,Telangana,36,Mahabubnagar,512.0,Gross Irrigated Area,Tank,Tank,3720.0,Mahabubnagar
92872,2011-2012,Telangana,36,Mahabubnagar,512.0,Gross Irrigated Area,Well,Other Well,5383.0,Mahabubnagar
92873,2011-2012,Telangana,36,Mahabubnagar,512.0,Gross Irrigated Area,Well,Tubewell,270145.0,Mahabubnagar
92874,2011-2012,Telangana,36,Mahabubnagar,512.0,Net Irrigated Area,Canal,Government,31058.0,Mahabubnagar
92875,2011-2012,Telangana,36,Mahabubnagar,512.0,Net Irrigated Area,Canal,Private,,Mahabubnagar
92876,2011-2012,Telangana,36,Mahabubnagar,512.0,Net Irrigated Area,Other Source,Other Source,8572.0,Mahabubnagar
92877,2011-2012,Telangana,36,Mahabubnagar,512.0,Net Irrigated Area,Tank,Tank,3346.0,Mahabubnagar
92878,2011-2012,Telangana,36,Mahabubnagar,512.0,Net Irrigated Area,Well,Other Well,4169.0,Mahabubnagar
92879,2011-2012,Telangana,36,Mahabubnagar,512.0,Net Irrigated Area,Well,Tubewell,209093.0,Mahabubnagar
92880,2011-2012,Telangana,36,Medak,513.0,Gross Irrigated Area,Canal,Government,2951.0,Medak
92881,2011-2012,Telangana,36,Medak,513.0,Gross Irrigated Area,Canal,Private,,Medak
92882,2011-2012,Telangana,36,Medak,513.0,Gross Irrigated Area,Other Source,Other Source,2760.0,Medak
92883,2011-2012,Telangana,36,Medak,513.0,Gross Irrigated Area,Tank,Tank,7013.0,Medak
92884,2011-2012,Telangana,36,Medak,513.0,Gross Irrigated Area,Well,Other Well,10731.0,Medak
92885,2011-2012,Telangana,36,Medak,513.0,Gross Irrigated Area,Well,Tubewell,216684.0,Medak
92886,2011-2012,Telangana,36,Medak,513.0,Net Irrigated Area,Canal,Government,2776.0,Medak
92887,2011-2012,Telangana,36,Medak,513.0,Net Irrigated Area,Canal,Private,,Medak
92888,2011-2012,Telangana,36,Medak,513.0,Net Irrigated Area,Other Source,Other Source,2695.0,Medak
92889,2011-2012,Telangana,36,Medak,513.0,Net Irrigated Area,Tank,Tank,6549.0,Medak
92890,2011-2012,Telangana,36,Medak,513.0,Net Irrigated Area,Well,Other Well,7154.0,Medak
92891,2011-2012,Telangana,36,Medak,513.0,Net Irrigated Area,Well,Tubewell,138298.0,Medak
92892,2011-2012,Telangana,36,Nalgonda,514.0,Gross Irrigated Area,Canal,Government,76766.0,Nalgonda
92893,2011-2012,Telangana,36,Nalgonda,514.0,Gross Irrigated Area,Canal,Private,,Nalgonda
92894,2011-2012,Telangana,36,Nalgonda,514.0,Gross Irrigated Area,Other Source,Other Source,15625.0,Nalgonda
92895,2011-2012,Telangana,36,Nalgonda,514.0,Gross Irrigated Area,Tank,Tank,22956.0,Nalgonda
92896,2011-2012,Telangana,36,Nalgonda,514.0,Gross Irrigated Area,Well,Other Well,40738.0,Nalgonda
92897,2011-2012,Telangana,36,Nalgonda,514.0,Gross Irrigated Area,Well,Tubewell,252008.0,Nalgonda
92898,2011-2012,Telangana,36,Nalgonda,514.0,Net Irrigated Area,Canal,Government,76036.0,Nalgonda
92899,2011-2012,Telangana,36,Nalgonda,514.0,Net Irrigated Area,Canal,Private,,Nalgonda
92900,2011-2012,Telangana,36,Nalgonda,514.0,Net Irrigated Area,Other Source,Other Source,13109.0,Nalgonda
92901,2011-2012,Telangana,36,Nalgonda,514.0,Net Irrigated Area,Tank,Tank,16301.0,Nalgonda
92902,2011-2012,Telangana,36,Nalgonda,514.0,Net Irrigated Area,Well,Other Well,24734.0,Nalgonda
92903,2011-2012,Telangana,36,Nalgonda,514.0,Net Irrigated Area,Well,Tubewell,167616.0,Nalgonda
92904,2011-2012,Telangana,36,Nizamabad,516.0,Gross Irrigated Area,Canal,Government,84415.0,Nizamabad
92905,2011-2012,Telangana,36,Nizamabad,516.0,Gross Irrigated Area,Canal,Private,,Nizamabad
92906,2011-2012,Telangana,36,Nizamabad,516.0,Gross Irrigated Area,Other Source,Other Source,11013.0,Nizamabad
92907,2011-2012,Telangana,36,Nizamabad,516.0,Gross Irrigated Area,Tank,Tank,15000.0,Nizamabad
92908,2011-2012,Telangana,36,Nizamabad,516.0,Gross Irrigated Area,Well,Other Well,5390.0,Nizamabad
92909,2011-2012,Telangana,36,Nizamabad,516.0,Gross Irrigated Area,Well,Tubewell,282636.0,Nizamabad
92910,2011-2012,Telangana,36,Nizamabad,516.0,Net Irrigated Area,Canal,Government,47182.0,Nizamabad
92911,2011-2012,Telangana,36,Nizamabad,516.0,Net Irrigated Area,Canal,Private,,Nizamabad
92912,2011-2012,Telangana,36,Nizamabad,516.0,Net Irrigated Area,Other Source,Other Source,6905.0,Nizamabad
92913,2011-2012,Telangana,36,Nizamabad,516.0,Net Irrigated Area,Tank,Tank,12145.0,Nizamabad
92914,2011-2012,Telangana,36,Nizamabad,516.0,Net Irrigated Area,Well,Other Well,2797.0,Nizamabad
92915,2011-2012,Telangana,36,Nizamabad,516.0,Net Irrigated Area,Well,Tubewell,145027.0,Nizamabad
92916,2011-2012,Telangana,36,Ranga Reddy,518.0,Gross Irrigated Area,Canal,Government,989.0,Ranga Reddy
92917,2011-2012,Telangana,36,Ranga Reddy,518.0,Gross Irrigated Area,Canal,Private,,Ranga Reddy
92918,2011-2012,Telangana,36,Ranga Reddy,518.0,Gross Irrigated Area,Other Source,Other Source,1632.0,Ranga Reddy
92919,2011-2012,Telangana,36,Ranga Reddy,518.0,Gross Irrigated Area,Tank,Tank,2757.0,Ranga Reddy
92920,2011-2012,Telangana,36,Ranga Reddy,518.0,Gross Irrigated Area,Well,Other Well,4939.0,Ranga Reddy
92921,2011-2012,Telangana,36,Ranga Reddy,518.0,Gross Irrigated Area,Well,Tubewell,88413.0,Ranga Reddy
92922,2011-2012,Telangana,36,Ranga Reddy,518.0,Net Irrigated Area,Canal,Government,765.0,Ranga Reddy
92923,2011-2012,Telangana,36,Ranga Reddy,518.0,Net Irrigated Area,Canal,Private,,Ranga Reddy
92924,2011-2012,Telangana,36,Ranga Reddy,518.0,Net Irrigated Area,Other Source,Other Source,1188.0,Ranga Reddy
92925,2011-2012,Telangana,36,Ranga Reddy,518.0,Net Irrigated Area,Tank,Tank,2208.0,Ranga Reddy
92926,2011-2012,Telangana,36,Ranga Reddy,518.0,Net Irrigated Area,Well,Other Well,4325.0,Ranga Reddy
92927,2011-2012,Telangana,36,Ranga Reddy,518.0,Net Irrigated Area,Well,Tubewell,68499.0,Ranga Reddy
92928,2011-2012,Telangana,36,Warangal,522.0,Gross Irrigated Area,Canal,Government,13811.0,Warangal
92929,2011-2012,Telangana,36,Warangal,522.0,Gross Irrigated Area,Canal,Private,,Warangal
92930,2011-2012,Telangana,36,Warangal,522.0,Gross Irrigated Area,Other Source,Other Source,3412.0,Warangal
92931,2011-2012,Telangana,36,Warangal,522.0,Gross Irrigated Area,Tank,Tank,59179.0,Warangal
92932,2011-2012,Telangana,36,Warangal,522.0,Gross Irrigated Area,Well,Other Well,227235.0,Warangal
92933,2011-2012,Telangana,36,Warangal,522.0,Gross Irrigated Area,Well,Tubewell,144332.0,Warangal
92934,2011-2012,Telangana,36,Warangal,522.0,Net Irrigated Area,Canal,Government,12264.0,Warangal
92935,2011-2012,Telangana,36,Warangal,522.0,Net Irrigated Area,Canal,Private,,Warangal
92936,2011-2012,Telangana,36,Warangal,522.0,Net Irrigated Area,Other Source,Other Source,3196.0,Warangal
92937,2011-2012,Telangana,36,Warangal,522.0,Net Irrigated Area,Tank,Tank,56176.0,Warangal
92938,2011-2012,Telangana,36,Warangal,522.0,Net Irrigated Area,Well,Other Well,168377.0,Warangal
92939,2011-2012,Telangana,36,Warangal,522.0,Net Irrigated Area,Well,Tubewell,98753.0,Warangal
99600,2012-2013,Telangana,36,Adilabad,501.0,Gross Irrigated Area,Canal,Government,12577.0,Adilabad
99601,2012-2013,Telangana,36,Adilabad,501.0,Gross Irrigated Area,Canal,Private,,Adilabad
99602,2012-2013,Telangana,36,Adilabad,501.0,Gross Irrigated Area,Other Source,Other Source,2350.0,Adilabad
99603,2012-2013,Telangana,36,Adilabad,501.0,Gross Irrigated Area,Tank,Tank,14103.0,Adilabad
99604,2012-2013,Telangana,36,Adilabad,501.0,Gross Irrigated Area,Well,Other Well,19645.0,Adilabad
99605,2012-2013,Telangana,36,Adilabad,501.0,Gross Irrigated Area,Well,Tubewell,62609.0,Adilabad
99606,2012-2013,Telangana,36,Adilabad,501.0,Net Irrigated Area,Canal,Government,10592.0,Adilabad
99607,2012-2013,Telangana,36,Adilabad,501.0,Net Irrigated Area,Canal,Private,,Adilabad
99608,2012-2013,Telangana,36,Adilabad,501.0,Net Irrigated Area,Other Source,Other Source,2330.0,Adilabad
99609,2012-2013,Telangana,36,Adilabad,501.0,Net Irrigated Area,Tank,Tank,13891.0,Adilabad
99610,2012-2013,Telangana,36,Adilabad,501.0,Net Irrigated Area,Well,Other Well,17824.0,Adilabad
99611,2012-2013,Telangana,36,Adilabad,501.0,Net Irrigated Area,Well,Tubewell,43136.0,Adilabad
99612,2012-2013,Telangana,36,Karimnagar,508.0,Gross Irrigated Area,Canal,Government,5790.0,Karimnagar
99613,2012-2013,Telangana,36,Karimnagar,508.0,Gross Irrigated Area,Canal,Private,,Karimnagar
99614,2012-2013,Telangana,36,Karimnagar,508.0,Gross Irrigated Area,Other Source,Other Source,240.0,Karimnagar
99615,2012-2013,Telangana,36,Karimnagar,508.0,Gross Irrigated Area,Tank,Tank,28360.0,Karimnagar
99616,2012-2013,Telangana,36,Karimnagar,508.0,Gross Irrigated Area,Well,Other Well,406080.0,Karimnagar
99617,2012-2013,Telangana,36,Karimnagar,508.0,Gross Irrigated Area,Well,Tubewell,90562.0,Karimnagar
99618,2012-2013,Telangana,36,Karimnagar,508.0,Net Irrigated Area,Canal,Government,311.0,Karimnagar
99619,2012-2013,Telangana,36,Karimnagar,508.0,Net Irrigated Area,Canal,Private,,Karimnagar
99620,2012-2013,Telangana,36,Karimnagar,508.0,Net Irrigated Area,Other Source,Other Source,204.0,Karimnagar
99621,2012-2013,Telangana,36,Karimnagar,508.0,Net Irrigated Area,Tank,Tank,23297.0,Karimnagar
99622,2012-2013,Telangana,36,Karimnagar,508.0,Net Irrigated Area,Well,Other Well,253853.0,Karimnagar
99623,2012-2013,Telangana,36,Karimnagar,508.0,Net Irrigated Area,Well,Tubewell,57263.0,Karimnagar
99624,2012-2013,Telangana,36,Khammam,509.0,Gross Irrigated Area,Canal,Government,28134.0,Khammam
99625,2012-2013,Telangana,36,Khammam,509.0,Gross Irrigated Area,Canal,Private,,Khammam
99626,2012-2013,Telangana,36,Khammam,509.0,Gross Irrigated Area,Other Source,Other Source,17218.0,Khammam
99627,2012-2013,Telangana,36,Khammam,509.0,Gross Irrigated Area,Tank,Tank,47443.0,Khammam
99628,2012-2013,Telangana,36,Khammam,509.0,Gross Irrigated Area,Well,Other Well,49488.0,Khammam
99629,2012-2013,Telangana,36,Khammam,509.0,Gross Irrigated Area,Well,Tubewell,71483.0,Khammam
99630,2012-2013,Telangana,36,Khammam,509.0,Net Irrigated Area,Canal,Government,27062.0,Khammam
99631,2012-2013,Telangana,36,Khammam,509.0,Net Irrigated Area,Canal,Private,,Khammam
99632,2012-2013,Telangana,36,Khammam,509.0,Net Irrigated Area,Other Source,Other Source,14440.0,Khammam
99633,2012-2013,Telangana,36,Khammam,509.0,Net Irrigated Area,Tank,Tank,44217.0,Khammam
99634,2012-2013,Telangana,36,Khammam,509.0,Net Irrigated Area,Well,Other Well,38581.0,Khammam
99635,2012-2013,Telangana,36,Khammam,509.0,Net Irrigated Area,Well,Tubewell,55468.0,Khammam
99636,2012-2013,Telangana,36,Mahabubnagar,512.0,Gross Irrigated Area,Canal,Government,35847.0,Mahabubnagar
99637,2012-2013,Telangana,36,Mahabubnagar,512.0,Gross Irrigated Area,Canal,Private,,Mahabubnagar
99638,2012-2013,Telangana,36,Mahabubnagar,512.0,Gross Irrigated Area,Other Source,Other Source,11880.0,Mahabubnagar
99639,2012-2013,Telangana,36,Mahabubnagar,512.0,Gross Irrigated Area,Tank,Tank,3407.0,Mahabubnagar
99640,2012-2013,Telangana,36,Mahabubnagar,512.0,Gross Irrigated Area,Well,Other Well,5424.0,Mahabubnagar
99641,2012-2013,Telangana,36,Mahabubnagar,512.0,Gross Irrigated Area,Well,Tubewell,244613.0,Mahabubnagar
99642,2012-2013,Telangana,36,Mahabubnagar,512.0,Net Irrigated Area,Canal,Government,30291.0,Mahabubnagar
99643,2012-2013,Telangana,36,Mahabubnagar,512.0,Net Irrigated Area,Canal,Private,,Mahabubnagar
99644,2012-2013,Telangana,36,Mahabubnagar,512.0,Net Irrigated Area,Other Source,Other Source,8983.0,Mahabubnagar
99645,2012-2013,Telangana,36,Mahabubnagar,512.0,Net Irrigated Area,Tank,Tank,3334.0,Mahabubnagar
99646,2012-2013,Telangana,36,Mahabubnagar,512.0,Net Irrigated Area,Well,Other Well,4638.0,Mahabubnagar
99647,2012-2013,Telangana,36,Mahabubnagar,512.0,Net Irrigated Area,Well,Tubewell,200579.0,Mahabubnagar
99648,2012-2013,Telangana,36,Medak,513.0,Gross Irrigated Area,Canal,Government,1648.0,Medak
99649,2012-2013,Telangana,36,Medak,513.0,Gross Irrigated Area,Canal,Private,,Medak
99650,2012-2013,Telangana,36,Medak,513.0,Gross Irrigated Area,Other Source,Other Source,2544.0,Medak
99651,2012-2013,Telangana,36,Medak,513.0,Gross Irrigated Area,Tank,Tank,4251.0,Medak
99652,2012-2013,Telangana,36,Medak,513.0,Gross Irrigated Area,Well,Other Well,8469.0,Medak
99653,2012-2013,Telangana,36,Medak,513.0,Gross Irrigated Area,Well,Tubewell,202965.0,Medak
99654,2012-2013,Telangana,36,Medak,513.0,Net Irrigated Area,Canal,Government,1648.0,Medak
99655,2012-2013,Telangana,36,Medak,513.0,Net Irrigated Area,Canal,Private,,Medak
99656,2012-2013,Telangana,36,Medak,513.0,Net Irrigated Area,Other Source,Other Source,2527.0,Medak
99657,2012-2013,Telangana,36,Medak,513.0,Net Irrigated Area,Tank,Tank,3901.0,Medak
99658,2012-2013,Telangana,36,Medak,513.0,Net Irrigated Area,Well,Other Well,5117.0,Medak
99659,2012-2013,Telangana,36,Medak,513.0,Net Irrigated Area,Well,Tubewell,125400.0,Medak
99660,2012-2013,Telangana,36,Nalgonda,514.0,Gross Irrigated Area,Canal,Government,5210.0,Nalgonda
99661,2012-2013,Telangana,36,Nalgonda,514.0,Gross Irrigated Area,Canal,Private,,Nalgonda
99662,2012-2013,Telangana,36,Nalgonda,514.0,Gross Irrigated Area,Other Source,Other Source,3838.0,Nalgonda
99663,2012-2013,Telangana,36,Nalgonda,514.0,Gross Irrigated Area,Tank,Tank,10952.0,Nalgonda
99664,2012-2013,Telangana,36,Nalgonda,514.0,Gross Irrigated Area,Well,Other Well,44116.0,Nalgonda
99665,2012-2013,Telangana,36,Nalgonda,514.0,Gross Irrigated Area,Well,Tubewell,225502.0,Nalgonda
99666,2012-2013,Telangana,36,Nalgonda,514.0,Net Irrigated Area,Canal,Government,4539.0,Nalgonda
99667,2012-2013,Telangana,36,Nalgonda,514.0,Net Irrigated Area,Canal,Private,,Nalgonda
99668,2012-2013,Telangana,36,Nalgonda,514.0,Net Irrigated Area,Other Source,Other Source,3095.0,Nalgonda
99669,2012-2013,Telangana,36,Nalgonda,514.0,Net Irrigated Area,Tank,Tank,7271.0,Nalgonda
99670,2012-2013,Telangana,36,Nalgonda,514.0,Net Irrigated Area,Well,Other Well,30404.0,Nalgonda
99671,2012-2013,Telangana,36,Nalgonda,514.0,Net Irrigated Area,Well,Tubewell,155207.0,Nalgonda
99672,2012-2013,Telangana,36,Nizamabad,516.0,Gross Irrigated Area,Canal,Government,8975.0,Nizamabad
99673,2012-2013,Telangana,36,Nizamabad,516.0,Gross Irrigated Area,Canal,Private,,Nizamabad
99674,2012-2013,Telangana,36,Nizamabad,516.0,Gross Irrigated Area,Other Source,Other Source,6855.0,Nizamabad
99675,2012-2013,Telangana,36,Nizamabad,516.0,Gross Irrigated Area,Tank,Tank,11308.0,Nizamabad
99676,2012-2013,Telangana,36,Nizamabad,516.0,Gross Irrigated Area,Well,Other Well,3555.0,Nizamabad
99677,2012-2013,Telangana,36,Nizamabad,516.0,Gross Irrigated Area,Well,Tubewell,310721.0,Nizamabad
99678,2012-2013,Telangana,36,Nizamabad,516.0,Net Irrigated Area,Canal,Government,2566.0,Nizamabad
99679,2012-2013,Telangana,36,Nizamabad,516.0,Net Irrigated Area,Canal,Private,,Nizamabad
99680,2012-2013,Telangana,36,Nizamabad,516.0,Net Irrigated Area,Other Source,Other Source,4303.0,Nizamabad
99681,2012-2013,Telangana,36,Nizamabad,516.0,Net Irrigated Area,Tank,Tank,9675.0,Nizamabad
99682,2012-2013,Telangana,36,Nizamabad,516.0,Net Irrigated Area,Well,Other Well,2142.0,Nizamabad
99683,2012-2013,Telangana,36,Nizamabad,516.0,Net Irrigated Area,Well,Tubewell,167428.0,Nizamabad
99684,2012-2013,Telangana,36,Ranga Reddy,518.0,Gross Irrigated Area,Canal,Government,1188.0,Ranga Reddy
99685,2012-2013,Telangana,36,Ranga Reddy,518.0,Gross Irrigated Area,Canal,Private,,Ranga Reddy
99686,2012-2013,Telangana,36,Ranga Reddy,518.0,Gross Irrigated Area,Other Source,Other Source,1688.0,Ranga Reddy
99687,2012-2013,Telangana,36,Ranga Reddy,518.0,Gross Irrigated Area,Tank,Tank,2215.0,Ranga Reddy
99688,2012-2013,Telangana,36,Ranga Reddy,518.0,Gross Irrigated Area,Well,Other Well,4165.0,Ranga Reddy
99689,2012-2013,Telangana,36,Ranga Reddy,518.0,Gross Irrigated Area,Well,Tubewell,83825.0,Ranga Reddy
99690,2012-2013,Telangana,36,Ranga Reddy,518.0,Net Irrigated Area,Canal,Government,776.0,Ranga Reddy
99691,2012-2013,Telangana,36,Ranga Reddy,518.0,Net Irrigated Area,Canal,Private,,Ranga Reddy
99692,2012-2013,Telangana,36,Ranga Reddy,518.0,Net Irrigated Area,Other Source,Other Source,1688.0,Ranga Reddy
99693,2012-2013,Telangana,36,Ranga Reddy,518.0,Net Irrigated Area,Tank,Tank,2108.0,Ranga Reddy
99694,2012-2013,Telangana,36,Ranga Reddy,518.0,Net Irrigated Area,Well,Other Well,3615.0,Ranga Reddy
99695,2012-2013,Telangana,36,Ranga Reddy,518.0,Net Irrigated Area,Well,Tubewell,68327.0,Ranga Reddy
99696,2012-2013,Telangana,36,Warangal,522.0,Gross Irrigated Area,Canal,Government,21156.0,Warangal
99697,2012-2013,Telangana,36,Warangal,522.0,Gross Irrigated Area,Canal,Private,,Warangal
99698,2012-2013,Telangana,36,Warangal,522.0,Gross Irrigated Area,Other Source,Other Source,3071.0,Warangal
99699,2012-2013,Telangana,36,Warangal,522.0,Gross Irrigated Area,Tank,Tank,57446.0,Warangal
99700,2012-2013,Telangana,36,Warangal,522.0,Gross Irrigated Area,Well,Other Well,225450.0,Warangal
99701,2012-2013,Telangana,36,Warangal,522.0,Gross Irrigated Area,Well,Tubewell,148738.0,Warangal
99702,2012-2013,Telangana,36,Warangal,522.0,Net Irrigated Area,Canal,Government,12511.0,Warangal
99703,2012-2013,Telangana,36,Warangal,522.0,Net Irrigated Area,Canal,Private,,Warangal
99704,2012-2013,Telangana,36,Warangal,522.0,Net Irrigated Area,Other Source,Other Source,2741.0,Warangal
99705,2012-2013,Telangana,36,Warangal,522.0,Net Irrigated Area,Tank,Tank,49968.0,Warangal
99706,2012-2013,Telangana,36,Warangal,522.0,Net Irrigated Area,Well,Other Well,157247.0,Warangal
99707,2012-2013,Telangana,36,Warangal,522.0,Net Irrigated Area,Well,Tubewell,99619.0,Warangal
106440,2013-2014,Telangana,36,Adilabad,501.0,Gross Irrigated Area,Canal,Government,15160.0,Adilabad
106441,2013-2014,Telangana,36,Adilabad,501.0,Gross Irrigated Area,Canal,Private,,Adilabad
106442,2013-2014,Telangana,36,Adilabad,501.0,Gross Irrigated Area,Other Source,Other Source,2720.0,Adilabad
106443,2013-2014,Telangana,36,Adilabad,501.0,Gross Irrigated Area,Tank,Tank,21658.0,Adilabad
106444,2013-2014,Telangana,36,Adilabad,501.0,Gross Irrigated Area,Well,Other Well,20299.0,Adilabad
106445,2013-2014,Telangana,36,Adilabad,501.0,Gross Irrigated Area,Well,Tubewell,74705.0,Adilabad
106446,2013-2014,Telangana,36,Adilabad,501.0,Net Irrigated Area,Canal,Government,10406.0,Adilabad
106447,2013-2014,Telangana,36,Adilabad,501.0,Net Irrigated Area,Canal,Private,,Adilabad
106448,2013-2014,Telangana,36,Adilabad,501.0,Net Irrigated Area,Other Source,Other Source,2720.0,Adilabad
106449,2013-2014,Telangana,36,Adilabad,501.0,Net Irrigated Area,Tank,Tank,21084.0,Adilabad
106450,2013-2014,Telangana,36,Adilabad,501.0,Net Irrigated Area,Well,Other Well,15226.0,Adilabad
106451,2013-2014,Telangana,36,Adilabad,501.0,Net Irrigated Area,Well,Tubewell,52190.0,Adilabad
106452,2013-2014,Telangana,36,Karimnagar,508.0,Gross Irrigated Area,Canal,Government,103403.0,Karimnagar
106453,2013-2014,Telangana,36,Karimnagar,508.0,Gross Irrigated Area,Canal,Private,,Karimnagar
106454,2013-2014,Telangana,36,Karimnagar,508.0,Gross Irrigated Area,Other Source,Other Source,629.0,Karimnagar
106455,2013-2014,Telangana,36,Karimnagar,508.0,Gross Irrigated Area,Tank,Tank,45984.0,Karimnagar
106456,2013-2014,Telangana,36,Karimnagar,508.0,Gross Irrigated Area,Well,Other Well,417337.0,Karimnagar
106457,2013-2014,Telangana,36,Karimnagar,508.0,Gross Irrigated Area,Well,Tubewell,95804.0,Karimnagar
106458,2013-2014,Telangana,36,Karimnagar,508.0,Net Irrigated Area,Canal,Government,55246.0,Karimnagar
106459,2013-2014,Telangana,36,Karimnagar,508.0,Net Irrigated Area,Canal,Private,,Karimnagar
106460,2013-2014,Telangana,36,Karimnagar,508.0,Net Irrigated Area,Other Source,Other Source,593.0,Karimnagar
106461,2013-2014,Telangana,36,Karimnagar,508.0,Net Irrigated Area,Tank,Tank,31757.0,Karimnagar
106462,2013-2014,Telangana,36,Karimnagar,508.0,Net Irrigated Area,Well,Other Well,388636.0,Karimnagar
106463,2013-2014,Telangana,36,Karimnagar,508.0,Net Irrigated Area,Well,Tubewell,79869.0,Karimnagar
106464,2013-2014,Telangana,36,Khammam,509.0,Gross Irrigated Area,Canal,Government,87179.0,Khammam
106465,2013-2014,Telangana,36,Khammam,509.0,Gross Irrigated Area,Canal,Private,,Khammam
106466,2013-2014,Telangana,36,Khammam,509.0,Gross Irrigated Area,Other Source,Other Source,17857.0,Khammam
106467,2013-2014,Telangana,36,Khammam,509.0,Gross Irrigated Area,Tank,Tank,52369.0,Khammam
106468,2013-2014,Telangana,36,Khammam,509.0,Gross Irrigated Area,Well,Other Well,41441.0,Khammam
106469,2013-2014,Telangana,36,Khammam,509.0,Gross Irrigated Area,Well,Tubewell,75141.0,Khammam
106470,2013-2014,Telangana,36,Khammam,509.0,Net Irrigated Area,Canal,Government,62778.0,Khammam
106471,2013-2014,Telangana,36,Khammam,509.0,Net Irrigated Area,Canal,Private,,Khammam
106472,2013-2014,Telangana,36,Khammam,509.0,Net Irrigated Area,Other Source,Other Source,15136.0,Khammam
106473,2013-2014,Telangana,36,Khammam,509.0,Net Irrigated Area,Tank,Tank,46346.0,Khammam
106474,2013-2014,Telangana,36,Khammam,509.0,Net Irrigated Area,Well,Other Well,34002.0,Khammam
106475,2013-2014,Telangana,36,Khammam,509.0,Net Irrigated Area,Well,Tubewell,58162.0,Khammam
106476,2013-2014,Telangana,36,Mahabubnagar,512.0,Gross Irrigated Area,Canal,Government,37126.0,Mahabubnagar
106477,2013-2014,Telangana,36,Mahabubnagar,512.0,Gross Irrigated Area,Canal,Private,,Mahabubnagar
106478,2013-2014,Telangana,36,Mahabubnagar,512.0,Gross Irrigated Area,Other Source,Other Source,15500.0,Mahabubnagar
106479,2013-2014,Telangana,36,Mahabubnagar,512.0,Gross Irrigated Area,Tank,Tank,9764.0,Mahabubnagar
106480,2013-2014,Telangana,36,Mahabubnagar,512.0,Gross Irrigated Area,Well,Other Well,5757.0,Mahabubnagar
106481,2013-2014,Telangana,36,Mahabubnagar,512.0,Gross Irrigated Area,Well,Tubewell,278163.0,Mahabubnagar
106482,2013-2014,Telangana,36,Mahabubnagar,512.0,Net Irrigated Area,Canal,Government,30078.0,Mahabubnagar
106483,2013-2014,Telangana,36,Mahabubnagar,512.0,Net Irrigated Area,Canal,Private,,Mahabubnagar
106484,2013-2014,Telangana,36,Mahabubnagar,512.0,Net Irrigated Area,Other Source,Other Source,14209.0,Mahabubnagar
106485,2013-2014,Telangana,36,Mahabubnagar,512.0,Net Irrigated Area,Tank,Tank,8907.0,Mahabubnagar
106486,2013-2014,Telangana,36,Mahabubnagar,512.0,Net Irrigated Area,Well,Other Well,5290.0,Mahabubnagar
106487,2013-2014,Telangana,36,Mahabubnagar,512.0,Net Irrigated Area,Well,Tubewell,212626.0,Mahabubnagar
106488,2013-2014,Telangana,36,Medak,513.0,Gross Irrigated Area,Canal,Government,3604.0,Medak
106489,2013-2014,Telangana,36,Medak,513.0,Gross Irrigated Area,Canal,Private,,Medak
106490,2013-2014,Telangana,36,Medak,513.0,Gross Irrigated Area,Other Source,Other Source,2447.0,Medak
106491,2013-2014,Telangana,36,Medak,513.0,Gross Irrigated Area,Tank,Tank,22391.0,Medak
106492,2013-2014,Telangana,36,Medak,513.0,Gross Irrigated Area,Well,Other Well,3685.0,Medak
106493,2013-2014,Telangana,36,Medak,513.0,Gross Irrigated Area,Well,Tubewell,242398.0,Medak
106494,2013-2014,Telangana,36,Medak,513.0,Net Irrigated Area,Canal,Government,2831.0,Medak
106495,2013-2014,Telangana,36,Medak,513.0,Net Irrigated Area,Canal,Private,,Medak
106496,2013-2014,Telangana,36,Medak,513.0,Net Irrigated Area,Other Source,Other Source,2250.0,Medak
106497,2013-2014,Telangana,36,Medak,513.0,Net Irrigated Area,Tank,Tank,18311.0,Medak
106498,2013-2014,Telangana,36,Medak,513.0,Net Irrigated Area,Well,Other Well,3643.0,Medak
106499,2013-2014,Telangana,36,Medak,513.0,Net Irrigated Area,Well,Tubewell,161179.0,Medak
106500,2013-2014,Telangana,36,Nalgonda,514.0,Gross Irrigated Area,Canal,Government,142783.0,Nalgonda
106501,2013-2014,Telangana,36,Nalgonda,514.0,Gross Irrigated Area,Canal,Private,,Nalgonda
106502,2013-2014,Telangana,36,Nalgonda,514.0,Gross Irrigated Area,Other Source,Other Source,22075.0,Nalgonda
106503,2013-2014,Telangana,36,Nalgonda,514.0,Gross Irrigated Area,Tank,Tank,24069.0,Nalgonda
106504,2013-2014,Telangana,36,Nalgonda,514.0,Gross Irrigated Area,Well,Other Well,31805.0,Nalgonda
106505,2013-2014,Telangana,36,Nalgonda,514.0,Gross Irrigated Area,Well,Tubewell,245137.0,Nalgonda
106506,2013-2014,Telangana,36,Nalgonda,514.0,Net Irrigated Area,Canal,Government,80864.0,Nalgonda
106507,2013-2014,Telangana,36,Nalgonda,514.0,Net Irrigated Area,Canal,Private,,Nalgonda
106508,2013-2014,Telangana,36,Nalgonda,514.0,Net Irrigated Area,Other Source,Other Source,12875.0,Nalgonda
106509,2013-2014,Telangana,36,Nalgonda,514.0,Net Irrigated Area,Tank,Tank,15406.0,Nalgonda
106510,2013-2014,Telangana,36,Nalgonda,514.0,Net Irrigated Area,Well,Other Well,23389.0,Nalgonda
106511,2013-2014,Telangana,36,Nalgonda,514.0,Net Irrigated Area,Well,Tubewell,171362.0,Nalgonda
106512,2013-2014,Telangana,36,Nizamabad,516.0,Gross Irrigated Area,Canal,Government,59191.0,Nizamabad
106513,2013-2014,Telangana,36,Nizamabad,516.0,Gross Irrigated Area,Canal,Private,,Nizamabad
106514,2013-2014,Telangana,36,Nizamabad,516.0,Gross Irrigated Area,Other Source,Other Source,8810.0,Nizamabad
106515,2013-2014,Telangana,36,Nizamabad,516.0,Gross Irrigated Area,Tank,Tank,20279.0,Nizamabad
106516,2013-2014,Telangana,36,Nizamabad,516.0,Gross Irrigated Area,Well,Other Well,3435.0,Nizamabad
106517,2013-2014,Telangana,36,Nizamabad,516.0,Gross Irrigated Area,Well,Tubewell,314733.0,Nizamabad
106518,2013-2014,Telangana,36,Nizamabad,516.0,Net Irrigated Area,Canal,Government,35381.0,Nizamabad
106519,2013-2014,Telangana,36,Nizamabad,516.0,Net Irrigated Area,Canal,Private,,Nizamabad
106520,2013-2014,Telangana,36,Nizamabad,516.0,Net Irrigated Area,Other Source,Other Source,5232.0,Nizamabad
106521,2013-2014,Telangana,36,Nizamabad,516.0,Net Irrigated Area,Tank,Tank,15594.0,Nizamabad
106522,2013-2014,Telangana,36,Nizamabad,516.0,Net Irrigated Area,Well,Other Well,1941.0,Nizamabad
106523,2013-2014,Telangana,36,Nizamabad,516.0,Net Irrigated Area,Well,Tubewell,174328.0,Nizamabad
106524,2013-2014,Telangana,36,Ranga Reddy,518.0,Gross Irrigated Area,Canal,Government,1495.0,Ranga Reddy
106525,2013-2014,Telangana,36,Ranga Reddy,518.0,Gross Irrigated Area,Canal,Private,,Ranga Reddy
106526,2013-2014,Telangana,36,Ranga Reddy,518.0,Gross Irrigated Area,Other Source,Other Source,1414.0,Ranga Reddy
106527,2013-2014,Telangana,36,Ranga Reddy,518.0,Gross Irrigated Area,Tank,Tank,2867.0,Ranga Reddy
106528,2013-2014,Telangana,36,Ranga Reddy,518.0,Gross Irrigated Area,Well,Other Well,3306.0,Ranga Reddy
106529,2013-2014,Telangana,36,Ranga Reddy,518.0,Gross Irrigated Area,Well,Tubewell,92886.0,Ranga Reddy
106530,2013-2014,Telangana,36,Ranga Reddy,518.0,Net Irrigated Area,Canal,Government,465.0,Ranga Reddy
106531,2013-2014,Telangana,36,Ranga Reddy,518.0,Net Irrigated Area,Canal,Private,,Ranga Reddy
106532,2013-2014,Telangana,36,Ranga Reddy,518.0,Net Irrigated Area,Other Source,Other Source,913.0,Ranga Reddy
106533,2013-2014,Telangana,36,Ranga Reddy,518.0,Net Irrigated Area,Tank,Tank,2139.0,Ranga Reddy
106534,2013-2014,Telangana,36,Ranga Reddy,518.0,Net Irrigated Area,Well,Other Well,2587.0,Ranga Reddy
106535,2013-2014,Telangana,36,Ranga Reddy,518.0,Net Irrigated Area,Well,Tubewell,67732.0,Ranga Reddy
106536,2013-2014,Telangana,36,Warangal,522.0,Gross Irrigated Area,Canal,Government,20433.0,Warangal
106537,2013-2014,Telangana,36,Warangal,522.0,Gross Irrigated Area,Canal,Private,,Warangal
106538,2013-2014,Telangana,36,Warangal,522.0,Gross Irrigated Area,Other Source,Other Source,3782.0,Warangal
106539,2013-2014,Telangana,36,Warangal,522.0,Gross Irrigated Area,Tank,Tank,83486.0,Warangal
106540,2013-2014,Telangana,36,Warangal,522.0,Gross Irrigated Area,Well,Other Well,235174.0,Warangal
106541,2013-2014,Telangana,36,Warangal,522.0,Gross Irrigated Area,Well,Tubewell,154309.0,Warangal
106542,2013-2014,Telangana,36,Warangal,522.0,Net Irrigated Area,Canal,Government,11774.0,Warangal
106543,2013-2014,Telangana,36,Warangal,522.0,Net Irrigated Area,Canal,Private,,Warangal
106544,2013-2014,Telangana,36,Warangal,522.0,Net Irrigated Area,Other Source,Other Source,3467.0,Warangal
106545,2013-2014,Telangana,36,Warangal,522.0,Net Irrigated Area,Tank,Tank,70017.0,Warangal
106546,2013-2014,Telangana,36,Warangal,522.0,Net Irrigated Area,Well,Other Well,155404.0,Warangal
106547,2013-2014,Telangana,36,Warangal,522.0,Net Irrigated Area,Well,Tubewell,104987.0,Warangal
113712,2014-2015,Telangana,36,Adilabad,501.0,Gross Irrigated Area,Canal,Government,4987.0,Adilabad
113713,2014-2015,Telangana,36,Adilabad,501.0,Gross Irrigated Area,Canal,Private,,Adilabad
113714,2014-2015,Telangana,36,Adilabad,501.0,Gross Irrigated Area,Other Source,Other Source,2615.0,Adilabad
113715,2014-2015,Telangana,36,Adilabad,501.0,Gross Irrigated Area,Tank,Tank,8673.0,Adilabad
113716,2014-2015,Telangana,36,Adilabad,501.0,Gross Irrigated Area,Well,Other Well,17632.0,Adilabad
113717,2014-2015,Telangana,36,Adilabad,501.0,Gross Irrigated Area,Well,Tubewell,77584.0,Adilabad
113718,2014-2015,Telangana,36,Adilabad,501.0,Net Irrigated Area,Canal,Government,4920.0,Adilabad
113719,2014-2015,Telangana,36,Adilabad,501.0,Net Irrigated Area,Canal,Private,,Adilabad
113720,2014-2015,Telangana,36,Adilabad,501.0,Net Irrigated Area,Other Source,Other Source,1937.0,Adilabad
113721,2014-2015,Telangana,36,Adilabad,501.0,Net Irrigated Area,Tank,Tank,8331.0,Adilabad
113722,2014-2015,Telangana,36,Adilabad,501.0,Net Irrigated Area,Well,Other Well,15447.0,Adilabad
113723,2014-2015,Telangana,36,Adilabad,501.0,Net Irrigated Area,Well,Tubewell,50776.0,Adilabad
113724,2014-2015,Telangana,36,Hyderabad,507.0,Gross Irrigated Area,Canal,Government,,Hyderabad
113725,2014-2015,Telangana,36,Hyderabad,507.0,Gross Irrigated Area,Canal,Private,,Hyderabad
113726,2014-2015,Telangana,36,Hyderabad,507.0,Gross Irrigated Area,Other Source,Other Source,,Hyderabad
113727,2014-2015,Telangana,36,Hyderabad,507.0,Gross Irrigated Area,Tank,Tank,,Hyderabad
113728,2014-2015,Telangana,36,Hyderabad,507.0,Gross Irrigated Area,Well,Other Well,,Hyderabad
113729,2014-2015,Telangana,36,Hyderabad,507.0,Gross Irrigated Area,Well,Tubewell,,Hyderabad
113730,2014-2015,Telangana,36,Hyderabad,507.0,Net Irrigated Area,Canal,Government,,Hyderabad
113731,2014-2015,Telangana,36,Hyderabad,507.0,Net Irrigated Area,Canal,Private,,Hyderabad
113732,2014-2015,Telangana,36,Hyderabad,507.0,Net Irrigated Area,Other Source,Other Source,,Hyderabad
113733,2014-2015,Telangana,36,Hyderabad,507.0,Net Irrigated Area,Tank,Tank,,Hyderabad
113734,2014-2015,Telangana,36,Hyderabad,507.0,Net Irrigated Area,Well,Other Well,,Hyderabad
113735,2014-2015,Telangana,36,Hyderabad,507.0,Net Irrigated Area,Well,Tubewell,,Hyderabad
113736,2014-2015,Telangana,36,Karimnagar,508.0,Gross Irrigated Area,Canal,Government,1111.0,Karimnagar
113737,2014-2015,Telangana,36,Karimnagar,508.0,Gross Irrigated Area,Canal,Private,,Karimnagar
113738,2014-2015,Telangana,36,Karimnagar,508.0,Gross Irrigated Area,Other Source,Other Source,496.0,Karimnagar
113739,2014-2015,Telangana,36,Karimnagar,508.0,Gross Irrigated Area,Tank,Tank,19810.0,Karimnagar
113740,2014-2015,Telangana,36,Karimnagar,508.0,Gross Irrigated Area,Well,Other Well,401671.0,Karimnagar
113741,2014-2015,Telangana,36,Karimnagar,508.0,Gross Irrigated Area,Well,Tubewell,78352.0,Karimnagar
113742,2014-2015,Telangana,36,Karimnagar,508.0,Net Irrigated Area,Canal,Government,810.0,Karimnagar
113743,2014-2015,Telangana,36,Karimnagar,508.0,Net Irrigated Area,Canal,Private,,Karimnagar
113744,2014-2015,Telangana,36,Karimnagar,508.0,Net Irrigated Area,Other Source,Other Source,59.0,Karimnagar
113745,2014-2015,Telangana,36,Karimnagar,508.0,Net Irrigated Area,Tank,Tank,18451.0,Karimnagar
113746,2014-2015,Telangana,36,Karimnagar,508.0,Net Irrigated Area,Well,Other Well,244984.0,Karimnagar
113747,2014-2015,Telangana,36,Karimnagar,508.0,Net Irrigated Area,Well,Tubewell,51354.0,Karimnagar
113748,2014-2015,Telangana,36,Khammam,509.0,Gross Irrigated Area,Canal,Government,64629.0,Khammam
113749,2014-2015,Telangana,36,Khammam,509.0,Gross Irrigated Area,Canal,Private,,Khammam
113750,2014-2015,Telangana,36,Khammam,509.0,Gross Irrigated Area,Other Source,Other Source,9841.0,Khammam
113751,2014-2015,Telangana,36,Khammam,509.0,Gross Irrigated Area,Tank,Tank,37208.0,Khammam
113752,2014-2015,Telangana,36,Khammam,509.0,Gross Irrigated Area,Well,Other Well,44331.0,Khammam
113753,2014-2015,Telangana,36,Khammam,509.0,Gross Irrigated Area,Well,Tubewell,62777.0,Khammam
113754,2014-2015,Telangana,36,Khammam,509.0,Net Irrigated Area,Canal,Government,51127.0,Khammam
113755,2014-2015,Telangana,36,Khammam,509.0,Net Irrigated Area,Canal,Private,,Khammam
113756,2014-2015,Telangana,36,Khammam,509.0,Net Irrigated Area,Other Source,Other Source,8127.0,Khammam
113757,2014-2015,Telangana,36,Khammam,509.0,Net Irrigated Area,Tank,Tank,33383.0,Khammam
113758,2014-2015,Telangana,36,Khammam,509.0,Net Irrigated Area,Well,Other Well,36493.0,Khammam
113759,2014-2015,Telangana,36,Khammam,509.0,Net Irrigated Area,Well,Tubewell,48575.0,Khammam
113760,2014-2015,Telangana,36,Mahabubnagar,512.0,Gross Irrigated Area,Canal,Government,36294.0,Mahabubnagar
113761,2014-2015,Telangana,36,Mahabubnagar,512.0,Gross Irrigated Area,Canal,Private,,Mahabubnagar
113762,2014-2015,Telangana,36,Mahabubnagar,512.0,Gross Irrigated Area,Other Source,Other Source,15991.0,Mahabubnagar
113763,2014-2015,Telangana,36,Mahabubnagar,512.0,Gross Irrigated Area,Tank,Tank,3751.0,Mahabubnagar
113764,2014-2015,Telangana,36,Mahabubnagar,512.0,Gross Irrigated Area,Well,Other Well,5332.0,Mahabubnagar
113765,2014-2015,Telangana,36,Mahabubnagar,512.0,Gross Irrigated Area,Well,Tubewell,270391.0,Mahabubnagar
113766,2014-2015,Telangana,36,Mahabubnagar,512.0,Net Irrigated Area,Canal,Government,29579.0,Mahabubnagar
113767,2014-2015,Telangana,36,Mahabubnagar,512.0,Net Irrigated Area,Canal,Private,,Mahabubnagar
113768,2014-2015,Telangana,36,Mahabubnagar,512.0,Net Irrigated Area,Other Source,Other Source,12951.0,Mahabubnagar
113769,2014-2015,Telangana,36,Mahabubnagar,512.0,Net Irrigated Area,Tank,Tank,3727.0,Mahabubnagar
113770,2014-2015,Telangana,36,Mahabubnagar,512.0,Net Irrigated Area,Well,Other Well,4472.0,Mahabubnagar
113771,2014-2015,Telangana,36,Mahabubnagar,512.0,Net Irrigated Area,Well,Tubewell,197940.0,Mahabubnagar
113772,2014-2015,Telangana,36,Medak,513.0,Gross Irrigated Area,Canal,Government,1371.0,Medak
113773,2014-2015,Telangana,36,Medak,513.0,Gross Irrigated Area,Canal,Private,,Medak
113774,2014-2015,Telangana,36,Medak,513.0,Gross Irrigated Area,Other Source,Other Source,1108.0,Medak
113775,2014-2015,Telangana,36,Medak,513.0,Gross Irrigated Area,Tank,Tank,1481.0,Medak
113776,2014-2015,Telangana,36,Medak,513.0,Gross Irrigated Area,Well,Other Well,9186.0,Medak
113777,2014-2015,Telangana,36,Medak,513.0,Gross Irrigated Area,Well,Tubewell,199974.0,Medak
113778,2014-2015,Telangana,36,Medak,513.0,Net Irrigated Area,Canal,Government,1371.0,Medak
113779,2014-2015,Telangana,36,Medak,513.0,Net Irrigated Area,Canal,Private,,Medak
113780,2014-2015,Telangana,36,Medak,513.0,Net Irrigated Area,Other Source,Other Source,1108.0,Medak
113781,2014-2015,Telangana,36,Medak,513.0,Net Irrigated Area,Tank,Tank,1481.0,Medak
113782,2014-2015,Telangana,36,Medak,513.0,Net Irrigated Area,Well,Other Well,6798.0,Medak
113783,2014-2015,Telangana,36,Medak,513.0,Net Irrigated Area,Well,Tubewell,133445.0,Medak
113784,2014-2015,Telangana,36,Nalgonda,514.0,Gross Irrigated Area,Canal,Government,113204.0,Nalgonda
113785,2014-2015,Telangana,36,Nalgonda,514.0,Gross Irrigated Area,Canal,Private,,Nalgonda
113786,2014-2015,Telangana,36,Nalgonda,514.0,Gross Irrigated Area,Other Source,Other Source,17162.0,Nalgonda
113787,2014-2015,Telangana,36,Nalgonda,514.0,Gross Irrigated Area,Tank,Tank,21329.0,Nalgonda
113788,2014-2015,Telangana,36,Nalgonda,514.0,Gross Irrigated Area,Well,Other Well,31156.0,Nalgonda
113789,2014-2015,Telangana,36,Nalgonda,514.0,Gross Irrigated Area,Well,Tubewell,203162.0,Nalgonda
113790,2014-2015,Telangana,36,Nalgonda,514.0,Net Irrigated Area,Canal,Government,67059.0,Nalgonda
113791,2014-2015,Telangana,36,Nalgonda,514.0,Net Irrigated Area,Canal,Private,,Nalgonda
113792,2014-2015,Telangana,36,Nalgonda,514.0,Net Irrigated Area,Other Source,Other Source,11256.0,Nalgonda
113793,2014-2015,Telangana,36,Nalgonda,514.0,Net Irrigated Area,Tank,Tank,12805.0,Nalgonda
113794,2014-2015,Telangana,36,Nalgonda,514.0,Net Irrigated Area,Well,Other Well,20300.0,Nalgonda
113795,2014-2015,Telangana,36,Nalgonda,514.0,Net Irrigated Area,Well,Tubewell,142382.0,Nalgonda
113796,2014-2015,Telangana,36,Nizamabad,516.0,Gross Irrigated Area,Canal,Government,10850.0,Nizamabad
113797,2014-2015,Telangana,36,Nizamabad,516.0,Gross Irrigated Area,Canal,Private,,Nizamabad
113798,2014-2015,Telangana,36,Nizamabad,516.0,Gross Irrigated Area,Other Source,Other Source,4827.0,Nizamabad
113799,2014-2015,Telangana,36,Nizamabad,516.0,Gross Irrigated Area,Tank,Tank,738.0,Nizamabad
113800,2014-2015,Telangana,36,Nizamabad,516.0,Gross Irrigated Area,Well,Other Well,1509.0,Nizamabad
113801,2014-2015,Telangana,36,Nizamabad,516.0,Gross Irrigated Area,Well,Tubewell,286080.0,Nizamabad
113802,2014-2015,Telangana,36,Nizamabad,516.0,Net Irrigated Area,Canal,Government,10711.0,Nizamabad
113803,2014-2015,Telangana,36,Nizamabad,516.0,Net Irrigated Area,Canal,Private,,Nizamabad
113804,2014-2015,Telangana,36,Nizamabad,516.0,Net Irrigated Area,Other Source,Other Source,3119.0,Nizamabad
113805,2014-2015,Telangana,36,Nizamabad,516.0,Net Irrigated Area,Tank,Tank,498.0,Nizamabad
113806,2014-2015,Telangana,36,Nizamabad,516.0,Net Irrigated Area,Well,Other Well,483.0,Nizamabad
113807,2014-2015,Telangana,36,Nizamabad,516.0,Net Irrigated Area,Well,Tubewell,150674.0,Nizamabad
113808,2014-2015,Telangana,36,Ranga Reddy,518.0,Gross Irrigated Area,Canal,Government,505.0,Ranga Reddy
113809,2014-2015,Telangana,36,Ranga Reddy,518.0,Gross Irrigated Area,Canal,Private,,Ranga Reddy
113810,2014-2015,Telangana,36,Ranga Reddy,518.0,Gross Irrigated Area,Other Source,Other Source,2835.0,Ranga Reddy
113811,2014-2015,Telangana,36,Ranga Reddy,518.0,Gross Irrigated Area,Tank,Tank,751.0,Ranga Reddy
113812,2014-2015,Telangana,36,Ranga Reddy,518.0,Gross Irrigated Area,Well,Other Well,1378.0,Ranga Reddy
113813,2014-2015,Telangana,36,Ranga Reddy,518.0,Gross Irrigated Area,Well,Tubewell,79064.0,Ranga Reddy
113814,2014-2015,Telangana,36,Ranga Reddy,518.0,Net Irrigated Area,Canal,Government,294.0,Ranga Reddy
113815,2014-2015,Telangana,36,Ranga Reddy,518.0,Net Irrigated Area,Canal,Private,,Ranga Reddy
113816,2014-2015,Telangana,36,Ranga Reddy,518.0,Net Irrigated Area,Other Source,Other Source,2266.0,Ranga Reddy
113817,2014-2015,Telangana,36,Ranga Reddy,518.0,Net Irrigated Area,Tank,Tank,488.0,Ranga Reddy
113818,2014-2015,Telangana,36,Ranga Reddy,518.0,Net Irrigated Area,Well,Other Well,1092.0,Ranga Reddy
113819,2014-2015,Telangana,36,Ranga Reddy,518.0,Net Irrigated Area,Well,Tubewell,59193.0,Ranga Reddy
113820,2014-2015,Telangana,36,Warangal,522.0,Gross Irrigated Area,Canal,Government,10101.0,Warangal
113821,2014-2015,Telangana,36,Warangal,522.0,Gross Irrigated Area,Canal,Private,,Warangal
113822,2014-2015,Telangana,36,Warangal,522.0,Gross Irrigated Area,Other Source,Other Source,2109.0,Warangal
113823,2014-2015,Telangana,36,Warangal,522.0,Gross Irrigated Area,Tank,Tank,19398.0,Warangal
113824,2014-2015,Telangana,36,Warangal,522.0,Gross Irrigated Area,Well,Other Well,184439.0,Warangal
113825,2014-2015,Telangana,36,Warangal,522.0,Gross Irrigated Area,Well,Tubewell,161763.0,Warangal
113826,2014-2015,Telangana,36,Warangal,522.0,Net Irrigated Area,Canal,Government,7817.0,Warangal
113827,2014-2015,Telangana,36,Warangal,522.0,Net Irrigated Area,Canal,Private,,Warangal
113828,2014-2015,Telangana,36,Warangal,522.0,Net Irrigated Area,Other Source,Other Source,1916.0,Warangal
113829,2014-2015,Telangana,36,Warangal,522.0,Net Irrigated Area,Tank,Tank,17616.0,Warangal
113830,2014-2015,Telangana,36,Warangal,522.0,Net Irrigated Area,Well,Other Well,135026.0,Warangal
113831,2014-2015,Telangana,36,Warangal,522.0,Net Irrigated Area,Well,Tubewell,113662.0,Warangal
120924,2015-2016,Telangana,36,Adilabad,501.0,Gross Irrigated Area,Canal,Government,4930.0,Adilabad
120925,2015-2016,Telangana,36,Adilabad,501.0,Gross Irrigated Area,Canal,Private,,Adilabad
120926,2015-2016,Telangana,36,Adilabad,501.0,Gross Irrigated Area,Other Source,Other Source,3270.0,Adilabad
120927,2015-2016,Telangana,36,Adilabad,501.0,Gross Irrigated Area,Tank,Tank,9042.0,Adilabad
120928,2015-2016,Telangana,36,Adilabad,501.0,Gross Irrigated Area,Well,Other Well,22566.0,Adilabad
120929,2015-2016,Telangana,36,Adilabad,501.0,Gross Irrigated Area,Well,Tubewell,80166.0,Adilabad
120930,2015-2016,Telangana,36,Adilabad,501.0,Net Irrigated Area,Canal,Government,4773.0,Adilabad
120931,2015-2016,Telangana,36,Adilabad,501.0,Net Irrigated Area,Canal,Private,,Adilabad
120932,2015-2016,Telangana,36,Adilabad,501.0,Net Irrigated Area,Other Source,Other Source,1542.0,Adilabad
120933,2015-2016,Telangana,36,Adilabad,501.0,Net Irrigated Area,Tank,Tank,9042.0,Adilabad
120934,2015-2016,Telangana,36,Adilabad,501.0,Net Irrigated Area,Well,Other Well,13162.0,Adilabad
120935,2015-2016,Telangana,36,Adilabad,501.0,Net Irrigated Area,Well,Tubewell,54819.0,Adilabad
120936,2015-2016,Telangana,36,Hyderabad,507.0,Gross Irrigated Area,Canal,Government,,Hyderabad
120937,2015-2016,Telangana,36,Hyderabad,507.0,Gross Irrigated Area,Canal,Private,,Hyderabad
120938,2015-2016,Telangana,36,Hyderabad,507.0,Gross Irrigated Area,Other Source,Other Source,,Hyderabad
120939,2015-2016,Telangana,36,Hyderabad,507.0,Gross Irrigated Area,Tank,Tank,,Hyderabad
120940,2015-2016,Telangana,36,Hyderabad,507.0,Gross Irrigated Area,Well,Other Well,,Hyderabad
120941,2015-2016,Telangana,36,Hyderabad,507.0,Gross Irrigated Area,Well,Tubewell,,Hyderabad
120942,2015-2016,Telangana,36,Hyderabad,507.0,Net Irrigated Area,Canal,Government,,Hyderabad
120943,2015-2016,Telangana,36,Hyderabad,507.0,Net Irrigated Area,Canal,Private,,Hyderabad
120944,2015-2016,Telangana,36,Hyderabad,507.0,Net Irrigated Area,Other Source,Other Source,,Hyderabad
120945,2015-2016,Telangana,36,Hyderabad,507.0,Net Irrigated Area,Tank,Tank,,Hyderabad
120946,2015-2016,Telangana,36,Hyderabad,507.0,Net Irrigated Area,Well,Other Well,,Hyderabad
120947,2015-2016,Telangana,36,Hyderabad,507.0,Net Irrigated Area,Well,Tubewell,,Hyderabad
120948,2015-2016,Telangana,36,Karimnagar,508.0,Gross Irrigated Area,Canal,Government,122.0,Karimnagar
120949,2015-2016,Telangana,36,Karimnagar,508.0,Gross Irrigated Area,Canal,Private,,Karimnagar
120950,2015-2016,Telangana,36,Karimnagar,508.0,Gross Irrigated Area,Other Source,Other Source,1071.0,Karimnagar
120951,2015-2016,Telangana,36,Karimnagar,508.0,Gross Irrigated Area,Tank,Tank,6866.0,Karimnagar
120952,2015-2016,Telangana,36,Karimnagar,508.0,Gross Irrigated Area,Well,Other Well,279472.0,Karimnagar
120953,2015-2016,Telangana,36,Karimnagar,508.0,Gross Irrigated Area,Well,Tubewell,68947.0,Karimnagar
120954,2015-2016,Telangana,36,Karimnagar,508.0,Net Irrigated Area,Canal,Government,122.0,Karimnagar
120955,2015-2016,Telangana,36,Karimnagar,508.0,Net Irrigated Area,Canal,Private,,Karimnagar
120956,2015-2016,Telangana,36,Karimnagar,508.0,Net Irrigated Area,Other Source,Other Source,434.0,Karimnagar
120957,2015-2016,Telangana,36,Karimnagar,508.0,Net Irrigated Area,Tank,Tank,6866.0,Karimnagar
120958,2015-2016,Telangana,36,Karimnagar,508.0,Net Irrigated Area,Well,Other Well,191446.0,Karimnagar
120959,2015-2016,Telangana,36,Karimnagar,508.0,Net Irrigated Area,Well,Tubewell,44334.0,Karimnagar
120960,2015-2016,Telangana,36,Khammam,509.0,Gross Irrigated Area,Canal,Government,20373.0,Khammam
120961,2015-2016,Telangana,36,Khammam,509.0,Gross Irrigated Area,Canal,Private,,Khammam
120962,2015-2016,Telangana,36,Khammam,509.0,Gross Irrigated Area,Other Source,Other Source,10908.0,Khammam
120963,2015-2016,Telangana,36,Khammam,509.0,Gross Irrigated Area,Tank,Tank,40516.0,Khammam
120964,2015-2016,Telangana,36,Khammam,509.0,Gross Irrigated Area,Well,Other Well,46343.0,Khammam
120965,2015-2016,Telangana,36,Khammam,509.0,Gross Irrigated Area,Well,Tubewell,68960.0,Khammam
120966,2015-2016,Telangana,36,Khammam,509.0,Net Irrigated Area,Canal,Government,19821.0,Khammam
120967,2015-2016,Telangana,36,Khammam,509.0,Net Irrigated Area,Canal,Private,,Khammam
120968,2015-2016,Telangana,36,Khammam,509.0,Net Irrigated Area,Other Source,Other Source,8419.0,Khammam
120969,2015-2016,Telangana,36,Khammam,509.0,Net Irrigated Area,Tank,Tank,40516.0,Khammam
120970,2015-2016,Telangana,36,Khammam,509.0,Net Irrigated Area,Well,Other Well,38904.0,Khammam
120971,2015-2016,Telangana,36,Khammam,509.0,Net Irrigated Area,Well,Tubewell,54147.0,Khammam
120972,2015-2016,Telangana,36,Mahabubnagar,512.0,Gross Irrigated Area,Canal,Government,11415.0,Mahabubnagar
120973,2015-2016,Telangana,36,Mahabubnagar,512.0,Gross Irrigated Area,Canal,Private,,Mahabubnagar
120974,2015-2016,Telangana,36,Mahabubnagar,512.0,Gross Irrigated Area,Other Source,Other Source,12329.0,Mahabubnagar
120975,2015-2016,Telangana,36,Mahabubnagar,512.0,Gross Irrigated Area,Tank,Tank,1885.0,Mahabubnagar
120976,2015-2016,Telangana,36,Mahabubnagar,512.0,Gross Irrigated Area,Well,Other Well,6666.0,Mahabubnagar
120977,2015-2016,Telangana,36,Mahabubnagar,512.0,Gross Irrigated Area,Well,Tubewell,210943.0,Mahabubnagar
120978,2015-2016,Telangana,36,Mahabubnagar,512.0,Net Irrigated Area,Canal,Government,11415.0,Mahabubnagar
120979,2015-2016,Telangana,36,Mahabubnagar,512.0,Net Irrigated Area,Canal,Private,,Mahabubnagar
120980,2015-2016,Telangana,36,Mahabubnagar,512.0,Net Irrigated Area,Other Source,Other Source,12002.0,Mahabubnagar
120981,2015-2016,Telangana,36,Mahabubnagar,512.0,Net Irrigated Area,Tank,Tank,1885.0,Mahabubnagar
120982,2015-2016,Telangana,36,Mahabubnagar,512.0,Net Irrigated Area,Well,Other Well,6611.0,Mahabubnagar
120983,2015-2016,Telangana,36,Mahabubnagar,512.0,Net Irrigated Area,Well,Tubewell,180051.0,Mahabubnagar
120984,2015-2016,Telangana,36,Medak,513.0,Gross Irrigated Area,Canal,Government,,Medak
120985,2015-2016,Telangana,36,Medak,513.0,Gross Irrigated Area,Canal,Private,,Medak
120986,2015-2016,Telangana,36,Medak,513.0,Gross Irrigated Area,Other Source,Other Source,197.0,Medak
120987,2015-2016,Telangana,36,Medak,513.0,Gross Irrigated Area,Tank,Tank,108.0,Medak
120988,2015-2016,Telangana,36,Medak,513.0,Gross Irrigated Area,Well,Other Well,5788.0,Medak
120989,2015-2016,Telangana,36,Medak,513.0,Gross Irrigated Area,Well,Tubewell,165127.0,Medak
120990,2015-2016,Telangana,36,Medak,513.0,Net Irrigated Area,Canal,Government,,Medak
120991,2015-2016,Telangana,36,Medak,513.0,Net Irrigated Area,Canal,Private,,Medak
120992,2015-2016,Telangana,36,Medak,513.0,Net Irrigated Area,Other Source,Other Source,197.0,Medak
120993,2015-2016,Telangana,36,Medak,513.0,Net Irrigated Area,Tank,Tank,108.0,Medak
120994,2015-2016,Telangana,36,Medak,513.0,Net Irrigated Area,Well,Other Well,3915.0,Medak
120995,2015-2016,Telangana,36,Medak,513.0,Net Irrigated Area,Well,Tubewell,109516.0,Medak
120996,2015-2016,Telangana,36,Nalgonda,514.0,Gross Irrigated Area,Canal,Government,5259.0,Nalgonda
120997,2015-2016,Telangana,36,Nalgonda,514.0,Gross Irrigated Area,Canal,Private,,Nalgonda
120998,2015-2016,Telangana,36,Nalgonda,514.0,Gross Irrigated Area,Other Source,Other Source,9608.0,Nalgonda
120999,2015-2016,Telangana,36,Nalgonda,514.0,Gross Irrigated Area,Tank,Tank,7544.0,Nalgonda
121000,2015-2016,Telangana,36,Nalgonda,514.0,Gross Irrigated Area,Well,Other Well,53510.0,Nalgonda
121001,2015-2016,Telangana,36,Nalgonda,514.0,Gross Irrigated Area,Well,Tubewell,197605.0,Nalgonda
121002,2015-2016,Telangana,36,Nalgonda,514.0,Net Irrigated Area,Canal,Government,3743.0,Nalgonda
121003,2015-2016,Telangana,36,Nalgonda,514.0,Net Irrigated Area,Canal,Private,,Nalgonda
121004,2015-2016,Telangana,36,Nalgonda,514.0,Net Irrigated Area,Other Source,Other Source,4829.0,Nalgonda
121005,2015-2016,Telangana,36,Nalgonda,514.0,Net Irrigated Area,Tank,Tank,7544.0,Nalgonda
121006,2015-2016,Telangana,36,Nalgonda,514.0,Net Irrigated Area,Well,Other Well,36952.0,Nalgonda
121007,2015-2016,Telangana,36,Nalgonda,514.0,Net Irrigated Area,Well,Tubewell,136237.0,Nalgonda
121008,2015-2016,Telangana,36,Nizamabad,516.0,Gross Irrigated Area,Canal,Government,,Nizamabad
121009,2015-2016,Telangana,36,Nizamabad,516.0,Gross Irrigated Area,Canal,Private,,Nizamabad
121010,2015-2016,Telangana,36,Nizamabad,516.0,Gross Irrigated Area,Other Source,Other Source,804.0,Nizamabad
121011,2015-2016,Telangana,36,Nizamabad,516.0,Gross Irrigated Area,Tank,Tank,25.0,Nizamabad
121012,2015-2016,Telangana,36,Nizamabad,516.0,Gross Irrigated Area,Well,Other Well,221.0,Nizamabad
121013,2015-2016,Telangana,36,Nizamabad,516.0,Gross Irrigated Area,Well,Tubewell,198028.0,Nizamabad
121014,2015-2016,Telangana,36,Nizamabad,516.0,Net Irrigated Area,Canal,Government,,Nizamabad
121015,2015-2016,Telangana,36,Nizamabad,516.0,Net Irrigated Area,Canal,Private,,Nizamabad
121016,2015-2016,Telangana,36,Nizamabad,516.0,Net Irrigated Area,Other Source,Other Source,723.0,Nizamabad
121017,2015-2016,Telangana,36,Nizamabad,516.0,Net Irrigated Area,Tank,Tank,25.0,Nizamabad
121018,2015-2016,Telangana,36,Nizamabad,516.0,Net Irrigated Area,Well,Other Well,39.0,Nizamabad
121019,2015-2016,Telangana,36,Nizamabad,516.0,Net Irrigated Area,Well,Tubewell,126838.0,Nizamabad
121020,2015-2016,Telangana,36,Ranga Reddy,518.0,Gross Irrigated Area,Canal,Government,,Ranga Reddy
121021,2015-2016,Telangana,36,Ranga Reddy,518.0,Gross Irrigated Area,Canal,Private,,Ranga Reddy
121022,2015-2016,Telangana,36,Ranga Reddy,518.0,Gross Irrigated Area,Other Source,Other Source,2404.0,Ranga Reddy
121023,2015-2016,Telangana,36,Ranga Reddy,518.0,Gross Irrigated Area,Tank,Tank,483.0,Ranga Reddy
121024,2015-2016,Telangana,36,Ranga Reddy,518.0,Gross Irrigated Area,Well,Other Well,1204.0,Ranga Reddy
121025,2015-2016,Telangana,36,Ranga Reddy,518.0,Gross Irrigated Area,Well,Tubewell,62026.0,Ranga Reddy
121026,2015-2016,Telangana,36,Ranga Reddy,518.0,Net Irrigated Area,Canal,Government,,Ranga Reddy
121027,2015-2016,Telangana,36,Ranga Reddy,518.0,Net Irrigated Area,Canal,Private,,Ranga Reddy
121028,2015-2016,Telangana,36,Ranga Reddy,518.0,Net Irrigated Area,Other Source,Other Source,1336.0,Ranga Reddy
121029,2015-2016,Telangana,36,Ranga Reddy,518.0,Net Irrigated Area,Tank,Tank,483.0,Ranga Reddy
121030,2015-2016,Telangana,36,Ranga Reddy,518.0,Net Irrigated Area,Well,Other Well,930.0,Ranga Reddy
121031,2015-2016,Telangana,36,Ranga Reddy,518.0,Net Irrigated Area,Well,Tubewell,44563.0,Ranga Reddy
121032,2015-2016,Telangana,36,Warangal,522.0,Gross Irrigated Area,Canal,Government,19084.0,Warangal
121033,2015-2016,Telangana,36,Warangal,522.0,Gross Irrigated Area,Canal,Private,,Warangal
121034,2015-2016,Telangana,36,Warangal,522.0,Gross Irrigated Area,Other Source,Other Source,7861.0,Warangal
121035,2015-2016,Telangana,36,Warangal,522.0,Gross Irrigated Area,Tank,Tank,46056.0,Warangal
121036,2015-2016,Telangana,36,Warangal,522.0,Gross Irrigated Area,Well,Other Well,196638.0,Warangal
121037,2015-2016,Telangana,36,Warangal,522.0,Gross Irrigated Area,Well,Tubewell,141293.0,Warangal
121038,2015-2016,Telangana,36,Warangal,522.0,Net Irrigated Area,Canal,Government,12827.0,Warangal
121039,2015-2016,Telangana,36,Warangal,522.0,Net Irrigated Area,Canal,Private,,Warangal
121040,2015-2016,Telangana,36,Warangal,522.0,Net Irrigated Area,Other Source,Other Source,3976.0,Warangal
121041,2015-2016,Telangana,36,Warangal,522.0,Net Irrigated Area,Tank,Tank,46056.0,Warangal
121042,2015-2016,Telangana,36,Warangal,522.0,Net Irrigated Area,Well,Other Well,148135.0,Warangal
121043,2015-2016,Telangana,36,Warangal,522.0,Net Irrigated Area,Well,Tubewell,96958.0,Warangal
128175,2016-2017,Telangana,36,Hyderabad,507.0,Gross Irrigated Area,Tank,Tank,,Hyderabad
128301,2016-2017,Telangana,36,Mahabubnagar,512.0,Net Irrigated Area,Tank,Tank,1246.0,Mahabubnagar
128136,2016-2017,Telangana,36,Adilabad,501.0,Gross Irrigated Area,Canal,Government,48726.0,Adilabad
128137,2016-2017,Telangana,36,Adilabad,501.0,Gross Irrigated Area,Canal,Private,,Adilabad
128138,2016-2017,Telangana,36,Adilabad,501.0,Gross Irrigated Area,Other Source,Other Source,8137.0,Adilabad
128139,2016-2017,Telangana,36,Adilabad,501.0,Gross Irrigated Area,Tank,Tank,2025.0,Adilabad
128140,2016-2017,Telangana,36,Adilabad,501.0,Gross Irrigated Area,Well,Other Well,96.0,Adilabad
128141,2016-2017,Telangana,36,Adilabad,501.0,Gross Irrigated Area,Well,Tubewell,9465.0,Adilabad
128142,2016-2017,Telangana,36,Adilabad,501.0,Net Irrigated Area,Canal,Government,16567.0,Adilabad
128143,2016-2017,Telangana,36,Adilabad,501.0,Net Irrigated Area,Canal,Private,,Adilabad
128144,2016-2017,Telangana,36,Adilabad,501.0,Net Irrigated Area,Other Source,Other Source,8137.0,Adilabad
128145,2016-2017,Telangana,36,Adilabad,501.0,Net Irrigated Area,Tank,Tank,2025.0,Adilabad
128146,2016-2017,Telangana,36,Adilabad,501.0,Net Irrigated Area,Well,Other Well,96.0,Adilabad
128147,2016-2017,Telangana,36,Adilabad,501.0,Net Irrigated Area,Well,Tubewell,5300.0,Adilabad
128148,2016-2017,Telangana,36,Bhadradri Kothagudem,690.0,Gross Irrigated Area,Canal,Government,17326.0,Khammam
128149,2016-2017,Telangana,36,Bhadradri Kothagudem,690.0,Gross Irrigated Area,Canal,Private,,Khammam
128150,2016-2017,Telangana,36,Bhadradri Kothagudem,690.0,Gross Irrigated Area,Other Source,Other Source,9006.0,Khammam
128151,2016-2017,Telangana,36,Bhadradri Kothagudem,690.0,Gross Irrigated Area,Tank,Tank,31863.0,Khammam
128152,2016-2017,Telangana,36,Bhadradri Kothagudem,690.0,Gross Irrigated Area,Well,Other Well,188.0,Khammam
128153,2016-2017,Telangana,36,Bhadradri Kothagudem,690.0,Gross Irrigated Area,Well,Tubewell,18587.0,Khammam
128154,2016-2017,Telangana,36,Bhadradri Kothagudem,690.0,Net Irrigated Area,Canal,Government,12689.0,Khammam
128155,2016-2017,Telangana,36,Bhadradri Kothagudem,690.0,Net Irrigated Area,Canal,Private,,Khammam
128156,2016-2017,Telangana,36,Bhadradri Kothagudem,690.0,Net Irrigated Area,Other Source,Other Source,6754.0,Khammam
128157,2016-2017,Telangana,36,Bhadradri Kothagudem,690.0,Net Irrigated Area,Tank,Tank,28995.0,Khammam
128158,2016-2017,Telangana,36,Bhadradri Kothagudem,690.0,Net Irrigated Area,Well,Other Well,124.0,Khammam
128159,2016-2017,Telangana,36,Bhadradri Kothagudem,690.0,Net Irrigated Area,Well,Tubewell,13383.0,Khammam
128160,2016-2017,Telangana,36,Hanumakonda,686.0,Gross Irrigated Area,Canal,Government,39058.0,Warangal
128161,2016-2017,Telangana,36,Hanumakonda,686.0,Gross Irrigated Area,Canal,Private,,Warangal
128162,2016-2017,Telangana,36,Hanumakonda,686.0,Gross Irrigated Area,Other Source,Other Source,,Warangal
128163,2016-2017,Telangana,36,Hanumakonda,686.0,Gross Irrigated Area,Tank,Tank,8235.0,Warangal
128164,2016-2017,Telangana,36,Hanumakonda,686.0,Gross Irrigated Area,Well,Other Well,26304.0,Warangal
128165,2016-2017,Telangana,36,Hanumakonda,686.0,Gross Irrigated Area,Well,Tubewell,6576.0,Warangal
128166,2016-2017,Telangana,36,Hanumakonda,686.0,Net Irrigated Area,Canal,Government,19029.0,Warangal
128167,2016-2017,Telangana,36,Hanumakonda,686.0,Net Irrigated Area,Canal,Private,,Warangal
128168,2016-2017,Telangana,36,Hanumakonda,686.0,Net Irrigated Area,Other Source,Other Source,,Warangal
128169,2016-2017,Telangana,36,Hanumakonda,686.0,Net Irrigated Area,Tank,Tank,3294.0,Warangal
128170,2016-2017,Telangana,36,Hanumakonda,686.0,Net Irrigated Area,Well,Other Well,16571.0,Warangal
128171,2016-2017,Telangana,36,Hanumakonda,686.0,Net Irrigated Area,Well,Tubewell,4340.0,Warangal
128172,2016-2017,Telangana,36,Hyderabad,507.0,Gross Irrigated Area,Canal,Government,,Hyderabad
128173,2016-2017,Telangana,36,Hyderabad,507.0,Gross Irrigated Area,Canal,Private,,Hyderabad
128174,2016-2017,Telangana,36,Hyderabad,507.0,Gross Irrigated Area,Other Source,Other Source,,Hyderabad
128176,2016-2017,Telangana,36,Hyderabad,507.0,Gross Irrigated Area,Well,Other Well,,Hyderabad
128177,2016-2017,Telangana,36,Hyderabad,507.0,Gross Irrigated Area,Well,Tubewell,,Hyderabad
128178,2016-2017,Telangana,36,Hyderabad,507.0,Net Irrigated Area,Canal,Government,,Hyderabad
128179,2016-2017,Telangana,36,Hyderabad,507.0,Net Irrigated Area,Canal,Private,,Hyderabad
128180,2016-2017,Telangana,36,Hyderabad,507.0,Net Irrigated Area,Other Source,Other Source,,Hyderabad
128181,2016-2017,Telangana,36,Hyderabad,507.0,Net Irrigated Area,Tank,Tank,,Hyderabad
128182,2016-2017,Telangana,36,Hyderabad,507.0,Net Irrigated Area,Well,Other Well,,Hyderabad
128183,2016-2017,Telangana,36,Hyderabad,507.0,Net Irrigated Area,Well,Tubewell,,Hyderabad
128184,2016-2017,Telangana,36,Jagitial,681.0,Gross Irrigated Area,Canal,Government,137517.0,Karimnagar
128185,2016-2017,Telangana,36,Jagitial,681.0,Gross Irrigated Area,Canal,Private,,Karimnagar
128186,2016-2017,Telangana,36,Jagitial,681.0,Gross Irrigated Area,Other Source,Other Source,23.0,Karimnagar
128187,2016-2017,Telangana,36,Jagitial,681.0,Gross Irrigated Area,Tank,Tank,15285.0,Karimnagar
128188,2016-2017,Telangana,36,Jagitial,681.0,Gross Irrigated Area,Well,Other Well,26375.0,Karimnagar
128189,2016-2017,Telangana,36,Jagitial,681.0,Gross Irrigated Area,Well,Tubewell,7439.0,Karimnagar
128190,2016-2017,Telangana,36,Jagitial,681.0,Net Irrigated Area,Canal,Government,101660.0,Karimnagar
128191,2016-2017,Telangana,36,Jagitial,681.0,Net Irrigated Area,Canal,Private,,Karimnagar
128192,2016-2017,Telangana,36,Jagitial,681.0,Net Irrigated Area,Other Source,Other Source,23.0,Karimnagar
128193,2016-2017,Telangana,36,Jagitial,681.0,Net Irrigated Area,Tank,Tank,11158.0,Karimnagar
128194,2016-2017,Telangana,36,Jagitial,681.0,Net Irrigated Area,Well,Other Well,18726.0,Karimnagar
128195,2016-2017,Telangana,36,Jagitial,681.0,Net Irrigated Area,Well,Tubewell,4612.0,Karimnagar
128196,2016-2017,Telangana,36,Jangoan,689.0,Gross Irrigated Area,Canal,Government,17055.0,Warangal
128197,2016-2017,Telangana,36,Jangoan,689.0,Gross Irrigated Area,Canal,Private,,Warangal
128198,2016-2017,Telangana,36,Jangoan,689.0,Gross Irrigated Area,Other Source,Other Source,,Warangal
128199,2016-2017,Telangana,36,Jangoan,689.0,Gross Irrigated Area,Tank,Tank,11821.0,Warangal
128200,2016-2017,Telangana,36,Jangoan,689.0,Gross Irrigated Area,Well,Other Well,12261.0,Warangal
128201,2016-2017,Telangana,36,Jangoan,689.0,Gross Irrigated Area,Well,Tubewell,38825.0,Warangal
128202,2016-2017,Telangana,36,Jangoan,689.0,Net Irrigated Area,Canal,Government,11732.0,Warangal
128203,2016-2017,Telangana,36,Jangoan,689.0,Net Irrigated Area,Canal,Private,,Warangal
128204,2016-2017,Telangana,36,Jangoan,689.0,Net Irrigated Area,Other Source,Other Source,,Warangal
128205,2016-2017,Telangana,36,Jangoan,689.0,Net Irrigated Area,Tank,Tank,10994.0,Warangal
128206,2016-2017,Telangana,36,Jangoan,689.0,Net Irrigated Area,Well,Other Well,11035.0,Warangal
128207,2016-2017,Telangana,36,Jangoan,689.0,Net Irrigated Area,Well,Tubewell,26013.0,Warangal
128208,2016-2017,Telangana,36,Jayashankar Bhupalapally,687.0,Gross Irrigated Area,Canal,Government,68534.0,Warangal
128209,2016-2017,Telangana,36,Jayashankar Bhupalapally,687.0,Gross Irrigated Area,Canal,Private,,Warangal
128210,2016-2017,Telangana,36,Jayashankar Bhupalapally,687.0,Gross Irrigated Area,Other Source,Other Source,2672.0,Warangal
128211,2016-2017,Telangana,36,Jayashankar Bhupalapally,687.0,Gross Irrigated Area,Tank,Tank,11370.0,Warangal
128212,2016-2017,Telangana,36,Jayashankar Bhupalapally,687.0,Gross Irrigated Area,Well,Other Well,11211.0,Warangal
128213,2016-2017,Telangana,36,Jayashankar Bhupalapally,687.0,Gross Irrigated Area,Well,Tubewell,33635.0,Warangal
128214,2016-2017,Telangana,36,Jayashankar Bhupalapally,687.0,Net Irrigated Area,Canal,Government,52068.0,Warangal
128215,2016-2017,Telangana,36,Jayashankar Bhupalapally,687.0,Net Irrigated Area,Canal,Private,,Warangal
128216,2016-2017,Telangana,36,Jayashankar Bhupalapally,687.0,Net Irrigated Area,Other Source,Other Source,1817.0,Warangal
128217,2016-2017,Telangana,36,Jayashankar Bhupalapally,687.0,Net Irrigated Area,Tank,Tank,9551.0,Warangal
128218,2016-2017,Telangana,36,Jayashankar Bhupalapally,687.0,Net Irrigated Area,Well,Other Well,9866.0,Warangal
128219,2016-2017,Telangana,36,Jayashankar Bhupalapally,687.0,Net Irrigated Area,Well,Tubewell,23881.0,Warangal
128220,2016-2017,Telangana,36,Jogulamba Gadwal,695.0,Gross Irrigated Area,Canal,Government,49630.0,Mahabubnagar
128221,2016-2017,Telangana,36,Jogulamba Gadwal,695.0,Gross Irrigated Area,Canal,Private,,Mahabubnagar
128222,2016-2017,Telangana,36,Jogulamba Gadwal,695.0,Gross Irrigated Area,Other Source,Other Source,1715.0,Mahabubnagar
128223,2016-2017,Telangana,36,Jogulamba Gadwal,695.0,Gross Irrigated Area,Tank,Tank,3187.0,Mahabubnagar
128224,2016-2017,Telangana,36,Jogulamba Gadwal,695.0,Gross Irrigated Area,Well,Other Well,1395.0,Mahabubnagar
128225,2016-2017,Telangana,36,Jogulamba Gadwal,695.0,Gross Irrigated Area,Well,Tubewell,21858.0,Mahabubnagar
128226,2016-2017,Telangana,36,Jogulamba Gadwal,695.0,Net Irrigated Area,Canal,Government,42886.0,Mahabubnagar
128227,2016-2017,Telangana,36,Jogulamba Gadwal,695.0,Net Irrigated Area,Canal,Private,,Mahabubnagar
128228,2016-2017,Telangana,36,Jogulamba Gadwal,695.0,Net Irrigated Area,Other Source,Other Source,1646.0,Mahabubnagar
128229,2016-2017,Telangana,36,Jogulamba Gadwal,695.0,Net Irrigated Area,Tank,Tank,2454.0,Mahabubnagar
128230,2016-2017,Telangana,36,Jogulamba Gadwal,695.0,Net Irrigated Area,Well,Other Well,1158.0,Mahabubnagar
128231,2016-2017,Telangana,36,Jogulamba Gadwal,695.0,Net Irrigated Area,Well,Tubewell,16612.0,Mahabubnagar
128232,2016-2017,Telangana,36,Kamareddy,685.0,Gross Irrigated Area,Canal,Government,10164.0,Nizamabad
128233,2016-2017,Telangana,36,Kamareddy,685.0,Gross Irrigated Area,Canal,Private,,Nizamabad
128234,2016-2017,Telangana,36,Kamareddy,685.0,Gross Irrigated Area,Other Source,Other Source,8357.0,Nizamabad
128235,2016-2017,Telangana,36,Kamareddy,685.0,Gross Irrigated Area,Tank,Tank,5634.0,Nizamabad
128236,2016-2017,Telangana,36,Kamareddy,685.0,Gross Irrigated Area,Well,Other Well,,Nizamabad
128237,2016-2017,Telangana,36,Kamareddy,685.0,Gross Irrigated Area,Well,Tubewell,88571.0,Nizamabad
128238,2016-2017,Telangana,36,Kamareddy,685.0,Net Irrigated Area,Canal,Government,3778.0,Nizamabad
128239,2016-2017,Telangana,36,Kamareddy,685.0,Net Irrigated Area,Canal,Private,,Nizamabad
128240,2016-2017,Telangana,36,Kamareddy,685.0,Net Irrigated Area,Other Source,Other Source,8357.0,Nizamabad
128241,2016-2017,Telangana,36,Kamareddy,685.0,Net Irrigated Area,Tank,Tank,5521.0,Nizamabad
128242,2016-2017,Telangana,36,Kamareddy,685.0,Net Irrigated Area,Well,Other Well,,Nizamabad
128243,2016-2017,Telangana,36,Kamareddy,685.0,Net Irrigated Area,Well,Tubewell,56685.0,Nizamabad
128244,2016-2017,Telangana,36,Karimnagar,508.0,Gross Irrigated Area,Canal,Government,142417.0,Karimnagar
128245,2016-2017,Telangana,36,Karimnagar,508.0,Gross Irrigated Area,Canal,Private,,Karimnagar
128246,2016-2017,Telangana,36,Karimnagar,508.0,Gross Irrigated Area,Other Source,Other Source,352.0,Karimnagar
128247,2016-2017,Telangana,36,Karimnagar,508.0,Gross Irrigated Area,Tank,Tank,9635.0,Karimnagar
128248,2016-2017,Telangana,36,Karimnagar,508.0,Gross Irrigated Area,Well,Other Well,14633.0,Karimnagar
128249,2016-2017,Telangana,36,Karimnagar,508.0,Gross Irrigated Area,Well,Tubewell,1272.0,Karimnagar
128250,2016-2017,Telangana,36,Karimnagar,508.0,Net Irrigated Area,Canal,Government,91105.0,Karimnagar
128251,2016-2017,Telangana,36,Karimnagar,508.0,Net Irrigated Area,Canal,Private,,Karimnagar
128252,2016-2017,Telangana,36,Karimnagar,508.0,Net Irrigated Area,Other Source,Other Source,352.0,Karimnagar
128253,2016-2017,Telangana,36,Karimnagar,508.0,Net Irrigated Area,Tank,Tank,8671.0,Karimnagar
128254,2016-2017,Telangana,36,Karimnagar,508.0,Net Irrigated Area,Well,Other Well,6374.0,Karimnagar
128255,2016-2017,Telangana,36,Karimnagar,508.0,Net Irrigated Area,Well,Tubewell,713.0,Karimnagar
128256,2016-2017,Telangana,36,Khammam,509.0,Gross Irrigated Area,Canal,Government,122032.0,Khammam
128257,2016-2017,Telangana,36,Khammam,509.0,Gross Irrigated Area,Canal,Private,,Khammam
128258,2016-2017,Telangana,36,Khammam,509.0,Gross Irrigated Area,Other Source,Other Source,781.0,Khammam
128259,2016-2017,Telangana,36,Khammam,509.0,Gross Irrigated Area,Tank,Tank,16567.0,Khammam
128260,2016-2017,Telangana,36,Khammam,509.0,Gross Irrigated Area,Well,Other Well,3692.0,Khammam
128261,2016-2017,Telangana,36,Khammam,509.0,Gross Irrigated Area,Well,Tubewell,6857.0,Khammam
128262,2016-2017,Telangana,36,Khammam,509.0,Net Irrigated Area,Canal,Government,89046.0,Khammam
128263,2016-2017,Telangana,36,Khammam,509.0,Net Irrigated Area,Canal,Private,,Khammam
128264,2016-2017,Telangana,36,Khammam,509.0,Net Irrigated Area,Other Source,Other Source,601.0,Khammam
128265,2016-2017,Telangana,36,Khammam,509.0,Net Irrigated Area,Tank,Tank,13254.0,Khammam
128266,2016-2017,Telangana,36,Khammam,509.0,Net Irrigated Area,Well,Other Well,3249.0,Khammam
128267,2016-2017,Telangana,36,Khammam,509.0,Net Irrigated Area,Well,Tubewell,5897.0,Khammam
128268,2016-2017,Telangana,36,Kumuram Bheem Asifabad,699.0,Gross Irrigated Area,Canal,Government,41175.0,Adilabad
128269,2016-2017,Telangana,36,Kumuram Bheem Asifabad,699.0,Gross Irrigated Area,Canal,Private,,Adilabad
128270,2016-2017,Telangana,36,Kumuram Bheem Asifabad,699.0,Gross Irrigated Area,Other Source,Other Source,3433.0,Adilabad
128271,2016-2017,Telangana,36,Kumuram Bheem Asifabad,699.0,Gross Irrigated Area,Tank,Tank,7112.0,Adilabad
128272,2016-2017,Telangana,36,Kumuram Bheem Asifabad,699.0,Gross Irrigated Area,Well,Other Well,1868.0,Adilabad
128273,2016-2017,Telangana,36,Kumuram Bheem Asifabad,699.0,Gross Irrigated Area,Well,Tubewell,5317.0,Adilabad
128274,2016-2017,Telangana,36,Kumuram Bheem Asifabad,699.0,Net Irrigated Area,Canal,Government,26352.0,Adilabad
128275,2016-2017,Telangana,36,Kumuram Bheem Asifabad,699.0,Net Irrigated Area,Canal,Private,,Adilabad
128276,2016-2017,Telangana,36,Kumuram Bheem Asifabad,699.0,Net Irrigated Area,Other Source,Other Source,1511.0,Adilabad
128277,2016-2017,Telangana,36,Kumuram Bheem Asifabad,699.0,Net Irrigated Area,Tank,Tank,6259.0,Adilabad
128278,2016-2017,Telangana,36,Kumuram Bheem Asifabad,699.0,Net Irrigated Area,Well,Other Well,953.0,Adilabad
128279,2016-2017,Telangana,36,Kumuram Bheem Asifabad,699.0,Net Irrigated Area,Well,Tubewell,2393.0,Adilabad
128280,2016-2017,Telangana,36,Mahabubabad,688.0,Gross Irrigated Area,Canal,Government,57614.0,Warangal
128281,2016-2017,Telangana,36,Mahabubabad,688.0,Gross Irrigated Area,Canal,Private,,Warangal
128282,2016-2017,Telangana,36,Mahabubabad,688.0,Gross Irrigated Area,Other Source,Other Source,1048.0,Warangal
128283,2016-2017,Telangana,36,Mahabubabad,688.0,Gross Irrigated Area,Tank,Tank,10863.0,Warangal
128284,2016-2017,Telangana,36,Mahabubabad,688.0,Gross Irrigated Area,Well,Other Well,34193.0,Warangal
128285,2016-2017,Telangana,36,Mahabubabad,688.0,Gross Irrigated Area,Well,Tubewell,12014.0,Warangal
128286,2016-2017,Telangana,36,Mahabubabad,688.0,Net Irrigated Area,Canal,Government,49643.0,Warangal
128287,2016-2017,Telangana,36,Mahabubabad,688.0,Net Irrigated Area,Canal,Private,,Warangal
128288,2016-2017,Telangana,36,Mahabubabad,688.0,Net Irrigated Area,Other Source,Other Source,964.0,Warangal
128289,2016-2017,Telangana,36,Mahabubabad,688.0,Net Irrigated Area,Tank,Tank,7170.0,Warangal
128290,2016-2017,Telangana,36,Mahabubabad,688.0,Net Irrigated Area,Well,Other Well,30432.0,Warangal
128291,2016-2017,Telangana,36,Mahabubabad,688.0,Net Irrigated Area,Well,Tubewell,9731.0,Warangal
128292,2016-2017,Telangana,36,Mahabubnagar,512.0,Gross Irrigated Area,Canal,Government,47816.0,Mahabubnagar
128293,2016-2017,Telangana,36,Mahabubnagar,512.0,Gross Irrigated Area,Canal,Private,,Mahabubnagar
128294,2016-2017,Telangana,36,Mahabubnagar,512.0,Gross Irrigated Area,Other Source,Other Source,2033.0,Mahabubnagar
128295,2016-2017,Telangana,36,Mahabubnagar,512.0,Gross Irrigated Area,Tank,Tank,1340.0,Mahabubnagar
128296,2016-2017,Telangana,36,Mahabubnagar,512.0,Gross Irrigated Area,Well,Other Well,,Mahabubnagar
128297,2016-2017,Telangana,36,Mahabubnagar,512.0,Gross Irrigated Area,Well,Tubewell,31354.0,Mahabubnagar
128298,2016-2017,Telangana,36,Mahabubnagar,512.0,Net Irrigated Area,Canal,Government,34360.0,Mahabubnagar
128299,2016-2017,Telangana,36,Mahabubnagar,512.0,Net Irrigated Area,Canal,Private,,Mahabubnagar
128300,2016-2017,Telangana,36,Mahabubnagar,512.0,Net Irrigated Area,Other Source,Other Source,1911.0,Mahabubnagar
128302,2016-2017,Telangana,36,Mahabubnagar,512.0,Net Irrigated Area,Well,Other Well,,Mahabubnagar
128303,2016-2017,Telangana,36,Mahabubnagar,512.0,Net Irrigated Area,Well,Tubewell,22575.0,Mahabubnagar
128304,2016-2017,Telangana,36,Mancherial,684.0,Gross Irrigated Area,Canal,Government,62010.0,Adilabad
128305,2016-2017,Telangana,36,Mancherial,684.0,Gross Irrigated Area,Canal,Private,,Adilabad
128306,2016-2017,Telangana,36,Mancherial,684.0,Gross Irrigated Area,Other Source,Other Source,2265.0,Adilabad
128307,2016-2017,Telangana,36,Mancherial,684.0,Gross Irrigated Area,Tank,Tank,9357.0,Adilabad
128308,2016-2017,Telangana,36,Mancherial,684.0,Gross Irrigated Area,Well,Other Well,2857.0,Adilabad
128309,2016-2017,Telangana,36,Mancherial,684.0,Gross Irrigated Area,Well,Tubewell,4111.0,Adilabad
128310,2016-2017,Telangana,36,Mancherial,684.0,Net Irrigated Area,Canal,Government,18033.0,Adilabad
128311,2016-2017,Telangana,36,Mancherial,684.0,Net Irrigated Area,Canal,Private,,Adilabad
128312,2016-2017,Telangana,36,Mancherial,684.0,Net Irrigated Area,Other Source,Other Source,317.0,Adilabad
128313,2016-2017,Telangana,36,Mancherial,684.0,Net Irrigated Area,Tank,Tank,6643.0,Adilabad
128314,2016-2017,Telangana,36,Mancherial,684.0,Net Irrigated Area,Well,Other Well,2028.0,Adilabad
128315,2016-2017,Telangana,36,Mancherial,684.0,Net Irrigated Area,Well,Tubewell,3083.0,Adilabad
128316,2016-2017,Telangana,36,Medak,513.0,Gross Irrigated Area,Canal,Government,36389.0,Medak
128317,2016-2017,Telangana,36,Medak,513.0,Gross Irrigated Area,Canal,Private,,Medak
128318,2016-2017,Telangana,36,Medak,513.0,Gross Irrigated Area,Other Source,Other Source,2549.0,Medak
128319,2016-2017,Telangana,36,Medak,513.0,Gross Irrigated Area,Tank,Tank,1666.0,Medak
128320,2016-2017,Telangana,36,Medak,513.0,Gross Irrigated Area,Well,Other Well,,Medak
128321,2016-2017,Telangana,36,Medak,513.0,Gross Irrigated Area,Well,Tubewell,55321.0,Medak
128322,2016-2017,Telangana,36,Medak,513.0,Net Irrigated Area,Canal,Government,24270.0,Medak
128323,2016-2017,Telangana,36,Medak,513.0,Net Irrigated Area,Canal,Private,,Medak
128324,2016-2017,Telangana,36,Medak,513.0,Net Irrigated Area,Other Source,Other Source,2549.0,Medak
128325,2016-2017,Telangana,36,Medak,513.0,Net Irrigated Area,Tank,Tank,1666.0,Medak
128326,2016-2017,Telangana,36,Medak,513.0,Net Irrigated Area,Well,Other Well,,Medak
128327,2016-2017,Telangana,36,Medak,513.0,Net Irrigated Area,Well,Tubewell,35959.0,Medak
128328,2016-2017,Telangana,36,Medchal Malkajgiri,700.0,Gross Irrigated Area,Canal,Government,,Ranga Reddy
128329,2016-2017,Telangana,36,Medchal Malkajgiri,700.0,Gross Irrigated Area,Canal,Private,,Ranga Reddy
128330,2016-2017,Telangana,36,Medchal Malkajgiri,700.0,Gross Irrigated Area,Other Source,Other Source,474.0,Ranga Reddy
128331,2016-2017,Telangana,36,Medchal Malkajgiri,700.0,Gross Irrigated Area,Tank,Tank,318.0,Ranga Reddy
128332,2016-2017,Telangana,36,Medchal Malkajgiri,700.0,Gross Irrigated Area,Well,Other Well,,Ranga Reddy
128333,2016-2017,Telangana,36,Medchal Malkajgiri,700.0,Gross Irrigated Area,Well,Tubewell,9802.0,Ranga Reddy
128334,2016-2017,Telangana,36,Medchal Malkajgiri,700.0,Net Irrigated Area,Canal,Government,,Ranga Reddy
128335,2016-2017,Telangana,36,Medchal Malkajgiri,700.0,Net Irrigated Area,Canal,Private,,Ranga Reddy
128336,2016-2017,Telangana,36,Medchal Malkajgiri,700.0,Net Irrigated Area,Other Source,Other Source,265.0,Ranga Reddy
128337,2016-2017,Telangana,36,Medchal Malkajgiri,700.0,Net Irrigated Area,Tank,Tank,162.0,Ranga Reddy
128338,2016-2017,Telangana,36,Medchal Malkajgiri,700.0,Net Irrigated Area,Well,Other Well,,Ranga Reddy
128339,2016-2017,Telangana,36,Medchal Malkajgiri,700.0,Net Irrigated Area,Well,Tubewell,7646.0,Ranga Reddy
128340,2016-2017,Telangana,36,Nagarkurnool,694.0,Gross Irrigated Area,Canal,Government,70162.0,Mahabubnagar
128341,2016-2017,Telangana,36,Nagarkurnool,694.0,Gross Irrigated Area,Canal,Private,,Mahabubnagar
128342,2016-2017,Telangana,36,Nagarkurnool,694.0,Gross Irrigated Area,Other Source,Other Source,64.0,Mahabubnagar
128343,2016-2017,Telangana,36,Nagarkurnool,694.0,Gross Irrigated Area,Tank,Tank,5174.0,Mahabubnagar
128344,2016-2017,Telangana,36,Nagarkurnool,694.0,Gross Irrigated Area,Well,Other Well,,Mahabubnagar
128345,2016-2017,Telangana,36,Nagarkurnool,694.0,Gross Irrigated Area,Well,Tubewell,17068.0,Mahabubnagar
128346,2016-2017,Telangana,36,Nagarkurnool,694.0,Net Irrigated Area,Canal,Government,45993.0,Mahabubnagar
128347,2016-2017,Telangana,36,Nagarkurnool,694.0,Net Irrigated Area,Canal,Private,,Mahabubnagar
128348,2016-2017,Telangana,36,Nagarkurnool,694.0,Net Irrigated Area,Other Source,Other Source,63.0,Mahabubnagar
128349,2016-2017,Telangana,36,Nagarkurnool,694.0,Net Irrigated Area,Tank,Tank,4657.0,Mahabubnagar
128350,2016-2017,Telangana,36,Nagarkurnool,694.0,Net Irrigated Area,Well,Other Well,,Mahabubnagar
128351,2016-2017,Telangana,36,Nagarkurnool,694.0,Net Irrigated Area,Well,Tubewell,15532.0,Mahabubnagar
128352,2016-2017,Telangana,36,Nalgonda,514.0,Gross Irrigated Area,Canal,Government,140525.0,Nalgonda
128353,2016-2017,Telangana,36,Nalgonda,514.0,Gross Irrigated Area,Canal,Private,,Nalgonda
128354,2016-2017,Telangana,36,Nalgonda,514.0,Gross Irrigated Area,Other Source,Other Source,1118.0,Nalgonda
128355,2016-2017,Telangana,36,Nalgonda,514.0,Gross Irrigated Area,Tank,Tank,9315.0,Nalgonda
128356,2016-2017,Telangana,36,Nalgonda,514.0,Gross Irrigated Area,Well,Other Well,1505.0,Nalgonda
128357,2016-2017,Telangana,36,Nalgonda,514.0,Gross Irrigated Area,Well,Tubewell,36130.0,Nalgonda
128358,2016-2017,Telangana,36,Nalgonda,514.0,Net Irrigated Area,Canal,Government,102407.0,Nalgonda
128359,2016-2017,Telangana,36,Nalgonda,514.0,Net Irrigated Area,Canal,Private,,Nalgonda
128360,2016-2017,Telangana,36,Nalgonda,514.0,Net Irrigated Area,Other Source,Other Source,1040.0,Nalgonda
128361,2016-2017,Telangana,36,Nalgonda,514.0,Net Irrigated Area,Tank,Tank,5962.0,Nalgonda
128362,2016-2017,Telangana,36,Nalgonda,514.0,Net Irrigated Area,Well,Other Well,1249.0,Nalgonda
128363,2016-2017,Telangana,36,Nalgonda,514.0,Net Irrigated Area,Well,Tubewell,27097.0,Nalgonda
128364,2016-2017,Telangana,36,Nirmal,680.0,Gross Irrigated Area,Canal,Government,78535.0,Adilabad
128365,2016-2017,Telangana,36,Nirmal,680.0,Gross Irrigated Area,Canal,Private,,Adilabad
128366,2016-2017,Telangana,36,Nirmal,680.0,Gross Irrigated Area,Other Source,Other Source,697.0,Adilabad
128367,2016-2017,Telangana,36,Nirmal,680.0,Gross Irrigated Area,Tank,Tank,9703.0,Adilabad
128368,2016-2017,Telangana,36,Nirmal,680.0,Gross Irrigated Area,Well,Other Well,127.0,Adilabad
128369,2016-2017,Telangana,36,Nirmal,680.0,Gross Irrigated Area,Well,Tubewell,665.0,Adilabad
128370,2016-2017,Telangana,36,Nirmal,680.0,Net Irrigated Area,Canal,Government,63606.0,Adilabad
128371,2016-2017,Telangana,36,Nirmal,680.0,Net Irrigated Area,Canal,Private,,Adilabad
128372,2016-2017,Telangana,36,Nirmal,680.0,Net Irrigated Area,Other Source,Other Source,348.0,Adilabad
128373,2016-2017,Telangana,36,Nirmal,680.0,Net Irrigated Area,Tank,Tank,7374.0,Adilabad
128374,2016-2017,Telangana,36,Nirmal,680.0,Net Irrigated Area,Well,Other Well,121.0,Adilabad
128375,2016-2017,Telangana,36,Nirmal,680.0,Net Irrigated Area,Well,Tubewell,519.0,Adilabad
128376,2016-2017,Telangana,36,Nizamabad,516.0,Gross Irrigated Area,Canal,Government,119398.0,Nizamabad
128377,2016-2017,Telangana,36,Nizamabad,516.0,Gross Irrigated Area,Canal,Private,,Nizamabad
128378,2016-2017,Telangana,36,Nizamabad,516.0,Gross Irrigated Area,Other Source,Other Source,8274.0,Nizamabad
128379,2016-2017,Telangana,36,Nizamabad,516.0,Gross Irrigated Area,Tank,Tank,11945.0,Nizamabad
128380,2016-2017,Telangana,36,Nizamabad,516.0,Gross Irrigated Area,Well,Other Well,,Nizamabad
128381,2016-2017,Telangana,36,Nizamabad,516.0,Gross Irrigated Area,Well,Tubewell,144528.0,Nizamabad
128382,2016-2017,Telangana,36,Nizamabad,516.0,Net Irrigated Area,Canal,Government,61749.0,Nizamabad
128383,2016-2017,Telangana,36,Nizamabad,516.0,Net Irrigated Area,Canal,Private,,Nizamabad
128384,2016-2017,Telangana,36,Nizamabad,516.0,Net Irrigated Area,Other Source,Other Source,3889.0,Nizamabad
128385,2016-2017,Telangana,36,Nizamabad,516.0,Net Irrigated Area,Tank,Tank,7884.0,Nizamabad
128386,2016-2017,Telangana,36,Nizamabad,516.0,Net Irrigated Area,Well,Other Well,,Nizamabad
128387,2016-2017,Telangana,36,Nizamabad,516.0,Net Irrigated Area,Well,Tubewell,85272.0,Nizamabad
128388,2016-2017,Telangana,36,Peddapalli,682.0,Gross Irrigated Area,Canal,Government,64017.0,Karimnagar
128389,2016-2017,Telangana,36,Peddapalli,682.0,Gross Irrigated Area,Canal,Private,,Karimnagar
128390,2016-2017,Telangana,36,Peddapalli,682.0,Gross Irrigated Area,Other Source,Other Source,14.0,Karimnagar
128391,2016-2017,Telangana,36,Peddapalli,682.0,Gross Irrigated Area,Tank,Tank,8628.0,Karimnagar
128392,2016-2017,Telangana,36,Peddapalli,682.0,Gross Irrigated Area,Well,Other Well,55270.0,Karimnagar
128393,2016-2017,Telangana,36,Peddapalli,682.0,Gross Irrigated Area,Well,Tubewell,3528.0,Karimnagar
128394,2016-2017,Telangana,36,Peddapalli,682.0,Net Irrigated Area,Canal,Government,47344.0,Karimnagar
128395,2016-2017,Telangana,36,Peddapalli,682.0,Net Irrigated Area,Canal,Private,,Karimnagar
128396,2016-2017,Telangana,36,Peddapalli,682.0,Net Irrigated Area,Other Source,Other Source,14.0,Karimnagar
128397,2016-2017,Telangana,36,Peddapalli,682.0,Net Irrigated Area,Tank,Tank,6989.0,Karimnagar
128398,2016-2017,Telangana,36,Peddapalli,682.0,Net Irrigated Area,Well,Other Well,38136.0,Karimnagar
128399,2016-2017,Telangana,36,Peddapalli,682.0,Net Irrigated Area,Well,Tubewell,1341.0,Karimnagar
128400,2016-2017,Telangana,36,Rajanna Sircilla,683.0,Gross Irrigated Area,Canal,Government,2226.0,Karimnagar
128401,2016-2017,Telangana,36,Rajanna Sircilla,683.0,Gross Irrigated Area,Canal,Private,,Karimnagar
128402,2016-2017,Telangana,36,Rajanna Sircilla,683.0,Gross Irrigated Area,Other Source,Other Source,,Karimnagar
128403,2016-2017,Telangana,36,Rajanna Sircilla,683.0,Gross Irrigated Area,Tank,Tank,13733.0,Karimnagar
128429,2016-2017,Telangana,36,Sangareddy,691.0,Gross Irrigated Area,Well,Tubewell,44807.0,Medak
128404,2016-2017,Telangana,36,Rajanna Sircilla,683.0,Gross Irrigated Area,Well,Other Well,28024.0,Karimnagar
128405,2016-2017,Telangana,36,Rajanna Sircilla,683.0,Gross Irrigated Area,Well,Tubewell,17917.0,Karimnagar
128406,2016-2017,Telangana,36,Rajanna Sircilla,683.0,Net Irrigated Area,Canal,Government,2226.0,Karimnagar
128407,2016-2017,Telangana,36,Rajanna Sircilla,683.0,Net Irrigated Area,Canal,Private,,Karimnagar
128408,2016-2017,Telangana,36,Rajanna Sircilla,683.0,Net Irrigated Area,Other Source,Other Source,,Karimnagar
128409,2016-2017,Telangana,36,Rajanna Sircilla,683.0,Net Irrigated Area,Tank,Tank,10701.0,Karimnagar
128410,2016-2017,Telangana,36,Rajanna Sircilla,683.0,Net Irrigated Area,Well,Other Well,23820.0,Karimnagar
128411,2016-2017,Telangana,36,Rajanna Sircilla,683.0,Net Irrigated Area,Well,Tubewell,10929.0,Karimnagar
128412,2016-2017,Telangana,36,Ranga Reddy,518.0,Gross Irrigated Area,Canal,Government,,Ranga Reddy
128413,2016-2017,Telangana,36,Ranga Reddy,518.0,Gross Irrigated Area,Canal,Private,,Ranga Reddy
128414,2016-2017,Telangana,36,Ranga Reddy,518.0,Gross Irrigated Area,Other Source,Other Source,1074.0,Ranga Reddy
128415,2016-2017,Telangana,36,Ranga Reddy,518.0,Gross Irrigated Area,Tank,Tank,1590.0,Ranga Reddy
128416,2016-2017,Telangana,36,Ranga Reddy,518.0,Gross Irrigated Area,Well,Other Well,,Ranga Reddy
128417,2016-2017,Telangana,36,Ranga Reddy,518.0,Gross Irrigated Area,Well,Tubewell,48749.0,Ranga Reddy
128418,2016-2017,Telangana,36,Ranga Reddy,518.0,Net Irrigated Area,Canal,Government,,Ranga Reddy
128419,2016-2017,Telangana,36,Ranga Reddy,518.0,Net Irrigated Area,Canal,Private,,Ranga Reddy
128420,2016-2017,Telangana,36,Ranga Reddy,518.0,Net Irrigated Area,Other Source,Other Source,956.0,Ranga Reddy
128421,2016-2017,Telangana,36,Ranga Reddy,518.0,Net Irrigated Area,Tank,Tank,1124.0,Ranga Reddy
128422,2016-2017,Telangana,36,Ranga Reddy,518.0,Net Irrigated Area,Well,Other Well,,Ranga Reddy
128423,2016-2017,Telangana,36,Ranga Reddy,518.0,Net Irrigated Area,Well,Tubewell,36562.0,Ranga Reddy
128424,2016-2017,Telangana,36,Sangareddy,691.0,Gross Irrigated Area,Canal,Government,23186.0,Medak
128425,2016-2017,Telangana,36,Sangareddy,691.0,Gross Irrigated Area,Canal,Private,,Medak
128426,2016-2017,Telangana,36,Sangareddy,691.0,Gross Irrigated Area,Other Source,Other Source,46.0,Medak
128427,2016-2017,Telangana,36,Sangareddy,691.0,Gross Irrigated Area,Tank,Tank,5464.0,Medak
128428,2016-2017,Telangana,36,Sangareddy,691.0,Gross Irrigated Area,Well,Other Well,,Medak
128430,2016-2017,Telangana,36,Sangareddy,691.0,Net Irrigated Area,Canal,Government,20624.0,Medak
128431,2016-2017,Telangana,36,Sangareddy,691.0,Net Irrigated Area,Canal,Private,,Medak
128432,2016-2017,Telangana,36,Sangareddy,691.0,Net Irrigated Area,Other Source,Other Source,46.0,Medak
128433,2016-2017,Telangana,36,Sangareddy,691.0,Net Irrigated Area,Tank,Tank,5136.0,Medak
128434,2016-2017,Telangana,36,Sangareddy,691.0,Net Irrigated Area,Well,Other Well,,Medak
128435,2016-2017,Telangana,36,Sangareddy,691.0,Net Irrigated Area,Well,Tubewell,39878.0,Medak
128436,2016-2017,Telangana,36,Siddipet,692.0,Gross Irrigated Area,Canal,Government,30672.0,Medak
128437,2016-2017,Telangana,36,Siddipet,692.0,Gross Irrigated Area,Canal,Private,,Medak
128438,2016-2017,Telangana,36,Siddipet,692.0,Gross Irrigated Area,Other Source,Other Source,37.0,Medak
128439,2016-2017,Telangana,36,Siddipet,692.0,Gross Irrigated Area,Tank,Tank,4468.0,Medak
128440,2016-2017,Telangana,36,Siddipet,692.0,Gross Irrigated Area,Well,Other Well,15268.0,Medak
128441,2016-2017,Telangana,36,Siddipet,692.0,Gross Irrigated Area,Well,Tubewell,61072.0,Medak
128442,2016-2017,Telangana,36,Siddipet,692.0,Net Irrigated Area,Canal,Government,20274.0,Medak
128443,2016-2017,Telangana,36,Siddipet,692.0,Net Irrigated Area,Canal,Private,,Medak
128444,2016-2017,Telangana,36,Siddipet,692.0,Net Irrigated Area,Other Source,Other Source,37.0,Medak
128445,2016-2017,Telangana,36,Siddipet,692.0,Net Irrigated Area,Tank,Tank,4468.0,Medak
128446,2016-2017,Telangana,36,Siddipet,692.0,Net Irrigated Area,Well,Other Well,10382.0,Medak
128447,2016-2017,Telangana,36,Siddipet,692.0,Net Irrigated Area,Well,Tubewell,41529.0,Medak
128448,2016-2017,Telangana,36,Suryapet,696.0,Gross Irrigated Area,Canal,Government,160630.0,Nalgonda
128449,2016-2017,Telangana,36,Suryapet,696.0,Gross Irrigated Area,Canal,Private,,Nalgonda
128450,2016-2017,Telangana,36,Suryapet,696.0,Gross Irrigated Area,Other Source,Other Source,5842.0,Nalgonda
128451,2016-2017,Telangana,36,Suryapet,696.0,Gross Irrigated Area,Tank,Tank,2620.0,Nalgonda
128452,2016-2017,Telangana,36,Suryapet,696.0,Gross Irrigated Area,Well,Other Well,276.0,Nalgonda
128453,2016-2017,Telangana,36,Suryapet,696.0,Gross Irrigated Area,Well,Tubewell,926.0,Nalgonda
128454,2016-2017,Telangana,36,Suryapet,696.0,Net Irrigated Area,Canal,Government,105245.0,Nalgonda
128455,2016-2017,Telangana,36,Suryapet,696.0,Net Irrigated Area,Canal,Private,,Nalgonda
128456,2016-2017,Telangana,36,Suryapet,696.0,Net Irrigated Area,Other Source,Other Source,4089.0,Nalgonda
128457,2016-2017,Telangana,36,Suryapet,696.0,Net Irrigated Area,Tank,Tank,1572.0,Nalgonda
128458,2016-2017,Telangana,36,Suryapet,696.0,Net Irrigated Area,Well,Other Well,199.0,Nalgonda
128459,2016-2017,Telangana,36,Suryapet,696.0,Net Irrigated Area,Well,Tubewell,639.0,Nalgonda
128460,2016-2017,Telangana,36,Vikarabad,698.0,Gross Irrigated Area,Canal,Government,5886.0,Ranga Reddy
128461,2016-2017,Telangana,36,Vikarabad,698.0,Gross Irrigated Area,Canal,Private,,Ranga Reddy
128462,2016-2017,Telangana,36,Vikarabad,698.0,Gross Irrigated Area,Other Source,Other Source,2.0,Ranga Reddy
128463,2016-2017,Telangana,36,Vikarabad,698.0,Gross Irrigated Area,Tank,Tank,3050.0,Ranga Reddy
128464,2016-2017,Telangana,36,Vikarabad,698.0,Gross Irrigated Area,Well,Other Well,1004.0,Ranga Reddy
128465,2016-2017,Telangana,36,Vikarabad,698.0,Gross Irrigated Area,Well,Tubewell,32470.0,Ranga Reddy
128466,2016-2017,Telangana,36,Vikarabad,698.0,Net Irrigated Area,Canal,Government,4912.0,Ranga Reddy
128467,2016-2017,Telangana,36,Vikarabad,698.0,Net Irrigated Area,Canal,Private,,Ranga Reddy
128468,2016-2017,Telangana,36,Vikarabad,698.0,Net Irrigated Area,Other Source,Other Source,2.0,Ranga Reddy
128469,2016-2017,Telangana,36,Vikarabad,698.0,Net Irrigated Area,Tank,Tank,2257.0,Ranga Reddy
128470,2016-2017,Telangana,36,Vikarabad,698.0,Net Irrigated Area,Well,Other Well,863.0,Ranga Reddy
128471,2016-2017,Telangana,36,Vikarabad,698.0,Net Irrigated Area,Well,Tubewell,26625.0,Ranga Reddy
128472,2016-2017,Telangana,36,Wanaparthy,693.0,Gross Irrigated Area,Canal,Government,69944.0,Mahabubnagar
128473,2016-2017,Telangana,36,Wanaparthy,693.0,Gross Irrigated Area,Canal,Private,,Mahabubnagar
128474,2016-2017,Telangana,36,Wanaparthy,693.0,Gross Irrigated Area,Other Source,Other Source,3399.0,Mahabubnagar
128475,2016-2017,Telangana,36,Wanaparthy,693.0,Gross Irrigated Area,Tank,Tank,1916.0,Mahabubnagar
128476,2016-2017,Telangana,36,Wanaparthy,693.0,Gross Irrigated Area,Well,Other Well,571.0,Mahabubnagar
128477,2016-2017,Telangana,36,Wanaparthy,693.0,Gross Irrigated Area,Well,Tubewell,5776.0,Mahabubnagar
128478,2016-2017,Telangana,36,Wanaparthy,693.0,Net Irrigated Area,Canal,Government,56831.0,Mahabubnagar
128479,2016-2017,Telangana,36,Wanaparthy,693.0,Net Irrigated Area,Canal,Private,,Mahabubnagar
128480,2016-2017,Telangana,36,Wanaparthy,693.0,Net Irrigated Area,Other Source,Other Source,3195.0,Mahabubnagar
128481,2016-2017,Telangana,36,Wanaparthy,693.0,Net Irrigated Area,Tank,Tank,1782.0,Mahabubnagar
128482,2016-2017,Telangana,36,Wanaparthy,693.0,Net Irrigated Area,Well,Other Well,520.0,Mahabubnagar
128483,2016-2017,Telangana,36,Wanaparthy,693.0,Net Irrigated Area,Well,Tubewell,4101.0,Mahabubnagar
128484,2016-2017,Telangana,36,Warangal,522.0,Gross Irrigated Area,Canal,Government,39113.0,Warangal
128485,2016-2017,Telangana,36,Warangal,522.0,Gross Irrigated Area,Canal,Private,,Warangal
128486,2016-2017,Telangana,36,Warangal,522.0,Gross Irrigated Area,Other Source,Other Source,731.0,Warangal
128487,2016-2017,Telangana,36,Warangal,522.0,Gross Irrigated Area,Tank,Tank,17971.0,Warangal
128488,2016-2017,Telangana,36,Warangal,522.0,Gross Irrigated Area,Well,Other Well,65738.0,Warangal
128489,2016-2017,Telangana,36,Warangal,522.0,Gross Irrigated Area,Well,Tubewell,26851.0,Warangal
128490,2016-2017,Telangana,36,Warangal,522.0,Net Irrigated Area,Canal,Government,24256.0,Warangal
128491,2016-2017,Telangana,36,Warangal,522.0,Net Irrigated Area,Canal,Private,,Warangal
128492,2016-2017,Telangana,36,Warangal,522.0,Net Irrigated Area,Other Source,Other Source,475.0,Warangal
128493,2016-2017,Telangana,36,Warangal,522.0,Net Irrigated Area,Tank,Tank,9704.0,Warangal
128494,2016-2017,Telangana,36,Warangal,522.0,Net Irrigated Area,Well,Other Well,43387.0,Warangal
128495,2016-2017,Telangana,36,Warangal,522.0,Net Irrigated Area,Well,Tubewell,16916.0,Warangal
128496,2016-2017,Telangana,36,Yadadri Bhuvanagiri,697.0,Gross Irrigated Area,Canal,Government,,Nalgonda
128497,2016-2017,Telangana,36,Yadadri Bhuvanagiri,697.0,Gross Irrigated Area,Canal,Private,,Nalgonda
128498,2016-2017,Telangana,36,Yadadri Bhuvanagiri,697.0,Gross Irrigated Area,Other Source,Other Source,3247.0,Nalgonda
128499,2016-2017,Telangana,36,Yadadri Bhuvanagiri,697.0,Gross Irrigated Area,Tank,Tank,7000.0,Nalgonda
128500,2016-2017,Telangana,36,Yadadri Bhuvanagiri,697.0,Gross Irrigated Area,Well,Other Well,9570.0,Nalgonda
128501,2016-2017,Telangana,36,Yadadri Bhuvanagiri,697.0,Gross Irrigated Area,Well,Tubewell,70177.0,Nalgonda
128502,2016-2017,Telangana,36,Yadadri Bhuvanagiri,697.0,Net Irrigated Area,Canal,Government,,Nalgonda
128503,2016-2017,Telangana,36,Yadadri Bhuvanagiri,697.0,Net Irrigated Area,Canal,Private,,Nalgonda
128504,2016-2017,Telangana,36,Yadadri Bhuvanagiri,697.0,Net Irrigated Area,Other Source,Other Source,2046.0,Nalgonda
128505,2016-2017,Telangana,36,Yadadri Bhuvanagiri,697.0,Net Irrigated Area,Tank,Tank,4444.0,Nalgonda
128506,2016-2017,Telangana,36,Yadadri Bhuvanagiri,697.0,Net Irrigated Area,Well,Other Well,6316.0,Nalgonda
128507,2016-2017,Telangana,36,Yadadri Bhuvanagiri,697.0,Net Irrigated Area,Well,Tubewell,42106.0,Nalgonda
135747,2017-2018,Telangana,36,Karimnagar,508.0,Gross Irrigated Area,Tank,Tank,6361.0,Karimnagar
135849,2017-2018,Telangana,36,Nagarkurnool,694.0,Net Irrigated Area,Tank,Tank,4521.0,Mahabubnagar
135927,2017-2018,Telangana,36,Sangareddy,691.0,Gross Irrigated Area,Tank,Tank,3959.0,Medak
135636,2017-2018,Telangana,36,Adilabad,501.0,Gross Irrigated Area,Canal,Government,56054.0,Adilabad
135637,2017-2018,Telangana,36,Adilabad,501.0,Gross Irrigated Area,Canal,Private,,Adilabad
135638,2017-2018,Telangana,36,Adilabad,501.0,Gross Irrigated Area,Other Source,Other Source,3374.0,Adilabad
135639,2017-2018,Telangana,36,Adilabad,501.0,Gross Irrigated Area,Tank,Tank,3668.0,Adilabad
135640,2017-2018,Telangana,36,Adilabad,501.0,Gross Irrigated Area,Well,Other Well,299.0,Adilabad
135641,2017-2018,Telangana,36,Adilabad,501.0,Gross Irrigated Area,Well,Tubewell,29562.0,Adilabad
135642,2017-2018,Telangana,36,Adilabad,501.0,Net Irrigated Area,Canal,Government,56054.0,Adilabad
135643,2017-2018,Telangana,36,Adilabad,501.0,Net Irrigated Area,Canal,Private,,Adilabad
135644,2017-2018,Telangana,36,Adilabad,501.0,Net Irrigated Area,Other Source,Other Source,3374.0,Adilabad
135645,2017-2018,Telangana,36,Adilabad,501.0,Net Irrigated Area,Tank,Tank,3668.0,Adilabad
135646,2017-2018,Telangana,36,Adilabad,501.0,Net Irrigated Area,Well,Other Well,299.0,Adilabad
135647,2017-2018,Telangana,36,Adilabad,501.0,Net Irrigated Area,Well,Tubewell,29562.0,Adilabad
135648,2017-2018,Telangana,36,Bhadradri Kothagudem,690.0,Gross Irrigated Area,Canal,Government,38142.0,Khammam
135649,2017-2018,Telangana,36,Bhadradri Kothagudem,690.0,Gross Irrigated Area,Canal,Private,,Khammam
135650,2017-2018,Telangana,36,Bhadradri Kothagudem,690.0,Gross Irrigated Area,Other Source,Other Source,1385.0,Khammam
135651,2017-2018,Telangana,36,Bhadradri Kothagudem,690.0,Gross Irrigated Area,Tank,Tank,27754.0,Khammam
135652,2017-2018,Telangana,36,Bhadradri Kothagudem,690.0,Gross Irrigated Area,Well,Other Well,83.0,Khammam
135653,2017-2018,Telangana,36,Bhadradri Kothagudem,690.0,Gross Irrigated Area,Well,Tubewell,8204.0,Khammam
135654,2017-2018,Telangana,36,Bhadradri Kothagudem,690.0,Net Irrigated Area,Canal,Government,31016.0,Khammam
135655,2017-2018,Telangana,36,Bhadradri Kothagudem,690.0,Net Irrigated Area,Canal,Private,,Khammam
135656,2017-2018,Telangana,36,Bhadradri Kothagudem,690.0,Net Irrigated Area,Other Source,Other Source,1039.0,Khammam
135657,2017-2018,Telangana,36,Bhadradri Kothagudem,690.0,Net Irrigated Area,Tank,Tank,25534.0,Khammam
135658,2017-2018,Telangana,36,Bhadradri Kothagudem,690.0,Net Irrigated Area,Well,Other Well,58.0,Khammam
135659,2017-2018,Telangana,36,Bhadradri Kothagudem,690.0,Net Irrigated Area,Well,Tubewell,6317.0,Khammam
135660,2017-2018,Telangana,36,Hanumakonda,686.0,Gross Irrigated Area,Canal,Government,28810.0,Warangal
135661,2017-2018,Telangana,36,Hanumakonda,686.0,Gross Irrigated Area,Canal,Private,,Warangal
135662,2017-2018,Telangana,36,Hanumakonda,686.0,Gross Irrigated Area,Other Source,Other Source,125.0,Warangal
135663,2017-2018,Telangana,36,Hanumakonda,686.0,Gross Irrigated Area,Tank,Tank,7422.0,Warangal
135664,2017-2018,Telangana,36,Hanumakonda,686.0,Gross Irrigated Area,Well,Other Well,36124.0,Warangal
135665,2017-2018,Telangana,36,Hanumakonda,686.0,Gross Irrigated Area,Well,Tubewell,9602.0,Warangal
135666,2017-2018,Telangana,36,Hanumakonda,686.0,Net Irrigated Area,Canal,Government,15024.0,Warangal
135667,2017-2018,Telangana,36,Hanumakonda,686.0,Net Irrigated Area,Canal,Private,,Warangal
135668,2017-2018,Telangana,36,Hanumakonda,686.0,Net Irrigated Area,Other Source,Other Source,67.0,Warangal
135669,2017-2018,Telangana,36,Hanumakonda,686.0,Net Irrigated Area,Tank,Tank,4750.0,Warangal
135670,2017-2018,Telangana,36,Hanumakonda,686.0,Net Irrigated Area,Well,Other Well,22036.0,Warangal
135671,2017-2018,Telangana,36,Hanumakonda,686.0,Net Irrigated Area,Well,Tubewell,5953.0,Warangal
135672,2017-2018,Telangana,36,Hyderabad,507.0,Gross Irrigated Area,Canal,Government,,Hyderabad
135673,2017-2018,Telangana,36,Hyderabad,507.0,Gross Irrigated Area,Canal,Private,,Hyderabad
135674,2017-2018,Telangana,36,Hyderabad,507.0,Gross Irrigated Area,Other Source,Other Source,,Hyderabad
135675,2017-2018,Telangana,36,Hyderabad,507.0,Gross Irrigated Area,Tank,Tank,,Hyderabad
135676,2017-2018,Telangana,36,Hyderabad,507.0,Gross Irrigated Area,Well,Other Well,,Hyderabad
135677,2017-2018,Telangana,36,Hyderabad,507.0,Gross Irrigated Area,Well,Tubewell,,Hyderabad
135678,2017-2018,Telangana,36,Hyderabad,507.0,Net Irrigated Area,Canal,Government,,Hyderabad
135679,2017-2018,Telangana,36,Hyderabad,507.0,Net Irrigated Area,Canal,Private,,Hyderabad
135680,2017-2018,Telangana,36,Hyderabad,507.0,Net Irrigated Area,Other Source,Other Source,,Hyderabad
135681,2017-2018,Telangana,36,Hyderabad,507.0,Net Irrigated Area,Tank,Tank,,Hyderabad
135682,2017-2018,Telangana,36,Hyderabad,507.0,Net Irrigated Area,Well,Other Well,,Hyderabad
135683,2017-2018,Telangana,36,Hyderabad,507.0,Net Irrigated Area,Well,Tubewell,,Hyderabad
135684,2017-2018,Telangana,36,Jagitial,681.0,Gross Irrigated Area,Canal,Government,53733.0,Karimnagar
135685,2017-2018,Telangana,36,Jagitial,681.0,Gross Irrigated Area,Canal,Private,,Karimnagar
135686,2017-2018,Telangana,36,Jagitial,681.0,Gross Irrigated Area,Other Source,Other Source,399.0,Karimnagar
135687,2017-2018,Telangana,36,Jagitial,681.0,Gross Irrigated Area,Tank,Tank,9572.0,Karimnagar
135688,2017-2018,Telangana,36,Jagitial,681.0,Gross Irrigated Area,Well,Other Well,77523.0,Karimnagar
135689,2017-2018,Telangana,36,Jagitial,681.0,Gross Irrigated Area,Well,Tubewell,25841.0,Karimnagar
135690,2017-2018,Telangana,36,Jagitial,681.0,Net Irrigated Area,Canal,Government,50472.0,Karimnagar
135691,2017-2018,Telangana,36,Jagitial,681.0,Net Irrigated Area,Canal,Private,,Karimnagar
135692,2017-2018,Telangana,36,Jagitial,681.0,Net Irrigated Area,Other Source,Other Source,399.0,Karimnagar
135693,2017-2018,Telangana,36,Jagitial,681.0,Net Irrigated Area,Tank,Tank,7658.0,Karimnagar
135694,2017-2018,Telangana,36,Jagitial,681.0,Net Irrigated Area,Well,Other Well,62794.0,Karimnagar
135695,2017-2018,Telangana,36,Jagitial,681.0,Net Irrigated Area,Well,Tubewell,20673.0,Karimnagar
135696,2017-2018,Telangana,36,Jangoan,689.0,Gross Irrigated Area,Canal,Government,18801.0,Warangal
135697,2017-2018,Telangana,36,Jangoan,689.0,Gross Irrigated Area,Canal,Private,,Warangal
135698,2017-2018,Telangana,36,Jangoan,689.0,Gross Irrigated Area,Other Source,Other Source,,Warangal
135699,2017-2018,Telangana,36,Jangoan,689.0,Gross Irrigated Area,Tank,Tank,7393.0,Warangal
135700,2017-2018,Telangana,36,Jangoan,689.0,Gross Irrigated Area,Well,Other Well,7845.0,Warangal
135701,2017-2018,Telangana,36,Jangoan,689.0,Gross Irrigated Area,Well,Tubewell,44455.0,Warangal
135702,2017-2018,Telangana,36,Jangoan,689.0,Net Irrigated Area,Canal,Government,11848.0,Warangal
135703,2017-2018,Telangana,36,Jangoan,689.0,Net Irrigated Area,Canal,Private,,Warangal
135704,2017-2018,Telangana,36,Jangoan,689.0,Net Irrigated Area,Other Source,Other Source,,Warangal
135705,2017-2018,Telangana,36,Jangoan,689.0,Net Irrigated Area,Tank,Tank,5693.0,Warangal
135706,2017-2018,Telangana,36,Jangoan,689.0,Net Irrigated Area,Well,Other Well,6668.0,Warangal
135707,2017-2018,Telangana,36,Jangoan,689.0,Net Irrigated Area,Well,Tubewell,25339.0,Warangal
135708,2017-2018,Telangana,36,Jayashankar Bhupalapally,687.0,Gross Irrigated Area,Canal,Government,51744.0,Warangal
135709,2017-2018,Telangana,36,Jayashankar Bhupalapally,687.0,Gross Irrigated Area,Canal,Private,,Warangal
135710,2017-2018,Telangana,36,Jayashankar Bhupalapally,687.0,Gross Irrigated Area,Other Source,Other Source,2402.0,Warangal
135711,2017-2018,Telangana,36,Jayashankar Bhupalapally,687.0,Gross Irrigated Area,Tank,Tank,9557.0,Warangal
135712,2017-2018,Telangana,36,Jayashankar Bhupalapally,687.0,Gross Irrigated Area,Well,Other Well,12403.0,Warangal
135713,2017-2018,Telangana,36,Jayashankar Bhupalapally,687.0,Gross Irrigated Area,Well,Tubewell,46660.0,Warangal
135714,2017-2018,Telangana,36,Jayashankar Bhupalapally,687.0,Net Irrigated Area,Canal,Government,38139.0,Warangal
135715,2017-2018,Telangana,36,Jayashankar Bhupalapally,687.0,Net Irrigated Area,Canal,Private,,Warangal
135716,2017-2018,Telangana,36,Jayashankar Bhupalapally,687.0,Net Irrigated Area,Other Source,Other Source,889.0,Warangal
135717,2017-2018,Telangana,36,Jayashankar Bhupalapally,687.0,Net Irrigated Area,Tank,Tank,8697.0,Warangal
135718,2017-2018,Telangana,36,Jayashankar Bhupalapally,687.0,Net Irrigated Area,Well,Other Well,10294.0,Warangal
135719,2017-2018,Telangana,36,Jayashankar Bhupalapally,687.0,Net Irrigated Area,Well,Tubewell,29396.0,Warangal
135720,2017-2018,Telangana,36,Jogulamba Gadwal,695.0,Gross Irrigated Area,Canal,Government,45891.0,Mahabubnagar
135721,2017-2018,Telangana,36,Jogulamba Gadwal,695.0,Gross Irrigated Area,Canal,Private,,Mahabubnagar
135722,2017-2018,Telangana,36,Jogulamba Gadwal,695.0,Gross Irrigated Area,Other Source,Other Source,2000.0,Mahabubnagar
135723,2017-2018,Telangana,36,Jogulamba Gadwal,695.0,Gross Irrigated Area,Tank,Tank,4783.0,Mahabubnagar
135724,2017-2018,Telangana,36,Jogulamba Gadwal,695.0,Gross Irrigated Area,Well,Other Well,1379.0,Mahabubnagar
135725,2017-2018,Telangana,36,Jogulamba Gadwal,695.0,Gross Irrigated Area,Well,Tubewell,33099.0,Mahabubnagar
135726,2017-2018,Telangana,36,Jogulamba Gadwal,695.0,Net Irrigated Area,Canal,Government,42543.0,Mahabubnagar
135727,2017-2018,Telangana,36,Jogulamba Gadwal,695.0,Net Irrigated Area,Canal,Private,,Mahabubnagar
135728,2017-2018,Telangana,36,Jogulamba Gadwal,695.0,Net Irrigated Area,Other Source,Other Source,1880.0,Mahabubnagar
135729,2017-2018,Telangana,36,Jogulamba Gadwal,695.0,Net Irrigated Area,Tank,Tank,4735.0,Mahabubnagar
135730,2017-2018,Telangana,36,Jogulamba Gadwal,695.0,Net Irrigated Area,Well,Other Well,1351.0,Mahabubnagar
135731,2017-2018,Telangana,36,Jogulamba Gadwal,695.0,Net Irrigated Area,Well,Tubewell,29789.0,Mahabubnagar
135732,2017-2018,Telangana,36,Kamareddy,685.0,Gross Irrigated Area,Canal,Government,34918.0,Nizamabad
135733,2017-2018,Telangana,36,Kamareddy,685.0,Gross Irrigated Area,Canal,Private,,Nizamabad
135734,2017-2018,Telangana,36,Kamareddy,685.0,Gross Irrigated Area,Other Source,Other Source,6417.0,Nizamabad
135735,2017-2018,Telangana,36,Kamareddy,685.0,Gross Irrigated Area,Tank,Tank,6379.0,Nizamabad
135736,2017-2018,Telangana,36,Kamareddy,685.0,Gross Irrigated Area,Well,Other Well,,Nizamabad
135737,2017-2018,Telangana,36,Kamareddy,685.0,Gross Irrigated Area,Well,Tubewell,79193.0,Nizamabad
135738,2017-2018,Telangana,36,Kamareddy,685.0,Net Irrigated Area,Canal,Government,15349.0,Nizamabad
135739,2017-2018,Telangana,36,Kamareddy,685.0,Net Irrigated Area,Canal,Private,,Nizamabad
135740,2017-2018,Telangana,36,Kamareddy,685.0,Net Irrigated Area,Other Source,Other Source,5198.0,Nizamabad
135741,2017-2018,Telangana,36,Kamareddy,685.0,Net Irrigated Area,Tank,Tank,4465.0,Nizamabad
135742,2017-2018,Telangana,36,Kamareddy,685.0,Net Irrigated Area,Well,Other Well,,Nizamabad
135743,2017-2018,Telangana,36,Kamareddy,685.0,Net Irrigated Area,Well,Tubewell,45932.0,Nizamabad
135744,2017-2018,Telangana,36,Karimnagar,508.0,Gross Irrigated Area,Canal,Government,28033.0,Karimnagar
135745,2017-2018,Telangana,36,Karimnagar,508.0,Gross Irrigated Area,Canal,Private,,Karimnagar
135746,2017-2018,Telangana,36,Karimnagar,508.0,Gross Irrigated Area,Other Source,Other Source,145.0,Karimnagar
135748,2017-2018,Telangana,36,Karimnagar,508.0,Gross Irrigated Area,Well,Other Well,99645.0,Karimnagar
135749,2017-2018,Telangana,36,Karimnagar,508.0,Gross Irrigated Area,Well,Tubewell,7500.0,Karimnagar
135750,2017-2018,Telangana,36,Karimnagar,508.0,Net Irrigated Area,Canal,Government,26396.0,Karimnagar
135751,2017-2018,Telangana,36,Karimnagar,508.0,Net Irrigated Area,Canal,Private,,Karimnagar
135752,2017-2018,Telangana,36,Karimnagar,508.0,Net Irrigated Area,Other Source,Other Source,145.0,Karimnagar
135753,2017-2018,Telangana,36,Karimnagar,508.0,Net Irrigated Area,Tank,Tank,4707.0,Karimnagar
135754,2017-2018,Telangana,36,Karimnagar,508.0,Net Irrigated Area,Well,Other Well,70748.0,Karimnagar
135755,2017-2018,Telangana,36,Karimnagar,508.0,Net Irrigated Area,Well,Tubewell,4650.0,Karimnagar
135756,2017-2018,Telangana,36,Khammam,509.0,Gross Irrigated Area,Canal,Government,205273.0,Khammam
135757,2017-2018,Telangana,36,Khammam,509.0,Gross Irrigated Area,Canal,Private,,Khammam
135758,2017-2018,Telangana,36,Khammam,509.0,Gross Irrigated Area,Other Source,Other Source,,Khammam
135759,2017-2018,Telangana,36,Khammam,509.0,Gross Irrigated Area,Tank,Tank,17650.0,Khammam
135760,2017-2018,Telangana,36,Khammam,509.0,Gross Irrigated Area,Well,Other Well,4929.0,Khammam
135761,2017-2018,Telangana,36,Khammam,509.0,Gross Irrigated Area,Well,Tubewell,8763.0,Khammam
135762,2017-2018,Telangana,36,Khammam,509.0,Net Irrigated Area,Canal,Government,106906.0,Khammam
135763,2017-2018,Telangana,36,Khammam,509.0,Net Irrigated Area,Canal,Private,,Khammam
135764,2017-2018,Telangana,36,Khammam,509.0,Net Irrigated Area,Other Source,Other Source,,Khammam
135765,2017-2018,Telangana,36,Khammam,509.0,Net Irrigated Area,Tank,Tank,13767.0,Khammam
135766,2017-2018,Telangana,36,Khammam,509.0,Net Irrigated Area,Well,Other Well,4338.0,Khammam
135767,2017-2018,Telangana,36,Khammam,509.0,Net Irrigated Area,Well,Tubewell,6660.0,Khammam
135768,2017-2018,Telangana,36,Kumuram Bheem Asifabad,699.0,Gross Irrigated Area,Canal,Government,52584.0,Adilabad
135769,2017-2018,Telangana,36,Kumuram Bheem Asifabad,699.0,Gross Irrigated Area,Canal,Private,,Adilabad
135770,2017-2018,Telangana,36,Kumuram Bheem Asifabad,699.0,Gross Irrigated Area,Other Source,Other Source,2540.0,Adilabad
135771,2017-2018,Telangana,36,Kumuram Bheem Asifabad,699.0,Gross Irrigated Area,Tank,Tank,3311.0,Adilabad
135772,2017-2018,Telangana,36,Kumuram Bheem Asifabad,699.0,Gross Irrigated Area,Well,Other Well,495.0,Adilabad
135773,2017-2018,Telangana,36,Kumuram Bheem Asifabad,699.0,Gross Irrigated Area,Well,Tubewell,4999.0,Adilabad
135774,2017-2018,Telangana,36,Kumuram Bheem Asifabad,699.0,Net Irrigated Area,Canal,Government,37860.0,Adilabad
135775,2017-2018,Telangana,36,Kumuram Bheem Asifabad,699.0,Net Irrigated Area,Canal,Private,,Adilabad
135776,2017-2018,Telangana,36,Kumuram Bheem Asifabad,699.0,Net Irrigated Area,Other Source,Other Source,1321.0,Adilabad
135777,2017-2018,Telangana,36,Kumuram Bheem Asifabad,699.0,Net Irrigated Area,Tank,Tank,3112.0,Adilabad
135778,2017-2018,Telangana,36,Kumuram Bheem Asifabad,699.0,Net Irrigated Area,Well,Other Well,267.0,Adilabad
135779,2017-2018,Telangana,36,Kumuram Bheem Asifabad,699.0,Net Irrigated Area,Well,Tubewell,2499.0,Adilabad
135780,2017-2018,Telangana,36,Mahabubabad,688.0,Gross Irrigated Area,Canal,Government,29828.0,Warangal
135781,2017-2018,Telangana,36,Mahabubabad,688.0,Gross Irrigated Area,Canal,Private,,Warangal
135782,2017-2018,Telangana,36,Mahabubabad,688.0,Gross Irrigated Area,Other Source,Other Source,46.0,Warangal
135783,2017-2018,Telangana,36,Mahabubabad,688.0,Gross Irrigated Area,Tank,Tank,8298.0,Warangal
135784,2017-2018,Telangana,36,Mahabubabad,688.0,Gross Irrigated Area,Well,Other Well,58027.0,Warangal
135785,2017-2018,Telangana,36,Mahabubabad,688.0,Gross Irrigated Area,Well,Tubewell,28581.0,Warangal
135786,2017-2018,Telangana,36,Mahabubabad,688.0,Net Irrigated Area,Canal,Government,25503.0,Warangal
135787,2017-2018,Telangana,36,Mahabubabad,688.0,Net Irrigated Area,Canal,Private,,Warangal
135788,2017-2018,Telangana,36,Mahabubabad,688.0,Net Irrigated Area,Other Source,Other Source,44.0,Warangal
135789,2017-2018,Telangana,36,Mahabubabad,688.0,Net Irrigated Area,Tank,Tank,7468.0,Warangal
135790,2017-2018,Telangana,36,Mahabubabad,688.0,Net Irrigated Area,Well,Other Well,47582.0,Warangal
135791,2017-2018,Telangana,36,Mahabubabad,688.0,Net Irrigated Area,Well,Tubewell,21150.0,Warangal
135792,2017-2018,Telangana,36,Mahabubnagar,512.0,Gross Irrigated Area,Canal,Government,45406.0,Mahabubnagar
135793,2017-2018,Telangana,36,Mahabubnagar,512.0,Gross Irrigated Area,Canal,Private,,Mahabubnagar
135794,2017-2018,Telangana,36,Mahabubnagar,512.0,Gross Irrigated Area,Other Source,Other Source,,Mahabubnagar
135795,2017-2018,Telangana,36,Mahabubnagar,512.0,Gross Irrigated Area,Tank,Tank,2618.0,Mahabubnagar
135796,2017-2018,Telangana,36,Mahabubnagar,512.0,Gross Irrigated Area,Well,Other Well,,Mahabubnagar
135797,2017-2018,Telangana,36,Mahabubnagar,512.0,Gross Irrigated Area,Well,Tubewell,45131.0,Mahabubnagar
135798,2017-2018,Telangana,36,Mahabubnagar,512.0,Net Irrigated Area,Canal,Government,32825.0,Mahabubnagar
135799,2017-2018,Telangana,36,Mahabubnagar,512.0,Net Irrigated Area,Canal,Private,,Mahabubnagar
135800,2017-2018,Telangana,36,Mahabubnagar,512.0,Net Irrigated Area,Other Source,Other Source,,Mahabubnagar
135801,2017-2018,Telangana,36,Mahabubnagar,512.0,Net Irrigated Area,Tank,Tank,2566.0,Mahabubnagar
135802,2017-2018,Telangana,36,Mahabubnagar,512.0,Net Irrigated Area,Well,Other Well,,Mahabubnagar
135803,2017-2018,Telangana,36,Mahabubnagar,512.0,Net Irrigated Area,Well,Tubewell,32494.0,Mahabubnagar
135804,2017-2018,Telangana,36,Mancherial,684.0,Gross Irrigated Area,Canal,Government,31973.0,Adilabad
135805,2017-2018,Telangana,36,Mancherial,684.0,Gross Irrigated Area,Canal,Private,,Adilabad
135806,2017-2018,Telangana,36,Mancherial,684.0,Gross Irrigated Area,Other Source,Other Source,1350.0,Adilabad
135807,2017-2018,Telangana,36,Mancherial,684.0,Gross Irrigated Area,Tank,Tank,5772.0,Adilabad
135808,2017-2018,Telangana,36,Mancherial,684.0,Gross Irrigated Area,Well,Other Well,6350.0,Adilabad
135809,2017-2018,Telangana,36,Mancherial,684.0,Gross Irrigated Area,Well,Tubewell,11792.0,Adilabad
135810,2017-2018,Telangana,36,Mancherial,684.0,Net Irrigated Area,Canal,Government,22554.0,Adilabad
135811,2017-2018,Telangana,36,Mancherial,684.0,Net Irrigated Area,Canal,Private,,Adilabad
135812,2017-2018,Telangana,36,Mancherial,684.0,Net Irrigated Area,Other Source,Other Source,1066.0,Adilabad
135813,2017-2018,Telangana,36,Mancherial,684.0,Net Irrigated Area,Tank,Tank,4271.0,Adilabad
135814,2017-2018,Telangana,36,Mancherial,684.0,Net Irrigated Area,Well,Other Well,3175.0,Adilabad
135815,2017-2018,Telangana,36,Mancherial,684.0,Net Irrigated Area,Well,Tubewell,6721.0,Adilabad
135816,2017-2018,Telangana,36,Medak,513.0,Gross Irrigated Area,Canal,Government,66832.0,Medak
135817,2017-2018,Telangana,36,Medak,513.0,Gross Irrigated Area,Canal,Private,,Medak
135818,2017-2018,Telangana,36,Medak,513.0,Gross Irrigated Area,Other Source,Other Source,788.0,Medak
135819,2017-2018,Telangana,36,Medak,513.0,Gross Irrigated Area,Tank,Tank,2523.0,Medak
135820,2017-2018,Telangana,36,Medak,513.0,Gross Irrigated Area,Well,Other Well,,Medak
135821,2017-2018,Telangana,36,Medak,513.0,Gross Irrigated Area,Well,Tubewell,22378.0,Medak
135822,2017-2018,Telangana,36,Medak,513.0,Net Irrigated Area,Canal,Government,40428.0,Medak
135823,2017-2018,Telangana,36,Medak,513.0,Net Irrigated Area,Canal,Private,,Medak
135824,2017-2018,Telangana,36,Medak,513.0,Net Irrigated Area,Other Source,Other Source,473.0,Medak
135825,2017-2018,Telangana,36,Medak,513.0,Net Irrigated Area,Tank,Tank,2094.0,Medak
135826,2017-2018,Telangana,36,Medak,513.0,Net Irrigated Area,Well,Other Well,,Medak
135827,2017-2018,Telangana,36,Medak,513.0,Net Irrigated Area,Well,Tubewell,13427.0,Medak
135828,2017-2018,Telangana,36,Medchal Malkajgiri,700.0,Gross Irrigated Area,Canal,Government,12.0,Ranga Reddy
135829,2017-2018,Telangana,36,Medchal Malkajgiri,700.0,Gross Irrigated Area,Canal,Private,,Ranga Reddy
135830,2017-2018,Telangana,36,Medchal Malkajgiri,700.0,Gross Irrigated Area,Other Source,Other Source,504.0,Ranga Reddy
135831,2017-2018,Telangana,36,Medchal Malkajgiri,700.0,Gross Irrigated Area,Tank,Tank,345.0,Ranga Reddy
135832,2017-2018,Telangana,36,Medchal Malkajgiri,700.0,Gross Irrigated Area,Well,Other Well,,Ranga Reddy
135833,2017-2018,Telangana,36,Medchal Malkajgiri,700.0,Gross Irrigated Area,Well,Tubewell,12468.0,Ranga Reddy
135834,2017-2018,Telangana,36,Medchal Malkajgiri,700.0,Net Irrigated Area,Canal,Government,12.0,Ranga Reddy
135835,2017-2018,Telangana,36,Medchal Malkajgiri,700.0,Net Irrigated Area,Canal,Private,,Ranga Reddy
135836,2017-2018,Telangana,36,Medchal Malkajgiri,700.0,Net Irrigated Area,Other Source,Other Source,358.0,Ranga Reddy
135837,2017-2018,Telangana,36,Medchal Malkajgiri,700.0,Net Irrigated Area,Tank,Tank,248.0,Ranga Reddy
135838,2017-2018,Telangana,36,Medchal Malkajgiri,700.0,Net Irrigated Area,Well,Other Well,,Ranga Reddy
135839,2017-2018,Telangana,36,Medchal Malkajgiri,700.0,Net Irrigated Area,Well,Tubewell,8621.0,Ranga Reddy
135840,2017-2018,Telangana,36,Nagarkurnool,694.0,Gross Irrigated Area,Canal,Government,66499.0,Mahabubnagar
135841,2017-2018,Telangana,36,Nagarkurnool,694.0,Gross Irrigated Area,Canal,Private,,Mahabubnagar
135842,2017-2018,Telangana,36,Nagarkurnool,694.0,Gross Irrigated Area,Other Source,Other Source,1477.0,Mahabubnagar
135843,2017-2018,Telangana,36,Nagarkurnool,694.0,Gross Irrigated Area,Tank,Tank,5023.0,Mahabubnagar
135844,2017-2018,Telangana,36,Nagarkurnool,694.0,Gross Irrigated Area,Well,Other Well,168.0,Mahabubnagar
135845,2017-2018,Telangana,36,Nagarkurnool,694.0,Gross Irrigated Area,Well,Tubewell,16608.0,Mahabubnagar
135846,2017-2018,Telangana,36,Nagarkurnool,694.0,Net Irrigated Area,Canal,Government,58915.0,Mahabubnagar
135847,2017-2018,Telangana,36,Nagarkurnool,694.0,Net Irrigated Area,Canal,Private,,Mahabubnagar
135848,2017-2018,Telangana,36,Nagarkurnool,694.0,Net Irrigated Area,Other Source,Other Source,1477.0,Mahabubnagar
135850,2017-2018,Telangana,36,Nagarkurnool,694.0,Net Irrigated Area,Well,Other Well,168.0,Mahabubnagar
135851,2017-2018,Telangana,36,Nagarkurnool,694.0,Net Irrigated Area,Well,Tubewell,14283.0,Mahabubnagar
135852,2017-2018,Telangana,36,Nalgonda,514.0,Gross Irrigated Area,Canal,Government,128247.0,Nalgonda
135853,2017-2018,Telangana,36,Nalgonda,514.0,Gross Irrigated Area,Canal,Private,,Nalgonda
135854,2017-2018,Telangana,36,Nalgonda,514.0,Gross Irrigated Area,Other Source,Other Source,2122.0,Nalgonda
135855,2017-2018,Telangana,36,Nalgonda,514.0,Gross Irrigated Area,Tank,Tank,10891.0,Nalgonda
135856,2017-2018,Telangana,36,Nalgonda,514.0,Gross Irrigated Area,Well,Other Well,1152.0,Nalgonda
135857,2017-2018,Telangana,36,Nalgonda,514.0,Gross Irrigated Area,Well,Tubewell,56461.0,Nalgonda
135858,2017-2018,Telangana,36,Nalgonda,514.0,Net Irrigated Area,Canal,Government,93412.0,Nalgonda
135859,2017-2018,Telangana,36,Nalgonda,514.0,Net Irrigated Area,Canal,Private,,Nalgonda
135860,2017-2018,Telangana,36,Nalgonda,514.0,Net Irrigated Area,Other Source,Other Source,2122.0,Nalgonda
135861,2017-2018,Telangana,36,Nalgonda,514.0,Net Irrigated Area,Tank,Tank,8931.0,Nalgonda
135862,2017-2018,Telangana,36,Nalgonda,514.0,Net Irrigated Area,Well,Other Well,852.0,Nalgonda
135863,2017-2018,Telangana,36,Nalgonda,514.0,Net Irrigated Area,Well,Tubewell,40087.0,Nalgonda
135864,2017-2018,Telangana,36,Nirmal,680.0,Gross Irrigated Area,Canal,Government,46372.0,Adilabad
135865,2017-2018,Telangana,36,Nirmal,680.0,Gross Irrigated Area,Canal,Private,,Adilabad
135866,2017-2018,Telangana,36,Nirmal,680.0,Gross Irrigated Area,Other Source,Other Source,678.0,Adilabad
135867,2017-2018,Telangana,36,Nirmal,680.0,Gross Irrigated Area,Tank,Tank,6783.0,Adilabad
135868,2017-2018,Telangana,36,Nirmal,680.0,Gross Irrigated Area,Well,Other Well,4602.0,Adilabad
135869,2017-2018,Telangana,36,Nirmal,680.0,Gross Irrigated Area,Well,Tubewell,30798.0,Adilabad
135870,2017-2018,Telangana,36,Nirmal,680.0,Net Irrigated Area,Canal,Government,35372.0,Adilabad
135871,2017-2018,Telangana,36,Nirmal,680.0,Net Irrigated Area,Canal,Private,,Adilabad
135872,2017-2018,Telangana,36,Nirmal,680.0,Net Irrigated Area,Other Source,Other Source,305.0,Adilabad
135873,2017-2018,Telangana,36,Nirmal,680.0,Net Irrigated Area,Tank,Tank,4545.0,Adilabad
135874,2017-2018,Telangana,36,Nirmal,680.0,Net Irrigated Area,Well,Other Well,3405.0,Adilabad
135875,2017-2018,Telangana,36,Nirmal,680.0,Net Irrigated Area,Well,Tubewell,23714.0,Adilabad
135876,2017-2018,Telangana,36,Nizamabad,516.0,Gross Irrigated Area,Canal,Government,137432.0,Nizamabad
135877,2017-2018,Telangana,36,Nizamabad,516.0,Gross Irrigated Area,Canal,Private,,Nizamabad
135878,2017-2018,Telangana,36,Nizamabad,516.0,Gross Irrigated Area,Other Source,Other Source,4937.0,Nizamabad
135879,2017-2018,Telangana,36,Nizamabad,516.0,Gross Irrigated Area,Tank,Tank,3600.0,Nizamabad
135880,2017-2018,Telangana,36,Nizamabad,516.0,Gross Irrigated Area,Well,Other Well,,Nizamabad
135881,2017-2018,Telangana,36,Nizamabad,516.0,Gross Irrigated Area,Well,Tubewell,121760.0,Nizamabad
135882,2017-2018,Telangana,36,Nizamabad,516.0,Net Irrigated Area,Canal,Government,88776.0,Nizamabad
135883,2017-2018,Telangana,36,Nizamabad,516.0,Net Irrigated Area,Canal,Private,,Nizamabad
135884,2017-2018,Telangana,36,Nizamabad,516.0,Net Irrigated Area,Other Source,Other Source,2913.0,Nizamabad
135885,2017-2018,Telangana,36,Nizamabad,516.0,Net Irrigated Area,Tank,Tank,3204.0,Nizamabad
135886,2017-2018,Telangana,36,Nizamabad,516.0,Net Irrigated Area,Well,Other Well,,Nizamabad
135887,2017-2018,Telangana,36,Nizamabad,516.0,Net Irrigated Area,Well,Tubewell,75491.0,Nizamabad
135888,2017-2018,Telangana,36,Peddapalli,682.0,Gross Irrigated Area,Canal,Government,40532.0,Karimnagar
135889,2017-2018,Telangana,36,Peddapalli,682.0,Gross Irrigated Area,Canal,Private,,Karimnagar
135890,2017-2018,Telangana,36,Peddapalli,682.0,Gross Irrigated Area,Other Source,Other Source,1227.0,Karimnagar
135891,2017-2018,Telangana,36,Peddapalli,682.0,Gross Irrigated Area,Tank,Tank,5418.0,Karimnagar
135892,2017-2018,Telangana,36,Peddapalli,682.0,Gross Irrigated Area,Well,Other Well,56202.0,Karimnagar
135893,2017-2018,Telangana,36,Peddapalli,682.0,Gross Irrigated Area,Well,Tubewell,12337.0,Karimnagar
135894,2017-2018,Telangana,36,Peddapalli,682.0,Net Irrigated Area,Canal,Government,23089.0,Karimnagar
135895,2017-2018,Telangana,36,Peddapalli,682.0,Net Irrigated Area,Canal,Private,,Karimnagar
135896,2017-2018,Telangana,36,Peddapalli,682.0,Net Irrigated Area,Other Source,Other Source,1215.0,Karimnagar
135897,2017-2018,Telangana,36,Peddapalli,682.0,Net Irrigated Area,Tank,Tank,4714.0,Karimnagar
135898,2017-2018,Telangana,36,Peddapalli,682.0,Net Irrigated Area,Well,Other Well,43838.0,Karimnagar
135899,2017-2018,Telangana,36,Peddapalli,682.0,Net Irrigated Area,Well,Tubewell,7279.0,Karimnagar
135900,2017-2018,Telangana,36,Rajanna Sircilla,683.0,Gross Irrigated Area,Canal,Government,,Karimnagar
135901,2017-2018,Telangana,36,Rajanna Sircilla,683.0,Gross Irrigated Area,Canal,Private,,Karimnagar
135902,2017-2018,Telangana,36,Rajanna Sircilla,683.0,Gross Irrigated Area,Other Source,Other Source,,Karimnagar
135903,2017-2018,Telangana,36,Rajanna Sircilla,683.0,Gross Irrigated Area,Tank,Tank,5592.0,Karimnagar
135904,2017-2018,Telangana,36,Rajanna Sircilla,683.0,Gross Irrigated Area,Well,Other Well,23193.0,Karimnagar
135905,2017-2018,Telangana,36,Rajanna Sircilla,683.0,Gross Irrigated Area,Well,Tubewell,22283.0,Karimnagar
135906,2017-2018,Telangana,36,Rajanna Sircilla,683.0,Net Irrigated Area,Canal,Government,,Karimnagar
135907,2017-2018,Telangana,36,Rajanna Sircilla,683.0,Net Irrigated Area,Canal,Private,,Karimnagar
135908,2017-2018,Telangana,36,Rajanna Sircilla,683.0,Net Irrigated Area,Other Source,Other Source,,Karimnagar
135909,2017-2018,Telangana,36,Rajanna Sircilla,683.0,Net Irrigated Area,Tank,Tank,5592.0,Karimnagar
135910,2017-2018,Telangana,36,Rajanna Sircilla,683.0,Net Irrigated Area,Well,Other Well,18091.0,Karimnagar
135911,2017-2018,Telangana,36,Rajanna Sircilla,683.0,Net Irrigated Area,Well,Tubewell,11522.0,Karimnagar
135912,2017-2018,Telangana,36,Ranga Reddy,518.0,Gross Irrigated Area,Canal,Government,2640.0,Ranga Reddy
135913,2017-2018,Telangana,36,Ranga Reddy,518.0,Gross Irrigated Area,Canal,Private,,Ranga Reddy
135914,2017-2018,Telangana,36,Ranga Reddy,518.0,Gross Irrigated Area,Other Source,Other Source,334.0,Ranga Reddy
135915,2017-2018,Telangana,36,Ranga Reddy,518.0,Gross Irrigated Area,Tank,Tank,2035.0,Ranga Reddy
135916,2017-2018,Telangana,36,Ranga Reddy,518.0,Gross Irrigated Area,Well,Other Well,,Ranga Reddy
135917,2017-2018,Telangana,36,Ranga Reddy,518.0,Gross Irrigated Area,Well,Tubewell,54705.0,Ranga Reddy
135918,2017-2018,Telangana,36,Ranga Reddy,518.0,Net Irrigated Area,Canal,Government,2640.0,Ranga Reddy
135919,2017-2018,Telangana,36,Ranga Reddy,518.0,Net Irrigated Area,Canal,Private,,Ranga Reddy
135920,2017-2018,Telangana,36,Ranga Reddy,518.0,Net Irrigated Area,Other Source,Other Source,30.0,Ranga Reddy
135921,2017-2018,Telangana,36,Ranga Reddy,518.0,Net Irrigated Area,Tank,Tank,2035.0,Ranga Reddy
135922,2017-2018,Telangana,36,Ranga Reddy,518.0,Net Irrigated Area,Well,Other Well,,Ranga Reddy
135923,2017-2018,Telangana,36,Ranga Reddy,518.0,Net Irrigated Area,Well,Tubewell,38555.0,Ranga Reddy
135924,2017-2018,Telangana,36,Sangareddy,691.0,Gross Irrigated Area,Canal,Government,61187.0,Medak
135925,2017-2018,Telangana,36,Sangareddy,691.0,Gross Irrigated Area,Canal,Private,,Medak
135926,2017-2018,Telangana,36,Sangareddy,691.0,Gross Irrigated Area,Other Source,Other Source,50.0,Medak
135928,2017-2018,Telangana,36,Sangareddy,691.0,Gross Irrigated Area,Well,Other Well,755.0,Medak
135929,2017-2018,Telangana,36,Sangareddy,691.0,Gross Irrigated Area,Well,Tubewell,36974.0,Medak
135930,2017-2018,Telangana,36,Sangareddy,691.0,Net Irrigated Area,Canal,Government,48980.0,Medak
135931,2017-2018,Telangana,36,Sangareddy,691.0,Net Irrigated Area,Canal,Private,,Medak
135932,2017-2018,Telangana,36,Sangareddy,691.0,Net Irrigated Area,Other Source,Other Source,50.0,Medak
135933,2017-2018,Telangana,36,Sangareddy,691.0,Net Irrigated Area,Tank,Tank,3365.0,Medak
135934,2017-2018,Telangana,36,Sangareddy,691.0,Net Irrigated Area,Well,Other Well,755.0,Medak
135935,2017-2018,Telangana,36,Sangareddy,691.0,Net Irrigated Area,Well,Tubewell,29579.0,Medak
135936,2017-2018,Telangana,36,Siddipet,692.0,Gross Irrigated Area,Canal,Government,60761.0,Medak
135937,2017-2018,Telangana,36,Siddipet,692.0,Gross Irrigated Area,Canal,Private,,Medak
135938,2017-2018,Telangana,36,Siddipet,692.0,Gross Irrigated Area,Other Source,Other Source,,Medak
135939,2017-2018,Telangana,36,Siddipet,692.0,Gross Irrigated Area,Tank,Tank,3510.0,Medak
135940,2017-2018,Telangana,36,Siddipet,692.0,Gross Irrigated Area,Well,Other Well,8673.0,Medak
135941,2017-2018,Telangana,36,Siddipet,692.0,Gross Irrigated Area,Well,Tubewell,39510.0,Medak
135942,2017-2018,Telangana,36,Siddipet,692.0,Net Irrigated Area,Canal,Government,58262.0,Medak
135943,2017-2018,Telangana,36,Siddipet,692.0,Net Irrigated Area,Canal,Private,,Medak
135944,2017-2018,Telangana,36,Siddipet,692.0,Net Irrigated Area,Other Source,Other Source,,Medak
135945,2017-2018,Telangana,36,Siddipet,692.0,Net Irrigated Area,Tank,Tank,3510.0,Medak
135946,2017-2018,Telangana,36,Siddipet,692.0,Net Irrigated Area,Well,Other Well,8413.0,Medak
135947,2017-2018,Telangana,36,Siddipet,692.0,Net Irrigated Area,Well,Tubewell,36744.0,Medak
135948,2017-2018,Telangana,36,Suryapet,696.0,Gross Irrigated Area,Canal,Government,184073.0,Nalgonda
135949,2017-2018,Telangana,36,Suryapet,696.0,Gross Irrigated Area,Canal,Private,,Nalgonda
135950,2017-2018,Telangana,36,Suryapet,696.0,Gross Irrigated Area,Other Source,Other Source,2271.0,Nalgonda
135951,2017-2018,Telangana,36,Suryapet,696.0,Gross Irrigated Area,Tank,Tank,789.0,Nalgonda
135952,2017-2018,Telangana,36,Suryapet,696.0,Gross Irrigated Area,Well,Other Well,6225.0,Nalgonda
135953,2017-2018,Telangana,36,Suryapet,696.0,Gross Irrigated Area,Well,Tubewell,13856.0,Nalgonda
135954,2017-2018,Telangana,36,Suryapet,696.0,Net Irrigated Area,Canal,Government,95872.0,Nalgonda
135955,2017-2018,Telangana,36,Suryapet,696.0,Net Irrigated Area,Canal,Private,,Nalgonda
135956,2017-2018,Telangana,36,Suryapet,696.0,Net Irrigated Area,Other Source,Other Source,1113.0,Nalgonda
135957,2017-2018,Telangana,36,Suryapet,696.0,Net Irrigated Area,Tank,Tank,497.0,Nalgonda
135958,2017-2018,Telangana,36,Suryapet,696.0,Net Irrigated Area,Well,Other Well,4855.0,Nalgonda
135959,2017-2018,Telangana,36,Suryapet,696.0,Net Irrigated Area,Well,Tubewell,10253.0,Nalgonda
135960,2017-2018,Telangana,36,Vikarabad,698.0,Gross Irrigated Area,Canal,Government,366.0,Ranga Reddy
135961,2017-2018,Telangana,36,Vikarabad,698.0,Gross Irrigated Area,Canal,Private,,Ranga Reddy
135962,2017-2018,Telangana,36,Vikarabad,698.0,Gross Irrigated Area,Other Source,Other Source,4.0,Ranga Reddy
135963,2017-2018,Telangana,36,Vikarabad,698.0,Gross Irrigated Area,Tank,Tank,2431.0,Ranga Reddy
135964,2017-2018,Telangana,36,Vikarabad,698.0,Gross Irrigated Area,Well,Other Well,399.0,Ranga Reddy
135965,2017-2018,Telangana,36,Vikarabad,698.0,Gross Irrigated Area,Well,Tubewell,39537.0,Ranga Reddy
135966,2017-2018,Telangana,36,Vikarabad,698.0,Net Irrigated Area,Canal,Government,366.0,Ranga Reddy
135967,2017-2018,Telangana,36,Vikarabad,698.0,Net Irrigated Area,Canal,Private,,Ranga Reddy
135968,2017-2018,Telangana,36,Vikarabad,698.0,Net Irrigated Area,Other Source,Other Source,4.0,Ranga Reddy
135969,2017-2018,Telangana,36,Vikarabad,698.0,Net Irrigated Area,Tank,Tank,1896.0,Ranga Reddy
135970,2017-2018,Telangana,36,Vikarabad,698.0,Net Irrigated Area,Well,Other Well,399.0,Ranga Reddy
135971,2017-2018,Telangana,36,Vikarabad,698.0,Net Irrigated Area,Well,Tubewell,33735.0,Ranga Reddy
135972,2017-2018,Telangana,36,Wanaparthy,693.0,Gross Irrigated Area,Canal,Government,104360.0,Mahabubnagar
135973,2017-2018,Telangana,36,Wanaparthy,693.0,Gross Irrigated Area,Canal,Private,,Mahabubnagar
135974,2017-2018,Telangana,36,Wanaparthy,693.0,Gross Irrigated Area,Other Source,Other Source,,Mahabubnagar
135975,2017-2018,Telangana,36,Wanaparthy,693.0,Gross Irrigated Area,Tank,Tank,4488.0,Mahabubnagar
135976,2017-2018,Telangana,36,Wanaparthy,693.0,Gross Irrigated Area,Well,Other Well,148.0,Mahabubnagar
135977,2017-2018,Telangana,36,Wanaparthy,693.0,Gross Irrigated Area,Well,Tubewell,4778.0,Mahabubnagar
135978,2017-2018,Telangana,36,Wanaparthy,693.0,Net Irrigated Area,Canal,Government,74431.0,Mahabubnagar
135979,2017-2018,Telangana,36,Wanaparthy,693.0,Net Irrigated Area,Canal,Private,,Mahabubnagar
135980,2017-2018,Telangana,36,Wanaparthy,693.0,Net Irrigated Area,Other Source,Other Source,,Mahabubnagar
135981,2017-2018,Telangana,36,Wanaparthy,693.0,Net Irrigated Area,Tank,Tank,3905.0,Mahabubnagar
135982,2017-2018,Telangana,36,Wanaparthy,693.0,Net Irrigated Area,Well,Other Well,133.0,Mahabubnagar
135983,2017-2018,Telangana,36,Wanaparthy,693.0,Net Irrigated Area,Well,Tubewell,3870.0,Mahabubnagar
135984,2017-2018,Telangana,36,Warangal,522.0,Gross Irrigated Area,Canal,Government,19745.0,Warangal
135985,2017-2018,Telangana,36,Warangal,522.0,Gross Irrigated Area,Canal,Private,,Warangal
135986,2017-2018,Telangana,36,Warangal,522.0,Gross Irrigated Area,Other Source,Other Source,489.0,Warangal
135987,2017-2018,Telangana,36,Warangal,522.0,Gross Irrigated Area,Tank,Tank,15964.0,Warangal
135988,2017-2018,Telangana,36,Warangal,522.0,Gross Irrigated Area,Well,Other Well,89505.0,Warangal
135989,2017-2018,Telangana,36,Warangal,522.0,Gross Irrigated Area,Well,Tubewell,29835.0,Warangal
135990,2017-2018,Telangana,36,Warangal,522.0,Net Irrigated Area,Canal,Government,13936.0,Warangal
135991,2017-2018,Telangana,36,Warangal,522.0,Net Irrigated Area,Canal,Private,,Warangal
135992,2017-2018,Telangana,36,Warangal,522.0,Net Irrigated Area,Other Source,Other Source,421.0,Warangal
135993,2017-2018,Telangana,36,Warangal,522.0,Net Irrigated Area,Tank,Tank,13090.0,Warangal
135994,2017-2018,Telangana,36,Warangal,522.0,Net Irrigated Area,Well,Other Well,61758.0,Warangal
135995,2017-2018,Telangana,36,Warangal,522.0,Net Irrigated Area,Well,Tubewell,19094.0,Warangal
135996,2017-2018,Telangana,36,Yadadri Bhuvanagiri,697.0,Gross Irrigated Area,Canal,Government,5367.0,Nalgonda
135997,2017-2018,Telangana,36,Yadadri Bhuvanagiri,697.0,Gross Irrigated Area,Canal,Private,,Nalgonda
135998,2017-2018,Telangana,36,Yadadri Bhuvanagiri,697.0,Gross Irrigated Area,Other Source,Other Source,7045.0,Nalgonda
135999,2017-2018,Telangana,36,Yadadri Bhuvanagiri,697.0,Gross Irrigated Area,Tank,Tank,6157.0,Nalgonda
136000,2017-2018,Telangana,36,Yadadri Bhuvanagiri,697.0,Gross Irrigated Area,Well,Other Well,11982.0,Nalgonda
136001,2017-2018,Telangana,36,Yadadri Bhuvanagiri,697.0,Gross Irrigated Area,Well,Tubewell,80188.0,Nalgonda
136002,2017-2018,Telangana,36,Yadadri Bhuvanagiri,697.0,Net Irrigated Area,Canal,Government,4186.0,Nalgonda
136003,2017-2018,Telangana,36,Yadadri Bhuvanagiri,697.0,Net Irrigated Area,Canal,Private,,Nalgonda
136004,2017-2018,Telangana,36,Yadadri Bhuvanagiri,697.0,Net Irrigated Area,Other Source,Other Source,4368.0,Nalgonda
136005,2017-2018,Telangana,36,Yadadri Bhuvanagiri,697.0,Net Irrigated Area,Tank,Tank,3571.0,Nalgonda
136006,2017-2018,Telangana,36,Yadadri Bhuvanagiri,697.0,Net Irrigated Area,Well,Other Well,7429.0,Nalgonda
136007,2017-2018,Telangana,36,Yadadri Bhuvanagiri,697.0,Net Irrigated Area,Well,Tubewell,43669.0,Nalgonda
143196,2018-2019,Telangana,36,Adilabad,501.0,Gross Irrigated Area,Canal,Government,40977.0,Adilabad
143197,2018-2019,Telangana,36,Adilabad,501.0,Gross Irrigated Area,Canal,Private,,Adilabad
143198,2018-2019,Telangana,36,Adilabad,501.0,Gross Irrigated Area,Other Source,Other Source,3188.0,Adilabad
143199,2018-2019,Telangana,36,Adilabad,501.0,Gross Irrigated Area,Tank,Tank,4291.0,Adilabad
143200,2018-2019,Telangana,36,Adilabad,501.0,Gross Irrigated Area,Well,Other Well,136.0,Adilabad
143201,2018-2019,Telangana,36,Adilabad,501.0,Gross Irrigated Area,Well,Tubewell,13466.0,Adilabad
143202,2018-2019,Telangana,36,Adilabad,501.0,Net Irrigated Area,Canal,Government,40977.0,Adilabad
143203,2018-2019,Telangana,36,Adilabad,501.0,Net Irrigated Area,Canal,Private,,Adilabad
143204,2018-2019,Telangana,36,Adilabad,501.0,Net Irrigated Area,Other Source,Other Source,3188.0,Adilabad
143205,2018-2019,Telangana,36,Adilabad,501.0,Net Irrigated Area,Tank,Tank,4291.0,Adilabad
143206,2018-2019,Telangana,36,Adilabad,501.0,Net Irrigated Area,Well,Other Well,136.0,Adilabad
143207,2018-2019,Telangana,36,Adilabad,501.0,Net Irrigated Area,Well,Tubewell,13466.0,Adilabad
143208,2018-2019,Telangana,36,Bhadradri Kothagudem,690.0,Gross Irrigated Area,Canal,Government,34997.0,Khammam
143209,2018-2019,Telangana,36,Bhadradri Kothagudem,690.0,Gross Irrigated Area,Canal,Private,,Khammam
143210,2018-2019,Telangana,36,Bhadradri Kothagudem,690.0,Gross Irrigated Area,Other Source,Other Source,4607.0,Khammam
143211,2018-2019,Telangana,36,Bhadradri Kothagudem,690.0,Gross Irrigated Area,Tank,Tank,30914.0,Khammam
143212,2018-2019,Telangana,36,Bhadradri Kothagudem,690.0,Gross Irrigated Area,Well,Other Well,363.0,Khammam
143213,2018-2019,Telangana,36,Bhadradri Kothagudem,690.0,Gross Irrigated Area,Well,Tubewell,17715.0,Khammam
143214,2018-2019,Telangana,36,Bhadradri Kothagudem,690.0,Net Irrigated Area,Canal,Government,32433.0,Khammam
143215,2018-2019,Telangana,36,Bhadradri Kothagudem,690.0,Net Irrigated Area,Canal,Private,,Khammam
143216,2018-2019,Telangana,36,Bhadradri Kothagudem,690.0,Net Irrigated Area,Other Source,Other Source,3501.0,Khammam
143217,2018-2019,Telangana,36,Bhadradri Kothagudem,690.0,Net Irrigated Area,Tank,Tank,29059.0,Khammam
143218,2018-2019,Telangana,36,Bhadradri Kothagudem,690.0,Net Irrigated Area,Well,Other Well,363.0,Khammam
143219,2018-2019,Telangana,36,Bhadradri Kothagudem,690.0,Net Irrigated Area,Well,Tubewell,15589.0,Khammam
143220,2018-2019,Telangana,36,Hanumakonda,686.0,Gross Irrigated Area,Canal,Government,42833.0,Warangal
143221,2018-2019,Telangana,36,Hanumakonda,686.0,Gross Irrigated Area,Canal,Private,,Warangal
143222,2018-2019,Telangana,36,Hanumakonda,686.0,Gross Irrigated Area,Other Source,Other Source,98.0,Warangal
143223,2018-2019,Telangana,36,Hanumakonda,686.0,Gross Irrigated Area,Tank,Tank,6638.0,Warangal
143224,2018-2019,Telangana,36,Hanumakonda,686.0,Gross Irrigated Area,Well,Other Well,17798.0,Warangal
143225,2018-2019,Telangana,36,Hanumakonda,686.0,Gross Irrigated Area,Well,Tubewell,4731.0,Warangal
143226,2018-2019,Telangana,36,Hanumakonda,686.0,Net Irrigated Area,Canal,Government,26234.0,Warangal
143227,2018-2019,Telangana,36,Hanumakonda,686.0,Net Irrigated Area,Canal,Private,,Warangal
143228,2018-2019,Telangana,36,Hanumakonda,686.0,Net Irrigated Area,Other Source,Other Source,,Warangal
143229,2018-2019,Telangana,36,Hanumakonda,686.0,Net Irrigated Area,Tank,Tank,5310.0,Warangal
143230,2018-2019,Telangana,36,Hanumakonda,686.0,Net Irrigated Area,Well,Other Well,11391.0,Warangal
143231,2018-2019,Telangana,36,Hanumakonda,686.0,Net Irrigated Area,Well,Tubewell,2886.0,Warangal
143232,2018-2019,Telangana,36,Hyderabad,507.0,Gross Irrigated Area,Canal,Government,,Hyderabad
143233,2018-2019,Telangana,36,Hyderabad,507.0,Gross Irrigated Area,Canal,Private,,Hyderabad
143234,2018-2019,Telangana,36,Hyderabad,507.0,Gross Irrigated Area,Other Source,Other Source,,Hyderabad
143235,2018-2019,Telangana,36,Hyderabad,507.0,Gross Irrigated Area,Tank,Tank,,Hyderabad
143236,2018-2019,Telangana,36,Hyderabad,507.0,Gross Irrigated Area,Well,Other Well,,Hyderabad
143237,2018-2019,Telangana,36,Hyderabad,507.0,Gross Irrigated Area,Well,Tubewell,,Hyderabad
143238,2018-2019,Telangana,36,Hyderabad,507.0,Net Irrigated Area,Canal,Government,,Hyderabad
143239,2018-2019,Telangana,36,Hyderabad,507.0,Net Irrigated Area,Canal,Private,,Hyderabad
143240,2018-2019,Telangana,36,Hyderabad,507.0,Net Irrigated Area,Other Source,Other Source,,Hyderabad
143241,2018-2019,Telangana,36,Hyderabad,507.0,Net Irrigated Area,Tank,Tank,,Hyderabad
143242,2018-2019,Telangana,36,Hyderabad,507.0,Net Irrigated Area,Well,Other Well,,Hyderabad
143243,2018-2019,Telangana,36,Hyderabad,507.0,Net Irrigated Area,Well,Tubewell,,Hyderabad
143244,2018-2019,Telangana,36,Jagitial,681.0,Gross Irrigated Area,Canal,Government,83537.0,Karimnagar
143245,2018-2019,Telangana,36,Jagitial,681.0,Gross Irrigated Area,Canal,Private,,Karimnagar
143246,2018-2019,Telangana,36,Jagitial,681.0,Gross Irrigated Area,Other Source,Other Source,427.0,Karimnagar
143247,2018-2019,Telangana,36,Jagitial,681.0,Gross Irrigated Area,Tank,Tank,12215.0,Karimnagar
143248,2018-2019,Telangana,36,Jagitial,681.0,Gross Irrigated Area,Well,Other Well,63203.0,Karimnagar
143249,2018-2019,Telangana,36,Jagitial,681.0,Gross Irrigated Area,Well,Tubewell,25815.0,Karimnagar
143250,2018-2019,Telangana,36,Jagitial,681.0,Net Irrigated Area,Canal,Government,52663.0,Karimnagar
143251,2018-2019,Telangana,36,Jagitial,681.0,Net Irrigated Area,Canal,Private,,Karimnagar
143252,2018-2019,Telangana,36,Jagitial,681.0,Net Irrigated Area,Other Source,Other Source,312.0,Karimnagar
143253,2018-2019,Telangana,36,Jagitial,681.0,Net Irrigated Area,Tank,Tank,9039.0,Karimnagar
143254,2018-2019,Telangana,36,Jagitial,681.0,Net Irrigated Area,Well,Other Well,43610.0,Karimnagar
143255,2018-2019,Telangana,36,Jagitial,681.0,Net Irrigated Area,Well,Tubewell,16522.0,Karimnagar
143256,2018-2019,Telangana,36,Jangoan,689.0,Gross Irrigated Area,Canal,Government,21614.0,Warangal
143257,2018-2019,Telangana,36,Jangoan,689.0,Gross Irrigated Area,Canal,Private,,Warangal
143258,2018-2019,Telangana,36,Jangoan,689.0,Gross Irrigated Area,Other Source,Other Source,,Warangal
143259,2018-2019,Telangana,36,Jangoan,689.0,Gross Irrigated Area,Tank,Tank,6661.0,Warangal
143260,2018-2019,Telangana,36,Jangoan,689.0,Gross Irrigated Area,Well,Other Well,4537.0,Warangal
143261,2018-2019,Telangana,36,Jangoan,689.0,Gross Irrigated Area,Well,Tubewell,27866.0,Warangal
143262,2018-2019,Telangana,36,Jangoan,689.0,Net Irrigated Area,Canal,Government,13469.0,Warangal
143263,2018-2019,Telangana,36,Jangoan,689.0,Net Irrigated Area,Canal,Private,,Warangal
143264,2018-2019,Telangana,36,Jangoan,689.0,Net Irrigated Area,Other Source,Other Source,,Warangal
143265,2018-2019,Telangana,36,Jangoan,689.0,Net Irrigated Area,Tank,Tank,3730.0,Warangal
143266,2018-2019,Telangana,36,Jangoan,689.0,Net Irrigated Area,Well,Other Well,3221.0,Warangal
143267,2018-2019,Telangana,36,Jangoan,689.0,Net Irrigated Area,Well,Tubewell,16720.0,Warangal
143268,2018-2019,Telangana,36,Jayashankar Bhupalapally,687.0,Gross Irrigated Area,Canal,Government,79677.0,Warangal
143269,2018-2019,Telangana,36,Jayashankar Bhupalapally,687.0,Gross Irrigated Area,Canal,Private,,Warangal
143270,2018-2019,Telangana,36,Jayashankar Bhupalapally,687.0,Gross Irrigated Area,Other Source,Other Source,2216.0,Warangal
143271,2018-2019,Telangana,36,Jayashankar Bhupalapally,687.0,Gross Irrigated Area,Tank,Tank,10870.0,Warangal
143272,2018-2019,Telangana,36,Jayashankar Bhupalapally,687.0,Gross Irrigated Area,Well,Other Well,1262.0,Warangal
143273,2018-2019,Telangana,36,Jayashankar Bhupalapally,687.0,Gross Irrigated Area,Well,Tubewell,3245.0,Warangal
143274,2018-2019,Telangana,36,Jayashankar Bhupalapally,687.0,Net Irrigated Area,Canal,Government,37575.0,Warangal
143275,2018-2019,Telangana,36,Jayashankar Bhupalapally,687.0,Net Irrigated Area,Canal,Private,,Warangal
143276,2018-2019,Telangana,36,Jayashankar Bhupalapally,687.0,Net Irrigated Area,Other Source,Other Source,1440.0,Warangal
143277,2018-2019,Telangana,36,Jayashankar Bhupalapally,687.0,Net Irrigated Area,Tank,Tank,9783.0,Warangal
143278,2018-2019,Telangana,36,Jayashankar Bhupalapally,687.0,Net Irrigated Area,Well,Other Well,1060.0,Warangal
143279,2018-2019,Telangana,36,Jayashankar Bhupalapally,687.0,Net Irrigated Area,Well,Tubewell,2401.0,Warangal
143280,2018-2019,Telangana,36,Jogulamba Gadwal,695.0,Gross Irrigated Area,Canal,Government,60222.0,Mahabubnagar
143281,2018-2019,Telangana,36,Jogulamba Gadwal,695.0,Gross Irrigated Area,Canal,Private,,Mahabubnagar
143282,2018-2019,Telangana,36,Jogulamba Gadwal,695.0,Gross Irrigated Area,Other Source,Other Source,1400.0,Mahabubnagar
143283,2018-2019,Telangana,36,Jogulamba Gadwal,695.0,Gross Irrigated Area,Tank,Tank,772.0,Mahabubnagar
143284,2018-2019,Telangana,36,Jogulamba Gadwal,695.0,Gross Irrigated Area,Well,Other Well,1102.0,Mahabubnagar
143285,2018-2019,Telangana,36,Jogulamba Gadwal,695.0,Gross Irrigated Area,Well,Tubewell,26452.0,Mahabubnagar
143286,2018-2019,Telangana,36,Jogulamba Gadwal,695.0,Net Irrigated Area,Canal,Government,56399.0,Mahabubnagar
143287,2018-2019,Telangana,36,Jogulamba Gadwal,695.0,Net Irrigated Area,Canal,Private,,Mahabubnagar
143288,2018-2019,Telangana,36,Jogulamba Gadwal,695.0,Net Irrigated Area,Other Source,Other Source,1358.0,Mahabubnagar
143289,2018-2019,Telangana,36,Jogulamba Gadwal,695.0,Net Irrigated Area,Tank,Tank,772.0,Mahabubnagar
143290,2018-2019,Telangana,36,Jogulamba Gadwal,695.0,Net Irrigated Area,Well,Other Well,1047.0,Mahabubnagar
143291,2018-2019,Telangana,36,Jogulamba Gadwal,695.0,Net Irrigated Area,Well,Tubewell,23278.0,Mahabubnagar
143292,2018-2019,Telangana,36,Kamareddy,685.0,Gross Irrigated Area,Canal,Government,13722.0,Nizamabad
143293,2018-2019,Telangana,36,Kamareddy,685.0,Gross Irrigated Area,Canal,Private,,Nizamabad
143294,2018-2019,Telangana,36,Kamareddy,685.0,Gross Irrigated Area,Other Source,Other Source,1369.0,Nizamabad
143295,2018-2019,Telangana,36,Kamareddy,685.0,Gross Irrigated Area,Tank,Tank,7490.0,Nizamabad
143296,2018-2019,Telangana,36,Kamareddy,685.0,Gross Irrigated Area,Well,Other Well,,Nizamabad
143297,2018-2019,Telangana,36,Kamareddy,685.0,Gross Irrigated Area,Well,Tubewell,80578.0,Nizamabad
143298,2018-2019,Telangana,36,Kamareddy,685.0,Net Irrigated Area,Canal,Government,11715.0,Nizamabad
143299,2018-2019,Telangana,36,Kamareddy,685.0,Net Irrigated Area,Canal,Private,,Nizamabad
143300,2018-2019,Telangana,36,Kamareddy,685.0,Net Irrigated Area,Other Source,Other Source,1328.0,Nizamabad
143301,2018-2019,Telangana,36,Kamareddy,685.0,Net Irrigated Area,Tank,Tank,5543.0,Nizamabad
143302,2018-2019,Telangana,36,Kamareddy,685.0,Net Irrigated Area,Well,Other Well,,Nizamabad
143303,2018-2019,Telangana,36,Kamareddy,685.0,Net Irrigated Area,Well,Tubewell,49958.0,Nizamabad
143304,2018-2019,Telangana,36,Karimnagar,508.0,Gross Irrigated Area,Canal,Government,66827.0,Karimnagar
143305,2018-2019,Telangana,36,Karimnagar,508.0,Gross Irrigated Area,Canal,Private,,Karimnagar
143306,2018-2019,Telangana,36,Karimnagar,508.0,Gross Irrigated Area,Other Source,Other Source,40.0,Karimnagar
143307,2018-2019,Telangana,36,Karimnagar,508.0,Gross Irrigated Area,Tank,Tank,7105.0,Karimnagar
143308,2018-2019,Telangana,36,Karimnagar,508.0,Gross Irrigated Area,Well,Other Well,64459.0,Karimnagar
143309,2018-2019,Telangana,36,Karimnagar,508.0,Gross Irrigated Area,Well,Tubewell,3392.0,Karimnagar
143310,2018-2019,Telangana,36,Karimnagar,508.0,Net Irrigated Area,Canal,Government,34672.0,Karimnagar
143311,2018-2019,Telangana,36,Karimnagar,508.0,Net Irrigated Area,Canal,Private,,Karimnagar
143312,2018-2019,Telangana,36,Karimnagar,508.0,Net Irrigated Area,Other Source,Other Source,40.0,Karimnagar
143313,2018-2019,Telangana,36,Karimnagar,508.0,Net Irrigated Area,Tank,Tank,4973.0,Karimnagar
143314,2018-2019,Telangana,36,Karimnagar,508.0,Net Irrigated Area,Well,Other Well,40609.0,Karimnagar
143315,2018-2019,Telangana,36,Karimnagar,508.0,Net Irrigated Area,Well,Tubewell,2340.0,Karimnagar
143316,2018-2019,Telangana,36,Khammam,509.0,Gross Irrigated Area,Canal,Government,191740.0,Khammam
143317,2018-2019,Telangana,36,Khammam,509.0,Gross Irrigated Area,Canal,Private,,Khammam
143318,2018-2019,Telangana,36,Khammam,509.0,Gross Irrigated Area,Other Source,Other Source,656.0,Khammam
143319,2018-2019,Telangana,36,Khammam,509.0,Gross Irrigated Area,Tank,Tank,18832.0,Khammam
143320,2018-2019,Telangana,36,Khammam,509.0,Gross Irrigated Area,Well,Other Well,2243.0,Khammam
143321,2018-2019,Telangana,36,Khammam,509.0,Gross Irrigated Area,Well,Tubewell,4994.0,Khammam
143322,2018-2019,Telangana,36,Khammam,509.0,Net Irrigated Area,Canal,Government,147339.0,Khammam
143323,2018-2019,Telangana,36,Khammam,509.0,Net Irrigated Area,Canal,Private,,Khammam
143324,2018-2019,Telangana,36,Khammam,509.0,Net Irrigated Area,Other Source,Other Source,459.0,Khammam
143325,2018-2019,Telangana,36,Khammam,509.0,Net Irrigated Area,Tank,Tank,15066.0,Khammam
143326,2018-2019,Telangana,36,Khammam,509.0,Net Irrigated Area,Well,Other Well,1839.0,Khammam
143327,2018-2019,Telangana,36,Khammam,509.0,Net Irrigated Area,Well,Tubewell,3995.0,Khammam
143328,2018-2019,Telangana,36,Kumuram Bheem Asifabad,699.0,Gross Irrigated Area,Canal,Government,71439.0,Adilabad
143329,2018-2019,Telangana,36,Kumuram Bheem Asifabad,699.0,Gross Irrigated Area,Canal,Private,,Adilabad
143330,2018-2019,Telangana,36,Kumuram Bheem Asifabad,699.0,Gross Irrigated Area,Other Source,Other Source,2866.0,Adilabad
143331,2018-2019,Telangana,36,Kumuram Bheem Asifabad,699.0,Gross Irrigated Area,Tank,Tank,5884.0,Adilabad
143332,2018-2019,Telangana,36,Kumuram Bheem Asifabad,699.0,Gross Irrigated Area,Well,Other Well,1318.0,Adilabad
143333,2018-2019,Telangana,36,Kumuram Bheem Asifabad,699.0,Gross Irrigated Area,Well,Tubewell,4173.0,Adilabad
143334,2018-2019,Telangana,36,Kumuram Bheem Asifabad,699.0,Net Irrigated Area,Canal,Government,52865.0,Adilabad
143335,2018-2019,Telangana,36,Kumuram Bheem Asifabad,699.0,Net Irrigated Area,Canal,Private,,Adilabad
143336,2018-2019,Telangana,36,Kumuram Bheem Asifabad,699.0,Net Irrigated Area,Other Source,Other Source,1347.0,Adilabad
143337,2018-2019,Telangana,36,Kumuram Bheem Asifabad,699.0,Net Irrigated Area,Tank,Tank,5649.0,Adilabad
143338,2018-2019,Telangana,36,Kumuram Bheem Asifabad,699.0,Net Irrigated Area,Well,Other Well,633.0,Adilabad
143339,2018-2019,Telangana,36,Kumuram Bheem Asifabad,699.0,Net Irrigated Area,Well,Tubewell,2212.0,Adilabad
143340,2018-2019,Telangana,36,Mahabubabad,688.0,Gross Irrigated Area,Canal,Government,10389.0,Warangal
143341,2018-2019,Telangana,36,Mahabubabad,688.0,Gross Irrigated Area,Canal,Private,,Warangal
143342,2018-2019,Telangana,36,Mahabubabad,688.0,Gross Irrigated Area,Other Source,Other Source,364.0,Warangal
143343,2018-2019,Telangana,36,Mahabubabad,688.0,Gross Irrigated Area,Tank,Tank,8097.0,Warangal
143344,2018-2019,Telangana,36,Mahabubabad,688.0,Gross Irrigated Area,Well,Other Well,59106.0,Warangal
143345,2018-2019,Telangana,36,Mahabubabad,688.0,Gross Irrigated Area,Well,Tubewell,34713.0,Warangal
143346,2018-2019,Telangana,36,Mahabubabad,688.0,Net Irrigated Area,Canal,Government,10198.0,Warangal
143347,2018-2019,Telangana,36,Mahabubabad,688.0,Net Irrigated Area,Canal,Private,,Warangal
143348,2018-2019,Telangana,36,Mahabubabad,688.0,Net Irrigated Area,Other Source,Other Source,342.0,Warangal
143349,2018-2019,Telangana,36,Mahabubabad,688.0,Net Irrigated Area,Tank,Tank,7368.0,Warangal
143350,2018-2019,Telangana,36,Mahabubabad,688.0,Net Irrigated Area,Well,Other Well,46694.0,Warangal
143351,2018-2019,Telangana,36,Mahabubabad,688.0,Net Irrigated Area,Well,Tubewell,27076.0,Warangal
143352,2018-2019,Telangana,36,Mahabubnagar,512.0,Gross Irrigated Area,Canal,Government,56271.0,Mahabubnagar
143353,2018-2019,Telangana,36,Mahabubnagar,512.0,Gross Irrigated Area,Canal,Private,,Mahabubnagar
143354,2018-2019,Telangana,36,Mahabubnagar,512.0,Gross Irrigated Area,Other Source,Other Source,,Mahabubnagar
143355,2018-2019,Telangana,36,Mahabubnagar,512.0,Gross Irrigated Area,Tank,Tank,2996.0,Mahabubnagar
143356,2018-2019,Telangana,36,Mahabubnagar,512.0,Gross Irrigated Area,Well,Other Well,,Mahabubnagar
143357,2018-2019,Telangana,36,Mahabubnagar,512.0,Gross Irrigated Area,Well,Tubewell,4919.0,Mahabubnagar
143358,2018-2019,Telangana,36,Mahabubnagar,512.0,Net Irrigated Area,Canal,Government,15625.0,Mahabubnagar
143359,2018-2019,Telangana,36,Mahabubnagar,512.0,Net Irrigated Area,Canal,Private,,Mahabubnagar
143360,2018-2019,Telangana,36,Mahabubnagar,512.0,Net Irrigated Area,Other Source,Other Source,,Mahabubnagar
143361,2018-2019,Telangana,36,Mahabubnagar,512.0,Net Irrigated Area,Tank,Tank,2187.0,Mahabubnagar
143362,2018-2019,Telangana,36,Mahabubnagar,512.0,Net Irrigated Area,Well,Other Well,,Mahabubnagar
143363,2018-2019,Telangana,36,Mahabubnagar,512.0,Net Irrigated Area,Well,Tubewell,3492.0,Mahabubnagar
143364,2018-2019,Telangana,36,Mancherial,684.0,Gross Irrigated Area,Canal,Government,69944.0,Adilabad
143365,2018-2019,Telangana,36,Mancherial,684.0,Gross Irrigated Area,Canal,Private,,Adilabad
143366,2018-2019,Telangana,36,Mancherial,684.0,Gross Irrigated Area,Other Source,Other Source,826.0,Adilabad
143367,2018-2019,Telangana,36,Mancherial,684.0,Gross Irrigated Area,Tank,Tank,6757.0,Adilabad
143368,2018-2019,Telangana,36,Mancherial,684.0,Gross Irrigated Area,Well,Other Well,6581.0,Adilabad
143369,2018-2019,Telangana,36,Mancherial,684.0,Gross Irrigated Area,Well,Tubewell,11207.0,Adilabad
143370,2018-2019,Telangana,36,Mancherial,684.0,Net Irrigated Area,Canal,Government,32436.0,Adilabad
143371,2018-2019,Telangana,36,Mancherial,684.0,Net Irrigated Area,Canal,Private,,Adilabad
143372,2018-2019,Telangana,36,Mancherial,684.0,Net Irrigated Area,Other Source,Other Source,661.0,Adilabad
143373,2018-2019,Telangana,36,Mancherial,684.0,Net Irrigated Area,Tank,Tank,5946.0,Adilabad
143374,2018-2019,Telangana,36,Mancherial,684.0,Net Irrigated Area,Well,Other Well,3225.0,Adilabad
143375,2018-2019,Telangana,36,Mancherial,684.0,Net Irrigated Area,Well,Tubewell,6612.0,Adilabad
143376,2018-2019,Telangana,36,Medak,513.0,Gross Irrigated Area,Canal,Government,19048.0,Medak
143377,2018-2019,Telangana,36,Medak,513.0,Gross Irrigated Area,Canal,Private,,Medak
143378,2018-2019,Telangana,36,Medak,513.0,Gross Irrigated Area,Other Source,Other Source,1327.0,Medak
143379,2018-2019,Telangana,36,Medak,513.0,Gross Irrigated Area,Tank,Tank,1607.0,Medak
143380,2018-2019,Telangana,36,Medak,513.0,Gross Irrigated Area,Well,Other Well,,Medak
143381,2018-2019,Telangana,36,Medak,513.0,Gross Irrigated Area,Well,Tubewell,29950.0,Medak
143382,2018-2019,Telangana,36,Medak,513.0,Net Irrigated Area,Canal,Government,13773.0,Medak
143383,2018-2019,Telangana,36,Medak,513.0,Net Irrigated Area,Canal,Private,,Medak
143384,2018-2019,Telangana,36,Medak,513.0,Net Irrigated Area,Other Source,Other Source,1327.0,Medak
143385,2018-2019,Telangana,36,Medak,513.0,Net Irrigated Area,Tank,Tank,1350.0,Medak
143386,2018-2019,Telangana,36,Medak,513.0,Net Irrigated Area,Well,Other Well,,Medak
143387,2018-2019,Telangana,36,Medak,513.0,Net Irrigated Area,Well,Tubewell,21264.0,Medak
143388,2018-2019,Telangana,36,Medchal Malkajgiri,700.0,Gross Irrigated Area,Canal,Government,,Ranga Reddy
143389,2018-2019,Telangana,36,Medchal Malkajgiri,700.0,Gross Irrigated Area,Canal,Private,,Ranga Reddy
143390,2018-2019,Telangana,36,Medchal Malkajgiri,700.0,Gross Irrigated Area,Other Source,Other Source,232.0,Ranga Reddy
143391,2018-2019,Telangana,36,Medchal Malkajgiri,700.0,Gross Irrigated Area,Tank,Tank,324.0,Ranga Reddy
143392,2018-2019,Telangana,36,Medchal Malkajgiri,700.0,Gross Irrigated Area,Well,Other Well,,Ranga Reddy
143393,2018-2019,Telangana,36,Medchal Malkajgiri,700.0,Gross Irrigated Area,Well,Tubewell,10426.0,Ranga Reddy
143394,2018-2019,Telangana,36,Medchal Malkajgiri,700.0,Net Irrigated Area,Canal,Government,,Ranga Reddy
143395,2018-2019,Telangana,36,Medchal Malkajgiri,700.0,Net Irrigated Area,Canal,Private,,Ranga Reddy
143396,2018-2019,Telangana,36,Medchal Malkajgiri,700.0,Net Irrigated Area,Other Source,Other Source,135.0,Ranga Reddy
143397,2018-2019,Telangana,36,Medchal Malkajgiri,700.0,Net Irrigated Area,Tank,Tank,324.0,Ranga Reddy
143398,2018-2019,Telangana,36,Medchal Malkajgiri,700.0,Net Irrigated Area,Well,Other Well,,Ranga Reddy
143399,2018-2019,Telangana,36,Medchal Malkajgiri,700.0,Net Irrigated Area,Well,Tubewell,7107.0,Ranga Reddy
143400,2018-2019,Telangana,36,Nagarkurnool,694.0,Gross Irrigated Area,Canal,Government,94180.0,Mahabubnagar
143401,2018-2019,Telangana,36,Nagarkurnool,694.0,Gross Irrigated Area,Canal,Private,,Mahabubnagar
143402,2018-2019,Telangana,36,Nagarkurnool,694.0,Gross Irrigated Area,Other Source,Other Source,675.0,Mahabubnagar
143403,2018-2019,Telangana,36,Nagarkurnool,694.0,Gross Irrigated Area,Tank,Tank,4369.0,Mahabubnagar
143404,2018-2019,Telangana,36,Nagarkurnool,694.0,Gross Irrigated Area,Well,Other Well,,Mahabubnagar
143405,2018-2019,Telangana,36,Nagarkurnool,694.0,Gross Irrigated Area,Well,Tubewell,26754.0,Mahabubnagar
143406,2018-2019,Telangana,36,Nagarkurnool,694.0,Net Irrigated Area,Canal,Government,50883.0,Mahabubnagar
143407,2018-2019,Telangana,36,Nagarkurnool,694.0,Net Irrigated Area,Canal,Private,,Mahabubnagar
143408,2018-2019,Telangana,36,Nagarkurnool,694.0,Net Irrigated Area,Other Source,Other Source,628.0,Mahabubnagar
143409,2018-2019,Telangana,36,Nagarkurnool,694.0,Net Irrigated Area,Tank,Tank,3714.0,Mahabubnagar
143410,2018-2019,Telangana,36,Nagarkurnool,694.0,Net Irrigated Area,Well,Other Well,,Mahabubnagar
143411,2018-2019,Telangana,36,Nagarkurnool,694.0,Net Irrigated Area,Well,Tubewell,22741.0,Mahabubnagar
143412,2018-2019,Telangana,36,Nalgonda,514.0,Gross Irrigated Area,Canal,Government,196995.0,Nalgonda
143413,2018-2019,Telangana,36,Nalgonda,514.0,Gross Irrigated Area,Canal,Private,,Nalgonda
143414,2018-2019,Telangana,36,Nalgonda,514.0,Gross Irrigated Area,Other Source,Other Source,2834.0,Nalgonda
143415,2018-2019,Telangana,36,Nalgonda,514.0,Gross Irrigated Area,Tank,Tank,4080.0,Nalgonda
143416,2018-2019,Telangana,36,Nalgonda,514.0,Gross Irrigated Area,Well,Other Well,373.0,Nalgonda
143417,2018-2019,Telangana,36,Nalgonda,514.0,Gross Irrigated Area,Well,Tubewell,12076.0,Nalgonda
143418,2018-2019,Telangana,36,Nalgonda,514.0,Net Irrigated Area,Canal,Government,128905.0,Nalgonda
143419,2018-2019,Telangana,36,Nalgonda,514.0,Net Irrigated Area,Canal,Private,,Nalgonda
143420,2018-2019,Telangana,36,Nalgonda,514.0,Net Irrigated Area,Other Source,Other Source,1474.0,Nalgonda
143421,2018-2019,Telangana,36,Nalgonda,514.0,Net Irrigated Area,Tank,Tank,2856.0,Nalgonda
143422,2018-2019,Telangana,36,Nalgonda,514.0,Net Irrigated Area,Well,Other Well,272.0,Nalgonda
143423,2018-2019,Telangana,36,Nalgonda,514.0,Net Irrigated Area,Well,Tubewell,8453.0,Nalgonda
143424,2018-2019,Telangana,36,Nirmal,680.0,Gross Irrigated Area,Canal,Government,73667.0,Adilabad
143425,2018-2019,Telangana,36,Nirmal,680.0,Gross Irrigated Area,Canal,Private,,Adilabad
143426,2018-2019,Telangana,36,Nirmal,680.0,Gross Irrigated Area,Other Source,Other Source,368.0,Adilabad
143427,2018-2019,Telangana,36,Nirmal,680.0,Gross Irrigated Area,Tank,Tank,6789.0,Adilabad
143428,2018-2019,Telangana,36,Nirmal,680.0,Gross Irrigated Area,Well,Other Well,3413.0,Adilabad
143429,2018-2019,Telangana,36,Nirmal,680.0,Gross Irrigated Area,Well,Tubewell,19331.0,Adilabad
143430,2018-2019,Telangana,36,Nirmal,680.0,Net Irrigated Area,Canal,Government,49523.0,Adilabad
143431,2018-2019,Telangana,36,Nirmal,680.0,Net Irrigated Area,Canal,Private,,Adilabad
143432,2018-2019,Telangana,36,Nirmal,680.0,Net Irrigated Area,Other Source,Other Source,151.0,Adilabad
143433,2018-2019,Telangana,36,Nirmal,680.0,Net Irrigated Area,Tank,Tank,4752.0,Adilabad
143434,2018-2019,Telangana,36,Nirmal,680.0,Net Irrigated Area,Well,Other Well,2457.0,Adilabad
143435,2018-2019,Telangana,36,Nirmal,680.0,Net Irrigated Area,Well,Tubewell,12372.0,Adilabad
143436,2018-2019,Telangana,36,Nizamabad,516.0,Gross Irrigated Area,Canal,Government,85864.0,Nizamabad
143437,2018-2019,Telangana,36,Nizamabad,516.0,Gross Irrigated Area,Canal,Private,,Nizamabad
143438,2018-2019,Telangana,36,Nizamabad,516.0,Gross Irrigated Area,Other Source,Other Source,7921.0,Nizamabad
143439,2018-2019,Telangana,36,Nizamabad,516.0,Gross Irrigated Area,Tank,Tank,4166.0,Nizamabad
143440,2018-2019,Telangana,36,Nizamabad,516.0,Gross Irrigated Area,Well,Other Well,,Nizamabad
143441,2018-2019,Telangana,36,Nizamabad,516.0,Gross Irrigated Area,Well,Tubewell,162814.0,Nizamabad
143442,2018-2019,Telangana,36,Nizamabad,516.0,Net Irrigated Area,Canal,Government,54671.0,Nizamabad
143443,2018-2019,Telangana,36,Nizamabad,516.0,Net Irrigated Area,Canal,Private,,Nizamabad
143444,2018-2019,Telangana,36,Nizamabad,516.0,Net Irrigated Area,Other Source,Other Source,4119.0,Nizamabad
143445,2018-2019,Telangana,36,Nizamabad,516.0,Net Irrigated Area,Tank,Tank,2541.0,Nizamabad
143446,2018-2019,Telangana,36,Nizamabad,516.0,Net Irrigated Area,Well,Other Well,,Nizamabad
143447,2018-2019,Telangana,36,Nizamabad,516.0,Net Irrigated Area,Well,Tubewell,81407.0,Nizamabad
143448,2018-2019,Telangana,36,Peddapalli,682.0,Gross Irrigated Area,Canal,Government,80997.0,Karimnagar
143449,2018-2019,Telangana,36,Peddapalli,682.0,Gross Irrigated Area,Canal,Private,,Karimnagar
143450,2018-2019,Telangana,36,Peddapalli,682.0,Gross Irrigated Area,Other Source,Other Source,474.0,Karimnagar
143451,2018-2019,Telangana,36,Peddapalli,682.0,Gross Irrigated Area,Tank,Tank,10680.0,Karimnagar
143452,2018-2019,Telangana,36,Peddapalli,682.0,Gross Irrigated Area,Well,Other Well,25043.0,Karimnagar
143453,2018-2019,Telangana,36,Peddapalli,682.0,Gross Irrigated Area,Well,Tubewell,6657.0,Karimnagar
143454,2018-2019,Telangana,36,Peddapalli,682.0,Net Irrigated Area,Canal,Government,60211.0,Karimnagar
143455,2018-2019,Telangana,36,Peddapalli,682.0,Net Irrigated Area,Canal,Private,,Karimnagar
143456,2018-2019,Telangana,36,Peddapalli,682.0,Net Irrigated Area,Other Source,Other Source,474.0,Karimnagar
143457,2018-2019,Telangana,36,Peddapalli,682.0,Net Irrigated Area,Tank,Tank,8758.0,Karimnagar
143458,2018-2019,Telangana,36,Peddapalli,682.0,Net Irrigated Area,Well,Other Well,16779.0,Karimnagar
143459,2018-2019,Telangana,36,Peddapalli,682.0,Net Irrigated Area,Well,Tubewell,4327.0,Karimnagar
143460,2018-2019,Telangana,36,Rajanna Sircilla,683.0,Gross Irrigated Area,Canal,Government,7537.0,Karimnagar
143461,2018-2019,Telangana,36,Rajanna Sircilla,683.0,Gross Irrigated Area,Canal,Private,,Karimnagar
143462,2018-2019,Telangana,36,Rajanna Sircilla,683.0,Gross Irrigated Area,Other Source,Other Source,,Karimnagar
143463,2018-2019,Telangana,36,Rajanna Sircilla,683.0,Gross Irrigated Area,Tank,Tank,7730.0,Karimnagar
143464,2018-2019,Telangana,36,Rajanna Sircilla,683.0,Gross Irrigated Area,Well,Other Well,11865.0,Karimnagar
143465,2018-2019,Telangana,36,Rajanna Sircilla,683.0,Gross Irrigated Area,Well,Tubewell,21094.0,Karimnagar
143466,2018-2019,Telangana,36,Rajanna Sircilla,683.0,Net Irrigated Area,Canal,Government,7537.0,Karimnagar
143467,2018-2019,Telangana,36,Rajanna Sircilla,683.0,Net Irrigated Area,Canal,Private,,Karimnagar
143468,2018-2019,Telangana,36,Rajanna Sircilla,683.0,Net Irrigated Area,Other Source,Other Source,,Karimnagar
143469,2018-2019,Telangana,36,Rajanna Sircilla,683.0,Net Irrigated Area,Tank,Tank,1082.0,Karimnagar
143470,2018-2019,Telangana,36,Rajanna Sircilla,683.0,Net Irrigated Area,Well,Other Well,6170.0,Karimnagar
143471,2018-2019,Telangana,36,Rajanna Sircilla,683.0,Net Irrigated Area,Well,Tubewell,13762.0,Karimnagar
143472,2018-2019,Telangana,36,Ranga Reddy,518.0,Gross Irrigated Area,Canal,Government,702.0,Ranga Reddy
143473,2018-2019,Telangana,36,Ranga Reddy,518.0,Gross Irrigated Area,Canal,Private,,Ranga Reddy
143474,2018-2019,Telangana,36,Ranga Reddy,518.0,Gross Irrigated Area,Other Source,Other Source,204.0,Ranga Reddy
143475,2018-2019,Telangana,36,Ranga Reddy,518.0,Gross Irrigated Area,Tank,Tank,1934.0,Ranga Reddy
143476,2018-2019,Telangana,36,Ranga Reddy,518.0,Gross Irrigated Area,Well,Other Well,,Ranga Reddy
143477,2018-2019,Telangana,36,Ranga Reddy,518.0,Gross Irrigated Area,Well,Tubewell,51716.0,Ranga Reddy
143478,2018-2019,Telangana,36,Ranga Reddy,518.0,Net Irrigated Area,Canal,Government,702.0,Ranga Reddy
143479,2018-2019,Telangana,36,Ranga Reddy,518.0,Net Irrigated Area,Canal,Private,,Ranga Reddy
143480,2018-2019,Telangana,36,Ranga Reddy,518.0,Net Irrigated Area,Other Source,Other Source,149.0,Ranga Reddy
143481,2018-2019,Telangana,36,Ranga Reddy,518.0,Net Irrigated Area,Tank,Tank,,Ranga Reddy
143482,2018-2019,Telangana,36,Ranga Reddy,518.0,Net Irrigated Area,Well,Other Well,,Ranga Reddy
143483,2018-2019,Telangana,36,Ranga Reddy,518.0,Net Irrigated Area,Well,Tubewell,39860.0,Ranga Reddy
143484,2018-2019,Telangana,36,Sangareddy,691.0,Gross Irrigated Area,Canal,Government,25253.0,Medak
143485,2018-2019,Telangana,36,Sangareddy,691.0,Gross Irrigated Area,Canal,Private,,Medak
143486,2018-2019,Telangana,36,Sangareddy,691.0,Gross Irrigated Area,Other Source,Other Source,21.0,Medak
143487,2018-2019,Telangana,36,Sangareddy,691.0,Gross Irrigated Area,Tank,Tank,2433.0,Medak
143488,2018-2019,Telangana,36,Sangareddy,691.0,Gross Irrigated Area,Well,Other Well,435.0,Medak
143489,2018-2019,Telangana,36,Sangareddy,691.0,Gross Irrigated Area,Well,Tubewell,43110.0,Medak
143490,2018-2019,Telangana,36,Sangareddy,691.0,Net Irrigated Area,Canal,Government,19755.0,Medak
143491,2018-2019,Telangana,36,Sangareddy,691.0,Net Irrigated Area,Canal,Private,,Medak
143492,2018-2019,Telangana,36,Sangareddy,691.0,Net Irrigated Area,Other Source,Other Source,21.0,Medak
143493,2018-2019,Telangana,36,Sangareddy,691.0,Net Irrigated Area,Tank,Tank,2409.0,Medak
143494,2018-2019,Telangana,36,Sangareddy,691.0,Net Irrigated Area,Well,Other Well,435.0,Medak
143495,2018-2019,Telangana,36,Sangareddy,691.0,Net Irrigated Area,Well,Tubewell,34057.0,Medak
143496,2018-2019,Telangana,36,Siddipet,692.0,Gross Irrigated Area,Canal,Government,39338.0,Medak
143497,2018-2019,Telangana,36,Siddipet,692.0,Gross Irrigated Area,Canal,Private,,Medak
143498,2018-2019,Telangana,36,Siddipet,692.0,Gross Irrigated Area,Other Source,Other Source,,Medak
143499,2018-2019,Telangana,36,Siddipet,692.0,Gross Irrigated Area,Tank,Tank,2644.0,Medak
143500,2018-2019,Telangana,36,Siddipet,692.0,Gross Irrigated Area,Well,Other Well,9029.0,Medak
143501,2018-2019,Telangana,36,Siddipet,692.0,Gross Irrigated Area,Well,Tubewell,44085.0,Medak
143502,2018-2019,Telangana,36,Siddipet,692.0,Net Irrigated Area,Canal,Government,30200.0,Medak
143503,2018-2019,Telangana,36,Siddipet,692.0,Net Irrigated Area,Canal,Private,,Medak
143504,2018-2019,Telangana,36,Siddipet,692.0,Net Irrigated Area,Other Source,Other Source,,Medak
143505,2018-2019,Telangana,36,Siddipet,692.0,Net Irrigated Area,Tank,Tank,1904.0,Medak
143506,2018-2019,Telangana,36,Siddipet,692.0,Net Irrigated Area,Well,Other Well,5147.0,Medak
143507,2018-2019,Telangana,36,Siddipet,692.0,Net Irrigated Area,Well,Tubewell,19232.0,Medak
143508,2018-2019,Telangana,36,Suryapet,696.0,Gross Irrigated Area,Canal,Government,195699.0,Nalgonda
143509,2018-2019,Telangana,36,Suryapet,696.0,Gross Irrigated Area,Canal,Private,,Nalgonda
143510,2018-2019,Telangana,36,Suryapet,696.0,Gross Irrigated Area,Other Source,Other Source,5077.0,Nalgonda
143511,2018-2019,Telangana,36,Suryapet,696.0,Gross Irrigated Area,Tank,Tank,1816.0,Nalgonda
143512,2018-2019,Telangana,36,Suryapet,696.0,Gross Irrigated Area,Well,Other Well,2802.0,Nalgonda
143513,2018-2019,Telangana,36,Suryapet,696.0,Gross Irrigated Area,Well,Tubewell,8876.0,Nalgonda
143514,2018-2019,Telangana,36,Suryapet,696.0,Net Irrigated Area,Canal,Government,107730.0,Nalgonda
143515,2018-2019,Telangana,36,Suryapet,696.0,Net Irrigated Area,Canal,Private,,Nalgonda
143516,2018-2019,Telangana,36,Suryapet,696.0,Net Irrigated Area,Other Source,Other Source,3452.0,Nalgonda
143517,2018-2019,Telangana,36,Suryapet,696.0,Net Irrigated Area,Tank,Tank,1126.0,Nalgonda
143518,2018-2019,Telangana,36,Suryapet,696.0,Net Irrigated Area,Well,Other Well,1849.0,Nalgonda
143519,2018-2019,Telangana,36,Suryapet,696.0,Net Irrigated Area,Well,Tubewell,6392.0,Nalgonda
143520,2018-2019,Telangana,36,Vikarabad,698.0,Gross Irrigated Area,Canal,Government,,Ranga Reddy
143521,2018-2019,Telangana,36,Vikarabad,698.0,Gross Irrigated Area,Canal,Private,,Ranga Reddy
143522,2018-2019,Telangana,36,Vikarabad,698.0,Gross Irrigated Area,Other Source,Other Source,183.0,Ranga Reddy
143523,2018-2019,Telangana,36,Vikarabad,698.0,Gross Irrigated Area,Tank,Tank,1712.0,Ranga Reddy
143524,2018-2019,Telangana,36,Vikarabad,698.0,Gross Irrigated Area,Well,Other Well,378.0,Ranga Reddy
143525,2018-2019,Telangana,36,Vikarabad,698.0,Gross Irrigated Area,Well,Tubewell,37452.0,Ranga Reddy
143526,2018-2019,Telangana,36,Vikarabad,698.0,Net Irrigated Area,Canal,Government,,Ranga Reddy
143527,2018-2019,Telangana,36,Vikarabad,698.0,Net Irrigated Area,Canal,Private,,Ranga Reddy
143528,2018-2019,Telangana,36,Vikarabad,698.0,Net Irrigated Area,Other Source,Other Source,183.0,Ranga Reddy
143529,2018-2019,Telangana,36,Vikarabad,698.0,Net Irrigated Area,Tank,Tank,1712.0,Ranga Reddy
143530,2018-2019,Telangana,36,Vikarabad,698.0,Net Irrigated Area,Well,Other Well,378.0,Ranga Reddy
143531,2018-2019,Telangana,36,Vikarabad,698.0,Net Irrigated Area,Well,Tubewell,35429.0,Ranga Reddy
143532,2018-2019,Telangana,36,Wanaparthy,693.0,Gross Irrigated Area,Canal,Government,78131.0,Mahabubnagar
143533,2018-2019,Telangana,36,Wanaparthy,693.0,Gross Irrigated Area,Canal,Private,,Mahabubnagar
143534,2018-2019,Telangana,36,Wanaparthy,693.0,Gross Irrigated Area,Other Source,Other Source,2076.0,Mahabubnagar
143535,2018-2019,Telangana,36,Wanaparthy,693.0,Gross Irrigated Area,Tank,Tank,1129.0,Mahabubnagar
143536,2018-2019,Telangana,36,Wanaparthy,693.0,Gross Irrigated Area,Well,Other Well,634.0,Mahabubnagar
143537,2018-2019,Telangana,36,Wanaparthy,693.0,Gross Irrigated Area,Well,Tubewell,20447.0,Mahabubnagar
143538,2018-2019,Telangana,36,Wanaparthy,693.0,Net Irrigated Area,Canal,Government,60297.0,Mahabubnagar
143539,2018-2019,Telangana,36,Wanaparthy,693.0,Net Irrigated Area,Canal,Private,,Mahabubnagar
143540,2018-2019,Telangana,36,Wanaparthy,693.0,Net Irrigated Area,Other Source,Other Source,1619.0,Mahabubnagar
143541,2018-2019,Telangana,36,Wanaparthy,693.0,Net Irrigated Area,Tank,Tank,892.0,Mahabubnagar
143542,2018-2019,Telangana,36,Wanaparthy,693.0,Net Irrigated Area,Well,Other Well,552.0,Mahabubnagar
143543,2018-2019,Telangana,36,Wanaparthy,693.0,Net Irrigated Area,Well,Tubewell,15335.0,Mahabubnagar
143544,2018-2019,Telangana,36,Warangal,522.0,Gross Irrigated Area,Canal,Government,63991.0,Warangal
143545,2018-2019,Telangana,36,Warangal,522.0,Gross Irrigated Area,Canal,Private,,Warangal
143546,2018-2019,Telangana,36,Warangal,522.0,Gross Irrigated Area,Other Source,Other Source,733.0,Warangal
143547,2018-2019,Telangana,36,Warangal,522.0,Gross Irrigated Area,Tank,Tank,10198.0,Warangal
143548,2018-2019,Telangana,36,Warangal,522.0,Gross Irrigated Area,Well,Other Well,64782.0,Warangal
143549,2018-2019,Telangana,36,Warangal,522.0,Gross Irrigated Area,Well,Tubewell,20457.0,Warangal
143550,2018-2019,Telangana,36,Warangal,522.0,Net Irrigated Area,Canal,Government,46748.0,Warangal
143551,2018-2019,Telangana,36,Warangal,522.0,Net Irrigated Area,Canal,Private,,Warangal
143552,2018-2019,Telangana,36,Warangal,522.0,Net Irrigated Area,Other Source,Other Source,528.0,Warangal
143553,2018-2019,Telangana,36,Warangal,522.0,Net Irrigated Area,Tank,Tank,9076.0,Warangal
143554,2018-2019,Telangana,36,Warangal,522.0,Net Irrigated Area,Well,Other Well,47939.0,Warangal
143555,2018-2019,Telangana,36,Warangal,522.0,Net Irrigated Area,Well,Tubewell,13706.0,Warangal
143556,2018-2019,Telangana,36,Yadadri Bhuvanagiri,697.0,Gross Irrigated Area,Canal,Government,37901.0,Nalgonda
143557,2018-2019,Telangana,36,Yadadri Bhuvanagiri,697.0,Gross Irrigated Area,Canal,Private,,Nalgonda
143558,2018-2019,Telangana,36,Yadadri Bhuvanagiri,697.0,Gross Irrigated Area,Other Source,Other Source,,Nalgonda
143559,2018-2019,Telangana,36,Yadadri Bhuvanagiri,697.0,Gross Irrigated Area,Tank,Tank,4775.0,Nalgonda
143560,2018-2019,Telangana,36,Yadadri Bhuvanagiri,697.0,Gross Irrigated Area,Well,Other Well,7880.0,Nalgonda
143561,2018-2019,Telangana,36,Yadadri Bhuvanagiri,697.0,Gross Irrigated Area,Well,Tubewell,48399.0,Nalgonda
143562,2018-2019,Telangana,36,Yadadri Bhuvanagiri,697.0,Net Irrigated Area,Canal,Government,22384.0,Nalgonda
143563,2018-2019,Telangana,36,Yadadri Bhuvanagiri,697.0,Net Irrigated Area,Canal,Private,,Nalgonda
143564,2018-2019,Telangana,36,Yadadri Bhuvanagiri,697.0,Net Irrigated Area,Other Source,Other Source,,Nalgonda
143565,2018-2019,Telangana,36,Yadadri Bhuvanagiri,697.0,Net Irrigated Area,Tank,Tank,3151.0,Nalgonda
143566,2018-2019,Telangana,36,Yadadri Bhuvanagiri,697.0,Net Irrigated Area,Well,Other Well,4807.0,Nalgonda
143567,2018-2019,Telangana,36,Yadadri Bhuvanagiri,697.0,Net Irrigated Area,Well,Tubewell,28555.0,Nalgonda
150828,2019-2020,Telangana,36,Adilabad,501.0,Gross Irrigated Area,Canal,Government,55287.0,Adilabad
150829,2019-2020,Telangana,36,Adilabad,501.0,Gross Irrigated Area,Canal,Private,,Adilabad
150830,2019-2020,Telangana,36,Adilabad,501.0,Gross Irrigated Area,Other Source,Other Source,78.0,Adilabad
150831,2019-2020,Telangana,36,Adilabad,501.0,Gross Irrigated Area,Tank,Tank,5955.0,Adilabad
150832,2019-2020,Telangana,36,Adilabad,501.0,Gross Irrigated Area,Well,Other Well,1191.0,Adilabad
150833,2019-2020,Telangana,36,Adilabad,501.0,Gross Irrigated Area,Well,Tubewell,18007.0,Adilabad
150834,2019-2020,Telangana,36,Adilabad,501.0,Net Irrigated Area,Canal,Government,22372.0,Adilabad
150835,2019-2020,Telangana,36,Adilabad,501.0,Net Irrigated Area,Canal,Private,,Adilabad
150836,2019-2020,Telangana,36,Adilabad,501.0,Net Irrigated Area,Other Source,Other Source,54.0,Adilabad
150837,2019-2020,Telangana,36,Adilabad,501.0,Net Irrigated Area,Tank,Tank,2977.0,Adilabad
150838,2019-2020,Telangana,36,Adilabad,501.0,Net Irrigated Area,Well,Other Well,34.0,Adilabad
150839,2019-2020,Telangana,36,Adilabad,501.0,Net Irrigated Area,Well,Tubewell,7203.0,Adilabad
150840,2019-2020,Telangana,36,Bhadradri Kothagudem,690.0,Gross Irrigated Area,Canal,Government,40063.0,Khammam
150841,2019-2020,Telangana,36,Bhadradri Kothagudem,690.0,Gross Irrigated Area,Canal,Private,,Khammam
150842,2019-2020,Telangana,36,Bhadradri Kothagudem,690.0,Gross Irrigated Area,Other Source,Other Source,3438.0,Khammam
150843,2019-2020,Telangana,36,Bhadradri Kothagudem,690.0,Gross Irrigated Area,Tank,Tank,23407.0,Khammam
150844,2019-2020,Telangana,36,Bhadradri Kothagudem,690.0,Gross Irrigated Area,Well,Other Well,1063.0,Khammam
150845,2019-2020,Telangana,36,Bhadradri Kothagudem,690.0,Gross Irrigated Area,Well,Tubewell,51634.0,Khammam
150846,2019-2020,Telangana,36,Bhadradri Kothagudem,690.0,Net Irrigated Area,Canal,Government,32141.0,Khammam
150847,2019-2020,Telangana,36,Bhadradri Kothagudem,690.0,Net Irrigated Area,Canal,Private,,Khammam
150848,2019-2020,Telangana,36,Bhadradri Kothagudem,690.0,Net Irrigated Area,Other Source,Other Source,2132.0,Khammam
150849,2019-2020,Telangana,36,Bhadradri Kothagudem,690.0,Net Irrigated Area,Tank,Tank,18960.0,Khammam
150850,2019-2020,Telangana,36,Bhadradri Kothagudem,690.0,Net Irrigated Area,Well,Other Well,422.0,Khammam
150851,2019-2020,Telangana,36,Bhadradri Kothagudem,690.0,Net Irrigated Area,Well,Tubewell,34595.0,Khammam
150852,2019-2020,Telangana,36,Hanumakonda,686.0,Gross Irrigated Area,Canal,Government,68046.0,Warangal
150853,2019-2020,Telangana,36,Hanumakonda,686.0,Gross Irrigated Area,Canal,Private,,Warangal
150854,2019-2020,Telangana,36,Hanumakonda,686.0,Gross Irrigated Area,Other Source,Other Source,161.0,Warangal
150855,2019-2020,Telangana,36,Hanumakonda,686.0,Gross Irrigated Area,Tank,Tank,10829.0,Warangal
150856,2019-2020,Telangana,36,Hanumakonda,686.0,Gross Irrigated Area,Well,Other Well,20339.0,Warangal
150857,2019-2020,Telangana,36,Hanumakonda,686.0,Gross Irrigated Area,Well,Tubewell,7139.0,Warangal
150858,2019-2020,Telangana,36,Hanumakonda,686.0,Net Irrigated Area,Canal,Government,35674.0,Warangal
150859,2019-2020,Telangana,36,Hanumakonda,686.0,Net Irrigated Area,Canal,Private,,Warangal
150860,2019-2020,Telangana,36,Hanumakonda,686.0,Net Irrigated Area,Other Source,Other Source,113.0,Warangal
150861,2019-2020,Telangana,36,Hanumakonda,686.0,Net Irrigated Area,Tank,Tank,5956.0,Warangal
150862,2019-2020,Telangana,36,Hanumakonda,686.0,Net Irrigated Area,Well,Other Well,12395.0,Warangal
150863,2019-2020,Telangana,36,Hanumakonda,686.0,Net Irrigated Area,Well,Tubewell,4283.0,Warangal
150864,2019-2020,Telangana,36,Hyderabad,507.0,Gross Irrigated Area,Canal,Government,,Hyderabad
150865,2019-2020,Telangana,36,Hyderabad,507.0,Gross Irrigated Area,Canal,Private,,Hyderabad
150866,2019-2020,Telangana,36,Hyderabad,507.0,Gross Irrigated Area,Other Source,Other Source,,Hyderabad
150867,2019-2020,Telangana,36,Hyderabad,507.0,Gross Irrigated Area,Tank,Tank,,Hyderabad
150868,2019-2020,Telangana,36,Hyderabad,507.0,Gross Irrigated Area,Well,Other Well,,Hyderabad
150869,2019-2020,Telangana,36,Hyderabad,507.0,Gross Irrigated Area,Well,Tubewell,,Hyderabad
150870,2019-2020,Telangana,36,Hyderabad,507.0,Net Irrigated Area,Canal,Government,,Hyderabad
150871,2019-2020,Telangana,36,Hyderabad,507.0,Net Irrigated Area,Canal,Private,,Hyderabad
150872,2019-2020,Telangana,36,Hyderabad,507.0,Net Irrigated Area,Other Source,Other Source,,Hyderabad
150873,2019-2020,Telangana,36,Hyderabad,507.0,Net Irrigated Area,Tank,Tank,,Hyderabad
150874,2019-2020,Telangana,36,Hyderabad,507.0,Net Irrigated Area,Well,Other Well,,Hyderabad
150875,2019-2020,Telangana,36,Hyderabad,507.0,Net Irrigated Area,Well,Tubewell,,Hyderabad
150876,2019-2020,Telangana,36,Jagitial,681.0,Gross Irrigated Area,Canal,Government,80781.0,Karimnagar
150877,2019-2020,Telangana,36,Jagitial,681.0,Gross Irrigated Area,Canal,Private,,Karimnagar
150878,2019-2020,Telangana,36,Jagitial,681.0,Gross Irrigated Area,Other Source,Other Source,4689.0,Karimnagar
150879,2019-2020,Telangana,36,Jagitial,681.0,Gross Irrigated Area,Tank,Tank,8406.0,Karimnagar
150880,2019-2020,Telangana,36,Jagitial,681.0,Gross Irrigated Area,Well,Other Well,128771.0,Karimnagar
150881,2019-2020,Telangana,36,Jagitial,681.0,Gross Irrigated Area,Well,Tubewell,42924.0,Karimnagar
150882,2019-2020,Telangana,36,Jagitial,681.0,Net Irrigated Area,Canal,Government,67925.0,Karimnagar
150883,2019-2020,Telangana,36,Jagitial,681.0,Net Irrigated Area,Canal,Private,,Karimnagar
150884,2019-2020,Telangana,36,Jagitial,681.0,Net Irrigated Area,Other Source,Other Source,2344.0,Karimnagar
150885,2019-2020,Telangana,36,Jagitial,681.0,Net Irrigated Area,Tank,Tank,5716.0,Karimnagar
150886,2019-2020,Telangana,36,Jagitial,681.0,Net Irrigated Area,Well,Other Well,86277.0,Karimnagar
150887,2019-2020,Telangana,36,Jagitial,681.0,Net Irrigated Area,Well,Tubewell,26184.0,Karimnagar
150888,2019-2020,Telangana,36,Jangoan,689.0,Gross Irrigated Area,Canal,Government,53261.0,Warangal
150889,2019-2020,Telangana,36,Jangoan,689.0,Gross Irrigated Area,Canal,Private,,Warangal
150890,2019-2020,Telangana,36,Jangoan,689.0,Gross Irrigated Area,Other Source,Other Source,,Warangal
150891,2019-2020,Telangana,36,Jangoan,689.0,Gross Irrigated Area,Tank,Tank,10642.0,Warangal
150892,2019-2020,Telangana,36,Jangoan,689.0,Gross Irrigated Area,Well,Other Well,3343.0,Warangal
150893,2019-2020,Telangana,36,Jangoan,689.0,Gross Irrigated Area,Well,Tubewell,26979.0,Warangal
150894,2019-2020,Telangana,36,Jangoan,689.0,Net Irrigated Area,Canal,Government,28002.0,Warangal
150895,2019-2020,Telangana,36,Jangoan,689.0,Net Irrigated Area,Canal,Private,,Warangal
150896,2019-2020,Telangana,36,Jangoan,689.0,Net Irrigated Area,Other Source,Other Source,,Warangal
150897,2019-2020,Telangana,36,Jangoan,689.0,Net Irrigated Area,Tank,Tank,7130.0,Warangal
150898,2019-2020,Telangana,36,Jangoan,689.0,Net Irrigated Area,Well,Other Well,2340.0,Warangal
150899,2019-2020,Telangana,36,Jangoan,689.0,Net Irrigated Area,Well,Tubewell,18069.0,Warangal
150900,2019-2020,Telangana,36,Jayashankar Bhupalapally,687.0,Gross Irrigated Area,Canal,Government,69681.0,Warangal
150901,2019-2020,Telangana,36,Jayashankar Bhupalapally,687.0,Gross Irrigated Area,Canal,Private,,Warangal
150902,2019-2020,Telangana,36,Jayashankar Bhupalapally,687.0,Gross Irrigated Area,Other Source,Other Source,679.0,Warangal
150903,2019-2020,Telangana,36,Jayashankar Bhupalapally,687.0,Gross Irrigated Area,Tank,Tank,12031.0,Warangal
150904,2019-2020,Telangana,36,Jayashankar Bhupalapally,687.0,Gross Irrigated Area,Well,Other Well,3544.0,Warangal
150905,2019-2020,Telangana,36,Jayashankar Bhupalapally,687.0,Gross Irrigated Area,Well,Tubewell,8258.0,Warangal
150906,2019-2020,Telangana,36,Jayashankar Bhupalapally,687.0,Net Irrigated Area,Canal,Government,45293.0,Warangal
150907,2019-2020,Telangana,36,Jayashankar Bhupalapally,687.0,Net Irrigated Area,Canal,Private,,Warangal
150908,2019-2020,Telangana,36,Jayashankar Bhupalapally,687.0,Net Irrigated Area,Other Source,Other Source,428.0,Warangal
150909,2019-2020,Telangana,36,Jayashankar Bhupalapally,687.0,Net Irrigated Area,Tank,Tank,8061.0,Warangal
150910,2019-2020,Telangana,36,Jayashankar Bhupalapally,687.0,Net Irrigated Area,Well,Other Well,2233.0,Warangal
150911,2019-2020,Telangana,36,Jayashankar Bhupalapally,687.0,Net Irrigated Area,Well,Tubewell,5203.0,Warangal
150912,2019-2020,Telangana,36,Jogulamba Gadwal,695.0,Gross Irrigated Area,Canal,Government,96907.0,Mahabubnagar
150913,2019-2020,Telangana,36,Jogulamba Gadwal,695.0,Gross Irrigated Area,Canal,Private,,Mahabubnagar
150914,2019-2020,Telangana,36,Jogulamba Gadwal,695.0,Gross Irrigated Area,Other Source,Other Source,2110.0,Mahabubnagar
150915,2019-2020,Telangana,36,Jogulamba Gadwal,695.0,Gross Irrigated Area,Tank,Tank,1000.0,Mahabubnagar
150916,2019-2020,Telangana,36,Jogulamba Gadwal,695.0,Gross Irrigated Area,Well,Other Well,1821.0,Mahabubnagar
150917,2019-2020,Telangana,36,Jogulamba Gadwal,695.0,Gross Irrigated Area,Well,Tubewell,34280.0,Mahabubnagar
150918,2019-2020,Telangana,36,Jogulamba Gadwal,695.0,Net Irrigated Area,Canal,Government,85001.0,Mahabubnagar
150919,2019-2020,Telangana,36,Jogulamba Gadwal,695.0,Net Irrigated Area,Canal,Private,,Mahabubnagar
150920,2019-2020,Telangana,36,Jogulamba Gadwal,695.0,Net Irrigated Area,Other Source,Other Source,1857.0,Mahabubnagar
150921,2019-2020,Telangana,36,Jogulamba Gadwal,695.0,Net Irrigated Area,Tank,Tank,910.0,Mahabubnagar
150922,2019-2020,Telangana,36,Jogulamba Gadwal,695.0,Net Irrigated Area,Well,Other Well,1660.0,Mahabubnagar
150923,2019-2020,Telangana,36,Jogulamba Gadwal,695.0,Net Irrigated Area,Well,Tubewell,27424.0,Mahabubnagar
150924,2019-2020,Telangana,36,Kamareddy,685.0,Gross Irrigated Area,Canal,Government,45164.0,Nizamabad
150925,2019-2020,Telangana,36,Kamareddy,685.0,Gross Irrigated Area,Canal,Private,,Nizamabad
150926,2019-2020,Telangana,36,Kamareddy,685.0,Gross Irrigated Area,Other Source,Other Source,431.0,Nizamabad
150927,2019-2020,Telangana,36,Kamareddy,685.0,Gross Irrigated Area,Tank,Tank,9690.0,Nizamabad
150928,2019-2020,Telangana,36,Kamareddy,685.0,Gross Irrigated Area,Well,Other Well,,Nizamabad
150929,2019-2020,Telangana,36,Kamareddy,685.0,Gross Irrigated Area,Well,Tubewell,137231.0,Nizamabad
150930,2019-2020,Telangana,36,Kamareddy,685.0,Net Irrigated Area,Canal,Government,27551.0,Nizamabad
150931,2019-2020,Telangana,36,Kamareddy,685.0,Net Irrigated Area,Canal,Private,,Nizamabad
150932,2019-2020,Telangana,36,Kamareddy,685.0,Net Irrigated Area,Other Source,Other Source,228.0,Nizamabad
150933,2019-2020,Telangana,36,Kamareddy,685.0,Net Irrigated Area,Tank,Tank,6977.0,Nizamabad
150934,2019-2020,Telangana,36,Kamareddy,685.0,Net Irrigated Area,Well,Other Well,,Nizamabad
150935,2019-2020,Telangana,36,Kamareddy,685.0,Net Irrigated Area,Well,Tubewell,78209.0,Nizamabad
150936,2019-2020,Telangana,36,Karimnagar,508.0,Gross Irrigated Area,Canal,Government,64817.0,Karimnagar
150937,2019-2020,Telangana,36,Karimnagar,508.0,Gross Irrigated Area,Canal,Private,,Karimnagar
150938,2019-2020,Telangana,36,Karimnagar,508.0,Gross Irrigated Area,Other Source,Other Source,1259.0,Karimnagar
150939,2019-2020,Telangana,36,Karimnagar,508.0,Gross Irrigated Area,Tank,Tank,7646.0,Karimnagar
150940,2019-2020,Telangana,36,Karimnagar,508.0,Gross Irrigated Area,Well,Other Well,121474.0,Karimnagar
150941,2019-2020,Telangana,36,Karimnagar,508.0,Gross Irrigated Area,Well,Tubewell,13513.0,Karimnagar
150942,2019-2020,Telangana,36,Karimnagar,508.0,Net Irrigated Area,Canal,Government,54485.0,Karimnagar
150943,2019-2020,Telangana,36,Karimnagar,508.0,Net Irrigated Area,Canal,Private,,Karimnagar
150944,2019-2020,Telangana,36,Karimnagar,508.0,Net Irrigated Area,Other Source,Other Source,1259.0,Karimnagar
150945,2019-2020,Telangana,36,Karimnagar,508.0,Net Irrigated Area,Tank,Tank,4052.0,Karimnagar
150946,2019-2020,Telangana,36,Karimnagar,508.0,Net Irrigated Area,Well,Other Well,82595.0,Karimnagar
150947,2019-2020,Telangana,36,Karimnagar,508.0,Net Irrigated Area,Well,Tubewell,6081.0,Karimnagar
150948,2019-2020,Telangana,36,Khammam,509.0,Gross Irrigated Area,Canal,Government,256621.0,Khammam
150949,2019-2020,Telangana,36,Khammam,509.0,Gross Irrigated Area,Canal,Private,,Khammam
150950,2019-2020,Telangana,36,Khammam,509.0,Gross Irrigated Area,Other Source,Other Source,2845.0,Khammam
150951,2019-2020,Telangana,36,Khammam,509.0,Gross Irrigated Area,Tank,Tank,13583.0,Khammam
150952,2019-2020,Telangana,36,Khammam,509.0,Gross Irrigated Area,Well,Other Well,13244.0,Khammam
150953,2019-2020,Telangana,36,Khammam,509.0,Gross Irrigated Area,Well,Tubewell,21559.0,Khammam
150954,2019-2020,Telangana,36,Khammam,509.0,Net Irrigated Area,Canal,Government,159254.0,Khammam
150955,2019-2020,Telangana,36,Khammam,509.0,Net Irrigated Area,Canal,Private,,Khammam
150956,2019-2020,Telangana,36,Khammam,509.0,Net Irrigated Area,Other Source,Other Source,1650.0,Khammam
150957,2019-2020,Telangana,36,Khammam,509.0,Net Irrigated Area,Tank,Tank,8829.0,Khammam
150958,2019-2020,Telangana,36,Khammam,509.0,Net Irrigated Area,Well,Other Well,9645.0,Khammam
150959,2019-2020,Telangana,36,Khammam,509.0,Net Irrigated Area,Well,Tubewell,12935.0,Khammam
150960,2019-2020,Telangana,36,Kumuram Bheem Asifabad,699.0,Gross Irrigated Area,Canal,Government,63744.0,Adilabad
150961,2019-2020,Telangana,36,Kumuram Bheem Asifabad,699.0,Gross Irrigated Area,Canal,Private,,Adilabad
150962,2019-2020,Telangana,36,Kumuram Bheem Asifabad,699.0,Gross Irrigated Area,Other Source,Other Source,1907.0,Adilabad
150963,2019-2020,Telangana,36,Kumuram Bheem Asifabad,699.0,Gross Irrigated Area,Tank,Tank,7689.0,Adilabad
150964,2019-2020,Telangana,36,Kumuram Bheem Asifabad,699.0,Gross Irrigated Area,Well,Other Well,1487.0,Adilabad
150965,2019-2020,Telangana,36,Kumuram Bheem Asifabad,699.0,Gross Irrigated Area,Well,Tubewell,10904.0,Adilabad
150966,2019-2020,Telangana,36,Kumuram Bheem Asifabad,699.0,Net Irrigated Area,Canal,Government,50358.0,Adilabad
150967,2019-2020,Telangana,36,Kumuram Bheem Asifabad,699.0,Net Irrigated Area,Canal,Private,,Adilabad
150968,2019-2020,Telangana,36,Kumuram Bheem Asifabad,699.0,Net Irrigated Area,Other Source,Other Source,1182.0,Adilabad
150969,2019-2020,Telangana,36,Kumuram Bheem Asifabad,699.0,Net Irrigated Area,Tank,Tank,7074.0,Adilabad
150970,2019-2020,Telangana,36,Kumuram Bheem Asifabad,699.0,Net Irrigated Area,Well,Other Well,967.0,Adilabad
150971,2019-2020,Telangana,36,Kumuram Bheem Asifabad,699.0,Net Irrigated Area,Well,Tubewell,5779.0,Adilabad
150972,2019-2020,Telangana,36,Mahabubabad,688.0,Gross Irrigated Area,Canal,Government,87104.0,Warangal
150973,2019-2020,Telangana,36,Mahabubabad,688.0,Gross Irrigated Area,Canal,Private,,Warangal
150974,2019-2020,Telangana,36,Mahabubabad,688.0,Gross Irrigated Area,Other Source,Other Source,334.0,Warangal
150975,2019-2020,Telangana,36,Mahabubabad,688.0,Gross Irrigated Area,Tank,Tank,9576.0,Warangal
150976,2019-2020,Telangana,36,Mahabubabad,688.0,Gross Irrigated Area,Well,Other Well,44665.0,Warangal
150977,2019-2020,Telangana,36,Mahabubabad,688.0,Gross Irrigated Area,Well,Tubewell,19138.0,Warangal
150978,2019-2020,Telangana,36,Mahabubabad,688.0,Net Irrigated Area,Canal,Government,68253.0,Warangal
150979,2019-2020,Telangana,36,Mahabubabad,688.0,Net Irrigated Area,Canal,Private,,Warangal
150980,2019-2020,Telangana,36,Mahabubabad,688.0,Net Irrigated Area,Other Source,Other Source,311.0,Warangal
150981,2019-2020,Telangana,36,Mahabubabad,688.0,Net Irrigated Area,Tank,Tank,7374.0,Warangal
150982,2019-2020,Telangana,36,Mahabubabad,688.0,Net Irrigated Area,Well,Other Well,31704.0,Warangal
150983,2019-2020,Telangana,36,Mahabubabad,688.0,Net Irrigated Area,Well,Tubewell,12822.0,Warangal
150984,2019-2020,Telangana,36,Mahabubnagar,512.0,Gross Irrigated Area,Canal,Government,4686.0,Mahabubnagar
150985,2019-2020,Telangana,36,Mahabubnagar,512.0,Gross Irrigated Area,Canal,Private,,Mahabubnagar
150986,2019-2020,Telangana,36,Mahabubnagar,512.0,Gross Irrigated Area,Other Source,Other Source,,Mahabubnagar
150987,2019-2020,Telangana,36,Mahabubnagar,512.0,Gross Irrigated Area,Tank,Tank,4967.0,Mahabubnagar
150988,2019-2020,Telangana,36,Mahabubnagar,512.0,Gross Irrigated Area,Well,Other Well,,Mahabubnagar
150989,2019-2020,Telangana,36,Mahabubnagar,512.0,Gross Irrigated Area,Well,Tubewell,33666.0,Mahabubnagar
150990,2019-2020,Telangana,36,Mahabubnagar,512.0,Net Irrigated Area,Canal,Government,2858.0,Mahabubnagar
150991,2019-2020,Telangana,36,Mahabubnagar,512.0,Net Irrigated Area,Canal,Private,,Mahabubnagar
150992,2019-2020,Telangana,36,Mahabubnagar,512.0,Net Irrigated Area,Other Source,Other Source,,Mahabubnagar
150993,2019-2020,Telangana,36,Mahabubnagar,512.0,Net Irrigated Area,Tank,Tank,4321.0,Mahabubnagar
150994,2019-2020,Telangana,36,Mahabubnagar,512.0,Net Irrigated Area,Well,Other Well,,Mahabubnagar
150995,2019-2020,Telangana,36,Mahabubnagar,512.0,Net Irrigated Area,Well,Tubewell,21427.0,Mahabubnagar
150996,2019-2020,Telangana,36,Mancherial,684.0,Gross Irrigated Area,Canal,Government,73806.0,Adilabad
150997,2019-2020,Telangana,36,Mancherial,684.0,Gross Irrigated Area,Canal,Private,,Adilabad
150998,2019-2020,Telangana,36,Mancherial,684.0,Gross Irrigated Area,Other Source,Other Source,775.0,Adilabad
150999,2019-2020,Telangana,36,Mancherial,684.0,Gross Irrigated Area,Tank,Tank,7565.0,Adilabad
151000,2019-2020,Telangana,36,Mancherial,684.0,Gross Irrigated Area,Well,Other Well,9457.0,Adilabad
151001,2019-2020,Telangana,36,Mancherial,684.0,Gross Irrigated Area,Well,Tubewell,20050.0,Adilabad
151002,2019-2020,Telangana,36,Mancherial,684.0,Net Irrigated Area,Canal,Government,48182.0,Adilabad
151003,2019-2020,Telangana,36,Mancherial,684.0,Net Irrigated Area,Canal,Private,,Adilabad
151004,2019-2020,Telangana,36,Mancherial,684.0,Net Irrigated Area,Other Source,Other Source,612.0,Adilabad
151005,2019-2020,Telangana,36,Mancherial,684.0,Net Irrigated Area,Tank,Tank,5674.0,Adilabad
151006,2019-2020,Telangana,36,Mancherial,684.0,Net Irrigated Area,Well,Other Well,5284.0,Adilabad
151007,2019-2020,Telangana,36,Mancherial,684.0,Net Irrigated Area,Well,Tubewell,12230.0,Adilabad
151008,2019-2020,Telangana,36,Medak,513.0,Gross Irrigated Area,Canal,Government,14024.0,Medak
151009,2019-2020,Telangana,36,Medak,513.0,Gross Irrigated Area,Canal,Private,,Medak
151010,2019-2020,Telangana,36,Medak,513.0,Gross Irrigated Area,Other Source,Other Source,5.0,Medak
151011,2019-2020,Telangana,36,Medak,513.0,Gross Irrigated Area,Tank,Tank,5057.0,Medak
151012,2019-2020,Telangana,36,Medak,513.0,Gross Irrigated Area,Well,Other Well,,Medak
151013,2019-2020,Telangana,36,Medak,513.0,Gross Irrigated Area,Well,Tubewell,70346.0,Medak
151014,2019-2020,Telangana,36,Medak,513.0,Net Irrigated Area,Canal,Government,8964.0,Medak
151015,2019-2020,Telangana,36,Medak,513.0,Net Irrigated Area,Canal,Private,,Medak
151016,2019-2020,Telangana,36,Medak,513.0,Net Irrigated Area,Other Source,Other Source,3.0,Medak
151017,2019-2020,Telangana,36,Medak,513.0,Net Irrigated Area,Tank,Tank,4551.0,Medak
151018,2019-2020,Telangana,36,Medak,513.0,Net Irrigated Area,Well,Other Well,,Medak
151019,2019-2020,Telangana,36,Medak,513.0,Net Irrigated Area,Well,Tubewell,45004.0,Medak
151020,2019-2020,Telangana,36,Medchal Malkajgiri,700.0,Gross Irrigated Area,Canal,Government,507.0,Ranga Reddy
151021,2019-2020,Telangana,36,Medchal Malkajgiri,700.0,Gross Irrigated Area,Canal,Private,,Ranga Reddy
151022,2019-2020,Telangana,36,Medchal Malkajgiri,700.0,Gross Irrigated Area,Other Source,Other Source,405.0,Ranga Reddy
151023,2019-2020,Telangana,36,Medchal Malkajgiri,700.0,Gross Irrigated Area,Tank,Tank,281.0,Ranga Reddy
151024,2019-2020,Telangana,36,Medchal Malkajgiri,700.0,Gross Irrigated Area,Well,Other Well,,Ranga Reddy
151025,2019-2020,Telangana,36,Medchal Malkajgiri,700.0,Gross Irrigated Area,Well,Tubewell,13022.0,Ranga Reddy
151026,2019-2020,Telangana,36,Medchal Malkajgiri,700.0,Net Irrigated Area,Canal,Government,507.0,Ranga Reddy
151027,2019-2020,Telangana,36,Medchal Malkajgiri,700.0,Net Irrigated Area,Canal,Private,,Ranga Reddy
151028,2019-2020,Telangana,36,Medchal Malkajgiri,700.0,Net Irrigated Area,Other Source,Other Source,162.0,Ranga Reddy
151029,2019-2020,Telangana,36,Medchal Malkajgiri,700.0,Net Irrigated Area,Tank,Tank,166.0,Ranga Reddy
151030,2019-2020,Telangana,36,Medchal Malkajgiri,700.0,Net Irrigated Area,Well,Other Well,,Ranga Reddy
151031,2019-2020,Telangana,36,Medchal Malkajgiri,700.0,Net Irrigated Area,Well,Tubewell,9174.0,Ranga Reddy
151032,2019-2020,Telangana,36,Mulugu,720.0,Gross Irrigated Area,Canal,Government,40036.0,Warangal
151033,2019-2020,Telangana,36,Mulugu,720.0,Gross Irrigated Area,Canal,Private,,Warangal
151034,2019-2020,Telangana,36,Mulugu,720.0,Gross Irrigated Area,Other Source,Other Source,997.0,Warangal
151035,2019-2020,Telangana,36,Mulugu,720.0,Gross Irrigated Area,Tank,Tank,25718.0,Warangal
151036,2019-2020,Telangana,36,Mulugu,720.0,Gross Irrigated Area,Well,Other Well,234.0,Warangal
151037,2019-2020,Telangana,36,Mulugu,720.0,Gross Irrigated Area,Well,Tubewell,2110.0,Warangal
151038,2019-2020,Telangana,36,Mulugu,720.0,Net Irrigated Area,Canal,Government,20366.0,Warangal
151039,2019-2020,Telangana,36,Mulugu,720.0,Net Irrigated Area,Canal,Private,,Warangal
151040,2019-2020,Telangana,36,Mulugu,720.0,Net Irrigated Area,Other Source,Other Source,728.0,Warangal
151041,2019-2020,Telangana,36,Mulugu,720.0,Net Irrigated Area,Tank,Tank,22117.0,Warangal
151042,2019-2020,Telangana,36,Mulugu,720.0,Net Irrigated Area,Well,Other Well,204.0,Warangal
151043,2019-2020,Telangana,36,Mulugu,720.0,Net Irrigated Area,Well,Tubewell,1224.0,Warangal
151044,2019-2020,Telangana,36,Nagarkurnool,694.0,Gross Irrigated Area,Canal,Government,148688.0,Mahabubnagar
151045,2019-2020,Telangana,36,Nagarkurnool,694.0,Gross Irrigated Area,Canal,Private,,Mahabubnagar
151046,2019-2020,Telangana,36,Nagarkurnool,694.0,Gross Irrigated Area,Other Source,Other Source,2041.0,Mahabubnagar
151047,2019-2020,Telangana,36,Nagarkurnool,694.0,Gross Irrigated Area,Tank,Tank,3547.0,Mahabubnagar
151048,2019-2020,Telangana,36,Nagarkurnool,694.0,Gross Irrigated Area,Well,Other Well,602.0,Mahabubnagar
151049,2019-2020,Telangana,36,Nagarkurnool,694.0,Gross Irrigated Area,Well,Tubewell,59569.0,Mahabubnagar
151050,2019-2020,Telangana,36,Nagarkurnool,694.0,Net Irrigated Area,Canal,Government,54400.0,Mahabubnagar
151051,2019-2020,Telangana,36,Nagarkurnool,694.0,Net Irrigated Area,Canal,Private,,Mahabubnagar
151052,2019-2020,Telangana,36,Nagarkurnool,694.0,Net Irrigated Area,Other Source,Other Source,1755.0,Mahabubnagar
151053,2019-2020,Telangana,36,Nagarkurnool,694.0,Net Irrigated Area,Tank,Tank,2802.0,Mahabubnagar
151054,2019-2020,Telangana,36,Nagarkurnool,694.0,Net Irrigated Area,Well,Other Well,584.0,Mahabubnagar
151055,2019-2020,Telangana,36,Nagarkurnool,694.0,Net Irrigated Area,Well,Tubewell,48847.0,Mahabubnagar
151056,2019-2020,Telangana,36,Nalgonda,514.0,Gross Irrigated Area,Canal,Government,312568.0,Nalgonda
151057,2019-2020,Telangana,36,Nalgonda,514.0,Gross Irrigated Area,Canal,Private,,Nalgonda
151058,2019-2020,Telangana,36,Nalgonda,514.0,Gross Irrigated Area,Other Source,Other Source,2673.0,Nalgonda
151059,2019-2020,Telangana,36,Nalgonda,514.0,Gross Irrigated Area,Tank,Tank,7724.0,Nalgonda
151060,2019-2020,Telangana,36,Nalgonda,514.0,Gross Irrigated Area,Well,Other Well,1212.0,Nalgonda
151061,2019-2020,Telangana,36,Nalgonda,514.0,Gross Irrigated Area,Well,Tubewell,59410.0,Nalgonda
151062,2019-2020,Telangana,36,Nalgonda,514.0,Net Irrigated Area,Canal,Government,139450.0,Nalgonda
151063,2019-2020,Telangana,36,Nalgonda,514.0,Net Irrigated Area,Canal,Private,,Nalgonda
151064,2019-2020,Telangana,36,Nalgonda,514.0,Net Irrigated Area,Other Source,Other Source,1390.0,Nalgonda
151065,2019-2020,Telangana,36,Nalgonda,514.0,Net Irrigated Area,Tank,Tank,4789.0,Nalgonda
151066,2019-2020,Telangana,36,Nalgonda,514.0,Net Irrigated Area,Well,Other Well,1030.0,Nalgonda
151067,2019-2020,Telangana,36,Nalgonda,514.0,Net Irrigated Area,Well,Tubewell,36834.0,Nalgonda
151068,2019-2020,Telangana,36,Narayanpet,721.0,Gross Irrigated Area,Canal,Government,44000.0,Mahabubnagar
151069,2019-2020,Telangana,36,Narayanpet,721.0,Gross Irrigated Area,Canal,Private,,Mahabubnagar
151070,2019-2020,Telangana,36,Narayanpet,721.0,Gross Irrigated Area,Other Source,Other Source,2731.0,Mahabubnagar
151071,2019-2020,Telangana,36,Narayanpet,721.0,Gross Irrigated Area,Tank,Tank,723.0,Mahabubnagar
151072,2019-2020,Telangana,36,Narayanpet,721.0,Gross Irrigated Area,Well,Other Well,,Mahabubnagar
151073,2019-2020,Telangana,36,Narayanpet,721.0,Gross Irrigated Area,Well,Tubewell,18748.0,Mahabubnagar
151074,2019-2020,Telangana,36,Narayanpet,721.0,Net Irrigated Area,Canal,Government,28358.0,Mahabubnagar
151075,2019-2020,Telangana,36,Narayanpet,721.0,Net Irrigated Area,Canal,Private,,Mahabubnagar
151076,2019-2020,Telangana,36,Narayanpet,721.0,Net Irrigated Area,Other Source,Other Source,1939.0,Mahabubnagar
151077,2019-2020,Telangana,36,Narayanpet,721.0,Net Irrigated Area,Tank,Tank,564.0,Mahabubnagar
151078,2019-2020,Telangana,36,Narayanpet,721.0,Net Irrigated Area,Well,Other Well,,Mahabubnagar
151079,2019-2020,Telangana,36,Narayanpet,721.0,Net Irrigated Area,Well,Tubewell,10680.0,Mahabubnagar
151080,2019-2020,Telangana,36,Nirmal,680.0,Gross Irrigated Area,Canal,Government,84472.0,Adilabad
151081,2019-2020,Telangana,36,Nirmal,680.0,Gross Irrigated Area,Canal,Private,,Adilabad
151082,2019-2020,Telangana,36,Nirmal,680.0,Gross Irrigated Area,Other Source,Other Source,1420.0,Adilabad
151083,2019-2020,Telangana,36,Nirmal,680.0,Gross Irrigated Area,Tank,Tank,5838.0,Adilabad
151084,2019-2020,Telangana,36,Nirmal,680.0,Gross Irrigated Area,Well,Other Well,10599.0,Adilabad
151085,2019-2020,Telangana,36,Nirmal,680.0,Gross Irrigated Area,Well,Tubewell,70801.0,Adilabad
151086,2019-2020,Telangana,36,Nirmal,680.0,Net Irrigated Area,Canal,Government,34362.0,Adilabad
151087,2019-2020,Telangana,36,Nirmal,680.0,Net Irrigated Area,Canal,Private,,Adilabad
151088,2019-2020,Telangana,36,Nirmal,680.0,Net Irrigated Area,Other Source,Other Source,710.0,Adilabad
151089,2019-2020,Telangana,36,Nirmal,680.0,Net Irrigated Area,Tank,Tank,2510.0,Adilabad
151090,2019-2020,Telangana,36,Nirmal,680.0,Net Irrigated Area,Well,Other Well,4020.0,Adilabad
151091,2019-2020,Telangana,36,Nirmal,680.0,Net Irrigated Area,Well,Tubewell,31152.0,Adilabad
151092,2019-2020,Telangana,36,Nizamabad,516.0,Gross Irrigated Area,Canal,Government,175091.0,Nizamabad
151093,2019-2020,Telangana,36,Nizamabad,516.0,Gross Irrigated Area,Canal,Private,,Nizamabad
151094,2019-2020,Telangana,36,Nizamabad,516.0,Gross Irrigated Area,Other Source,Other Source,9596.0,Nizamabad
151095,2019-2020,Telangana,36,Nizamabad,516.0,Gross Irrigated Area,Tank,Tank,6592.0,Nizamabad
151096,2019-2020,Telangana,36,Nizamabad,516.0,Gross Irrigated Area,Well,Other Well,1830.0,Nizamabad
151097,2019-2020,Telangana,36,Nizamabad,516.0,Gross Irrigated Area,Well,Tubewell,177832.0,Nizamabad
151098,2019-2020,Telangana,36,Nizamabad,516.0,Net Irrigated Area,Canal,Government,95645.0,Nizamabad
151099,2019-2020,Telangana,36,Nizamabad,516.0,Net Irrigated Area,Canal,Private,,Nizamabad
151100,2019-2020,Telangana,36,Nizamabad,516.0,Net Irrigated Area,Other Source,Other Source,4222.0,Nizamabad
151101,2019-2020,Telangana,36,Nizamabad,516.0,Net Irrigated Area,Tank,Tank,4087.0,Nizamabad
151102,2019-2020,Telangana,36,Nizamabad,516.0,Net Irrigated Area,Well,Other Well,1166.0,Nizamabad
151103,2019-2020,Telangana,36,Nizamabad,516.0,Net Irrigated Area,Well,Tubewell,103143.0,Nizamabad
151104,2019-2020,Telangana,36,Peddapalli,682.0,Gross Irrigated Area,Canal,Government,87497.0,Karimnagar
151105,2019-2020,Telangana,36,Peddapalli,682.0,Gross Irrigated Area,Canal,Private,,Karimnagar
151106,2019-2020,Telangana,36,Peddapalli,682.0,Gross Irrigated Area,Other Source,Other Source,495.0,Karimnagar
151107,2019-2020,Telangana,36,Peddapalli,682.0,Gross Irrigated Area,Tank,Tank,10379.0,Karimnagar
151108,2019-2020,Telangana,36,Peddapalli,682.0,Gross Irrigated Area,Well,Other Well,65911.0,Karimnagar
151109,2019-2020,Telangana,36,Peddapalli,682.0,Gross Irrigated Area,Well,Tubewell,14463.0,Karimnagar
151110,2019-2020,Telangana,36,Peddapalli,682.0,Net Irrigated Area,Canal,Government,37211.0,Karimnagar
151111,2019-2020,Telangana,36,Peddapalli,682.0,Net Irrigated Area,Canal,Private,,Karimnagar
151112,2019-2020,Telangana,36,Peddapalli,682.0,Net Irrigated Area,Other Source,Other Source,158.0,Karimnagar
151113,2019-2020,Telangana,36,Peddapalli,682.0,Net Irrigated Area,Tank,Tank,6539.0,Karimnagar
151114,2019-2020,Telangana,36,Peddapalli,682.0,Net Irrigated Area,Well,Other Well,44802.0,Karimnagar
151115,2019-2020,Telangana,36,Peddapalli,682.0,Net Irrigated Area,Well,Tubewell,9979.0,Karimnagar
151116,2019-2020,Telangana,36,Rajanna Sircilla,683.0,Gross Irrigated Area,Canal,Government,2684.0,Karimnagar
151117,2019-2020,Telangana,36,Rajanna Sircilla,683.0,Gross Irrigated Area,Canal,Private,,Karimnagar
151118,2019-2020,Telangana,36,Rajanna Sircilla,683.0,Gross Irrigated Area,Other Source,Other Source,48.0,Karimnagar
151119,2019-2020,Telangana,36,Rajanna Sircilla,683.0,Gross Irrigated Area,Tank,Tank,9065.0,Karimnagar
151120,2019-2020,Telangana,36,Rajanna Sircilla,683.0,Gross Irrigated Area,Well,Other Well,27069.0,Karimnagar
151121,2019-2020,Telangana,36,Rajanna Sircilla,683.0,Gross Irrigated Area,Well,Tubewell,60189.0,Karimnagar
151122,2019-2020,Telangana,36,Rajanna Sircilla,683.0,Net Irrigated Area,Canal,Government,2684.0,Karimnagar
151123,2019-2020,Telangana,36,Rajanna Sircilla,683.0,Net Irrigated Area,Canal,Private,,Karimnagar
151124,2019-2020,Telangana,36,Rajanna Sircilla,683.0,Net Irrigated Area,Other Source,Other Source,48.0,Karimnagar
151125,2019-2020,Telangana,36,Rajanna Sircilla,683.0,Net Irrigated Area,Tank,Tank,8521.0,Karimnagar
151126,2019-2020,Telangana,36,Rajanna Sircilla,683.0,Net Irrigated Area,Well,Other Well,15684.0,Karimnagar
151127,2019-2020,Telangana,36,Rajanna Sircilla,683.0,Net Irrigated Area,Well,Tubewell,29978.0,Karimnagar
151128,2019-2020,Telangana,36,Ranga Reddy,518.0,Gross Irrigated Area,Canal,Government,3176.0,Ranga Reddy
151129,2019-2020,Telangana,36,Ranga Reddy,518.0,Gross Irrigated Area,Canal,Private,,Ranga Reddy
151130,2019-2020,Telangana,36,Ranga Reddy,518.0,Gross Irrigated Area,Other Source,Other Source,790.0,Ranga Reddy
151131,2019-2020,Telangana,36,Ranga Reddy,518.0,Gross Irrigated Area,Tank,Tank,1002.0,Ranga Reddy
151132,2019-2020,Telangana,36,Ranga Reddy,518.0,Gross Irrigated Area,Well,Other Well,,Ranga Reddy
151133,2019-2020,Telangana,36,Ranga Reddy,518.0,Gross Irrigated Area,Well,Tubewell,63747.0,Ranga Reddy
151134,2019-2020,Telangana,36,Ranga Reddy,518.0,Net Irrigated Area,Canal,Government,3176.0,Ranga Reddy
151135,2019-2020,Telangana,36,Ranga Reddy,518.0,Net Irrigated Area,Canal,Private,,Ranga Reddy
151136,2019-2020,Telangana,36,Ranga Reddy,518.0,Net Irrigated Area,Other Source,Other Source,434.0,Ranga Reddy
151137,2019-2020,Telangana,36,Ranga Reddy,518.0,Net Irrigated Area,Tank,Tank,1002.0,Ranga Reddy
151138,2019-2020,Telangana,36,Ranga Reddy,518.0,Net Irrigated Area,Well,Other Well,,Ranga Reddy
151139,2019-2020,Telangana,36,Ranga Reddy,518.0,Net Irrigated Area,Well,Tubewell,42214.0,Ranga Reddy
151140,2019-2020,Telangana,36,Sangareddy,691.0,Gross Irrigated Area,Canal,Government,7110.0,Medak
151141,2019-2020,Telangana,36,Sangareddy,691.0,Gross Irrigated Area,Canal,Private,,Medak
151142,2019-2020,Telangana,36,Sangareddy,691.0,Gross Irrigated Area,Other Source,Other Source,25.0,Medak
151143,2019-2020,Telangana,36,Sangareddy,691.0,Gross Irrigated Area,Tank,Tank,5024.0,Medak
151144,2019-2020,Telangana,36,Sangareddy,691.0,Gross Irrigated Area,Well,Other Well,,Medak
151145,2019-2020,Telangana,36,Sangareddy,691.0,Gross Irrigated Area,Well,Tubewell,59172.0,Medak
151146,2019-2020,Telangana,36,Sangareddy,691.0,Net Irrigated Area,Canal,Government,5122.0,Medak
151147,2019-2020,Telangana,36,Sangareddy,691.0,Net Irrigated Area,Canal,Private,,Medak
151148,2019-2020,Telangana,36,Sangareddy,691.0,Net Irrigated Area,Other Source,Other Source,25.0,Medak
151149,2019-2020,Telangana,36,Sangareddy,691.0,Net Irrigated Area,Tank,Tank,4924.0,Medak
151150,2019-2020,Telangana,36,Sangareddy,691.0,Net Irrigated Area,Well,Other Well,,Medak
151151,2019-2020,Telangana,36,Sangareddy,691.0,Net Irrigated Area,Well,Tubewell,47911.0,Medak
151152,2019-2020,Telangana,36,Siddipet,692.0,Gross Irrigated Area,Canal,Government,83203.0,Medak
151153,2019-2020,Telangana,36,Siddipet,692.0,Gross Irrigated Area,Canal,Private,,Medak
151154,2019-2020,Telangana,36,Siddipet,692.0,Gross Irrigated Area,Other Source,Other Source,24.0,Medak
151155,2019-2020,Telangana,36,Siddipet,692.0,Gross Irrigated Area,Tank,Tank,5097.0,Medak
151156,2019-2020,Telangana,36,Siddipet,692.0,Gross Irrigated Area,Well,Other Well,11965.0,Medak
151157,2019-2020,Telangana,36,Siddipet,692.0,Gross Irrigated Area,Well,Tubewell,44919.0,Medak
151158,2019-2020,Telangana,36,Siddipet,692.0,Net Irrigated Area,Canal,Government,52590.0,Medak
151159,2019-2020,Telangana,36,Siddipet,692.0,Net Irrigated Area,Canal,Private,,Medak
151160,2019-2020,Telangana,36,Siddipet,692.0,Net Irrigated Area,Other Source,Other Source,24.0,Medak
151161,2019-2020,Telangana,36,Siddipet,692.0,Net Irrigated Area,Tank,Tank,4485.0,Medak
151162,2019-2020,Telangana,36,Siddipet,692.0,Net Irrigated Area,Well,Other Well,7897.0,Medak
151163,2019-2020,Telangana,36,Siddipet,692.0,Net Irrigated Area,Well,Tubewell,27833.0,Medak
151164,2019-2020,Telangana,36,Suryapet,696.0,Gross Irrigated Area,Canal,Government,283341.0,Nalgonda
151165,2019-2020,Telangana,36,Suryapet,696.0,Gross Irrigated Area,Canal,Private,,Nalgonda
151166,2019-2020,Telangana,36,Suryapet,696.0,Gross Irrigated Area,Other Source,Other Source,8997.0,Nalgonda
151167,2019-2020,Telangana,36,Suryapet,696.0,Gross Irrigated Area,Tank,Tank,4543.0,Nalgonda
151168,2019-2020,Telangana,36,Suryapet,696.0,Gross Irrigated Area,Well,Other Well,699.0,Nalgonda
151169,2019-2020,Telangana,36,Suryapet,696.0,Gross Irrigated Area,Well,Tubewell,2714.0,Nalgonda
151170,2019-2020,Telangana,36,Suryapet,696.0,Net Irrigated Area,Canal,Government,159820.0,Nalgonda
151171,2019-2020,Telangana,36,Suryapet,696.0,Net Irrigated Area,Canal,Private,,Nalgonda
151172,2019-2020,Telangana,36,Suryapet,696.0,Net Irrigated Area,Other Source,Other Source,4768.0,Nalgonda
151173,2019-2020,Telangana,36,Suryapet,696.0,Net Irrigated Area,Tank,Tank,2090.0,Nalgonda
151174,2019-2020,Telangana,36,Suryapet,696.0,Net Irrigated Area,Well,Other Well,360.0,Nalgonda
151175,2019-2020,Telangana,36,Suryapet,696.0,Net Irrigated Area,Well,Tubewell,1791.0,Nalgonda
151176,2019-2020,Telangana,36,Vikarabad,698.0,Gross Irrigated Area,Canal,Government,,Ranga Reddy
151177,2019-2020,Telangana,36,Vikarabad,698.0,Gross Irrigated Area,Canal,Private,,Ranga Reddy
151178,2019-2020,Telangana,36,Vikarabad,698.0,Gross Irrigated Area,Other Source,Other Source,152.0,Ranga Reddy
151179,2019-2020,Telangana,36,Vikarabad,698.0,Gross Irrigated Area,Tank,Tank,1678.0,Ranga Reddy
151180,2019-2020,Telangana,36,Vikarabad,698.0,Gross Irrigated Area,Well,Other Well,1566.0,Ranga Reddy
151181,2019-2020,Telangana,36,Vikarabad,698.0,Gross Irrigated Area,Well,Tubewell,50254.0,Ranga Reddy
151182,2019-2020,Telangana,36,Vikarabad,698.0,Net Irrigated Area,Canal,Government,,Ranga Reddy
151183,2019-2020,Telangana,36,Vikarabad,698.0,Net Irrigated Area,Canal,Private,,Ranga Reddy
151184,2019-2020,Telangana,36,Vikarabad,698.0,Net Irrigated Area,Other Source,Other Source,152.0,Ranga Reddy
151185,2019-2020,Telangana,36,Vikarabad,698.0,Net Irrigated Area,Tank,Tank,1460.0,Ranga Reddy
151186,2019-2020,Telangana,36,Vikarabad,698.0,Net Irrigated Area,Well,Other Well,668.0,Ranga Reddy
151187,2019-2020,Telangana,36,Vikarabad,698.0,Net Irrigated Area,Well,Tubewell,37617.0,Ranga Reddy
151188,2019-2020,Telangana,36,Wanaparthy,693.0,Gross Irrigated Area,Canal,Government,99587.0,Mahabubnagar
151189,2019-2020,Telangana,36,Wanaparthy,693.0,Gross Irrigated Area,Canal,Private,,Mahabubnagar
151190,2019-2020,Telangana,36,Wanaparthy,693.0,Gross Irrigated Area,Other Source,Other Source,3985.0,Mahabubnagar
151191,2019-2020,Telangana,36,Wanaparthy,693.0,Gross Irrigated Area,Tank,Tank,1685.0,Mahabubnagar
151192,2019-2020,Telangana,36,Wanaparthy,693.0,Gross Irrigated Area,Well,Other Well,1329.0,Mahabubnagar
151193,2019-2020,Telangana,36,Wanaparthy,693.0,Gross Irrigated Area,Well,Tubewell,31558.0,Mahabubnagar
151194,2019-2020,Telangana,36,Wanaparthy,693.0,Net Irrigated Area,Canal,Government,73292.0,Mahabubnagar
151195,2019-2020,Telangana,36,Wanaparthy,693.0,Net Irrigated Area,Canal,Private,,Mahabubnagar
151196,2019-2020,Telangana,36,Wanaparthy,693.0,Net Irrigated Area,Other Source,Other Source,2869.0,Mahabubnagar
151197,2019-2020,Telangana,36,Wanaparthy,693.0,Net Irrigated Area,Tank,Tank,1230.0,Mahabubnagar
151198,2019-2020,Telangana,36,Wanaparthy,693.0,Net Irrigated Area,Well,Other Well,1157.0,Mahabubnagar
151199,2019-2020,Telangana,36,Wanaparthy,693.0,Net Irrigated Area,Well,Tubewell,21459.0,Mahabubnagar
151200,2019-2020,Telangana,36,Warangal,522.0,Gross Irrigated Area,Canal,Government,79876.0,Warangal
151201,2019-2020,Telangana,36,Warangal,522.0,Gross Irrigated Area,Canal,Private,,Warangal
151202,2019-2020,Telangana,36,Warangal,522.0,Gross Irrigated Area,Other Source,Other Source,280.0,Warangal
151203,2019-2020,Telangana,36,Warangal,522.0,Gross Irrigated Area,Tank,Tank,11536.0,Warangal
151204,2019-2020,Telangana,36,Warangal,522.0,Gross Irrigated Area,Well,Other Well,85541.0,Warangal
151205,2019-2020,Telangana,36,Warangal,522.0,Gross Irrigated Area,Well,Tubewell,33255.0,Warangal
151206,2019-2020,Telangana,36,Warangal,522.0,Net Irrigated Area,Canal,Government,32929.0,Warangal
151207,2019-2020,Telangana,36,Warangal,522.0,Net Irrigated Area,Canal,Private,,Warangal
151208,2019-2020,Telangana,36,Warangal,522.0,Net Irrigated Area,Other Source,Other Source,106.0,Warangal
151209,2019-2020,Telangana,36,Warangal,522.0,Net Irrigated Area,Tank,Tank,7383.0,Warangal
151210,2019-2020,Telangana,36,Warangal,522.0,Net Irrigated Area,Well,Other Well,60714.0,Warangal
151211,2019-2020,Telangana,36,Warangal,522.0,Net Irrigated Area,Well,Tubewell,21283.0,Warangal
151212,2019-2020,Telangana,36,Yadadri Bhuvanagiri,697.0,Gross Irrigated Area,Canal,Government,30457.0,Nalgonda
151213,2019-2020,Telangana,36,Yadadri Bhuvanagiri,697.0,Gross Irrigated Area,Canal,Private,,Nalgonda
151214,2019-2020,Telangana,36,Yadadri Bhuvanagiri,697.0,Gross Irrigated Area,Other Source,Other Source,,Nalgonda
151215,2019-2020,Telangana,36,Yadadri Bhuvanagiri,697.0,Gross Irrigated Area,Tank,Tank,6607.0,Nalgonda
151216,2019-2020,Telangana,36,Yadadri Bhuvanagiri,697.0,Gross Irrigated Area,Well,Other Well,10718.0,Nalgonda
151217,2019-2020,Telangana,36,Yadadri Bhuvanagiri,697.0,Gross Irrigated Area,Well,Tubewell,96307.0,Nalgonda
151218,2019-2020,Telangana,36,Yadadri Bhuvanagiri,697.0,Net Irrigated Area,Canal,Government,18491.0,Nalgonda
151219,2019-2020,Telangana,36,Yadadri Bhuvanagiri,697.0,Net Irrigated Area,Canal,Private,,Nalgonda
151220,2019-2020,Telangana,36,Yadadri Bhuvanagiri,697.0,Net Irrigated Area,Other Source,Other Source,,Nalgonda
151221,2019-2020,Telangana,36,Yadadri Bhuvanagiri,697.0,Net Irrigated Area,Tank,Tank,4096.0,Nalgonda
151222,2019-2020,Telangana,36,Yadadri Bhuvanagiri,697.0,Net Irrigated Area,Well,Other Well,7074.0,Nalgonda
151223,2019-2020,Telangana,36,Yadadri Bhuvanagiri,697.0,Net Irrigated Area,Well,Tubewell,55847.0,Nalgonda
158835,2020-2021,Telangana,36,Narayanpet,721.0,Gross Irrigated Area,Tank,Tank,821.0,Mahabubnagar
158592,2020-2021,Telangana,36,Adilabad,501.0,Gross Irrigated Area,Canal,Government,49769.0,Adilabad
158593,2020-2021,Telangana,36,Adilabad,501.0,Gross Irrigated Area,Canal,Private,,Adilabad
158594,2020-2021,Telangana,36,Adilabad,501.0,Gross Irrigated Area,Other Source,Other Source,118.0,Adilabad
158595,2020-2021,Telangana,36,Adilabad,501.0,Gross Irrigated Area,Tank,Tank,4818.0,Adilabad
158596,2020-2021,Telangana,36,Adilabad,501.0,Gross Irrigated Area,Well,Other Well,4076.0,Adilabad
158597,2020-2021,Telangana,36,Adilabad,501.0,Gross Irrigated Area,Well,Tubewell,25002.0,Adilabad
158598,2020-2021,Telangana,36,Adilabad,501.0,Net Irrigated Area,Canal,Government,49769.0,Adilabad
158599,2020-2021,Telangana,36,Adilabad,501.0,Net Irrigated Area,Canal,Private,,Adilabad
158600,2020-2021,Telangana,36,Adilabad,501.0,Net Irrigated Area,Other Source,Other Source,118.0,Adilabad
158601,2020-2021,Telangana,36,Adilabad,501.0,Net Irrigated Area,Tank,Tank,4818.0,Adilabad
158602,2020-2021,Telangana,36,Adilabad,501.0,Net Irrigated Area,Well,Other Well,4076.0,Adilabad
158603,2020-2021,Telangana,36,Adilabad,501.0,Net Irrigated Area,Well,Tubewell,24085.0,Adilabad
158604,2020-2021,Telangana,36,Bhadradri Kothagudem,690.0,Gross Irrigated Area,Canal,Government,51144.0,Khammam
158605,2020-2021,Telangana,36,Bhadradri Kothagudem,690.0,Gross Irrigated Area,Canal,Private,,Khammam
158606,2020-2021,Telangana,36,Bhadradri Kothagudem,690.0,Gross Irrigated Area,Other Source,Other Source,3542.0,Khammam
158607,2020-2021,Telangana,36,Bhadradri Kothagudem,690.0,Gross Irrigated Area,Tank,Tank,27364.0,Khammam
158608,2020-2021,Telangana,36,Bhadradri Kothagudem,690.0,Gross Irrigated Area,Well,Other Well,444.0,Khammam
158609,2020-2021,Telangana,36,Bhadradri Kothagudem,690.0,Gross Irrigated Area,Well,Tubewell,43906.0,Khammam
158610,2020-2021,Telangana,36,Bhadradri Kothagudem,690.0,Net Irrigated Area,Canal,Government,48076.0,Khammam
158611,2020-2021,Telangana,36,Bhadradri Kothagudem,690.0,Net Irrigated Area,Canal,Private,,Khammam
158612,2020-2021,Telangana,36,Bhadradri Kothagudem,690.0,Net Irrigated Area,Other Source,Other Source,2337.0,Khammam
158613,2020-2021,Telangana,36,Bhadradri Kothagudem,690.0,Net Irrigated Area,Tank,Tank,24901.0,Khammam
158614,2020-2021,Telangana,36,Bhadradri Kothagudem,690.0,Net Irrigated Area,Well,Other Well,210.0,Khammam
158615,2020-2021,Telangana,36,Bhadradri Kothagudem,690.0,Net Irrigated Area,Well,Tubewell,25757.0,Khammam
158616,2020-2021,Telangana,36,Hanumakonda,686.0,Gross Irrigated Area,Canal,Government,59671.0,Warangal
158617,2020-2021,Telangana,36,Hanumakonda,686.0,Gross Irrigated Area,Canal,Private,,Warangal
158618,2020-2021,Telangana,36,Hanumakonda,686.0,Gross Irrigated Area,Other Source,Other Source,142.0,Warangal
158619,2020-2021,Telangana,36,Hanumakonda,686.0,Gross Irrigated Area,Tank,Tank,9765.0,Warangal
158620,2020-2021,Telangana,36,Hanumakonda,686.0,Gross Irrigated Area,Well,Other Well,41536.0,Warangal
158621,2020-2021,Telangana,36,Hanumakonda,686.0,Gross Irrigated Area,Well,Tubewell,12368.0,Warangal
158622,2020-2021,Telangana,36,Hanumakonda,686.0,Net Irrigated Area,Canal,Government,30432.0,Warangal
158623,2020-2021,Telangana,36,Hanumakonda,686.0,Net Irrigated Area,Canal,Private,,Warangal
158624,2020-2021,Telangana,36,Hanumakonda,686.0,Net Irrigated Area,Other Source,Other Source,,Warangal
158625,2020-2021,Telangana,36,Hanumakonda,686.0,Net Irrigated Area,Tank,Tank,6054.0,Warangal
158626,2020-2021,Telangana,36,Hanumakonda,686.0,Net Irrigated Area,Well,Other Well,21216.0,Warangal
158627,2020-2021,Telangana,36,Hanumakonda,686.0,Net Irrigated Area,Well,Tubewell,7003.0,Warangal
158628,2020-2021,Telangana,36,Hyderabad,507.0,Gross Irrigated Area,Canal,Government,,Hyderabad
158629,2020-2021,Telangana,36,Hyderabad,507.0,Gross Irrigated Area,Canal,Private,,Hyderabad
158630,2020-2021,Telangana,36,Hyderabad,507.0,Gross Irrigated Area,Other Source,Other Source,,Hyderabad
158631,2020-2021,Telangana,36,Hyderabad,507.0,Gross Irrigated Area,Tank,Tank,,Hyderabad
158632,2020-2021,Telangana,36,Hyderabad,507.0,Gross Irrigated Area,Well,Other Well,,Hyderabad
158633,2020-2021,Telangana,36,Hyderabad,507.0,Gross Irrigated Area,Well,Tubewell,,Hyderabad
158634,2020-2021,Telangana,36,Hyderabad,507.0,Net Irrigated Area,Canal,Government,,Hyderabad
158635,2020-2021,Telangana,36,Hyderabad,507.0,Net Irrigated Area,Canal,Private,,Hyderabad
158636,2020-2021,Telangana,36,Hyderabad,507.0,Net Irrigated Area,Other Source,Other Source,,Hyderabad
158637,2020-2021,Telangana,36,Hyderabad,507.0,Net Irrigated Area,Tank,Tank,,Hyderabad
158638,2020-2021,Telangana,36,Hyderabad,507.0,Net Irrigated Area,Well,Other Well,,Hyderabad
158639,2020-2021,Telangana,36,Hyderabad,507.0,Net Irrigated Area,Well,Tubewell,,Hyderabad
158640,2020-2021,Telangana,36,Jagitial,681.0,Gross Irrigated Area,Canal,Government,172669.0,Karimnagar
158641,2020-2021,Telangana,36,Jagitial,681.0,Gross Irrigated Area,Canal,Private,,Karimnagar
158642,2020-2021,Telangana,36,Jagitial,681.0,Gross Irrigated Area,Other Source,Other Source,2047.0,Karimnagar
158643,2020-2021,Telangana,36,Jagitial,681.0,Gross Irrigated Area,Tank,Tank,12157.0,Karimnagar
158644,2020-2021,Telangana,36,Jagitial,681.0,Gross Irrigated Area,Well,Other Well,79102.0,Karimnagar
158645,2020-2021,Telangana,36,Jagitial,681.0,Gross Irrigated Area,Well,Tubewell,27772.0,Karimnagar
158646,2020-2021,Telangana,36,Jagitial,681.0,Net Irrigated Area,Canal,Government,81155.0,Karimnagar
158647,2020-2021,Telangana,36,Jagitial,681.0,Net Irrigated Area,Canal,Private,,Karimnagar
158648,2020-2021,Telangana,36,Jagitial,681.0,Net Irrigated Area,Other Source,Other Source,1372.0,Karimnagar
158649,2020-2021,Telangana,36,Jagitial,681.0,Net Irrigated Area,Tank,Tank,7173.0,Karimnagar
158650,2020-2021,Telangana,36,Jagitial,681.0,Net Irrigated Area,Well,Other Well,45887.0,Karimnagar
158651,2020-2021,Telangana,36,Jagitial,681.0,Net Irrigated Area,Well,Tubewell,12539.0,Karimnagar
158652,2020-2021,Telangana,36,Jangoan,689.0,Gross Irrigated Area,Canal,Government,39382.0,Warangal
158653,2020-2021,Telangana,36,Jangoan,689.0,Gross Irrigated Area,Canal,Private,,Warangal
158654,2020-2021,Telangana,36,Jangoan,689.0,Gross Irrigated Area,Other Source,Other Source,,Warangal
158655,2020-2021,Telangana,36,Jangoan,689.0,Gross Irrigated Area,Tank,Tank,12547.0,Warangal
158656,2020-2021,Telangana,36,Jangoan,689.0,Gross Irrigated Area,Well,Other Well,10847.0,Warangal
158657,2020-2021,Telangana,36,Jangoan,689.0,Gross Irrigated Area,Well,Tubewell,79545.0,Warangal
158658,2020-2021,Telangana,36,Jangoan,689.0,Net Irrigated Area,Canal,Government,22054.0,Warangal
158659,2020-2021,Telangana,36,Jangoan,689.0,Net Irrigated Area,Canal,Private,,Warangal
158660,2020-2021,Telangana,36,Jangoan,689.0,Net Irrigated Area,Other Source,Other Source,,Warangal
158661,2020-2021,Telangana,36,Jangoan,689.0,Net Irrigated Area,Tank,Tank,8285.0,Warangal
158662,2020-2021,Telangana,36,Jangoan,689.0,Net Irrigated Area,Well,Other Well,6175.0,Warangal
158663,2020-2021,Telangana,36,Jangoan,689.0,Net Irrigated Area,Well,Tubewell,62400.0,Warangal
158664,2020-2021,Telangana,36,Jayashankar Bhupalapally,687.0,Gross Irrigated Area,Canal,Government,67181.0,Warangal
158665,2020-2021,Telangana,36,Jayashankar Bhupalapally,687.0,Gross Irrigated Area,Canal,Private,,Warangal
158666,2020-2021,Telangana,36,Jayashankar Bhupalapally,687.0,Gross Irrigated Area,Other Source,Other Source,1169.0,Warangal
158667,2020-2021,Telangana,36,Jayashankar Bhupalapally,687.0,Gross Irrigated Area,Tank,Tank,17704.0,Warangal
158668,2020-2021,Telangana,36,Jayashankar Bhupalapally,687.0,Gross Irrigated Area,Well,Other Well,9186.0,Warangal
158669,2020-2021,Telangana,36,Jayashankar Bhupalapally,687.0,Gross Irrigated Area,Well,Tubewell,13206.0,Warangal
158670,2020-2021,Telangana,36,Jayashankar Bhupalapally,687.0,Net Irrigated Area,Canal,Government,4076.0,Warangal
158671,2020-2021,Telangana,36,Jayashankar Bhupalapally,687.0,Net Irrigated Area,Canal,Private,,Warangal
158672,2020-2021,Telangana,36,Jayashankar Bhupalapally,687.0,Net Irrigated Area,Other Source,Other Source,877.0,Warangal
158673,2020-2021,Telangana,36,Jayashankar Bhupalapally,687.0,Net Irrigated Area,Tank,Tank,11861.0,Warangal
158674,2020-2021,Telangana,36,Jayashankar Bhupalapally,687.0,Net Irrigated Area,Well,Other Well,5516.0,Warangal
158675,2020-2021,Telangana,36,Jayashankar Bhupalapally,687.0,Net Irrigated Area,Well,Tubewell,7989.0,Warangal
158676,2020-2021,Telangana,36,Jogulamba Gadwal,695.0,Gross Irrigated Area,Canal,Government,109935.0,Mahabubnagar
158677,2020-2021,Telangana,36,Jogulamba Gadwal,695.0,Gross Irrigated Area,Canal,Private,,Mahabubnagar
158678,2020-2021,Telangana,36,Jogulamba Gadwal,695.0,Gross Irrigated Area,Other Source,Other Source,5545.0,Mahabubnagar
158679,2020-2021,Telangana,36,Jogulamba Gadwal,695.0,Gross Irrigated Area,Tank,Tank,643.0,Mahabubnagar
158680,2020-2021,Telangana,36,Jogulamba Gadwal,695.0,Gross Irrigated Area,Well,Other Well,3172.0,Mahabubnagar
158681,2020-2021,Telangana,36,Jogulamba Gadwal,695.0,Gross Irrigated Area,Well,Tubewell,42127.0,Mahabubnagar
158682,2020-2021,Telangana,36,Jogulamba Gadwal,695.0,Net Irrigated Area,Canal,Government,86849.0,Mahabubnagar
158683,2020-2021,Telangana,36,Jogulamba Gadwal,695.0,Net Irrigated Area,Canal,Private,,Mahabubnagar
158684,2020-2021,Telangana,36,Jogulamba Gadwal,695.0,Net Irrigated Area,Other Source,Other Source,4159.0,Mahabubnagar
158685,2020-2021,Telangana,36,Jogulamba Gadwal,695.0,Net Irrigated Area,Tank,Tank,586.0,Mahabubnagar
158686,2020-2021,Telangana,36,Jogulamba Gadwal,695.0,Net Irrigated Area,Well,Other Well,2731.0,Mahabubnagar
158687,2020-2021,Telangana,36,Jogulamba Gadwal,695.0,Net Irrigated Area,Well,Tubewell,31962.0,Mahabubnagar
158688,2020-2021,Telangana,36,Kamareddy,685.0,Gross Irrigated Area,Canal,Government,62789.0,Nizamabad
158689,2020-2021,Telangana,36,Kamareddy,685.0,Gross Irrigated Area,Canal,Private,,Nizamabad
158690,2020-2021,Telangana,36,Kamareddy,685.0,Gross Irrigated Area,Other Source,Other Source,314.0,Nizamabad
158691,2020-2021,Telangana,36,Kamareddy,685.0,Gross Irrigated Area,Tank,Tank,10427.0,Nizamabad
158692,2020-2021,Telangana,36,Kamareddy,685.0,Gross Irrigated Area,Well,Other Well,1523.0,Nizamabad
158693,2020-2021,Telangana,36,Kamareddy,685.0,Gross Irrigated Area,Well,Tubewell,150737.0,Nizamabad
158694,2020-2021,Telangana,36,Kamareddy,685.0,Net Irrigated Area,Canal,Government,39557.0,Nizamabad
158695,2020-2021,Telangana,36,Kamareddy,685.0,Net Irrigated Area,Canal,Private,,Nizamabad
158696,2020-2021,Telangana,36,Kamareddy,685.0,Net Irrigated Area,Other Source,Other Source,217.0,Nizamabad
158697,2020-2021,Telangana,36,Kamareddy,685.0,Net Irrigated Area,Tank,Tank,7507.0,Nizamabad
158698,2020-2021,Telangana,36,Kamareddy,685.0,Net Irrigated Area,Well,Other Well,1523.0,Nizamabad
158699,2020-2021,Telangana,36,Kamareddy,685.0,Net Irrigated Area,Well,Tubewell,79104.0,Nizamabad
158700,2020-2021,Telangana,36,Karimnagar,508.0,Gross Irrigated Area,Canal,Government,149798.0,Karimnagar
158701,2020-2021,Telangana,36,Karimnagar,508.0,Gross Irrigated Area,Canal,Private,,Karimnagar
158702,2020-2021,Telangana,36,Karimnagar,508.0,Gross Irrigated Area,Other Source,Other Source,486.0,Karimnagar
158703,2020-2021,Telangana,36,Karimnagar,508.0,Gross Irrigated Area,Tank,Tank,9375.0,Karimnagar
158704,2020-2021,Telangana,36,Karimnagar,508.0,Gross Irrigated Area,Well,Other Well,71489.0,Karimnagar
158705,2020-2021,Telangana,36,Karimnagar,508.0,Gross Irrigated Area,Well,Tubewell,8795.0,Karimnagar
158706,2020-2021,Telangana,36,Karimnagar,508.0,Net Irrigated Area,Canal,Government,83887.0,Karimnagar
158707,2020-2021,Telangana,36,Karimnagar,508.0,Net Irrigated Area,Canal,Private,,Karimnagar
158708,2020-2021,Telangana,36,Karimnagar,508.0,Net Irrigated Area,Other Source,Other Source,325.0,Karimnagar
158709,2020-2021,Telangana,36,Karimnagar,508.0,Net Irrigated Area,Tank,Tank,5719.0,Karimnagar
158710,2020-2021,Telangana,36,Karimnagar,508.0,Net Irrigated Area,Well,Other Well,41821.0,Karimnagar
158711,2020-2021,Telangana,36,Karimnagar,508.0,Net Irrigated Area,Well,Tubewell,5775.0,Karimnagar
158712,2020-2021,Telangana,36,Khammam,509.0,Gross Irrigated Area,Canal,Government,313205.0,Khammam
158713,2020-2021,Telangana,36,Khammam,509.0,Gross Irrigated Area,Canal,Private,,Khammam
158714,2020-2021,Telangana,36,Khammam,509.0,Gross Irrigated Area,Other Source,Other Source,2958.0,Khammam
158715,2020-2021,Telangana,36,Khammam,509.0,Gross Irrigated Area,Tank,Tank,18484.0,Khammam
158716,2020-2021,Telangana,36,Khammam,509.0,Gross Irrigated Area,Well,Other Well,5797.0,Khammam
158717,2020-2021,Telangana,36,Khammam,509.0,Gross Irrigated Area,Well,Tubewell,12285.0,Khammam
158718,2020-2021,Telangana,36,Khammam,509.0,Net Irrigated Area,Canal,Government,188867.0,Khammam
158719,2020-2021,Telangana,36,Khammam,509.0,Net Irrigated Area,Canal,Private,,Khammam
158720,2020-2021,Telangana,36,Khammam,509.0,Net Irrigated Area,Other Source,Other Source,1449.0,Khammam
158721,2020-2021,Telangana,36,Khammam,509.0,Net Irrigated Area,Tank,Tank,12015.0,Khammam
158722,2020-2021,Telangana,36,Khammam,509.0,Net Irrigated Area,Well,Other Well,4155.0,Khammam
158723,2020-2021,Telangana,36,Khammam,509.0,Net Irrigated Area,Well,Tubewell,7601.0,Khammam
158724,2020-2021,Telangana,36,Kumuram Bheem Asifabad,699.0,Gross Irrigated Area,Canal,Government,74699.0,Adilabad
158725,2020-2021,Telangana,36,Kumuram Bheem Asifabad,699.0,Gross Irrigated Area,Canal,Private,,Adilabad
158726,2020-2021,Telangana,36,Kumuram Bheem Asifabad,699.0,Gross Irrigated Area,Other Source,Other Source,960.0,Adilabad
158727,2020-2021,Telangana,36,Kumuram Bheem Asifabad,699.0,Gross Irrigated Area,Tank,Tank,6528.0,Adilabad
158728,2020-2021,Telangana,36,Kumuram Bheem Asifabad,699.0,Gross Irrigated Area,Well,Other Well,683.0,Adilabad
158729,2020-2021,Telangana,36,Kumuram Bheem Asifabad,699.0,Gross Irrigated Area,Well,Tubewell,5005.0,Adilabad
158730,2020-2021,Telangana,36,Kumuram Bheem Asifabad,699.0,Net Irrigated Area,Canal,Government,47443.0,Adilabad
158731,2020-2021,Telangana,36,Kumuram Bheem Asifabad,699.0,Net Irrigated Area,Canal,Private,,Adilabad
158732,2020-2021,Telangana,36,Kumuram Bheem Asifabad,699.0,Net Irrigated Area,Other Source,Other Source,518.0,Adilabad
158733,2020-2021,Telangana,36,Kumuram Bheem Asifabad,699.0,Net Irrigated Area,Tank,Tank,5810.0,Adilabad
158734,2020-2021,Telangana,36,Kumuram Bheem Asifabad,699.0,Net Irrigated Area,Well,Other Well,410.0,Adilabad
158735,2020-2021,Telangana,36,Kumuram Bheem Asifabad,699.0,Net Irrigated Area,Well,Tubewell,2480.0,Adilabad
158736,2020-2021,Telangana,36,Mahabubabad,688.0,Gross Irrigated Area,Canal,Government,98114.0,Warangal
158737,2020-2021,Telangana,36,Mahabubabad,688.0,Gross Irrigated Area,Canal,Private,,Warangal
158738,2020-2021,Telangana,36,Mahabubabad,688.0,Gross Irrigated Area,Other Source,Other Source,291.0,Warangal
158739,2020-2021,Telangana,36,Mahabubabad,688.0,Gross Irrigated Area,Tank,Tank,13753.0,Warangal
158740,2020-2021,Telangana,36,Mahabubabad,688.0,Gross Irrigated Area,Well,Other Well,64682.0,Warangal
158741,2020-2021,Telangana,36,Mahabubabad,688.0,Gross Irrigated Area,Well,Tubewell,23902.0,Warangal
158742,2020-2021,Telangana,36,Mahabubabad,688.0,Net Irrigated Area,Canal,Government,40607.0,Warangal
158743,2020-2021,Telangana,36,Mahabubabad,688.0,Net Irrigated Area,Canal,Private,,Warangal
158744,2020-2021,Telangana,36,Mahabubabad,688.0,Net Irrigated Area,Other Source,Other Source,291.0,Warangal
158745,2020-2021,Telangana,36,Mahabubabad,688.0,Net Irrigated Area,Tank,Tank,7977.0,Warangal
158746,2020-2021,Telangana,36,Mahabubabad,688.0,Net Irrigated Area,Well,Other Well,51594.0,Warangal
158747,2020-2021,Telangana,36,Mahabubabad,688.0,Net Irrigated Area,Well,Tubewell,15968.0,Warangal
158748,2020-2021,Telangana,36,Mahabubnagar,512.0,Gross Irrigated Area,Canal,Government,109497.0,Mahabubnagar
158749,2020-2021,Telangana,36,Mahabubnagar,512.0,Gross Irrigated Area,Canal,Private,,Mahabubnagar
158750,2020-2021,Telangana,36,Mahabubnagar,512.0,Gross Irrigated Area,Other Source,Other Source,,Mahabubnagar
158751,2020-2021,Telangana,36,Mahabubnagar,512.0,Gross Irrigated Area,Tank,Tank,5756.0,Mahabubnagar
158752,2020-2021,Telangana,36,Mahabubnagar,512.0,Gross Irrigated Area,Well,Other Well,,Mahabubnagar
158753,2020-2021,Telangana,36,Mahabubnagar,512.0,Gross Irrigated Area,Well,Tubewell,8166.0,Mahabubnagar
158754,2020-2021,Telangana,36,Mahabubnagar,512.0,Net Irrigated Area,Canal,Government,61318.0,Mahabubnagar
158755,2020-2021,Telangana,36,Mahabubnagar,512.0,Net Irrigated Area,Canal,Private,,Mahabubnagar
158756,2020-2021,Telangana,36,Mahabubnagar,512.0,Net Irrigated Area,Other Source,Other Source,,Mahabubnagar
158757,2020-2021,Telangana,36,Mahabubnagar,512.0,Net Irrigated Area,Tank,Tank,4317.0,Mahabubnagar
158758,2020-2021,Telangana,36,Mahabubnagar,512.0,Net Irrigated Area,Well,Other Well,,Mahabubnagar
158759,2020-2021,Telangana,36,Mahabubnagar,512.0,Net Irrigated Area,Well,Tubewell,4823.0,Mahabubnagar
158760,2020-2021,Telangana,36,Mancherial,684.0,Gross Irrigated Area,Canal,Government,54667.0,Adilabad
158761,2020-2021,Telangana,36,Mancherial,684.0,Gross Irrigated Area,Canal,Private,,Adilabad
158762,2020-2021,Telangana,36,Mancherial,684.0,Gross Irrigated Area,Other Source,Other Source,803.0,Adilabad
158763,2020-2021,Telangana,36,Mancherial,684.0,Gross Irrigated Area,Tank,Tank,9486.0,Adilabad
158764,2020-2021,Telangana,36,Mancherial,684.0,Gross Irrigated Area,Well,Other Well,17923.0,Adilabad
158765,2020-2021,Telangana,36,Mancherial,684.0,Gross Irrigated Area,Well,Tubewell,38067.0,Adilabad
158766,2020-2021,Telangana,36,Mancherial,684.0,Net Irrigated Area,Canal,Government,36357.0,Adilabad
158767,2020-2021,Telangana,36,Mancherial,684.0,Net Irrigated Area,Canal,Private,,Adilabad
158768,2020-2021,Telangana,36,Mancherial,684.0,Net Irrigated Area,Other Source,Other Source,642.0,Adilabad
158769,2020-2021,Telangana,36,Mancherial,684.0,Net Irrigated Area,Tank,Tank,7209.0,Adilabad
158770,2020-2021,Telangana,36,Mancherial,684.0,Net Irrigated Area,Well,Other Well,8402.0,Adilabad
158771,2020-2021,Telangana,36,Mancherial,684.0,Net Irrigated Area,Well,Tubewell,22483.0,Adilabad
158772,2020-2021,Telangana,36,Medak,513.0,Gross Irrigated Area,Canal,Government,63269.0,Medak
158773,2020-2021,Telangana,36,Medak,513.0,Gross Irrigated Area,Canal,Private,,Medak
158774,2020-2021,Telangana,36,Medak,513.0,Gross Irrigated Area,Other Source,Other Source,90.0,Medak
158775,2020-2021,Telangana,36,Medak,513.0,Gross Irrigated Area,Tank,Tank,5182.0,Medak
158776,2020-2021,Telangana,36,Medak,513.0,Gross Irrigated Area,Well,Other Well,,Medak
158777,2020-2021,Telangana,36,Medak,513.0,Gross Irrigated Area,Well,Tubewell,85683.0,Medak
158778,2020-2021,Telangana,36,Medak,513.0,Net Irrigated Area,Canal,Government,33158.0,Medak
158779,2020-2021,Telangana,36,Medak,513.0,Net Irrigated Area,Canal,Private,,Medak
158780,2020-2021,Telangana,36,Medak,513.0,Net Irrigated Area,Other Source,Other Source,40.0,Medak
158781,2020-2021,Telangana,36,Medak,513.0,Net Irrigated Area,Tank,Tank,3939.0,Medak
158782,2020-2021,Telangana,36,Medak,513.0,Net Irrigated Area,Well,Other Well,,Medak
158783,2020-2021,Telangana,36,Medak,513.0,Net Irrigated Area,Well,Tubewell,58632.0,Medak
158784,2020-2021,Telangana,36,Medchal Malkajgiri,700.0,Gross Irrigated Area,Canal,Government,,Ranga Reddy
158785,2020-2021,Telangana,36,Medchal Malkajgiri,700.0,Gross Irrigated Area,Canal,Private,,Ranga Reddy
158786,2020-2021,Telangana,36,Medchal Malkajgiri,700.0,Gross Irrigated Area,Other Source,Other Source,755.0,Ranga Reddy
158787,2020-2021,Telangana,36,Medchal Malkajgiri,700.0,Gross Irrigated Area,Tank,Tank,356.0,Ranga Reddy
158788,2020-2021,Telangana,36,Medchal Malkajgiri,700.0,Gross Irrigated Area,Well,Other Well,,Ranga Reddy
158789,2020-2021,Telangana,36,Medchal Malkajgiri,700.0,Gross Irrigated Area,Well,Tubewell,16893.0,Ranga Reddy
158790,2020-2021,Telangana,36,Medchal Malkajgiri,700.0,Net Irrigated Area,Canal,Government,,Ranga Reddy
158791,2020-2021,Telangana,36,Medchal Malkajgiri,700.0,Net Irrigated Area,Canal,Private,,Ranga Reddy
158792,2020-2021,Telangana,36,Medchal Malkajgiri,700.0,Net Irrigated Area,Other Source,Other Source,506.0,Ranga Reddy
158793,2020-2021,Telangana,36,Medchal Malkajgiri,700.0,Net Irrigated Area,Tank,Tank,356.0,Ranga Reddy
158794,2020-2021,Telangana,36,Medchal Malkajgiri,700.0,Net Irrigated Area,Well,Other Well,,Ranga Reddy
158795,2020-2021,Telangana,36,Medchal Malkajgiri,700.0,Net Irrigated Area,Well,Tubewell,12015.0,Ranga Reddy
158796,2020-2021,Telangana,36,Mulugu,720.0,Gross Irrigated Area,Canal,Government,54884.0,Warangal
158797,2020-2021,Telangana,36,Mulugu,720.0,Gross Irrigated Area,Canal,Private,,Warangal
158798,2020-2021,Telangana,36,Mulugu,720.0,Gross Irrigated Area,Other Source,Other Source,670.0,Warangal
158799,2020-2021,Telangana,36,Mulugu,720.0,Gross Irrigated Area,Tank,Tank,14926.0,Warangal
158800,2020-2021,Telangana,36,Mulugu,720.0,Gross Irrigated Area,Well,Other Well,149.0,Warangal
158801,2020-2021,Telangana,36,Mulugu,720.0,Gross Irrigated Area,Well,Tubewell,1969.0,Warangal
158802,2020-2021,Telangana,36,Mulugu,720.0,Net Irrigated Area,Canal,Government,12567.0,Warangal
158803,2020-2021,Telangana,36,Mulugu,720.0,Net Irrigated Area,Canal,Private,,Warangal
158804,2020-2021,Telangana,36,Mulugu,720.0,Net Irrigated Area,Other Source,Other Source,476.0,Warangal
158805,2020-2021,Telangana,36,Mulugu,720.0,Net Irrigated Area,Tank,Tank,12389.0,Warangal
158806,2020-2021,Telangana,36,Mulugu,720.0,Net Irrigated Area,Well,Other Well,119.0,Warangal
158807,2020-2021,Telangana,36,Mulugu,720.0,Net Irrigated Area,Well,Tubewell,1281.0,Warangal
158808,2020-2021,Telangana,36,Nagarkurnool,694.0,Gross Irrigated Area,Canal,Government,94905.0,Mahabubnagar
158809,2020-2021,Telangana,36,Nagarkurnool,694.0,Gross Irrigated Area,Canal,Private,,Mahabubnagar
158810,2020-2021,Telangana,36,Nagarkurnool,694.0,Gross Irrigated Area,Other Source,Other Source,8095.0,Mahabubnagar
158811,2020-2021,Telangana,36,Nagarkurnool,694.0,Gross Irrigated Area,Tank,Tank,2366.0,Mahabubnagar
158812,2020-2021,Telangana,36,Nagarkurnool,694.0,Gross Irrigated Area,Well,Other Well,737.0,Mahabubnagar
158813,2020-2021,Telangana,36,Nagarkurnool,694.0,Gross Irrigated Area,Well,Tubewell,72864.0,Mahabubnagar
158814,2020-2021,Telangana,36,Nagarkurnool,694.0,Net Irrigated Area,Canal,Government,92952.0,Mahabubnagar
158815,2020-2021,Telangana,36,Nagarkurnool,694.0,Net Irrigated Area,Canal,Private,,Mahabubnagar
158816,2020-2021,Telangana,36,Nagarkurnool,694.0,Net Irrigated Area,Other Source,Other Source,8095.0,Mahabubnagar
158817,2020-2021,Telangana,36,Nagarkurnool,694.0,Net Irrigated Area,Tank,Tank,2248.0,Mahabubnagar
158818,2020-2021,Telangana,36,Nagarkurnool,694.0,Net Irrigated Area,Well,Other Well,667.0,Mahabubnagar
158819,2020-2021,Telangana,36,Nagarkurnool,694.0,Net Irrigated Area,Well,Tubewell,68845.0,Mahabubnagar
158820,2020-2021,Telangana,36,Nalgonda,514.0,Gross Irrigated Area,Canal,Government,387751.0,Nalgonda
158821,2020-2021,Telangana,36,Nalgonda,514.0,Gross Irrigated Area,Canal,Private,,Nalgonda
158822,2020-2021,Telangana,36,Nalgonda,514.0,Gross Irrigated Area,Other Source,Other Source,1784.0,Nalgonda
158823,2020-2021,Telangana,36,Nalgonda,514.0,Gross Irrigated Area,Tank,Tank,9993.0,Nalgonda
158824,2020-2021,Telangana,36,Nalgonda,514.0,Gross Irrigated Area,Well,Other Well,175.0,Nalgonda
158825,2020-2021,Telangana,36,Nalgonda,514.0,Gross Irrigated Area,Well,Tubewell,8560.0,Nalgonda
158826,2020-2021,Telangana,36,Nalgonda,514.0,Net Irrigated Area,Canal,Government,209593.0,Nalgonda
158827,2020-2021,Telangana,36,Nalgonda,514.0,Net Irrigated Area,Canal,Private,,Nalgonda
158828,2020-2021,Telangana,36,Nalgonda,514.0,Net Irrigated Area,Other Source,Other Source,963.0,Nalgonda
158829,2020-2021,Telangana,36,Nalgonda,514.0,Net Irrigated Area,Tank,Tank,6696.0,Nalgonda
158830,2020-2021,Telangana,36,Nalgonda,514.0,Net Irrigated Area,Well,Other Well,106.0,Nalgonda
158831,2020-2021,Telangana,36,Nalgonda,514.0,Net Irrigated Area,Well,Tubewell,4910.0,Nalgonda
158832,2020-2021,Telangana,36,Narayanpet,721.0,Gross Irrigated Area,Canal,Government,56438.0,Mahabubnagar
158833,2020-2021,Telangana,36,Narayanpet,721.0,Gross Irrigated Area,Canal,Private,,Mahabubnagar
158834,2020-2021,Telangana,36,Narayanpet,721.0,Gross Irrigated Area,Other Source,Other Source,5264.0,Mahabubnagar
158836,2020-2021,Telangana,36,Narayanpet,721.0,Gross Irrigated Area,Well,Other Well,,Mahabubnagar
158837,2020-2021,Telangana,36,Narayanpet,721.0,Gross Irrigated Area,Well,Tubewell,26443.0,Mahabubnagar
158838,2020-2021,Telangana,36,Narayanpet,721.0,Net Irrigated Area,Canal,Government,31995.0,Mahabubnagar
158839,2020-2021,Telangana,36,Narayanpet,721.0,Net Irrigated Area,Canal,Private,,Mahabubnagar
158840,2020-2021,Telangana,36,Narayanpet,721.0,Net Irrigated Area,Other Source,Other Source,3685.0,Mahabubnagar
158841,2020-2021,Telangana,36,Narayanpet,721.0,Net Irrigated Area,Tank,Tank,599.0,Mahabubnagar
158842,2020-2021,Telangana,36,Narayanpet,721.0,Net Irrigated Area,Well,Other Well,,Mahabubnagar
158843,2020-2021,Telangana,36,Narayanpet,721.0,Net Irrigated Area,Well,Tubewell,13315.0,Mahabubnagar
158844,2020-2021,Telangana,36,Nirmal,680.0,Gross Irrigated Area,Canal,Government,84728.0,Adilabad
158845,2020-2021,Telangana,36,Nirmal,680.0,Gross Irrigated Area,Canal,Private,,Adilabad
158846,2020-2021,Telangana,36,Nirmal,680.0,Gross Irrigated Area,Other Source,Other Source,2040.0,Adilabad
158847,2020-2021,Telangana,36,Nirmal,680.0,Gross Irrigated Area,Tank,Tank,9572.0,Adilabad
158848,2020-2021,Telangana,36,Nirmal,680.0,Gross Irrigated Area,Well,Other Well,11226.0,Adilabad
158849,2020-2021,Telangana,36,Nirmal,680.0,Gross Irrigated Area,Well,Tubewell,51130.0,Adilabad
158850,2020-2021,Telangana,36,Nirmal,680.0,Net Irrigated Area,Canal,Government,41728.0,Adilabad
158851,2020-2021,Telangana,36,Nirmal,680.0,Net Irrigated Area,Canal,Private,,Adilabad
158852,2020-2021,Telangana,36,Nirmal,680.0,Net Irrigated Area,Other Source,Other Source,1163.0,Adilabad
158853,2020-2021,Telangana,36,Nirmal,680.0,Net Irrigated Area,Tank,Tank,6413.0,Adilabad
158854,2020-2021,Telangana,36,Nirmal,680.0,Net Irrigated Area,Well,Other Well,6358.0,Adilabad
158855,2020-2021,Telangana,36,Nirmal,680.0,Net Irrigated Area,Well,Tubewell,24948.0,Adilabad
158856,2020-2021,Telangana,36,Nizamabad,516.0,Gross Irrigated Area,Canal,Government,200028.0,Nizamabad
158857,2020-2021,Telangana,36,Nizamabad,516.0,Gross Irrigated Area,Canal,Private,,Nizamabad
158858,2020-2021,Telangana,36,Nizamabad,516.0,Gross Irrigated Area,Other Source,Other Source,6985.0,Nizamabad
158859,2020-2021,Telangana,36,Nizamabad,516.0,Gross Irrigated Area,Tank,Tank,5238.0,Nizamabad
158860,2020-2021,Telangana,36,Nizamabad,516.0,Gross Irrigated Area,Well,Other Well,1813.0,Nizamabad
158861,2020-2021,Telangana,36,Nizamabad,516.0,Gross Irrigated Area,Well,Tubewell,179430.0,Nizamabad
158862,2020-2021,Telangana,36,Nizamabad,516.0,Net Irrigated Area,Canal,Government,111158.0,Nizamabad
158863,2020-2021,Telangana,36,Nizamabad,516.0,Net Irrigated Area,Canal,Private,,Nizamabad
158864,2020-2021,Telangana,36,Nizamabad,516.0,Net Irrigated Area,Other Source,Other Source,3912.0,Nizamabad
158865,2020-2021,Telangana,36,Nizamabad,516.0,Net Irrigated Area,Tank,Tank,3509.0,Nizamabad
158866,2020-2021,Telangana,36,Nizamabad,516.0,Net Irrigated Area,Well,Other Well,1152.0,Nizamabad
158867,2020-2021,Telangana,36,Nizamabad,516.0,Net Irrigated Area,Well,Tubewell,98015.0,Nizamabad
158868,2020-2021,Telangana,36,Peddapalli,682.0,Gross Irrigated Area,Canal,Government,160804.0,Karimnagar
158869,2020-2021,Telangana,36,Peddapalli,682.0,Gross Irrigated Area,Canal,Private,,Karimnagar
158870,2020-2021,Telangana,36,Peddapalli,682.0,Gross Irrigated Area,Other Source,Other Source,341.0,Karimnagar
158871,2020-2021,Telangana,36,Peddapalli,682.0,Gross Irrigated Area,Tank,Tank,16733.0,Karimnagar
158872,2020-2021,Telangana,36,Peddapalli,682.0,Gross Irrigated Area,Well,Other Well,5954.0,Karimnagar
158873,2020-2021,Telangana,36,Peddapalli,682.0,Gross Irrigated Area,Well,Tubewell,1537.0,Karimnagar
158874,2020-2021,Telangana,36,Peddapalli,682.0,Net Irrigated Area,Canal,Government,75578.0,Karimnagar
158875,2020-2021,Telangana,36,Peddapalli,682.0,Net Irrigated Area,Canal,Private,,Karimnagar
158876,2020-2021,Telangana,36,Peddapalli,682.0,Net Irrigated Area,Other Source,Other Source,184.0,Karimnagar
158877,2020-2021,Telangana,36,Peddapalli,682.0,Net Irrigated Area,Tank,Tank,10039.0,Karimnagar
158878,2020-2021,Telangana,36,Peddapalli,682.0,Net Irrigated Area,Well,Other Well,3993.0,Karimnagar
158879,2020-2021,Telangana,36,Peddapalli,682.0,Net Irrigated Area,Well,Tubewell,993.0,Karimnagar
158880,2020-2021,Telangana,36,Rajanna Sircilla,683.0,Gross Irrigated Area,Canal,Government,31204.0,Karimnagar
158881,2020-2021,Telangana,36,Rajanna Sircilla,683.0,Gross Irrigated Area,Canal,Private,,Karimnagar
158882,2020-2021,Telangana,36,Rajanna Sircilla,683.0,Gross Irrigated Area,Other Source,Other Source,948.0,Karimnagar
158883,2020-2021,Telangana,36,Rajanna Sircilla,683.0,Gross Irrigated Area,Tank,Tank,8320.0,Karimnagar
158884,2020-2021,Telangana,36,Rajanna Sircilla,683.0,Gross Irrigated Area,Well,Other Well,31912.0,Karimnagar
158885,2020-2021,Telangana,36,Rajanna Sircilla,683.0,Gross Irrigated Area,Well,Tubewell,61896.0,Karimnagar
158886,2020-2021,Telangana,36,Rajanna Sircilla,683.0,Net Irrigated Area,Canal,Government,29670.0,Karimnagar
158887,2020-2021,Telangana,36,Rajanna Sircilla,683.0,Net Irrigated Area,Canal,Private,,Karimnagar
158888,2020-2021,Telangana,36,Rajanna Sircilla,683.0,Net Irrigated Area,Other Source,Other Source,635.0,Karimnagar
158889,2020-2021,Telangana,36,Rajanna Sircilla,683.0,Net Irrigated Area,Tank,Tank,7904.0,Karimnagar
158890,2020-2021,Telangana,36,Rajanna Sircilla,683.0,Net Irrigated Area,Well,Other Well,19033.0,Karimnagar
158891,2020-2021,Telangana,36,Rajanna Sircilla,683.0,Net Irrigated Area,Well,Tubewell,34729.0,Karimnagar
158892,2020-2021,Telangana,36,Ranga Reddy,518.0,Gross Irrigated Area,Canal,Government,,Ranga Reddy
158893,2020-2021,Telangana,36,Ranga Reddy,518.0,Gross Irrigated Area,Canal,Private,,Ranga Reddy
158894,2020-2021,Telangana,36,Ranga Reddy,518.0,Gross Irrigated Area,Other Source,Other Source,3125.0,Ranga Reddy
158895,2020-2021,Telangana,36,Ranga Reddy,518.0,Gross Irrigated Area,Tank,Tank,796.0,Ranga Reddy
158896,2020-2021,Telangana,36,Ranga Reddy,518.0,Gross Irrigated Area,Well,Other Well,,Ranga Reddy
158897,2020-2021,Telangana,36,Ranga Reddy,518.0,Gross Irrigated Area,Well,Tubewell,98410.0,Ranga Reddy
158898,2020-2021,Telangana,36,Ranga Reddy,518.0,Net Irrigated Area,Canal,Government,,Ranga Reddy
158899,2020-2021,Telangana,36,Ranga Reddy,518.0,Net Irrigated Area,Canal,Private,,Ranga Reddy
158900,2020-2021,Telangana,36,Ranga Reddy,518.0,Net Irrigated Area,Other Source,Other Source,2218.0,Ranga Reddy
158901,2020-2021,Telangana,36,Ranga Reddy,518.0,Net Irrigated Area,Tank,Tank,,Ranga Reddy
158902,2020-2021,Telangana,36,Ranga Reddy,518.0,Net Irrigated Area,Well,Other Well,,Ranga Reddy
158903,2020-2021,Telangana,36,Ranga Reddy,518.0,Net Irrigated Area,Well,Tubewell,59996.0,Ranga Reddy
158904,2020-2021,Telangana,36,Sangareddy,691.0,Gross Irrigated Area,Canal,Government,34693.0,Medak
158905,2020-2021,Telangana,36,Sangareddy,691.0,Gross Irrigated Area,Canal,Private,,Medak
158906,2020-2021,Telangana,36,Sangareddy,691.0,Gross Irrigated Area,Other Source,Other Source,126.0,Medak
158907,2020-2021,Telangana,36,Sangareddy,691.0,Gross Irrigated Area,Tank,Tank,5150.0,Medak
158908,2020-2021,Telangana,36,Sangareddy,691.0,Gross Irrigated Area,Well,Other Well,601.0,Medak
158909,2020-2021,Telangana,36,Sangareddy,691.0,Gross Irrigated Area,Well,Tubewell,59544.0,Medak
158910,2020-2021,Telangana,36,Sangareddy,691.0,Net Irrigated Area,Canal,Government,17463.0,Medak
158911,2020-2021,Telangana,36,Sangareddy,691.0,Net Irrigated Area,Canal,Private,,Medak
158912,2020-2021,Telangana,36,Sangareddy,691.0,Net Irrigated Area,Other Source,Other Source,38.0,Medak
158913,2020-2021,Telangana,36,Sangareddy,691.0,Net Irrigated Area,Tank,Tank,3811.0,Medak
158914,2020-2021,Telangana,36,Sangareddy,691.0,Net Irrigated Area,Well,Other Well,584.0,Medak
158915,2020-2021,Telangana,36,Sangareddy,691.0,Net Irrigated Area,Well,Tubewell,43903.0,Medak
158916,2020-2021,Telangana,36,Siddipet,692.0,Gross Irrigated Area,Canal,Government,104400.0,Medak
158917,2020-2021,Telangana,36,Siddipet,692.0,Gross Irrigated Area,Canal,Private,,Medak
158918,2020-2021,Telangana,36,Siddipet,692.0,Gross Irrigated Area,Other Source,Other Source,31.0,Medak
158919,2020-2021,Telangana,36,Siddipet,692.0,Gross Irrigated Area,Tank,Tank,6789.0,Medak
158920,2020-2021,Telangana,36,Siddipet,692.0,Gross Irrigated Area,Well,Other Well,25017.0,Medak
158921,2020-2021,Telangana,36,Siddipet,692.0,Gross Irrigated Area,Well,Tubewell,88666.0,Medak
158922,2020-2021,Telangana,36,Siddipet,692.0,Net Irrigated Area,Canal,Government,62688.0,Medak
158923,2020-2021,Telangana,36,Siddipet,692.0,Net Irrigated Area,Canal,Private,,Medak
158924,2020-2021,Telangana,36,Siddipet,692.0,Net Irrigated Area,Other Source,Other Source,31.0,Medak
158925,2020-2021,Telangana,36,Siddipet,692.0,Net Irrigated Area,Tank,Tank,5634.0,Medak
158926,2020-2021,Telangana,36,Siddipet,692.0,Net Irrigated Area,Well,Other Well,18378.0,Medak
158927,2020-2021,Telangana,36,Siddipet,692.0,Net Irrigated Area,Well,Tubewell,69348.0,Medak
158928,2020-2021,Telangana,36,Suryapet,696.0,Gross Irrigated Area,Canal,Government,314719.0,Nalgonda
158929,2020-2021,Telangana,36,Suryapet,696.0,Gross Irrigated Area,Canal,Private,,Nalgonda
158930,2020-2021,Telangana,36,Suryapet,696.0,Gross Irrigated Area,Other Source,Other Source,5193.0,Nalgonda
158931,2020-2021,Telangana,36,Suryapet,696.0,Gross Irrigated Area,Tank,Tank,3628.0,Nalgonda
158932,2020-2021,Telangana,36,Suryapet,696.0,Gross Irrigated Area,Well,Other Well,7698.0,Nalgonda
158933,2020-2021,Telangana,36,Suryapet,696.0,Gross Irrigated Area,Well,Tubewell,21873.0,Nalgonda
158934,2020-2021,Telangana,36,Suryapet,696.0,Net Irrigated Area,Canal,Government,165564.0,Nalgonda
158935,2020-2021,Telangana,36,Suryapet,696.0,Net Irrigated Area,Canal,Private,,Nalgonda
158936,2020-2021,Telangana,36,Suryapet,696.0,Net Irrigated Area,Other Source,Other Source,2908.0,Nalgonda
158937,2020-2021,Telangana,36,Suryapet,696.0,Net Irrigated Area,Tank,Tank,2213.0,Nalgonda
158938,2020-2021,Telangana,36,Suryapet,696.0,Net Irrigated Area,Well,Other Well,4050.0,Nalgonda
158939,2020-2021,Telangana,36,Suryapet,696.0,Net Irrigated Area,Well,Tubewell,12677.0,Nalgonda
158940,2020-2021,Telangana,36,Vikarabad,698.0,Gross Irrigated Area,Canal,Government,9790.0,Ranga Reddy
158941,2020-2021,Telangana,36,Vikarabad,698.0,Gross Irrigated Area,Canal,Private,,Ranga Reddy
158942,2020-2021,Telangana,36,Vikarabad,698.0,Gross Irrigated Area,Other Source,Other Source,320.0,Ranga Reddy
158943,2020-2021,Telangana,36,Vikarabad,698.0,Gross Irrigated Area,Tank,Tank,3466.0,Ranga Reddy
158944,2020-2021,Telangana,36,Vikarabad,698.0,Gross Irrigated Area,Well,Other Well,1518.0,Ranga Reddy
158945,2020-2021,Telangana,36,Vikarabad,698.0,Gross Irrigated Area,Well,Tubewell,74331.0,Ranga Reddy
158946,2020-2021,Telangana,36,Vikarabad,698.0,Net Irrigated Area,Canal,Government,979.0,Ranga Reddy
158947,2020-2021,Telangana,36,Vikarabad,698.0,Net Irrigated Area,Canal,Private,,Ranga Reddy
158948,2020-2021,Telangana,36,Vikarabad,698.0,Net Irrigated Area,Other Source,Other Source,320.0,Ranga Reddy
158949,2020-2021,Telangana,36,Vikarabad,698.0,Net Irrigated Area,Tank,Tank,2253.0,Ranga Reddy
158950,2020-2021,Telangana,36,Vikarabad,698.0,Net Irrigated Area,Well,Other Well,1171.0,Ranga Reddy
158951,2020-2021,Telangana,36,Vikarabad,698.0,Net Irrigated Area,Well,Tubewell,49652.0,Ranga Reddy
158952,2020-2021,Telangana,36,Wanaparthy,693.0,Gross Irrigated Area,Canal,Government,132785.0,Mahabubnagar
158953,2020-2021,Telangana,36,Wanaparthy,693.0,Gross Irrigated Area,Canal,Private,,Mahabubnagar
158954,2020-2021,Telangana,36,Wanaparthy,693.0,Gross Irrigated Area,Other Source,Other Source,2743.0,Mahabubnagar
158955,2020-2021,Telangana,36,Wanaparthy,693.0,Gross Irrigated Area,Tank,Tank,1590.0,Mahabubnagar
158956,2020-2021,Telangana,36,Wanaparthy,693.0,Gross Irrigated Area,Well,Other Well,1152.0,Mahabubnagar
158957,2020-2021,Telangana,36,Wanaparthy,693.0,Gross Irrigated Area,Well,Tubewell,27616.0,Mahabubnagar
158958,2020-2021,Telangana,36,Wanaparthy,693.0,Net Irrigated Area,Canal,Government,86303.0,Mahabubnagar
158959,2020-2021,Telangana,36,Wanaparthy,693.0,Net Irrigated Area,Canal,Private,,Mahabubnagar
158960,2020-2021,Telangana,36,Wanaparthy,693.0,Net Irrigated Area,Other Source,Other Source,1947.0,Mahabubnagar
158961,2020-2021,Telangana,36,Wanaparthy,693.0,Net Irrigated Area,Tank,Tank,954.0,Mahabubnagar
158962,2020-2021,Telangana,36,Wanaparthy,693.0,Net Irrigated Area,Well,Other Well,771.0,Mahabubnagar
158963,2020-2021,Telangana,36,Wanaparthy,693.0,Net Irrigated Area,Well,Tubewell,17982.0,Mahabubnagar
158964,2020-2021,Telangana,36,Warangal,522.0,Gross Irrigated Area,Canal,Government,97823.0,Warangal
158965,2020-2021,Telangana,36,Warangal,522.0,Gross Irrigated Area,Canal,Private,,Warangal
158966,2020-2021,Telangana,36,Warangal,522.0,Gross Irrigated Area,Other Source,Other Source,238.0,Warangal
158967,2020-2021,Telangana,36,Warangal,522.0,Gross Irrigated Area,Tank,Tank,15967.0,Warangal
158968,2020-2021,Telangana,36,Warangal,522.0,Gross Irrigated Area,Well,Other Well,81545.0,Warangal
158969,2020-2021,Telangana,36,Warangal,522.0,Gross Irrigated Area,Well,Tubewell,31672.0,Warangal
158970,2020-2021,Telangana,36,Warangal,522.0,Net Irrigated Area,Canal,Government,31982.0,Warangal
158971,2020-2021,Telangana,36,Warangal,522.0,Net Irrigated Area,Canal,Private,,Warangal
158972,2020-2021,Telangana,36,Warangal,522.0,Net Irrigated Area,Other Source,Other Source,126.0,Warangal
158973,2020-2021,Telangana,36,Warangal,522.0,Net Irrigated Area,Tank,Tank,9581.0,Warangal
158974,2020-2021,Telangana,36,Warangal,522.0,Net Irrigated Area,Well,Other Well,51019.0,Warangal
158975,2020-2021,Telangana,36,Warangal,522.0,Net Irrigated Area,Well,Tubewell,19361.0,Warangal
158976,2020-2021,Telangana,36,Yadadri Bhuvanagiri,697.0,Gross Irrigated Area,Canal,Government,17237.0,Nalgonda
158977,2020-2021,Telangana,36,Yadadri Bhuvanagiri,697.0,Gross Irrigated Area,Canal,Private,,Nalgonda
158978,2020-2021,Telangana,36,Yadadri Bhuvanagiri,697.0,Gross Irrigated Area,Other Source,Other Source,,Nalgonda
158979,2020-2021,Telangana,36,Yadadri Bhuvanagiri,697.0,Gross Irrigated Area,Tank,Tank,7590.0,Nalgonda
158980,2020-2021,Telangana,36,Yadadri Bhuvanagiri,697.0,Gross Irrigated Area,Well,Other Well,18287.0,Nalgonda
158981,2020-2021,Telangana,36,Yadadri Bhuvanagiri,697.0,Gross Irrigated Area,Well,Tubewell,147953.0,Nalgonda
158982,2020-2021,Telangana,36,Yadadri Bhuvanagiri,697.0,Net Irrigated Area,Canal,Government,10599.0,Nalgonda
158983,2020-2021,Telangana,36,Yadadri Bhuvanagiri,697.0,Net Irrigated Area,Canal,Private,,Nalgonda
158984,2020-2021,Telangana,36,Yadadri Bhuvanagiri,697.0,Net Irrigated Area,Other Source,Other Source,,Nalgonda
158985,2020-2021,Telangana,36,Yadadri Bhuvanagiri,697.0,Net Irrigated Area,Tank,Tank,4882.0,Nalgonda
158986,2020-2021,Telangana,36,Yadadri Bhuvanagiri,697.0,Net Irrigated Area,Well,Other Well,12643.0,Nalgonda
158987,2020-2021,Telangana,36,Yadadri Bhuvanagiri,697.0,Net Irrigated Area,Well,Tubewell,78957.0,Nalgonda
164307,2021-2022,Telangana,36,Khammam,509.0,Gross Irrigated Area,Tank,Tank,21051.0,Khammam
164184,2021-2022,Telangana,36,Adilabad,501.0,Gross Irrigated Area,Canal,Government,55728.0,Adilabad
164185,2021-2022,Telangana,36,Adilabad,501.0,Gross Irrigated Area,Canal,Private,,Adilabad
164186,2021-2022,Telangana,36,Adilabad,501.0,Gross Irrigated Area,Other Source,Other Source,12.0,Adilabad
164187,2021-2022,Telangana,36,Adilabad,501.0,Gross Irrigated Area,Tank,Tank,6316.0,Adilabad
164188,2021-2022,Telangana,36,Adilabad,501.0,Gross Irrigated Area,Well,Other Well,4149.0,Adilabad
164189,2021-2022,Telangana,36,Adilabad,501.0,Gross Irrigated Area,Well,Tubewell,25441.0,Adilabad
164190,2021-2022,Telangana,36,Adilabad,501.0,Net Irrigated Area,Canal,Government,37895.0,Adilabad
164191,2021-2022,Telangana,36,Adilabad,501.0,Net Irrigated Area,Canal,Private,,Adilabad
164192,2021-2022,Telangana,36,Adilabad,501.0,Net Irrigated Area,Other Source,Other Source,10.0,Adilabad
164193,2021-2022,Telangana,36,Adilabad,501.0,Net Irrigated Area,Tank,Tank,4042.0,Adilabad
164194,2021-2022,Telangana,36,Adilabad,501.0,Net Irrigated Area,Well,Other Well,1203.0,Adilabad
164195,2021-2022,Telangana,36,Adilabad,501.0,Net Irrigated Area,Well,Tubewell,7901.0,Adilabad
164196,2021-2022,Telangana,36,Bhadradri Kothagudem,690.0,Gross Irrigated Area,Canal,Government,53334.0,Khammam
164197,2021-2022,Telangana,36,Bhadradri Kothagudem,690.0,Gross Irrigated Area,Canal,Private,,Khammam
164198,2021-2022,Telangana,36,Bhadradri Kothagudem,690.0,Gross Irrigated Area,Other Source,Other Source,3032.0,Khammam
164199,2021-2022,Telangana,36,Bhadradri Kothagudem,690.0,Gross Irrigated Area,Tank,Tank,26767.0,Khammam
164200,2021-2022,Telangana,36,Bhadradri Kothagudem,690.0,Gross Irrigated Area,Well,Other Well,595.0,Khammam
164201,2021-2022,Telangana,36,Bhadradri Kothagudem,690.0,Gross Irrigated Area,Well,Tubewell,58838.0,Khammam
164202,2021-2022,Telangana,36,Bhadradri Kothagudem,690.0,Net Irrigated Area,Canal,Government,49067.0,Khammam
164203,2021-2022,Telangana,36,Bhadradri Kothagudem,690.0,Net Irrigated Area,Canal,Private,,Khammam
164204,2021-2022,Telangana,36,Bhadradri Kothagudem,690.0,Net Irrigated Area,Other Source,Other Source,1971.0,Khammam
164205,2021-2022,Telangana,36,Bhadradri Kothagudem,690.0,Net Irrigated Area,Tank,Tank,23555.0,Khammam
164206,2021-2022,Telangana,36,Bhadradri Kothagudem,690.0,Net Irrigated Area,Well,Other Well,125.0,Khammam
164207,2021-2022,Telangana,36,Bhadradri Kothagudem,690.0,Net Irrigated Area,Well,Tubewell,43574.0,Khammam
164208,2021-2022,Telangana,36,Hanumakonda,686.0,Gross Irrigated Area,Canal,Government,79511.0,Warangal
164209,2021-2022,Telangana,36,Hanumakonda,686.0,Gross Irrigated Area,Canal,Private,,Warangal
164210,2021-2022,Telangana,36,Hanumakonda,686.0,Gross Irrigated Area,Other Source,Other Source,,Warangal
164211,2021-2022,Telangana,36,Hanumakonda,686.0,Gross Irrigated Area,Tank,Tank,10748.0,Warangal
164212,2021-2022,Telangana,36,Hanumakonda,686.0,Gross Irrigated Area,Well,Other Well,53489.0,Warangal
164213,2021-2022,Telangana,36,Hanumakonda,686.0,Gross Irrigated Area,Well,Tubewell,15919.0,Warangal
164214,2021-2022,Telangana,36,Hanumakonda,686.0,Net Irrigated Area,Canal,Government,46866.0,Warangal
164215,2021-2022,Telangana,36,Hanumakonda,686.0,Net Irrigated Area,Canal,Private,,Warangal
164216,2021-2022,Telangana,36,Hanumakonda,686.0,Net Irrigated Area,Other Source,Other Source,,Warangal
164217,2021-2022,Telangana,36,Hanumakonda,686.0,Net Irrigated Area,Tank,Tank,7524.0,Warangal
164218,2021-2022,Telangana,36,Hanumakonda,686.0,Net Irrigated Area,Well,Other Well,31559.0,Warangal
164219,2021-2022,Telangana,36,Hanumakonda,686.0,Net Irrigated Area,Well,Tubewell,9427.0,Warangal
164220,2021-2022,Telangana,36,Hyderabad,507.0,Gross Irrigated Area,Canal,Government,,Hyderabad
164221,2021-2022,Telangana,36,Hyderabad,507.0,Gross Irrigated Area,Canal,Private,,Hyderabad
164222,2021-2022,Telangana,36,Hyderabad,507.0,Gross Irrigated Area,Other Source,Other Source,,Hyderabad
164223,2021-2022,Telangana,36,Hyderabad,507.0,Gross Irrigated Area,Tank,Tank,,Hyderabad
164224,2021-2022,Telangana,36,Hyderabad,507.0,Gross Irrigated Area,Well,Other Well,,Hyderabad
164225,2021-2022,Telangana,36,Hyderabad,507.0,Gross Irrigated Area,Well,Tubewell,,Hyderabad
164226,2021-2022,Telangana,36,Hyderabad,507.0,Net Irrigated Area,Canal,Government,,Hyderabad
164227,2021-2022,Telangana,36,Hyderabad,507.0,Net Irrigated Area,Canal,Private,,Hyderabad
164228,2021-2022,Telangana,36,Hyderabad,507.0,Net Irrigated Area,Other Source,Other Source,,Hyderabad
164229,2021-2022,Telangana,36,Hyderabad,507.0,Net Irrigated Area,Tank,Tank,,Hyderabad
164230,2021-2022,Telangana,36,Hyderabad,507.0,Net Irrigated Area,Well,Other Well,,Hyderabad
164231,2021-2022,Telangana,36,Hyderabad,507.0,Net Irrigated Area,Well,Tubewell,,Hyderabad
164232,2021-2022,Telangana,36,Jagitial,681.0,Gross Irrigated Area,Canal,Government,151536.0,Karimnagar
164233,2021-2022,Telangana,36,Jagitial,681.0,Gross Irrigated Area,Canal,Private,,Karimnagar
164234,2021-2022,Telangana,36,Jagitial,681.0,Gross Irrigated Area,Other Source,Other Source,2179.0,Karimnagar
164235,2021-2022,Telangana,36,Jagitial,681.0,Gross Irrigated Area,Tank,Tank,11416.0,Karimnagar
164236,2021-2022,Telangana,36,Jagitial,681.0,Gross Irrigated Area,Well,Other Well,76810.0,Karimnagar
164237,2021-2022,Telangana,36,Jagitial,681.0,Gross Irrigated Area,Well,Tubewell,26948.0,Karimnagar
164238,2021-2022,Telangana,36,Jagitial,681.0,Net Irrigated Area,Canal,Government,85114.0,Karimnagar
164239,2021-2022,Telangana,36,Jagitial,681.0,Net Irrigated Area,Canal,Private,,Karimnagar
164240,2021-2022,Telangana,36,Jagitial,681.0,Net Irrigated Area,Other Source,Other Source,1525.0,Karimnagar
164241,2021-2022,Telangana,36,Jagitial,681.0,Net Irrigated Area,Tank,Tank,7763.0,Karimnagar
164242,2021-2022,Telangana,36,Jagitial,681.0,Net Irrigated Area,Well,Other Well,47622.0,Karimnagar
164243,2021-2022,Telangana,36,Jagitial,681.0,Net Irrigated Area,Well,Tubewell,15922.0,Karimnagar
164244,2021-2022,Telangana,36,Jangoan,689.0,Gross Irrigated Area,Canal,Government,62665.0,Warangal
164245,2021-2022,Telangana,36,Jangoan,689.0,Gross Irrigated Area,Canal,Private,,Warangal
164246,2021-2022,Telangana,36,Jangoan,689.0,Gross Irrigated Area,Other Source,Other Source,,Warangal
164247,2021-2022,Telangana,36,Jangoan,689.0,Gross Irrigated Area,Tank,Tank,12547.0,Warangal
164248,2021-2022,Telangana,36,Jangoan,689.0,Gross Irrigated Area,Well,Other Well,9044.0,Warangal
164249,2021-2022,Telangana,36,Jangoan,689.0,Gross Irrigated Area,Well,Tubewell,66940.0,Warangal
164250,2021-2022,Telangana,36,Jangoan,689.0,Net Irrigated Area,Canal,Government,35092.0,Warangal
164251,2021-2022,Telangana,36,Jangoan,689.0,Net Irrigated Area,Canal,Private,,Warangal
164252,2021-2022,Telangana,36,Jangoan,689.0,Net Irrigated Area,Other Source,Other Source,,Warangal
164253,2021-2022,Telangana,36,Jangoan,689.0,Net Irrigated Area,Tank,Tank,7002.0,Warangal
164254,2021-2022,Telangana,36,Jangoan,689.0,Net Irrigated Area,Well,Other Well,4883.0,Warangal
164255,2021-2022,Telangana,36,Jangoan,689.0,Net Irrigated Area,Well,Tubewell,35813.0,Warangal
164256,2021-2022,Telangana,36,Jayashankar Bhupalapally,687.0,Gross Irrigated Area,Canal,Government,42866.0,Warangal
164257,2021-2022,Telangana,36,Jayashankar Bhupalapally,687.0,Gross Irrigated Area,Canal,Private,,Warangal
164258,2021-2022,Telangana,36,Jayashankar Bhupalapally,687.0,Gross Irrigated Area,Other Source,Other Source,518.0,Warangal
164259,2021-2022,Telangana,36,Jayashankar Bhupalapally,687.0,Gross Irrigated Area,Tank,Tank,17034.0,Warangal
164260,2021-2022,Telangana,36,Jayashankar Bhupalapally,687.0,Gross Irrigated Area,Well,Other Well,14230.0,Warangal
164261,2021-2022,Telangana,36,Jayashankar Bhupalapally,687.0,Gross Irrigated Area,Well,Tubewell,20460.0,Warangal
164262,2021-2022,Telangana,36,Jayashankar Bhupalapally,687.0,Net Irrigated Area,Canal,Government,23920.0,Warangal
164263,2021-2022,Telangana,36,Jayashankar Bhupalapally,687.0,Net Irrigated Area,Canal,Private,,Warangal
164264,2021-2022,Telangana,36,Jayashankar Bhupalapally,687.0,Net Irrigated Area,Other Source,Other Source,316.0,Warangal
164265,2021-2022,Telangana,36,Jayashankar Bhupalapally,687.0,Net Irrigated Area,Tank,Tank,13116.0,Warangal
164266,2021-2022,Telangana,36,Jayashankar Bhupalapally,687.0,Net Irrigated Area,Well,Other Well,9676.0,Warangal
164267,2021-2022,Telangana,36,Jayashankar Bhupalapally,687.0,Net Irrigated Area,Well,Tubewell,14539.0,Warangal
164268,2021-2022,Telangana,36,Jogulamba Gadwal,695.0,Gross Irrigated Area,Canal,Government,110567.0,Mahabubnagar
164269,2021-2022,Telangana,36,Jogulamba Gadwal,695.0,Gross Irrigated Area,Canal,Private,,Mahabubnagar
164270,2021-2022,Telangana,36,Jogulamba Gadwal,695.0,Gross Irrigated Area,Other Source,Other Source,3547.0,Mahabubnagar
164271,2021-2022,Telangana,36,Jogulamba Gadwal,695.0,Gross Irrigated Area,Tank,Tank,1658.0,Mahabubnagar
164272,2021-2022,Telangana,36,Jogulamba Gadwal,695.0,Gross Irrigated Area,Well,Other Well,2354.0,Mahabubnagar
164273,2021-2022,Telangana,36,Jogulamba Gadwal,695.0,Gross Irrigated Area,Well,Tubewell,31236.0,Mahabubnagar
164274,2021-2022,Telangana,36,Jogulamba Gadwal,695.0,Net Irrigated Area,Canal,Government,85108.0,Mahabubnagar
164275,2021-2022,Telangana,36,Jogulamba Gadwal,695.0,Net Irrigated Area,Canal,Private,,Mahabubnagar
164276,2021-2022,Telangana,36,Jogulamba Gadwal,695.0,Net Irrigated Area,Other Source,Other Source,2802.0,Mahabubnagar
164277,2021-2022,Telangana,36,Jogulamba Gadwal,695.0,Net Irrigated Area,Tank,Tank,1542.0,Mahabubnagar
164278,2021-2022,Telangana,36,Jogulamba Gadwal,695.0,Net Irrigated Area,Well,Other Well,2260.0,Mahabubnagar
164279,2021-2022,Telangana,36,Jogulamba Gadwal,695.0,Net Irrigated Area,Well,Tubewell,23145.0,Mahabubnagar
164280,2021-2022,Telangana,36,Kamareddy,685.0,Gross Irrigated Area,Canal,Government,74519.0,Nizamabad
164281,2021-2022,Telangana,36,Kamareddy,685.0,Gross Irrigated Area,Canal,Private,,Nizamabad
164282,2021-2022,Telangana,36,Kamareddy,685.0,Gross Irrigated Area,Other Source,Other Source,219.0,Nizamabad
164283,2021-2022,Telangana,36,Kamareddy,685.0,Gross Irrigated Area,Tank,Tank,12495.0,Nizamabad
164284,2021-2022,Telangana,36,Kamareddy,685.0,Gross Irrigated Area,Well,Other Well,1360.0,Nizamabad
164285,2021-2022,Telangana,36,Kamareddy,685.0,Gross Irrigated Area,Well,Tubewell,134534.0,Nizamabad
164286,2021-2022,Telangana,36,Kamareddy,685.0,Net Irrigated Area,Canal,Government,71972.0,Nizamabad
164287,2021-2022,Telangana,36,Kamareddy,685.0,Net Irrigated Area,Canal,Private,,Nizamabad
164288,2021-2022,Telangana,36,Kamareddy,685.0,Net Irrigated Area,Other Source,Other Source,206.0,Nizamabad
164289,2021-2022,Telangana,36,Kamareddy,685.0,Net Irrigated Area,Tank,Tank,11995.0,Nizamabad
164290,2021-2022,Telangana,36,Kamareddy,685.0,Net Irrigated Area,Well,Other Well,1360.0,Nizamabad
164291,2021-2022,Telangana,36,Kamareddy,685.0,Net Irrigated Area,Well,Tubewell,75382.0,Nizamabad
164292,2021-2022,Telangana,36,Karimnagar,508.0,Gross Irrigated Area,Canal,Government,172194.0,Karimnagar
164293,2021-2022,Telangana,36,Karimnagar,508.0,Gross Irrigated Area,Canal,Private,,Karimnagar
164294,2021-2022,Telangana,36,Karimnagar,508.0,Gross Irrigated Area,Other Source,Other Source,49.0,Karimnagar
164295,2021-2022,Telangana,36,Karimnagar,508.0,Gross Irrigated Area,Tank,Tank,10419.0,Karimnagar
164296,2021-2022,Telangana,36,Karimnagar,508.0,Gross Irrigated Area,Well,Other Well,36459.0,Karimnagar
164297,2021-2022,Telangana,36,Karimnagar,508.0,Gross Irrigated Area,Well,Tubewell,4430.0,Karimnagar
164298,2021-2022,Telangana,36,Karimnagar,508.0,Net Irrigated Area,Canal,Government,91925.0,Karimnagar
164299,2021-2022,Telangana,36,Karimnagar,508.0,Net Irrigated Area,Canal,Private,,Karimnagar
164300,2021-2022,Telangana,36,Karimnagar,508.0,Net Irrigated Area,Other Source,Other Source,34.0,Karimnagar
164301,2021-2022,Telangana,36,Karimnagar,508.0,Net Irrigated Area,Tank,Tank,6251.0,Karimnagar
164302,2021-2022,Telangana,36,Karimnagar,508.0,Net Irrigated Area,Well,Other Well,20417.0,Karimnagar
164303,2021-2022,Telangana,36,Karimnagar,508.0,Net Irrigated Area,Well,Tubewell,2794.0,Karimnagar
164304,2021-2022,Telangana,36,Khammam,509.0,Gross Irrigated Area,Canal,Government,273304.0,Khammam
164305,2021-2022,Telangana,36,Khammam,509.0,Gross Irrigated Area,Canal,Private,,Khammam
164306,2021-2022,Telangana,36,Khammam,509.0,Gross Irrigated Area,Other Source,Other Source,2273.0,Khammam
164308,2021-2022,Telangana,36,Khammam,509.0,Gross Irrigated Area,Well,Other Well,6261.0,Khammam
164309,2021-2022,Telangana,36,Khammam,509.0,Gross Irrigated Area,Well,Tubewell,13234.0,Khammam
164310,2021-2022,Telangana,36,Khammam,509.0,Net Irrigated Area,Canal,Government,190284.0,Khammam
164311,2021-2022,Telangana,36,Khammam,509.0,Net Irrigated Area,Canal,Private,,Khammam
164312,2021-2022,Telangana,36,Khammam,509.0,Net Irrigated Area,Other Source,Other Source,1887.0,Khammam
164313,2021-2022,Telangana,36,Khammam,509.0,Net Irrigated Area,Tank,Tank,17261.0,Khammam
164314,2021-2022,Telangana,36,Khammam,509.0,Net Irrigated Area,Well,Other Well,4821.0,Khammam
164315,2021-2022,Telangana,36,Khammam,509.0,Net Irrigated Area,Well,Tubewell,9446.0,Khammam
164316,2021-2022,Telangana,36,Kumuram Bheem Asifabad,699.0,Gross Irrigated Area,Canal,Government,50687.0,Adilabad
164317,2021-2022,Telangana,36,Kumuram Bheem Asifabad,699.0,Gross Irrigated Area,Canal,Private,,Adilabad
164318,2021-2022,Telangana,36,Kumuram Bheem Asifabad,699.0,Gross Irrigated Area,Other Source,Other Source,263.0,Adilabad
164319,2021-2022,Telangana,36,Kumuram Bheem Asifabad,699.0,Gross Irrigated Area,Tank,Tank,7516.0,Adilabad
164320,2021-2022,Telangana,36,Kumuram Bheem Asifabad,699.0,Gross Irrigated Area,Well,Other Well,813.0,Adilabad
164321,2021-2022,Telangana,36,Kumuram Bheem Asifabad,699.0,Gross Irrigated Area,Well,Tubewell,5921.0,Adilabad
164322,2021-2022,Telangana,36,Kumuram Bheem Asifabad,699.0,Net Irrigated Area,Canal,Government,40208.0,Adilabad
164323,2021-2022,Telangana,36,Kumuram Bheem Asifabad,699.0,Net Irrigated Area,Canal,Private,,Adilabad
164324,2021-2022,Telangana,36,Kumuram Bheem Asifabad,699.0,Net Irrigated Area,Other Source,Other Source,197.0,Adilabad
164325,2021-2022,Telangana,36,Kumuram Bheem Asifabad,699.0,Net Irrigated Area,Tank,Tank,6915.0,Adilabad
164326,2021-2022,Telangana,36,Kumuram Bheem Asifabad,699.0,Net Irrigated Area,Well,Other Well,488.0,Adilabad
164327,2021-2022,Telangana,36,Kumuram Bheem Asifabad,699.0,Net Irrigated Area,Well,Tubewell,3221.0,Adilabad
164328,2021-2022,Telangana,36,Mahabubabad,688.0,Gross Irrigated Area,Canal,Government,170524.0,Warangal
164329,2021-2022,Telangana,36,Mahabubabad,688.0,Gross Irrigated Area,Canal,Private,,Warangal
164330,2021-2022,Telangana,36,Mahabubabad,688.0,Gross Irrigated Area,Other Source,Other Source,544.0,Warangal
164331,2021-2022,Telangana,36,Mahabubabad,688.0,Gross Irrigated Area,Tank,Tank,13320.0,Warangal
164332,2021-2022,Telangana,36,Mahabubabad,688.0,Gross Irrigated Area,Well,Other Well,16189.0,Warangal
164333,2021-2022,Telangana,36,Mahabubabad,688.0,Gross Irrigated Area,Well,Tubewell,5935.0,Warangal
164334,2021-2022,Telangana,36,Mahabubabad,688.0,Net Irrigated Area,Canal,Government,101732.0,Warangal
164335,2021-2022,Telangana,36,Mahabubabad,688.0,Net Irrigated Area,Canal,Private,,Warangal
164336,2021-2022,Telangana,36,Mahabubabad,688.0,Net Irrigated Area,Other Source,Other Source,403.0,Warangal
164337,2021-2022,Telangana,36,Mahabubabad,688.0,Net Irrigated Area,Tank,Tank,9457.0,Warangal
164338,2021-2022,Telangana,36,Mahabubabad,688.0,Net Irrigated Area,Well,Other Well,12627.0,Warangal
164339,2021-2022,Telangana,36,Mahabubabad,688.0,Net Irrigated Area,Well,Tubewell,4072.0,Warangal
164340,2021-2022,Telangana,36,Mahabubnagar,512.0,Gross Irrigated Area,Canal,Government,11811.0,Mahabubnagar
164341,2021-2022,Telangana,36,Mahabubnagar,512.0,Gross Irrigated Area,Canal,Private,,Mahabubnagar
164342,2021-2022,Telangana,36,Mahabubnagar,512.0,Gross Irrigated Area,Other Source,Other Source,,Mahabubnagar
164343,2021-2022,Telangana,36,Mahabubnagar,512.0,Gross Irrigated Area,Tank,Tank,5625.0,Mahabubnagar
164344,2021-2022,Telangana,36,Mahabubnagar,512.0,Gross Irrigated Area,Well,Other Well,,Mahabubnagar
164345,2021-2022,Telangana,36,Mahabubnagar,512.0,Gross Irrigated Area,Well,Tubewell,99462.0,Mahabubnagar
164346,2021-2022,Telangana,36,Mahabubnagar,512.0,Net Irrigated Area,Canal,Government,6614.0,Mahabubnagar
164347,2021-2022,Telangana,36,Mahabubnagar,512.0,Net Irrigated Area,Canal,Private,,Mahabubnagar
164348,2021-2022,Telangana,36,Mahabubnagar,512.0,Net Irrigated Area,Other Source,Other Source,,Mahabubnagar
164349,2021-2022,Telangana,36,Mahabubnagar,512.0,Net Irrigated Area,Tank,Tank,4556.0,Mahabubnagar
164350,2021-2022,Telangana,36,Mahabubnagar,512.0,Net Irrigated Area,Well,Other Well,,Mahabubnagar
164351,2021-2022,Telangana,36,Mahabubnagar,512.0,Net Irrigated Area,Well,Tubewell,59708.0,Mahabubnagar
164352,2021-2022,Telangana,36,Mancherial,684.0,Gross Irrigated Area,Canal,Government,22712.0,Adilabad
164353,2021-2022,Telangana,36,Mancherial,684.0,Gross Irrigated Area,Canal,Private,,Adilabad
164354,2021-2022,Telangana,36,Mancherial,684.0,Gross Irrigated Area,Other Source,Other Source,1226.0,Adilabad
164355,2021-2022,Telangana,36,Mancherial,684.0,Gross Irrigated Area,Tank,Tank,8129.0,Adilabad
164356,2021-2022,Telangana,36,Mancherial,684.0,Gross Irrigated Area,Well,Other Well,22378.0,Adilabad
164409,2021-2022,Telangana,36,Nagarkurnool,694.0,Net Irrigated Area,Tank,Tank,5090.0,Mahabubnagar
164357,2021-2022,Telangana,36,Mancherial,684.0,Gross Irrigated Area,Well,Tubewell,47496.0,Adilabad
164358,2021-2022,Telangana,36,Mancherial,684.0,Net Irrigated Area,Canal,Government,14998.0,Adilabad
164359,2021-2022,Telangana,36,Mancherial,684.0,Net Irrigated Area,Canal,Private,,Adilabad
164360,2021-2022,Telangana,36,Mancherial,684.0,Net Irrigated Area,Other Source,Other Source,944.0,Adilabad
164361,2021-2022,Telangana,36,Mancherial,684.0,Net Irrigated Area,Tank,Tank,6910.0,Adilabad
164362,2021-2022,Telangana,36,Mancherial,684.0,Net Irrigated Area,Well,Other Well,10742.0,Adilabad
164363,2021-2022,Telangana,36,Mancherial,684.0,Net Irrigated Area,Well,Tubewell,31861.0,Adilabad
164364,2021-2022,Telangana,36,Medak,513.0,Gross Irrigated Area,Canal,Government,64985.0,Medak
164365,2021-2022,Telangana,36,Medak,513.0,Gross Irrigated Area,Canal,Private,,Medak
164366,2021-2022,Telangana,36,Medak,513.0,Gross Irrigated Area,Other Source,Other Source,178.0,Medak
164367,2021-2022,Telangana,36,Medak,513.0,Gross Irrigated Area,Tank,Tank,5679.0,Medak
164368,2021-2022,Telangana,36,Medak,513.0,Gross Irrigated Area,Well,Other Well,,Medak
164369,2021-2022,Telangana,36,Medak,513.0,Gross Irrigated Area,Well,Tubewell,103930.0,Medak
164370,2021-2022,Telangana,36,Medak,513.0,Net Irrigated Area,Canal,Government,39641.0,Medak
164371,2021-2022,Telangana,36,Medak,513.0,Net Irrigated Area,Canal,Private,,Medak
164372,2021-2022,Telangana,36,Medak,513.0,Net Irrigated Area,Other Source,Other Source,107.0,Medak
164373,2021-2022,Telangana,36,Medak,513.0,Net Irrigated Area,Tank,Tank,4259.0,Medak
164374,2021-2022,Telangana,36,Medak,513.0,Net Irrigated Area,Well,Other Well,,Medak
164375,2021-2022,Telangana,36,Medak,513.0,Net Irrigated Area,Well,Tubewell,61351.0,Medak
164376,2021-2022,Telangana,36,Medchal Malkajgiri,700.0,Gross Irrigated Area,Canal,Government,,Ranga Reddy
164377,2021-2022,Telangana,36,Medchal Malkajgiri,700.0,Gross Irrigated Area,Canal,Private,,Ranga Reddy
164378,2021-2022,Telangana,36,Medchal Malkajgiri,700.0,Gross Irrigated Area,Other Source,Other Source,458.0,Ranga Reddy
164379,2021-2022,Telangana,36,Medchal Malkajgiri,700.0,Gross Irrigated Area,Tank,Tank,405.0,Ranga Reddy
164380,2021-2022,Telangana,36,Medchal Malkajgiri,700.0,Gross Irrigated Area,Well,Other Well,,Ranga Reddy
164381,2021-2022,Telangana,36,Medchal Malkajgiri,700.0,Gross Irrigated Area,Well,Tubewell,14715.0,Ranga Reddy
164382,2021-2022,Telangana,36,Medchal Malkajgiri,700.0,Net Irrigated Area,Canal,Government,,Ranga Reddy
164383,2021-2022,Telangana,36,Medchal Malkajgiri,700.0,Net Irrigated Area,Canal,Private,,Ranga Reddy
164384,2021-2022,Telangana,36,Medchal Malkajgiri,700.0,Net Irrigated Area,Other Source,Other Source,321.0,Ranga Reddy
164385,2021-2022,Telangana,36,Medchal Malkajgiri,700.0,Net Irrigated Area,Tank,Tank,388.0,Ranga Reddy
164386,2021-2022,Telangana,36,Medchal Malkajgiri,700.0,Net Irrigated Area,Well,Other Well,,Ranga Reddy
164387,2021-2022,Telangana,36,Medchal Malkajgiri,700.0,Net Irrigated Area,Well,Tubewell,9876.0,Ranga Reddy
164388,2021-2022,Telangana,36,Mulugu,720.0,Gross Irrigated Area,Canal,Government,45106.0,Warangal
164389,2021-2022,Telangana,36,Mulugu,720.0,Gross Irrigated Area,Canal,Private,,Warangal
164390,2021-2022,Telangana,36,Mulugu,720.0,Gross Irrigated Area,Other Source,Other Source,92.0,Warangal
164391,2021-2022,Telangana,36,Mulugu,720.0,Gross Irrigated Area,Tank,Tank,13513.0,Warangal
164392,2021-2022,Telangana,36,Mulugu,720.0,Gross Irrigated Area,Well,Other Well,338.0,Warangal
164393,2021-2022,Telangana,36,Mulugu,720.0,Gross Irrigated Area,Well,Tubewell,4475.0,Warangal
164394,2021-2022,Telangana,36,Mulugu,720.0,Net Irrigated Area,Canal,Government,11641.0,Warangal
164395,2021-2022,Telangana,36,Mulugu,720.0,Net Irrigated Area,Canal,Private,,Warangal
164396,2021-2022,Telangana,36,Mulugu,720.0,Net Irrigated Area,Other Source,Other Source,76.0,Warangal
164397,2021-2022,Telangana,36,Mulugu,720.0,Net Irrigated Area,Tank,Tank,11757.0,Warangal
164398,2021-2022,Telangana,36,Mulugu,720.0,Net Irrigated Area,Well,Other Well,202.0,Warangal
164399,2021-2022,Telangana,36,Mulugu,720.0,Net Irrigated Area,Well,Tubewell,2243.0,Warangal
164400,2021-2022,Telangana,36,Nagarkurnool,694.0,Gross Irrigated Area,Canal,Government,220681.0,Mahabubnagar
164401,2021-2022,Telangana,36,Nagarkurnool,694.0,Gross Irrigated Area,Canal,Private,,Mahabubnagar
164402,2021-2022,Telangana,36,Nagarkurnool,694.0,Gross Irrigated Area,Other Source,Other Source,2288.0,Mahabubnagar
164403,2021-2022,Telangana,36,Nagarkurnool,694.0,Gross Irrigated Area,Tank,Tank,6132.0,Mahabubnagar
164404,2021-2022,Telangana,36,Nagarkurnool,694.0,Gross Irrigated Area,Well,Other Well,53.0,Mahabubnagar
164405,2021-2022,Telangana,36,Nagarkurnool,694.0,Gross Irrigated Area,Well,Tubewell,5225.0,Mahabubnagar
164406,2021-2022,Telangana,36,Nagarkurnool,694.0,Net Irrigated Area,Canal,Government,130101.0,Mahabubnagar
164407,2021-2022,Telangana,36,Nagarkurnool,694.0,Net Irrigated Area,Canal,Private,,Mahabubnagar
164408,2021-2022,Telangana,36,Nagarkurnool,694.0,Net Irrigated Area,Other Source,Other Source,2197.0,Mahabubnagar
164410,2021-2022,Telangana,36,Nagarkurnool,694.0,Net Irrigated Area,Well,Other Well,30.0,Mahabubnagar
164411,2021-2022,Telangana,36,Nagarkurnool,694.0,Net Irrigated Area,Well,Tubewell,3327.0,Mahabubnagar
164412,2021-2022,Telangana,36,Nalgonda,514.0,Gross Irrigated Area,Canal,Government,386208.0,Nalgonda
164413,2021-2022,Telangana,36,Nalgonda,514.0,Gross Irrigated Area,Canal,Private,,Nalgonda
164414,2021-2022,Telangana,36,Nalgonda,514.0,Gross Irrigated Area,Other Source,Other Source,2606.0,Nalgonda
164415,2021-2022,Telangana,36,Nalgonda,514.0,Gross Irrigated Area,Tank,Tank,13950.0,Nalgonda
164416,2021-2022,Telangana,36,Nalgonda,514.0,Gross Irrigated Area,Well,Other Well,79.0,Nalgonda
164417,2021-2022,Telangana,36,Nalgonda,514.0,Gross Irrigated Area,Well,Tubewell,3792.0,Nalgonda
164418,2021-2022,Telangana,36,Nalgonda,514.0,Net Irrigated Area,Canal,Government,225246.0,Nalgonda
164419,2021-2022,Telangana,36,Nalgonda,514.0,Net Irrigated Area,Canal,Private,,Nalgonda
164420,2021-2022,Telangana,36,Nalgonda,514.0,Net Irrigated Area,Other Source,Other Source,1407.0,Nalgonda
164421,2021-2022,Telangana,36,Nalgonda,514.0,Net Irrigated Area,Tank,Tank,8649.0,Nalgonda
164422,2021-2022,Telangana,36,Nalgonda,514.0,Net Irrigated Area,Well,Other Well,47.0,Nalgonda
164423,2021-2022,Telangana,36,Nalgonda,514.0,Net Irrigated Area,Well,Tubewell,2119.0,Nalgonda
164424,2021-2022,Telangana,36,Narayanpet,721.0,Gross Irrigated Area,Canal,Government,49481.0,Mahabubnagar
164425,2021-2022,Telangana,36,Narayanpet,721.0,Gross Irrigated Area,Canal,Private,,Mahabubnagar
164426,2021-2022,Telangana,36,Narayanpet,721.0,Gross Irrigated Area,Other Source,Other Source,3098.0,Mahabubnagar
164427,2021-2022,Telangana,36,Narayanpet,721.0,Gross Irrigated Area,Tank,Tank,1691.0,Mahabubnagar
164428,2021-2022,Telangana,36,Narayanpet,721.0,Gross Irrigated Area,Well,Other Well,,Mahabubnagar
164429,2021-2022,Telangana,36,Narayanpet,721.0,Gross Irrigated Area,Well,Tubewell,39001.0,Mahabubnagar
164430,2021-2022,Telangana,36,Narayanpet,721.0,Net Irrigated Area,Canal,Government,27709.0,Mahabubnagar
164431,2021-2022,Telangana,36,Narayanpet,721.0,Net Irrigated Area,Canal,Private,,Mahabubnagar
164432,2021-2022,Telangana,36,Narayanpet,721.0,Net Irrigated Area,Other Source,Other Source,1921.0,Mahabubnagar
164433,2021-2022,Telangana,36,Narayanpet,721.0,Net Irrigated Area,Tank,Tank,1251.0,Mahabubnagar
164434,2021-2022,Telangana,36,Narayanpet,721.0,Net Irrigated Area,Well,Other Well,,Mahabubnagar
164435,2021-2022,Telangana,36,Narayanpet,721.0,Net Irrigated Area,Well,Tubewell,23018.0,Mahabubnagar
164436,2021-2022,Telangana,36,Nirmal,680.0,Gross Irrigated Area,Canal,Government,124542.0,Adilabad
164437,2021-2022,Telangana,36,Nirmal,680.0,Gross Irrigated Area,Canal,Private,,Adilabad
164438,2021-2022,Telangana,36,Nirmal,680.0,Gross Irrigated Area,Other Source,Other Source,830.0,Adilabad
164439,2021-2022,Telangana,36,Nirmal,680.0,Gross Irrigated Area,Tank,Tank,8292.0,Adilabad
164440,2021-2022,Telangana,36,Nirmal,680.0,Gross Irrigated Area,Well,Other Well,6146.0,Adilabad
164441,2021-2022,Telangana,36,Nirmal,680.0,Gross Irrigated Area,Well,Tubewell,27938.0,Adilabad
164442,2021-2022,Telangana,36,Nirmal,680.0,Net Irrigated Area,Canal,Government,71629.0,Adilabad
164443,2021-2022,Telangana,36,Nirmal,680.0,Net Irrigated Area,Canal,Private,,Adilabad
164444,2021-2022,Telangana,36,Nirmal,680.0,Net Irrigated Area,Other Source,Other Source,697.0,Adilabad
164445,2021-2022,Telangana,36,Nirmal,680.0,Net Irrigated Area,Tank,Tank,5804.0,Adilabad
164446,2021-2022,Telangana,36,Nirmal,680.0,Net Irrigated Area,Well,Other Well,3688.0,Adilabad
164447,2021-2022,Telangana,36,Nirmal,680.0,Net Irrigated Area,Well,Tubewell,10918.0,Adilabad
164448,2021-2022,Telangana,36,Nizamabad,516.0,Gross Irrigated Area,Canal,Government,242779.0,Nizamabad
164449,2021-2022,Telangana,36,Nizamabad,516.0,Gross Irrigated Area,Canal,Private,,Nizamabad
164450,2021-2022,Telangana,36,Nizamabad,516.0,Gross Irrigated Area,Other Source,Other Source,5124.0,Nizamabad
164451,2021-2022,Telangana,36,Nizamabad,516.0,Gross Irrigated Area,Tank,Tank,9213.0,Nizamabad
164452,2021-2022,Telangana,36,Nizamabad,516.0,Gross Irrigated Area,Well,Other Well,1229.0,Nizamabad
164453,2021-2022,Telangana,36,Nizamabad,516.0,Gross Irrigated Area,Well,Tubewell,121583.0,Nizamabad
164454,2021-2022,Telangana,36,Nizamabad,516.0,Net Irrigated Area,Canal,Government,128698.0,Nizamabad
164455,2021-2022,Telangana,36,Nizamabad,516.0,Net Irrigated Area,Canal,Private,,Nizamabad
164456,2021-2022,Telangana,36,Nizamabad,516.0,Net Irrigated Area,Other Source,Other Source,2972.0,Nizamabad
164457,2021-2022,Telangana,36,Nizamabad,516.0,Net Irrigated Area,Tank,Tank,5344.0,Nizamabad
164458,2021-2022,Telangana,36,Nizamabad,516.0,Net Irrigated Area,Well,Other Well,811.0,Nizamabad
164459,2021-2022,Telangana,36,Nizamabad,516.0,Net Irrigated Area,Well,Tubewell,64477.0,Nizamabad
164460,2021-2022,Telangana,36,Peddapalli,682.0,Gross Irrigated Area,Canal,Government,159747.0,Karimnagar
164461,2021-2022,Telangana,36,Peddapalli,682.0,Gross Irrigated Area,Canal,Private,,Karimnagar
164462,2021-2022,Telangana,36,Peddapalli,682.0,Gross Irrigated Area,Other Source,Other Source,3051.0,Karimnagar
164463,2021-2022,Telangana,36,Peddapalli,682.0,Gross Irrigated Area,Tank,Tank,14611.0,Karimnagar
164464,2021-2022,Telangana,36,Peddapalli,682.0,Gross Irrigated Area,Well,Other Well,3870.0,Karimnagar
164465,2021-2022,Telangana,36,Peddapalli,682.0,Gross Irrigated Area,Well,Tubewell,971.0,Karimnagar
164466,2021-2022,Telangana,36,Peddapalli,682.0,Net Irrigated Area,Canal,Government,93107.0,Karimnagar
164467,2021-2022,Telangana,36,Peddapalli,682.0,Net Irrigated Area,Canal,Private,,Karimnagar
164468,2021-2022,Telangana,36,Peddapalli,682.0,Net Irrigated Area,Other Source,Other Source,2807.0,Karimnagar
164469,2021-2022,Telangana,36,Peddapalli,682.0,Net Irrigated Area,Tank,Tank,9643.0,Karimnagar
164470,2021-2022,Telangana,36,Peddapalli,682.0,Net Irrigated Area,Well,Other Well,2515.0,Karimnagar
164471,2021-2022,Telangana,36,Peddapalli,682.0,Net Irrigated Area,Well,Tubewell,638.0,Karimnagar
164472,2021-2022,Telangana,36,Rajanna Sircilla,683.0,Gross Irrigated Area,Canal,Government,64975.0,Karimnagar
164473,2021-2022,Telangana,36,Rajanna Sircilla,683.0,Gross Irrigated Area,Canal,Private,,Karimnagar
164474,2021-2022,Telangana,36,Rajanna Sircilla,683.0,Gross Irrigated Area,Other Source,Other Source,,Karimnagar
164475,2021-2022,Telangana,36,Rajanna Sircilla,683.0,Gross Irrigated Area,Tank,Tank,9845.0,Karimnagar
164476,2021-2022,Telangana,36,Rajanna Sircilla,683.0,Gross Irrigated Area,Well,Other Well,17529.0,Karimnagar
164477,2021-2022,Telangana,36,Rajanna Sircilla,683.0,Gross Irrigated Area,Well,Tubewell,33991.0,Karimnagar
164478,2021-2022,Telangana,36,Rajanna Sircilla,683.0,Net Irrigated Area,Canal,Government,27442.0,Karimnagar
164479,2021-2022,Telangana,36,Rajanna Sircilla,683.0,Net Irrigated Area,Canal,Private,,Karimnagar
164480,2021-2022,Telangana,36,Rajanna Sircilla,683.0,Net Irrigated Area,Other Source,Other Source,,Karimnagar
164481,2021-2022,Telangana,36,Rajanna Sircilla,683.0,Net Irrigated Area,Tank,Tank,8073.0,Karimnagar
164482,2021-2022,Telangana,36,Rajanna Sircilla,683.0,Net Irrigated Area,Well,Other Well,9991.0,Karimnagar
164483,2021-2022,Telangana,36,Rajanna Sircilla,683.0,Net Irrigated Area,Well,Tubewell,20075.0,Karimnagar
164484,2021-2022,Telangana,36,Ranga Reddy,518.0,Gross Irrigated Area,Canal,Government,,Ranga Reddy
164485,2021-2022,Telangana,36,Ranga Reddy,518.0,Gross Irrigated Area,Canal,Private,,Ranga Reddy
164486,2021-2022,Telangana,36,Ranga Reddy,518.0,Gross Irrigated Area,Other Source,Other Source,960.0,Ranga Reddy
164487,2021-2022,Telangana,36,Ranga Reddy,518.0,Gross Irrigated Area,Tank,Tank,3507.0,Ranga Reddy
164488,2021-2022,Telangana,36,Ranga Reddy,518.0,Gross Irrigated Area,Well,Other Well,,Ranga Reddy
164489,2021-2022,Telangana,36,Ranga Reddy,518.0,Gross Irrigated Area,Well,Tubewell,96009.0,Ranga Reddy
164490,2021-2022,Telangana,36,Ranga Reddy,518.0,Net Irrigated Area,Canal,Government,,Ranga Reddy
164491,2021-2022,Telangana,36,Ranga Reddy,518.0,Net Irrigated Area,Canal,Private,,Ranga Reddy
164492,2021-2022,Telangana,36,Ranga Reddy,518.0,Net Irrigated Area,Other Source,Other Source,672.0,Ranga Reddy
164493,2021-2022,Telangana,36,Ranga Reddy,518.0,Net Irrigated Area,Tank,Tank,1754.0,Ranga Reddy
164494,2021-2022,Telangana,36,Ranga Reddy,518.0,Net Irrigated Area,Well,Other Well,,Ranga Reddy
164495,2021-2022,Telangana,36,Ranga Reddy,518.0,Net Irrigated Area,Well,Tubewell,69206.0,Ranga Reddy
164496,2021-2022,Telangana,36,Sangareddy,691.0,Gross Irrigated Area,Canal,Government,87556.0,Medak
164497,2021-2022,Telangana,36,Sangareddy,691.0,Gross Irrigated Area,Canal,Private,,Medak
164498,2021-2022,Telangana,36,Sangareddy,691.0,Gross Irrigated Area,Other Source,Other Source,128.0,Medak
164499,2021-2022,Telangana,36,Sangareddy,691.0,Gross Irrigated Area,Tank,Tank,6403.0,Medak
164500,2021-2022,Telangana,36,Sangareddy,691.0,Gross Irrigated Area,Well,Other Well,126.0,Medak
164501,2021-2022,Telangana,36,Sangareddy,691.0,Gross Irrigated Area,Well,Tubewell,12395.0,Medak
164502,2021-2022,Telangana,36,Sangareddy,691.0,Net Irrigated Area,Canal,Government,55011.0,Medak
164503,2021-2022,Telangana,36,Sangareddy,691.0,Net Irrigated Area,Canal,Private,,Medak
164504,2021-2022,Telangana,36,Sangareddy,691.0,Net Irrigated Area,Other Source,Other Source,127.0,Medak
164505,2021-2022,Telangana,36,Sangareddy,691.0,Net Irrigated Area,Tank,Tank,4738.0,Medak
164506,2021-2022,Telangana,36,Sangareddy,691.0,Net Irrigated Area,Well,Other Well,82.0,Medak
164507,2021-2022,Telangana,36,Sangareddy,691.0,Net Irrigated Area,Well,Tubewell,9133.0,Medak
164508,2021-2022,Telangana,36,Siddipet,692.0,Gross Irrigated Area,Canal,Government,81923.0,Medak
164509,2021-2022,Telangana,36,Siddipet,692.0,Gross Irrigated Area,Canal,Private,,Medak
164510,2021-2022,Telangana,36,Siddipet,692.0,Gross Irrigated Area,Other Source,Other Source,,Medak
164511,2021-2022,Telangana,36,Siddipet,692.0,Gross Irrigated Area,Tank,Tank,7502.0,Medak
164512,2021-2022,Telangana,36,Siddipet,692.0,Gross Irrigated Area,Well,Other Well,36981.0,Medak
164513,2021-2022,Telangana,36,Siddipet,692.0,Gross Irrigated Area,Well,Tubewell,131046.0,Medak
164514,2021-2022,Telangana,36,Siddipet,692.0,Net Irrigated Area,Canal,Government,44772.0,Medak
164515,2021-2022,Telangana,36,Siddipet,692.0,Net Irrigated Area,Canal,Private,,Medak
164516,2021-2022,Telangana,36,Siddipet,692.0,Net Irrigated Area,Other Source,Other Source,,Medak
164517,2021-2022,Telangana,36,Siddipet,692.0,Net Irrigated Area,Tank,Tank,4352.0,Medak
164518,2021-2022,Telangana,36,Siddipet,692.0,Net Irrigated Area,Well,Other Well,18860.0,Medak
164519,2021-2022,Telangana,36,Siddipet,692.0,Net Irrigated Area,Well,Tubewell,70801.0,Medak
164520,2021-2022,Telangana,36,Suryapet,696.0,Gross Irrigated Area,Canal,Government,367470.0,Nalgonda
164521,2021-2022,Telangana,36,Suryapet,696.0,Gross Irrigated Area,Canal,Private,,Nalgonda
164522,2021-2022,Telangana,36,Suryapet,696.0,Gross Irrigated Area,Other Source,Other Source,6009.0,Nalgonda
164523,2021-2022,Telangana,36,Suryapet,696.0,Gross Irrigated Area,Tank,Tank,3679.0,Nalgonda
164524,2021-2022,Telangana,36,Suryapet,696.0,Gross Irrigated Area,Well,Other Well,2694.0,Nalgonda
164525,2021-2022,Telangana,36,Suryapet,696.0,Gross Irrigated Area,Well,Tubewell,7607.0,Nalgonda
164526,2021-2022,Telangana,36,Suryapet,696.0,Net Irrigated Area,Canal,Government,194541.0,Nalgonda
164527,2021-2022,Telangana,36,Suryapet,696.0,Net Irrigated Area,Canal,Private,,Nalgonda
164528,2021-2022,Telangana,36,Suryapet,696.0,Net Irrigated Area,Other Source,Other Source,3425.0,Nalgonda
164529,2021-2022,Telangana,36,Suryapet,696.0,Net Irrigated Area,Tank,Tank,2060.0,Nalgonda
164530,2021-2022,Telangana,36,Suryapet,696.0,Net Irrigated Area,Well,Other Well,1347.0,Nalgonda
164531,2021-2022,Telangana,36,Suryapet,696.0,Net Irrigated Area,Well,Tubewell,4371.0,Nalgonda
164532,2021-2022,Telangana,36,Vikarabad,698.0,Gross Irrigated Area,Canal,Government,10518.0,Ranga Reddy
164533,2021-2022,Telangana,36,Vikarabad,698.0,Gross Irrigated Area,Canal,Private,,Ranga Reddy
164534,2021-2022,Telangana,36,Vikarabad,698.0,Gross Irrigated Area,Other Source,Other Source,,Ranga Reddy
164535,2021-2022,Telangana,36,Vikarabad,698.0,Gross Irrigated Area,Tank,Tank,4179.0,Ranga Reddy
164536,2021-2022,Telangana,36,Vikarabad,698.0,Gross Irrigated Area,Well,Other Well,1514.0,Ranga Reddy
164537,2021-2022,Telangana,36,Vikarabad,698.0,Gross Irrigated Area,Well,Tubewell,74117.0,Ranga Reddy
164538,2021-2022,Telangana,36,Vikarabad,698.0,Net Irrigated Area,Canal,Government,7678.0,Ranga Reddy
164539,2021-2022,Telangana,36,Vikarabad,698.0,Net Irrigated Area,Canal,Private,,Ranga Reddy
164540,2021-2022,Telangana,36,Vikarabad,698.0,Net Irrigated Area,Other Source,Other Source,,Ranga Reddy
164541,2021-2022,Telangana,36,Vikarabad,698.0,Net Irrigated Area,Tank,Tank,3051.0,Ranga Reddy
164542,2021-2022,Telangana,36,Vikarabad,698.0,Net Irrigated Area,Well,Other Well,439.0,Ranga Reddy
164543,2021-2022,Telangana,36,Vikarabad,698.0,Net Irrigated Area,Well,Tubewell,49708.0,Ranga Reddy
164544,2021-2022,Telangana,36,Wanaparthy,693.0,Gross Irrigated Area,Canal,Government,119989.0,Mahabubnagar
164545,2021-2022,Telangana,36,Wanaparthy,693.0,Gross Irrigated Area,Canal,Private,,Mahabubnagar
164546,2021-2022,Telangana,36,Wanaparthy,693.0,Gross Irrigated Area,Other Source,Other Source,2111.0,Mahabubnagar
164547,2021-2022,Telangana,36,Wanaparthy,693.0,Gross Irrigated Area,Tank,Tank,2260.0,Mahabubnagar
164548,2021-2022,Telangana,36,Wanaparthy,693.0,Gross Irrigated Area,Well,Other Well,403.0,Mahabubnagar
164549,2021-2022,Telangana,36,Wanaparthy,693.0,Gross Irrigated Area,Well,Tubewell,9641.0,Mahabubnagar
164550,2021-2022,Telangana,36,Wanaparthy,693.0,Net Irrigated Area,Canal,Government,85707.0,Mahabubnagar
164551,2021-2022,Telangana,36,Wanaparthy,693.0,Net Irrigated Area,Canal,Private,,Mahabubnagar
164552,2021-2022,Telangana,36,Wanaparthy,693.0,Net Irrigated Area,Other Source,Other Source,1541.0,Mahabubnagar
164553,2021-2022,Telangana,36,Wanaparthy,693.0,Net Irrigated Area,Tank,Tank,1740.0,Mahabubnagar
164554,2021-2022,Telangana,36,Wanaparthy,693.0,Net Irrigated Area,Well,Other Well,327.0,Mahabubnagar
164555,2021-2022,Telangana,36,Wanaparthy,693.0,Net Irrigated Area,Well,Tubewell,6387.0,Mahabubnagar
164556,2021-2022,Telangana,36,Warangal,522.0,Gross Irrigated Area,Canal,Government,134963.0,Warangal
164557,2021-2022,Telangana,36,Warangal,522.0,Gross Irrigated Area,Canal,Private,,Warangal
164558,2021-2022,Telangana,36,Warangal,522.0,Gross Irrigated Area,Other Source,Other Source,340.0,Warangal
164559,2021-2022,Telangana,36,Warangal,522.0,Gross Irrigated Area,Tank,Tank,13569.0,Warangal
164560,2021-2022,Telangana,36,Warangal,522.0,Gross Irrigated Area,Well,Other Well,16312.0,Warangal
164561,2021-2022,Telangana,36,Warangal,522.0,Gross Irrigated Area,Well,Tubewell,6308.0,Warangal
164562,2021-2022,Telangana,36,Warangal,522.0,Net Irrigated Area,Canal,Government,45089.0,Warangal
164563,2021-2022,Telangana,36,Warangal,522.0,Net Irrigated Area,Canal,Private,,Warangal
164564,2021-2022,Telangana,36,Warangal,522.0,Net Irrigated Area,Other Source,Other Source,184.0,Warangal
164565,2021-2022,Telangana,36,Warangal,522.0,Net Irrigated Area,Tank,Tank,9227.0,Warangal
164566,2021-2022,Telangana,36,Warangal,522.0,Net Irrigated Area,Well,Other Well,10113.0,Warangal
164567,2021-2022,Telangana,36,Warangal,522.0,Net Irrigated Area,Well,Tubewell,3743.0,Warangal
164568,2021-2022,Telangana,36,Yadadri Bhuvanagiri,697.0,Gross Irrigated Area,Canal,Government,28909.0,Nalgonda
164569,2021-2022,Telangana,36,Yadadri Bhuvanagiri,697.0,Gross Irrigated Area,Canal,Private,,Nalgonda
164570,2021-2022,Telangana,36,Yadadri Bhuvanagiri,697.0,Gross Irrigated Area,Other Source,Other Source,,Nalgonda
164571,2021-2022,Telangana,36,Yadadri Bhuvanagiri,697.0,Gross Irrigated Area,Tank,Tank,7590.0,Nalgonda
164572,2021-2022,Telangana,36,Yadadri Bhuvanagiri,697.0,Gross Irrigated Area,Well,Other Well,15894.0,Nalgonda
164573,2021-2022,Telangana,36,Yadadri Bhuvanagiri,697.0,Gross Irrigated Area,Well,Tubewell,130227.0,Nalgonda
164574,2021-2022,Telangana,36,Yadadri Bhuvanagiri,697.0,Net Irrigated Area,Canal,Government,16189.0,Nalgonda
164575,2021-2022,Telangana,36,Yadadri Bhuvanagiri,697.0,Net Irrigated Area,Canal,Private,,Nalgonda
164576,2021-2022,Telangana,36,Yadadri Bhuvanagiri,697.0,Net Irrigated Area,Other Source,Other Source,,Nalgonda
164577,2021-2022,Telangana,36,Yadadri Bhuvanagiri,697.0,Net Irrigated Area,Tank,Tank,6585.0,Nalgonda
164578,2021-2022,Telangana,36,Yadadri Bhuvanagiri,697.0,Net Irrigated Area,Well,Other Well,10490.0,Nalgonda
164579,2021-2022,Telangana,36,Yadadri Bhuvanagiri,697.0,Net Irrigated Area,Well,Tubewell,86163.0,Nalgonda
170748,2022-2023,Telangana,36,Adilabad,501.0,Gross Irrigated Area,Canal,Government,17315.0,Adilabad
170749,2022-2023,Telangana,36,Adilabad,501.0,Gross Irrigated Area,Canal,Private,,Adilabad
170750,2022-2023,Telangana,36,Adilabad,501.0,Gross Irrigated Area,Other Source,Other Source,2013.0,Adilabad
170751,2022-2023,Telangana,36,Adilabad,501.0,Gross Irrigated Area,Tank,Tank,2135.0,Adilabad
170752,2022-2023,Telangana,36,Adilabad,501.0,Gross Irrigated Area,Well,Other Well,8724.0,Adilabad
170753,2022-2023,Telangana,36,Adilabad,501.0,Gross Irrigated Area,Well,Tubewell,81270.0,Adilabad
170754,2022-2023,Telangana,36,Adilabad,501.0,Net Irrigated Area,Canal,Government,10112.0,Adilabad
170755,2022-2023,Telangana,36,Adilabad,501.0,Net Irrigated Area,Canal,Private,,Adilabad
170756,2022-2023,Telangana,36,Adilabad,501.0,Net Irrigated Area,Other Source,Other Source,1804.0,Adilabad
170757,2022-2023,Telangana,36,Adilabad,501.0,Net Irrigated Area,Tank,Tank,1680.0,Adilabad
170758,2022-2023,Telangana,36,Adilabad,501.0,Net Irrigated Area,Well,Other Well,3995.0,Adilabad
170759,2022-2023,Telangana,36,Adilabad,501.0,Net Irrigated Area,Well,Tubewell,25746.0,Adilabad
170760,2022-2023,Telangana,36,Bhadradri Kothagudem,690.0,Gross Irrigated Area,Canal,Government,10589.0,Khammam
170761,2022-2023,Telangana,36,Bhadradri Kothagudem,690.0,Gross Irrigated Area,Canal,Private,,Khammam
170762,2022-2023,Telangana,36,Bhadradri Kothagudem,690.0,Gross Irrigated Area,Other Source,Other Source,5785.0,Khammam
170763,2022-2023,Telangana,36,Bhadradri Kothagudem,690.0,Gross Irrigated Area,Tank,Tank,56154.0,Khammam
170764,2022-2023,Telangana,36,Bhadradri Kothagudem,690.0,Gross Irrigated Area,Well,Other Well,1680.0,Khammam
170765,2022-2023,Telangana,36,Bhadradri Kothagudem,690.0,Gross Irrigated Area,Well,Tubewell,81777.0,Khammam
170766,2022-2023,Telangana,36,Bhadradri Kothagudem,690.0,Net Irrigated Area,Canal,Government,8761.0,Khammam
170767,2022-2023,Telangana,36,Bhadradri Kothagudem,690.0,Net Irrigated Area,Canal,Private,,Khammam
170768,2022-2023,Telangana,36,Bhadradri Kothagudem,690.0,Net Irrigated Area,Other Source,Other Source,3786.0,Khammam
170769,2022-2023,Telangana,36,Bhadradri Kothagudem,690.0,Net Irrigated Area,Tank,Tank,46053.0,Khammam
170770,2022-2023,Telangana,36,Bhadradri Kothagudem,690.0,Net Irrigated Area,Well,Other Well,1270.0,Khammam
170771,2022-2023,Telangana,36,Bhadradri Kothagudem,690.0,Net Irrigated Area,Well,Tubewell,56818.0,Khammam
170772,2022-2023,Telangana,36,Hanumakonda,686.0,Gross Irrigated Area,Canal,Government,51098.0,Warangal
170773,2022-2023,Telangana,36,Hanumakonda,686.0,Gross Irrigated Area,Canal,Private,,Warangal
170774,2022-2023,Telangana,36,Hanumakonda,686.0,Gross Irrigated Area,Other Source,Other Source,,Warangal
170775,2022-2023,Telangana,36,Hanumakonda,686.0,Gross Irrigated Area,Tank,Tank,10188.0,Warangal
170776,2022-2023,Telangana,36,Hanumakonda,686.0,Gross Irrigated Area,Well,Other Well,82279.0,Warangal
170777,2022-2023,Telangana,36,Hanumakonda,686.0,Gross Irrigated Area,Well,Tubewell,26279.0,Warangal
170778,2022-2023,Telangana,36,Hanumakonda,686.0,Net Irrigated Area,Canal,Government,29637.0,Warangal
170779,2022-2023,Telangana,36,Hanumakonda,686.0,Net Irrigated Area,Canal,Private,,Warangal
170780,2022-2023,Telangana,36,Hanumakonda,686.0,Net Irrigated Area,Other Source,Other Source,,Warangal
170781,2022-2023,Telangana,36,Hanumakonda,686.0,Net Irrigated Area,Tank,Tank,8354.0,Warangal
170782,2022-2023,Telangana,36,Hanumakonda,686.0,Net Irrigated Area,Well,Other Well,45894.0,Warangal
170783,2022-2023,Telangana,36,Hanumakonda,686.0,Net Irrigated Area,Well,Tubewell,20254.0,Warangal
170784,2022-2023,Telangana,36,Hyderabad,507.0,Gross Irrigated Area,Canal,Government,,Hyderabad
170785,2022-2023,Telangana,36,Hyderabad,507.0,Gross Irrigated Area,Canal,Private,,Hyderabad
170786,2022-2023,Telangana,36,Hyderabad,507.0,Gross Irrigated Area,Other Source,Other Source,,Hyderabad
170787,2022-2023,Telangana,36,Hyderabad,507.0,Gross Irrigated Area,Tank,Tank,,Hyderabad
170788,2022-2023,Telangana,36,Hyderabad,507.0,Gross Irrigated Area,Well,Other Well,,Hyderabad
170789,2022-2023,Telangana,36,Hyderabad,507.0,Gross Irrigated Area,Well,Tubewell,,Hyderabad
170790,2022-2023,Telangana,36,Hyderabad,507.0,Net Irrigated Area,Canal,Government,,Hyderabad
170791,2022-2023,Telangana,36,Hyderabad,507.0,Net Irrigated Area,Canal,Private,,Hyderabad
170792,2022-2023,Telangana,36,Hyderabad,507.0,Net Irrigated Area,Other Source,Other Source,,Hyderabad
170793,2022-2023,Telangana,36,Hyderabad,507.0,Net Irrigated Area,Tank,Tank,,Hyderabad
170794,2022-2023,Telangana,36,Hyderabad,507.0,Net Irrigated Area,Well,Other Well,,Hyderabad
170795,2022-2023,Telangana,36,Hyderabad,507.0,Net Irrigated Area,Well,Tubewell,,Hyderabad
170796,2022-2023,Telangana,36,Jagitial,681.0,Gross Irrigated Area,Canal,Government,85181.0,Karimnagar
170797,2022-2023,Telangana,36,Jagitial,681.0,Gross Irrigated Area,Canal,Private,,Karimnagar
170798,2022-2023,Telangana,36,Jagitial,681.0,Gross Irrigated Area,Other Source,Other Source,,Karimnagar
170799,2022-2023,Telangana,36,Jagitial,681.0,Gross Irrigated Area,Tank,Tank,29972.0,Karimnagar
170800,2022-2023,Telangana,36,Jagitial,681.0,Gross Irrigated Area,Well,Other Well,130116.0,Karimnagar
170801,2022-2023,Telangana,36,Jagitial,681.0,Gross Irrigated Area,Well,Tubewell,66952.0,Karimnagar
170802,2022-2023,Telangana,36,Jagitial,681.0,Net Irrigated Area,Canal,Government,60433.0,Karimnagar
170803,2022-2023,Telangana,36,Jagitial,681.0,Net Irrigated Area,Canal,Private,,Karimnagar
170804,2022-2023,Telangana,36,Jagitial,681.0,Net Irrigated Area,Other Source,Other Source,,Karimnagar
170805,2022-2023,Telangana,36,Jagitial,681.0,Net Irrigated Area,Tank,Tank,19994.0,Karimnagar
170806,2022-2023,Telangana,36,Jagitial,681.0,Net Irrigated Area,Well,Other Well,73917.0,Karimnagar
170807,2022-2023,Telangana,36,Jagitial,681.0,Net Irrigated Area,Well,Tubewell,29480.0,Karimnagar
170808,2022-2023,Telangana,36,Jangoan,689.0,Gross Irrigated Area,Canal,Government,21563.0,Warangal
170809,2022-2023,Telangana,36,Jangoan,689.0,Gross Irrigated Area,Canal,Private,,Warangal
170810,2022-2023,Telangana,36,Jangoan,689.0,Gross Irrigated Area,Other Source,Other Source,,Warangal
170811,2022-2023,Telangana,36,Jangoan,689.0,Gross Irrigated Area,Tank,Tank,12713.0,Warangal
170812,2022-2023,Telangana,36,Jangoan,689.0,Gross Irrigated Area,Well,Other Well,15011.0,Warangal
170813,2022-2023,Telangana,36,Jangoan,689.0,Gross Irrigated Area,Well,Tubewell,133916.0,Warangal
170814,2022-2023,Telangana,36,Jangoan,689.0,Net Irrigated Area,Canal,Government,8194.0,Warangal
170815,2022-2023,Telangana,36,Jangoan,689.0,Net Irrigated Area,Canal,Private,,Warangal
170816,2022-2023,Telangana,36,Jangoan,689.0,Net Irrigated Area,Other Source,Other Source,,Warangal
170817,2022-2023,Telangana,36,Jangoan,689.0,Net Irrigated Area,Tank,Tank,6611.0,Warangal
170818,2022-2023,Telangana,36,Jangoan,689.0,Net Irrigated Area,Well,Other Well,8271.0,Warangal
170819,2022-2023,Telangana,36,Jangoan,689.0,Net Irrigated Area,Well,Tubewell,77071.0,Warangal
170820,2022-2023,Telangana,36,Jayashankar Bhupalapally,687.0,Gross Irrigated Area,Canal,Government,3679.0,Warangal
170821,2022-2023,Telangana,36,Jayashankar Bhupalapally,687.0,Gross Irrigated Area,Canal,Private,,Warangal
170822,2022-2023,Telangana,36,Jayashankar Bhupalapally,687.0,Gross Irrigated Area,Other Source,Other Source,2600.0,Warangal
170823,2022-2023,Telangana,36,Jayashankar Bhupalapally,687.0,Gross Irrigated Area,Tank,Tank,32434.0,Warangal
170824,2022-2023,Telangana,36,Jayashankar Bhupalapally,687.0,Gross Irrigated Area,Well,Other Well,27392.0,Warangal
170825,2022-2023,Telangana,36,Jayashankar Bhupalapally,687.0,Gross Irrigated Area,Well,Tubewell,42773.0,Warangal
170826,2022-2023,Telangana,36,Jayashankar Bhupalapally,687.0,Net Irrigated Area,Canal,Government,1430.0,Warangal
170827,2022-2023,Telangana,36,Jayashankar Bhupalapally,687.0,Net Irrigated Area,Canal,Private,,Warangal
170828,2022-2023,Telangana,36,Jayashankar Bhupalapally,687.0,Net Irrigated Area,Other Source,Other Source,1749.0,Warangal
170829,2022-2023,Telangana,36,Jayashankar Bhupalapally,687.0,Net Irrigated Area,Tank,Tank,20977.0,Warangal
170830,2022-2023,Telangana,36,Jayashankar Bhupalapally,687.0,Net Irrigated Area,Well,Other Well,19662.0,Warangal
170831,2022-2023,Telangana,36,Jayashankar Bhupalapally,687.0,Net Irrigated Area,Well,Tubewell,25598.0,Warangal
170832,2022-2023,Telangana,36,Jogulamba Gadwal,695.0,Gross Irrigated Area,Canal,Government,109990.0,Mahabubnagar
170833,2022-2023,Telangana,36,Jogulamba Gadwal,695.0,Gross Irrigated Area,Canal,Private,,Mahabubnagar
170834,2022-2023,Telangana,36,Jogulamba Gadwal,695.0,Gross Irrigated Area,Other Source,Other Source,6525.0,Mahabubnagar
170835,2022-2023,Telangana,36,Jogulamba Gadwal,695.0,Gross Irrigated Area,Tank,Tank,6017.0,Mahabubnagar
170836,2022-2023,Telangana,36,Jogulamba Gadwal,695.0,Gross Irrigated Area,Well,Other Well,2354.0,Mahabubnagar
170837,2022-2023,Telangana,36,Jogulamba Gadwal,695.0,Gross Irrigated Area,Well,Tubewell,57926.0,Mahabubnagar
170838,2022-2023,Telangana,36,Jogulamba Gadwal,695.0,Net Irrigated Area,Canal,Government,81393.0,Mahabubnagar
170839,2022-2023,Telangana,36,Jogulamba Gadwal,695.0,Net Irrigated Area,Canal,Private,,Mahabubnagar
170840,2022-2023,Telangana,36,Jogulamba Gadwal,695.0,Net Irrigated Area,Other Source,Other Source,4959.0,Mahabubnagar
170841,2022-2023,Telangana,36,Jogulamba Gadwal,695.0,Net Irrigated Area,Tank,Tank,4626.0,Mahabubnagar
170842,2022-2023,Telangana,36,Jogulamba Gadwal,695.0,Net Irrigated Area,Well,Other Well,1926.0,Mahabubnagar
170843,2022-2023,Telangana,36,Jogulamba Gadwal,695.0,Net Irrigated Area,Well,Tubewell,43106.0,Mahabubnagar
170844,2022-2023,Telangana,36,Kamareddy,685.0,Gross Irrigated Area,Canal,Government,32926.0,Nizamabad
170845,2022-2023,Telangana,36,Kamareddy,685.0,Gross Irrigated Area,Canal,Private,,Nizamabad
170846,2022-2023,Telangana,36,Kamareddy,685.0,Gross Irrigated Area,Other Source,Other Source,3526.0,Nizamabad
170847,2022-2023,Telangana,36,Kamareddy,685.0,Gross Irrigated Area,Tank,Tank,38453.0,Nizamabad
170848,2022-2023,Telangana,36,Kamareddy,685.0,Gross Irrigated Area,Well,Other Well,1302.0,Nizamabad
170849,2022-2023,Telangana,36,Kamareddy,685.0,Gross Irrigated Area,Well,Tubewell,191689.0,Nizamabad
170850,2022-2023,Telangana,36,Kamareddy,685.0,Net Irrigated Area,Canal,Government,17513.0,Nizamabad
170851,2022-2023,Telangana,36,Kamareddy,685.0,Net Irrigated Area,Canal,Private,,Nizamabad
170852,2022-2023,Telangana,36,Kamareddy,685.0,Net Irrigated Area,Other Source,Other Source,2300.0,Nizamabad
170853,2022-2023,Telangana,36,Kamareddy,685.0,Net Irrigated Area,Tank,Tank,24030.0,Nizamabad
170854,2022-2023,Telangana,36,Kamareddy,685.0,Net Irrigated Area,Well,Other Well,1302.0,Nizamabad
170855,2022-2023,Telangana,36,Kamareddy,685.0,Net Irrigated Area,Well,Tubewell,103362.0,Nizamabad
170856,2022-2023,Telangana,36,Karimnagar,508.0,Gross Irrigated Area,Canal,Government,99623.0,Karimnagar
170857,2022-2023,Telangana,36,Karimnagar,508.0,Gross Irrigated Area,Canal,Private,,Karimnagar
170858,2022-2023,Telangana,36,Karimnagar,508.0,Gross Irrigated Area,Other Source,Other Source,,Karimnagar
170859,2022-2023,Telangana,36,Karimnagar,508.0,Gross Irrigated Area,Tank,Tank,24723.0,Karimnagar
170860,2022-2023,Telangana,36,Karimnagar,508.0,Gross Irrigated Area,Well,Other Well,107632.0,Karimnagar
170861,2022-2023,Telangana,36,Karimnagar,508.0,Gross Irrigated Area,Well,Tubewell,14202.0,Karimnagar
170862,2022-2023,Telangana,36,Karimnagar,508.0,Net Irrigated Area,Canal,Government,54830.0,Karimnagar
170863,2022-2023,Telangana,36,Karimnagar,508.0,Net Irrigated Area,Canal,Private,,Karimnagar
170864,2022-2023,Telangana,36,Karimnagar,508.0,Net Irrigated Area,Other Source,Other Source,,Karimnagar
170865,2022-2023,Telangana,36,Karimnagar,508.0,Net Irrigated Area,Tank,Tank,15062.0,Karimnagar
170866,2022-2023,Telangana,36,Karimnagar,508.0,Net Irrigated Area,Well,Other Well,60821.0,Karimnagar
170867,2022-2023,Telangana,36,Karimnagar,508.0,Net Irrigated Area,Well,Tubewell,9892.0,Karimnagar
170868,2022-2023,Telangana,36,Khammam,509.0,Gross Irrigated Area,Canal,Government,232838.0,Khammam
170869,2022-2023,Telangana,36,Khammam,509.0,Gross Irrigated Area,Canal,Private,,Khammam
170870,2022-2023,Telangana,36,Khammam,509.0,Gross Irrigated Area,Other Source,Other Source,2190.0,Khammam
170871,2022-2023,Telangana,36,Khammam,509.0,Gross Irrigated Area,Tank,Tank,28077.0,Khammam
170872,2022-2023,Telangana,36,Khammam,509.0,Gross Irrigated Area,Well,Other Well,23233.0,Khammam
170873,2022-2023,Telangana,36,Khammam,509.0,Gross Irrigated Area,Well,Tubewell,82276.0,Khammam
170874,2022-2023,Telangana,36,Khammam,509.0,Net Irrigated Area,Canal,Government,144359.0,Khammam
170875,2022-2023,Telangana,36,Khammam,509.0,Net Irrigated Area,Canal,Private,,Khammam
170876,2022-2023,Telangana,36,Khammam,509.0,Net Irrigated Area,Other Source,Other Source,1358.0,Khammam
170877,2022-2023,Telangana,36,Khammam,509.0,Net Irrigated Area,Tank,Tank,19934.0,Khammam
170878,2022-2023,Telangana,36,Khammam,509.0,Net Irrigated Area,Well,Other Well,17671.0,Khammam
170879,2022-2023,Telangana,36,Khammam,509.0,Net Irrigated Area,Well,Tubewell,58427.0,Khammam
170880,2022-2023,Telangana,36,Kumuram Bheem Asifabad,699.0,Gross Irrigated Area,Canal,Government,7626.0,Adilabad
170881,2022-2023,Telangana,36,Kumuram Bheem Asifabad,699.0,Gross Irrigated Area,Canal,Private,,Adilabad
170882,2022-2023,Telangana,36,Kumuram Bheem Asifabad,699.0,Gross Irrigated Area,Other Source,Other Source,2190.0,Adilabad
170883,2022-2023,Telangana,36,Kumuram Bheem Asifabad,699.0,Gross Irrigated Area,Tank,Tank,12680.0,Adilabad
170884,2022-2023,Telangana,36,Kumuram Bheem Asifabad,699.0,Gross Irrigated Area,Well,Other Well,2191.0,Adilabad
170885,2022-2023,Telangana,36,Kumuram Bheem Asifabad,699.0,Gross Irrigated Area,Well,Tubewell,11371.0,Adilabad
170886,2022-2023,Telangana,36,Kumuram Bheem Asifabad,699.0,Net Irrigated Area,Canal,Government,5208.0,Adilabad
170887,2022-2023,Telangana,36,Kumuram Bheem Asifabad,699.0,Net Irrigated Area,Canal,Private,,Adilabad
170888,2022-2023,Telangana,36,Kumuram Bheem Asifabad,699.0,Net Irrigated Area,Other Source,Other Source,1837.0,Adilabad
170889,2022-2023,Telangana,36,Kumuram Bheem Asifabad,699.0,Net Irrigated Area,Tank,Tank,11076.0,Adilabad
170890,2022-2023,Telangana,36,Kumuram Bheem Asifabad,699.0,Net Irrigated Area,Well,Other Well,1111.0,Adilabad
170891,2022-2023,Telangana,36,Kumuram Bheem Asifabad,699.0,Net Irrigated Area,Well,Tubewell,5923.0,Adilabad
170892,2022-2023,Telangana,36,Mahabubabad,688.0,Gross Irrigated Area,Canal,Government,71327.0,Warangal
170893,2022-2023,Telangana,36,Mahabubabad,688.0,Gross Irrigated Area,Canal,Private,,Warangal
170894,2022-2023,Telangana,36,Mahabubabad,688.0,Gross Irrigated Area,Other Source,Other Source,267.0,Warangal
170895,2022-2023,Telangana,36,Mahabubabad,688.0,Gross Irrigated Area,Tank,Tank,14661.0,Warangal
170896,2022-2023,Telangana,36,Mahabubabad,688.0,Gross Irrigated Area,Well,Other Well,77288.0,Warangal
170897,2022-2023,Telangana,36,Mahabubabad,688.0,Gross Irrigated Area,Well,Tubewell,65180.0,Warangal
170898,2022-2023,Telangana,36,Mahabubabad,688.0,Net Irrigated Area,Canal,Government,34950.0,Warangal
170899,2022-2023,Telangana,36,Mahabubabad,688.0,Net Irrigated Area,Canal,Private,,Warangal
170900,2022-2023,Telangana,36,Mahabubabad,688.0,Net Irrigated Area,Other Source,Other Source,195.0,Warangal
170901,2022-2023,Telangana,36,Mahabubabad,688.0,Net Irrigated Area,Tank,Tank,9676.0,Warangal
170902,2022-2023,Telangana,36,Mahabubabad,688.0,Net Irrigated Area,Well,Other Well,60671.0,Warangal
170903,2022-2023,Telangana,36,Mahabubabad,688.0,Net Irrigated Area,Well,Tubewell,52441.0,Warangal
170904,2022-2023,Telangana,36,Mahabubnagar,512.0,Gross Irrigated Area,Canal,Government,9876.0,Mahabubnagar
170905,2022-2023,Telangana,36,Mahabubnagar,512.0,Gross Irrigated Area,Canal,Private,,Mahabubnagar
170906,2022-2023,Telangana,36,Mahabubnagar,512.0,Gross Irrigated Area,Other Source,Other Source,,Mahabubnagar
170907,2022-2023,Telangana,36,Mahabubnagar,512.0,Gross Irrigated Area,Tank,Tank,5158.0,Mahabubnagar
170908,2022-2023,Telangana,36,Mahabubnagar,512.0,Gross Irrigated Area,Well,Other Well,,Mahabubnagar
170909,2022-2023,Telangana,36,Mahabubnagar,512.0,Gross Irrigated Area,Well,Tubewell,137002.0,Mahabubnagar
170910,2022-2023,Telangana,36,Mahabubnagar,512.0,Net Irrigated Area,Canal,Government,9184.0,Mahabubnagar
170911,2022-2023,Telangana,36,Mahabubnagar,512.0,Net Irrigated Area,Canal,Private,,Mahabubnagar
170912,2022-2023,Telangana,36,Mahabubnagar,512.0,Net Irrigated Area,Other Source,Other Source,,Mahabubnagar
170913,2022-2023,Telangana,36,Mahabubnagar,512.0,Net Irrigated Area,Tank,Tank,4281.0,Mahabubnagar
170914,2022-2023,Telangana,36,Mahabubnagar,512.0,Net Irrigated Area,Well,Other Well,,Mahabubnagar
170915,2022-2023,Telangana,36,Mahabubnagar,512.0,Net Irrigated Area,Well,Tubewell,82556.0,Mahabubnagar
170916,2022-2023,Telangana,36,Mancherial,684.0,Gross Irrigated Area,Canal,Government,32788.0,Adilabad
170917,2022-2023,Telangana,36,Mancherial,684.0,Gross Irrigated Area,Canal,Private,,Adilabad
170918,2022-2023,Telangana,36,Mancherial,684.0,Gross Irrigated Area,Other Source,Other Source,6033.0,Adilabad
170919,2022-2023,Telangana,36,Mancherial,684.0,Gross Irrigated Area,Tank,Tank,17214.0,Adilabad
170920,2022-2023,Telangana,36,Mancherial,684.0,Gross Irrigated Area,Well,Other Well,19645.0,Adilabad
170921,2022-2023,Telangana,36,Mancherial,684.0,Gross Irrigated Area,Well,Tubewell,40973.0,Adilabad
170922,2022-2023,Telangana,36,Mancherial,684.0,Net Irrigated Area,Canal,Government,25707.0,Adilabad
170923,2022-2023,Telangana,36,Mancherial,684.0,Net Irrigated Area,Canal,Private,,Adilabad
170924,2022-2023,Telangana,36,Mancherial,684.0,Net Irrigated Area,Other Source,Other Source,698.0,Adilabad
170925,2022-2023,Telangana,36,Mancherial,684.0,Net Irrigated Area,Tank,Tank,13927.0,Adilabad
170926,2022-2023,Telangana,36,Mancherial,684.0,Net Irrigated Area,Well,Other Well,8253.0,Adilabad
170927,2022-2023,Telangana,36,Mancherial,684.0,Net Irrigated Area,Well,Tubewell,24539.0,Adilabad
170928,2022-2023,Telangana,36,Medak,513.0,Gross Irrigated Area,Canal,Government,17520.0,Medak
170929,2022-2023,Telangana,36,Medak,513.0,Gross Irrigated Area,Canal,Private,,Medak
170930,2022-2023,Telangana,36,Medak,513.0,Gross Irrigated Area,Other Source,Other Source,9126.0,Medak
170931,2022-2023,Telangana,36,Medak,513.0,Gross Irrigated Area,Tank,Tank,33593.0,Medak
170932,2022-2023,Telangana,36,Medak,513.0,Gross Irrigated Area,Well,Other Well,,Medak
170933,2022-2023,Telangana,36,Medak,513.0,Gross Irrigated Area,Well,Tubewell,174946.0,Medak
170934,2022-2023,Telangana,36,Medak,513.0,Net Irrigated Area,Canal,Government,9208.0,Medak
170935,2022-2023,Telangana,36,Medak,513.0,Net Irrigated Area,Canal,Private,,Medak
170936,2022-2023,Telangana,36,Medak,513.0,Net Irrigated Area,Other Source,Other Source,5343.0,Medak
170937,2022-2023,Telangana,36,Medak,513.0,Net Irrigated Area,Tank,Tank,19783.0,Medak
170938,2022-2023,Telangana,36,Medak,513.0,Net Irrigated Area,Well,Other Well,,Medak
170939,2022-2023,Telangana,36,Medak,513.0,Net Irrigated Area,Well,Tubewell,98158.0,Medak
170940,2022-2023,Telangana,36,Medchal Malkajgiri,700.0,Gross Irrigated Area,Canal,Government,,Ranga Reddy
170941,2022-2023,Telangana,36,Medchal Malkajgiri,700.0,Gross Irrigated Area,Canal,Private,,Ranga Reddy
170942,2022-2023,Telangana,36,Medchal Malkajgiri,700.0,Gross Irrigated Area,Other Source,Other Source,1059.0,Ranga Reddy
170943,2022-2023,Telangana,36,Medchal Malkajgiri,700.0,Gross Irrigated Area,Tank,Tank,1741.0,Ranga Reddy
170944,2022-2023,Telangana,36,Medchal Malkajgiri,700.0,Gross Irrigated Area,Well,Other Well,,Ranga Reddy
170945,2022-2023,Telangana,36,Medchal Malkajgiri,700.0,Gross Irrigated Area,Well,Tubewell,19832.0,Ranga Reddy
170946,2022-2023,Telangana,36,Medchal Malkajgiri,700.0,Net Irrigated Area,Canal,Government,,Ranga Reddy
170947,2022-2023,Telangana,36,Medchal Malkajgiri,700.0,Net Irrigated Area,Canal,Private,,Ranga Reddy
170948,2022-2023,Telangana,36,Medchal Malkajgiri,700.0,Net Irrigated Area,Other Source,Other Source,569.0,Ranga Reddy
170949,2022-2023,Telangana,36,Medchal Malkajgiri,700.0,Net Irrigated Area,Tank,Tank,935.0,Ranga Reddy
170950,2022-2023,Telangana,36,Medchal Malkajgiri,700.0,Net Irrigated Area,Well,Other Well,,Ranga Reddy
170951,2022-2023,Telangana,36,Medchal Malkajgiri,700.0,Net Irrigated Area,Well,Tubewell,13608.0,Ranga Reddy
170952,2022-2023,Telangana,36,Mulugu,720.0,Gross Irrigated Area,Canal,Government,14018.0,Warangal
170953,2022-2023,Telangana,36,Mulugu,720.0,Gross Irrigated Area,Canal,Private,,Warangal
170954,2022-2023,Telangana,36,Mulugu,720.0,Gross Irrigated Area,Other Source,Other Source,2051.0,Warangal
170955,2022-2023,Telangana,36,Mulugu,720.0,Gross Irrigated Area,Tank,Tank,16904.0,Warangal
170956,2022-2023,Telangana,36,Mulugu,720.0,Gross Irrigated Area,Well,Other Well,2789.0,Warangal
170957,2022-2023,Telangana,36,Mulugu,720.0,Gross Irrigated Area,Well,Tubewell,37828.0,Warangal
170958,2022-2023,Telangana,36,Mulugu,720.0,Net Irrigated Area,Canal,Government,8796.0,Warangal
170959,2022-2023,Telangana,36,Mulugu,720.0,Net Irrigated Area,Canal,Private,,Warangal
170960,2022-2023,Telangana,36,Mulugu,720.0,Net Irrigated Area,Other Source,Other Source,1477.0,Warangal
170961,2022-2023,Telangana,36,Mulugu,720.0,Net Irrigated Area,Tank,Tank,14015.0,Warangal
170962,2022-2023,Telangana,36,Mulugu,720.0,Net Irrigated Area,Well,Other Well,1625.0,Warangal
170963,2022-2023,Telangana,36,Mulugu,720.0,Net Irrigated Area,Well,Tubewell,26076.0,Warangal
170964,2022-2023,Telangana,36,Nagarkurnool,694.0,Gross Irrigated Area,Canal,Government,36392.0,Mahabubnagar
170965,2022-2023,Telangana,36,Nagarkurnool,694.0,Gross Irrigated Area,Canal,Private,,Mahabubnagar
170966,2022-2023,Telangana,36,Nagarkurnool,694.0,Gross Irrigated Area,Other Source,Other Source,25.0,Mahabubnagar
170967,2022-2023,Telangana,36,Nagarkurnool,694.0,Gross Irrigated Area,Tank,Tank,3891.0,Mahabubnagar
170968,2022-2023,Telangana,36,Nagarkurnool,694.0,Gross Irrigated Area,Well,Other Well,730.0,Mahabubnagar
170969,2022-2023,Telangana,36,Nagarkurnool,694.0,Gross Irrigated Area,Well,Tubewell,155957.0,Mahabubnagar
170970,2022-2023,Telangana,36,Nagarkurnool,694.0,Net Irrigated Area,Canal,Government,30933.0,Mahabubnagar
170971,2022-2023,Telangana,36,Nagarkurnool,694.0,Net Irrigated Area,Canal,Private,,Mahabubnagar
170972,2022-2023,Telangana,36,Nagarkurnool,694.0,Net Irrigated Area,Other Source,Other Source,25.0,Mahabubnagar
170973,2022-2023,Telangana,36,Nagarkurnool,694.0,Net Irrigated Area,Tank,Tank,2996.0,Mahabubnagar
170974,2022-2023,Telangana,36,Nagarkurnool,694.0,Net Irrigated Area,Well,Other Well,691.0,Mahabubnagar
170975,2022-2023,Telangana,36,Nagarkurnool,694.0,Net Irrigated Area,Well,Tubewell,128925.0,Mahabubnagar
170976,2022-2023,Telangana,36,Nalgonda,514.0,Gross Irrigated Area,Canal,Government,303779.0,Nalgonda
170977,2022-2023,Telangana,36,Nalgonda,514.0,Gross Irrigated Area,Canal,Private,,Nalgonda
170978,2022-2023,Telangana,36,Nalgonda,514.0,Gross Irrigated Area,Other Source,Other Source,4582.0,Nalgonda
170979,2022-2023,Telangana,36,Nalgonda,514.0,Gross Irrigated Area,Tank,Tank,6427.0,Nalgonda
170980,2022-2023,Telangana,36,Nalgonda,514.0,Gross Irrigated Area,Well,Other Well,4652.0,Nalgonda
170981,2022-2023,Telangana,36,Nalgonda,514.0,Gross Irrigated Area,Well,Tubewell,148578.0,Nalgonda
170982,2022-2023,Telangana,36,Nalgonda,514.0,Net Irrigated Area,Canal,Government,170116.0,Nalgonda
170983,2022-2023,Telangana,36,Nalgonda,514.0,Net Irrigated Area,Canal,Private,,Nalgonda
170984,2022-2023,Telangana,36,Nalgonda,514.0,Net Irrigated Area,Other Source,Other Source,2382.0,Nalgonda
170985,2022-2023,Telangana,36,Nalgonda,514.0,Net Irrigated Area,Tank,Tank,3921.0,Nalgonda
170986,2022-2023,Telangana,36,Nalgonda,514.0,Net Irrigated Area,Well,Other Well,2703.0,Nalgonda
170987,2022-2023,Telangana,36,Nalgonda,514.0,Net Irrigated Area,Well,Tubewell,86652.0,Nalgonda
170988,2022-2023,Telangana,36,Narayanpet,721.0,Gross Irrigated Area,Canal,Government,10183.0,Mahabubnagar
170989,2022-2023,Telangana,36,Narayanpet,721.0,Gross Irrigated Area,Canal,Private,,Mahabubnagar
170990,2022-2023,Telangana,36,Narayanpet,721.0,Gross Irrigated Area,Other Source,Other Source,7617.0,Mahabubnagar
170991,2022-2023,Telangana,36,Narayanpet,721.0,Gross Irrigated Area,Tank,Tank,4194.0,Mahabubnagar
170992,2022-2023,Telangana,36,Narayanpet,721.0,Gross Irrigated Area,Well,Other Well,,Mahabubnagar
170993,2022-2023,Telangana,36,Narayanpet,721.0,Gross Irrigated Area,Well,Tubewell,111643.0,Mahabubnagar
170994,2022-2023,Telangana,36,Narayanpet,721.0,Net Irrigated Area,Canal,Government,6008.0,Mahabubnagar
170995,2022-2023,Telangana,36,Narayanpet,721.0,Net Irrigated Area,Canal,Private,,Mahabubnagar
170996,2022-2023,Telangana,36,Narayanpet,721.0,Net Irrigated Area,Other Source,Other Source,5103.0,Mahabubnagar
170997,2022-2023,Telangana,36,Narayanpet,721.0,Net Irrigated Area,Tank,Tank,2977.0,Mahabubnagar
170998,2022-2023,Telangana,36,Narayanpet,721.0,Net Irrigated Area,Well,Other Well,,Mahabubnagar
170999,2022-2023,Telangana,36,Narayanpet,721.0,Net Irrigated Area,Well,Tubewell,71449.0,Mahabubnagar
171000,2022-2023,Telangana,36,Nirmal,680.0,Gross Irrigated Area,Canal,Government,26324.0,Adilabad
171001,2022-2023,Telangana,36,Nirmal,680.0,Gross Irrigated Area,Canal,Private,,Adilabad
171002,2022-2023,Telangana,36,Nirmal,680.0,Gross Irrigated Area,Other Source,Other Source,870.0,Adilabad
171003,2022-2023,Telangana,36,Nirmal,680.0,Gross Irrigated Area,Tank,Tank,23150.0,Adilabad
171004,2022-2023,Telangana,36,Nirmal,680.0,Gross Irrigated Area,Well,Other Well,22840.0,Adilabad
171005,2022-2023,Telangana,36,Nirmal,680.0,Gross Irrigated Area,Well,Tubewell,119433.0,Adilabad
171006,2022-2023,Telangana,36,Nirmal,680.0,Net Irrigated Area,Canal,Government,12587.0,Adilabad
171007,2022-2023,Telangana,36,Nirmal,680.0,Net Irrigated Area,Canal,Private,,Adilabad
171008,2022-2023,Telangana,36,Nirmal,680.0,Net Irrigated Area,Other Source,Other Source,513.0,Adilabad
171009,2022-2023,Telangana,36,Nirmal,680.0,Net Irrigated Area,Tank,Tank,14628.0,Adilabad
171010,2022-2023,Telangana,36,Nirmal,680.0,Net Irrigated Area,Well,Other Well,12153.0,Adilabad
171011,2022-2023,Telangana,36,Nirmal,680.0,Net Irrigated Area,Well,Tubewell,47290.0,Adilabad
171012,2022-2023,Telangana,36,Nizamabad,516.0,Gross Irrigated Area,Canal,Government,125591.0,Nizamabad
171013,2022-2023,Telangana,36,Nizamabad,516.0,Gross Irrigated Area,Canal,Private,,Nizamabad
171014,2022-2023,Telangana,36,Nizamabad,516.0,Gross Irrigated Area,Other Source,Other Source,9430.0,Nizamabad
171015,2022-2023,Telangana,36,Nizamabad,516.0,Gross Irrigated Area,Tank,Tank,13260.0,Nizamabad
171016,2022-2023,Telangana,36,Nizamabad,516.0,Gross Irrigated Area,Well,Other Well,486.0,Nizamabad
171017,2022-2023,Telangana,36,Nizamabad,516.0,Gross Irrigated Area,Well,Tubewell,262821.0,Nizamabad
171018,2022-2023,Telangana,36,Nizamabad,516.0,Net Irrigated Area,Canal,Government,65799.0,Nizamabad
171019,2022-2023,Telangana,36,Nizamabad,516.0,Net Irrigated Area,Canal,Private,,Nizamabad
171020,2022-2023,Telangana,36,Nizamabad,516.0,Net Irrigated Area,Other Source,Other Source,4805.0,Nizamabad
171021,2022-2023,Telangana,36,Nizamabad,516.0,Net Irrigated Area,Tank,Tank,8301.0,Nizamabad
171022,2022-2023,Telangana,36,Nizamabad,516.0,Net Irrigated Area,Well,Other Well,275.0,Nizamabad
171023,2022-2023,Telangana,36,Nizamabad,516.0,Net Irrigated Area,Well,Tubewell,141243.0,Nizamabad
171024,2022-2023,Telangana,36,Peddapalli,682.0,Gross Irrigated Area,Canal,Government,115267.0,Karimnagar
171025,2022-2023,Telangana,36,Peddapalli,682.0,Gross Irrigated Area,Canal,Private,,Karimnagar
171026,2022-2023,Telangana,36,Peddapalli,682.0,Gross Irrigated Area,Other Source,Other Source,987.0,Karimnagar
171027,2022-2023,Telangana,36,Peddapalli,682.0,Gross Irrigated Area,Tank,Tank,30737.0,Karimnagar
171028,2022-2023,Telangana,36,Peddapalli,682.0,Gross Irrigated Area,Well,Other Well,37796.0,Karimnagar
171029,2022-2023,Telangana,36,Peddapalli,682.0,Gross Irrigated Area,Well,Tubewell,16057.0,Karimnagar
171030,2022-2023,Telangana,36,Peddapalli,682.0,Net Irrigated Area,Canal,Government,62202.0,Karimnagar
171031,2022-2023,Telangana,36,Peddapalli,682.0,Net Irrigated Area,Canal,Private,,Karimnagar
171032,2022-2023,Telangana,36,Peddapalli,682.0,Net Irrigated Area,Other Source,Other Source,851.0,Karimnagar
171033,2022-2023,Telangana,36,Peddapalli,682.0,Net Irrigated Area,Tank,Tank,17687.0,Karimnagar
171034,2022-2023,Telangana,36,Peddapalli,682.0,Net Irrigated Area,Well,Other Well,24122.0,Karimnagar
171035,2022-2023,Telangana,36,Peddapalli,682.0,Net Irrigated Area,Well,Tubewell,11270.0,Karimnagar
171036,2022-2023,Telangana,36,Rajanna Sircilla,683.0,Gross Irrigated Area,Canal,Government,3784.0,Karimnagar
171037,2022-2023,Telangana,36,Rajanna Sircilla,683.0,Gross Irrigated Area,Canal,Private,,Karimnagar
171038,2022-2023,Telangana,36,Rajanna Sircilla,683.0,Gross Irrigated Area,Other Source,Other Source,,Karimnagar
171039,2022-2023,Telangana,36,Rajanna Sircilla,683.0,Gross Irrigated Area,Tank,Tank,8250.0,Karimnagar
171040,2022-2023,Telangana,36,Rajanna Sircilla,683.0,Gross Irrigated Area,Well,Other Well,44866.0,Karimnagar
171041,2022-2023,Telangana,36,Rajanna Sircilla,683.0,Gross Irrigated Area,Well,Tubewell,92721.0,Karimnagar
171042,2022-2023,Telangana,36,Rajanna Sircilla,683.0,Net Irrigated Area,Canal,Government,1853.0,Karimnagar
171043,2022-2023,Telangana,36,Rajanna Sircilla,683.0,Net Irrigated Area,Canal,Private,,Karimnagar
171044,2022-2023,Telangana,36,Rajanna Sircilla,683.0,Net Irrigated Area,Other Source,Other Source,,Karimnagar
171045,2022-2023,Telangana,36,Rajanna Sircilla,683.0,Net Irrigated Area,Tank,Tank,6828.0,Karimnagar
171046,2022-2023,Telangana,36,Rajanna Sircilla,683.0,Net Irrigated Area,Well,Other Well,27111.0,Karimnagar
171047,2022-2023,Telangana,36,Rajanna Sircilla,683.0,Net Irrigated Area,Well,Tubewell,56536.0,Karimnagar
171048,2022-2023,Telangana,36,Ranga Reddy,518.0,Gross Irrigated Area,Canal,Government,,Ranga Reddy
171049,2022-2023,Telangana,36,Ranga Reddy,518.0,Gross Irrigated Area,Canal,Private,,Ranga Reddy
171050,2022-2023,Telangana,36,Ranga Reddy,518.0,Gross Irrigated Area,Other Source,Other Source,1804.0,Ranga Reddy
171051,2022-2023,Telangana,36,Ranga Reddy,518.0,Gross Irrigated Area,Tank,Tank,178.0,Ranga Reddy
171052,2022-2023,Telangana,36,Ranga Reddy,518.0,Gross Irrigated Area,Well,Other Well,,Ranga Reddy
171053,2022-2023,Telangana,36,Ranga Reddy,518.0,Gross Irrigated Area,Well,Tubewell,129606.0,Ranga Reddy
171054,2022-2023,Telangana,36,Ranga Reddy,518.0,Net Irrigated Area,Canal,Government,,Ranga Reddy
171055,2022-2023,Telangana,36,Ranga Reddy,518.0,Net Irrigated Area,Canal,Private,,Ranga Reddy
171056,2022-2023,Telangana,36,Ranga Reddy,518.0,Net Irrigated Area,Other Source,Other Source,893.0,Ranga Reddy
171057,2022-2023,Telangana,36,Ranga Reddy,518.0,Net Irrigated Area,Tank,Tank,89.0,Ranga Reddy
171058,2022-2023,Telangana,36,Ranga Reddy,518.0,Net Irrigated Area,Well,Other Well,,Ranga Reddy
171059,2022-2023,Telangana,36,Ranga Reddy,518.0,Net Irrigated Area,Well,Tubewell,88242.0,Ranga Reddy
171060,2022-2023,Telangana,36,Sangareddy,691.0,Gross Irrigated Area,Canal,Government,15331.0,Medak
171061,2022-2023,Telangana,36,Sangareddy,691.0,Gross Irrigated Area,Canal,Private,,Medak
171062,2022-2023,Telangana,36,Sangareddy,691.0,Gross Irrigated Area,Other Source,Other Source,236.0,Medak
171063,2022-2023,Telangana,36,Sangareddy,691.0,Gross Irrigated Area,Tank,Tank,16625.0,Medak
171064,2022-2023,Telangana,36,Sangareddy,691.0,Gross Irrigated Area,Well,Other Well,,Medak
171065,2022-2023,Telangana,36,Sangareddy,691.0,Gross Irrigated Area,Well,Tubewell,116998.0,Medak
171066,2022-2023,Telangana,36,Sangareddy,691.0,Net Irrigated Area,Canal,Government,8398.0,Medak
171067,2022-2023,Telangana,36,Sangareddy,691.0,Net Irrigated Area,Canal,Private,,Medak
171068,2022-2023,Telangana,36,Sangareddy,691.0,Net Irrigated Area,Other Source,Other Source,163.0,Medak
171069,2022-2023,Telangana,36,Sangareddy,691.0,Net Irrigated Area,Tank,Tank,10688.0,Medak
171070,2022-2023,Telangana,36,Sangareddy,691.0,Net Irrigated Area,Well,Other Well,,Medak
171071,2022-2023,Telangana,36,Sangareddy,691.0,Net Irrigated Area,Well,Tubewell,72803.0,Medak
171072,2022-2023,Telangana,36,Siddipet,692.0,Gross Irrigated Area,Canal,Government,5131.0,Medak
171073,2022-2023,Telangana,36,Siddipet,692.0,Gross Irrigated Area,Canal,Private,,Medak
171074,2022-2023,Telangana,36,Siddipet,692.0,Gross Irrigated Area,Other Source,Other Source,37.0,Medak
171075,2022-2023,Telangana,36,Siddipet,692.0,Gross Irrigated Area,Tank,Tank,24917.0,Medak
171076,2022-2023,Telangana,36,Siddipet,692.0,Gross Irrigated Area,Well,Other Well,55285.0,Medak
171077,2022-2023,Telangana,36,Siddipet,692.0,Gross Irrigated Area,Well,Tubewell,233595.0,Medak
171078,2022-2023,Telangana,36,Siddipet,692.0,Net Irrigated Area,Canal,Government,2823.0,Medak
171079,2022-2023,Telangana,36,Siddipet,692.0,Net Irrigated Area,Canal,Private,,Medak
171080,2022-2023,Telangana,36,Siddipet,692.0,Net Irrigated Area,Other Source,Other Source,,Medak
171081,2022-2023,Telangana,36,Siddipet,692.0,Net Irrigated Area,Tank,Tank,14530.0,Medak
171082,2022-2023,Telangana,36,Siddipet,692.0,Net Irrigated Area,Well,Other Well,27744.0,Medak
171083,2022-2023,Telangana,36,Siddipet,692.0,Net Irrigated Area,Well,Tubewell,124124.0,Medak
171084,2022-2023,Telangana,36,Suryapet,696.0,Gross Irrigated Area,Canal,Government,260015.0,Nalgonda
171085,2022-2023,Telangana,36,Suryapet,696.0,Gross Irrigated Area,Canal,Private,,Nalgonda
171086,2022-2023,Telangana,36,Suryapet,696.0,Gross Irrigated Area,Other Source,Other Source,9510.0,Nalgonda
171087,2022-2023,Telangana,36,Suryapet,696.0,Gross Irrigated Area,Tank,Tank,5993.0,Nalgonda
171088,2022-2023,Telangana,36,Suryapet,696.0,Gross Irrigated Area,Well,Other Well,30263.0,Nalgonda
171089,2022-2023,Telangana,36,Suryapet,696.0,Gross Irrigated Area,Well,Tubewell,95250.0,Nalgonda
171090,2022-2023,Telangana,36,Suryapet,696.0,Net Irrigated Area,Canal,Government,135208.0,Nalgonda
171091,2022-2023,Telangana,36,Suryapet,696.0,Net Irrigated Area,Canal,Private,,Nalgonda
171092,2022-2023,Telangana,36,Suryapet,696.0,Net Irrigated Area,Other Source,Other Source,4850.0,Nalgonda
171093,2022-2023,Telangana,36,Suryapet,696.0,Net Irrigated Area,Tank,Tank,3236.0,Nalgonda
171094,2022-2023,Telangana,36,Suryapet,696.0,Net Irrigated Area,Well,Other Well,15859.0,Nalgonda
171095,2022-2023,Telangana,36,Suryapet,696.0,Net Irrigated Area,Well,Tubewell,53843.0,Nalgonda
171096,2022-2023,Telangana,36,Vikarabad,698.0,Gross Irrigated Area,Canal,Government,1902.0,Ranga Reddy
171097,2022-2023,Telangana,36,Vikarabad,698.0,Gross Irrigated Area,Canal,Private,,Ranga Reddy
171098,2022-2023,Telangana,36,Vikarabad,698.0,Gross Irrigated Area,Other Source,Other Source,,Ranga Reddy
171099,2022-2023,Telangana,36,Vikarabad,698.0,Gross Irrigated Area,Tank,Tank,,Ranga Reddy
171100,2022-2023,Telangana,36,Vikarabad,698.0,Gross Irrigated Area,Well,Other Well,100.0,Ranga Reddy
171101,2022-2023,Telangana,36,Vikarabad,698.0,Gross Irrigated Area,Well,Tubewell,122449.0,Ranga Reddy
171102,2022-2023,Telangana,36,Vikarabad,698.0,Net Irrigated Area,Canal,Government,1122.0,Ranga Reddy
171103,2022-2023,Telangana,36,Vikarabad,698.0,Net Irrigated Area,Canal,Private,,Ranga Reddy
171104,2022-2023,Telangana,36,Vikarabad,698.0,Net Irrigated Area,Other Source,Other Source,,Ranga Reddy
171105,2022-2023,Telangana,36,Vikarabad,698.0,Net Irrigated Area,Tank,Tank,,Ranga Reddy
171106,2022-2023,Telangana,36,Vikarabad,698.0,Net Irrigated Area,Well,Other Well,100.0,Ranga Reddy
171107,2022-2023,Telangana,36,Vikarabad,698.0,Net Irrigated Area,Well,Tubewell,71149.0,Ranga Reddy
171108,2022-2023,Telangana,36,Wanaparthy,693.0,Gross Irrigated Area,Canal,Government,115082.0,Mahabubnagar
171109,2022-2023,Telangana,36,Wanaparthy,693.0,Gross Irrigated Area,Canal,Private,,Mahabubnagar
171110,2022-2023,Telangana,36,Wanaparthy,693.0,Gross Irrigated Area,Other Source,Other Source,2877.0,Mahabubnagar
171111,2022-2023,Telangana,36,Wanaparthy,693.0,Gross Irrigated Area,Tank,Tank,3080.0,Mahabubnagar
171112,2022-2023,Telangana,36,Wanaparthy,693.0,Gross Irrigated Area,Well,Other Well,1999.0,Mahabubnagar
171113,2022-2023,Telangana,36,Wanaparthy,693.0,Gross Irrigated Area,Well,Tubewell,57235.0,Mahabubnagar
171114,2022-2023,Telangana,36,Wanaparthy,693.0,Net Irrigated Area,Canal,Government,75954.0,Mahabubnagar
171115,2022-2023,Telangana,36,Wanaparthy,693.0,Net Irrigated Area,Canal,Private,,Mahabubnagar
171116,2022-2023,Telangana,36,Wanaparthy,693.0,Net Irrigated Area,Other Source,Other Source,263.0,Mahabubnagar
171117,2022-2023,Telangana,36,Wanaparthy,693.0,Net Irrigated Area,Tank,Tank,2094.0,Mahabubnagar
171118,2022-2023,Telangana,36,Wanaparthy,693.0,Net Irrigated Area,Well,Other Well,1458.0,Mahabubnagar
171119,2022-2023,Telangana,36,Wanaparthy,693.0,Net Irrigated Area,Well,Tubewell,37109.0,Mahabubnagar
171120,2022-2023,Telangana,36,Warangal,522.0,Gross Irrigated Area,Canal,Government,41898.0,Warangal
171121,2022-2023,Telangana,36,Warangal,522.0,Gross Irrigated Area,Canal,Private,,Warangal
171122,2022-2023,Telangana,36,Warangal,522.0,Gross Irrigated Area,Other Source,Other Source,366.0,Warangal
171123,2022-2023,Telangana,36,Warangal,522.0,Gross Irrigated Area,Tank,Tank,14614.0,Warangal
171124,2022-2023,Telangana,36,Warangal,522.0,Gross Irrigated Area,Well,Other Well,80655.0,Warangal
171125,2022-2023,Telangana,36,Warangal,522.0,Gross Irrigated Area,Well,Tubewell,56352.0,Warangal
171126,2022-2023,Telangana,36,Warangal,522.0,Net Irrigated Area,Canal,Government,16759.0,Warangal
171127,2022-2023,Telangana,36,Warangal,522.0,Net Irrigated Area,Canal,Private,,Warangal
171128,2022-2023,Telangana,36,Warangal,522.0,Net Irrigated Area,Other Source,Other Source,253.0,Warangal
171129,2022-2023,Telangana,36,Warangal,522.0,Net Irrigated Area,Tank,Tank,9061.0,Warangal
171130,2022-2023,Telangana,36,Warangal,522.0,Net Irrigated Area,Well,Other Well,45133.0,Warangal
171131,2022-2023,Telangana,36,Warangal,522.0,Net Irrigated Area,Well,Tubewell,36283.0,Warangal
171132,2022-2023,Telangana,36,Yadadri Bhuvanagiri,697.0,Gross Irrigated Area,Canal,Government,,Nalgonda
171133,2022-2023,Telangana,36,Yadadri Bhuvanagiri,697.0,Gross Irrigated Area,Canal,Private,,Nalgonda
171134,2022-2023,Telangana,36,Yadadri Bhuvanagiri,697.0,Gross Irrigated Area,Other Source,Other Source,959.0,Nalgonda
171135,2022-2023,Telangana,36,Yadadri Bhuvanagiri,697.0,Gross Irrigated Area,Tank,Tank,9981.0,Nalgonda
171136,2022-2023,Telangana,36,Yadadri Bhuvanagiri,697.0,Gross Irrigated Area,Well,Other Well,20436.0,Nalgonda
171137,2022-2023,Telangana,36,Yadadri Bhuvanagiri,697.0,Gross Irrigated Area,Well,Tubewell,217507.0,Nalgonda
171138,2022-2023,Telangana,36,Yadadri Bhuvanagiri,697.0,Net Irrigated Area,Canal,Government,,Nalgonda
171139,2022-2023,Telangana,36,Yadadri Bhuvanagiri,697.0,Net Irrigated Area,Canal,Private,,Nalgonda
171140,2022-2023,Telangana,36,Yadadri Bhuvanagiri,697.0,Net Irrigated Area,Other Source,Other Source,556.0,Nalgonda
171141,2022-2023,Telangana,36,Yadadri Bhuvanagiri,697.0,Net Irrigated Area,Tank,Tank,6188.0,Nalgonda
171142,2022-2023,Telangana,36,Yadadri Bhuvanagiri,697.0,Net Irrigated Area,Well,Other Well,10899.0,Nalgonda
171143,2022-2023,Telangana,36,Yadadri Bhuvanagiri,697.0,Net Irrigated Area,Well,Tubewell,121278.0,Nalgonda
179652,2023-2024,Telangana,36,Adilabad,501.0,Gross Irrigated Area,Canal,Government,20382.0,Adilabad
179653,2023-2024,Telangana,36,Adilabad,501.0,Gross Irrigated Area,Canal,Private,,Adilabad
179654,2023-2024,Telangana,36,Adilabad,501.0,Gross Irrigated Area,Other Source,Other Source,482.0,Adilabad
179655,2023-2024,Telangana,36,Adilabad,501.0,Gross Irrigated Area,Tank,Tank,2641.0,Adilabad
179656,2023-2024,Telangana,36,Adilabad,501.0,Gross Irrigated Area,Well,Other Well,2.0,Adilabad
179657,2023-2024,Telangana,36,Adilabad,501.0,Gross Irrigated Area,Well,Tubewell,78388.0,Adilabad
179658,2023-2024,Telangana,36,Adilabad,501.0,Net Irrigated Area,Canal,Government,12385.0,Adilabad
179659,2023-2024,Telangana,36,Adilabad,501.0,Net Irrigated Area,Canal,Private,,Adilabad
179660,2023-2024,Telangana,36,Adilabad,501.0,Net Irrigated Area,Other Source,Other Source,482.0,Adilabad
179661,2023-2024,Telangana,36,Adilabad,501.0,Net Irrigated Area,Tank,Tank,2210.0,Adilabad
179662,2023-2024,Telangana,36,Adilabad,501.0,Net Irrigated Area,Well,Other Well,2.0,Adilabad
179663,2023-2024,Telangana,36,Adilabad,501.0,Net Irrigated Area,Well,Tubewell,57065.0,Adilabad
179664,2023-2024,Telangana,36,Bhadradri Kothagudem,690.0,Gross Irrigated Area,Canal,Government,18439.0,Khammam
179665,2023-2024,Telangana,36,Bhadradri Kothagudem,690.0,Gross Irrigated Area,Canal,Private,,Khammam
179666,2023-2024,Telangana,36,Bhadradri Kothagudem,690.0,Gross Irrigated Area,Other Source,Other Source,9266.0,Khammam
179667,2023-2024,Telangana,36,Bhadradri Kothagudem,690.0,Gross Irrigated Area,Tank,Tank,64320.0,Khammam
179668,2023-2024,Telangana,36,Bhadradri Kothagudem,690.0,Gross Irrigated Area,Well,Other Well,1241.0,Khammam
179669,2023-2024,Telangana,36,Bhadradri Kothagudem,690.0,Gross Irrigated Area,Well,Tubewell,59285.0,Khammam
179670,2023-2024,Telangana,36,Bhadradri Kothagudem,690.0,Net Irrigated Area,Canal,Government,14000.0,Khammam
179671,2023-2024,Telangana,36,Bhadradri Kothagudem,690.0,Net Irrigated Area,Canal,Private,,Khammam
179672,2023-2024,Telangana,36,Bhadradri Kothagudem,690.0,Net Irrigated Area,Other Source,Other Source,6241.0,Khammam
179673,2023-2024,Telangana,36,Bhadradri Kothagudem,690.0,Net Irrigated Area,Tank,Tank,55541.0,Khammam
179674,2023-2024,Telangana,36,Bhadradri Kothagudem,690.0,Net Irrigated Area,Well,Other Well,905.0,Khammam
179675,2023-2024,Telangana,36,Bhadradri Kothagudem,690.0,Net Irrigated Area,Well,Tubewell,40529.0,Khammam
179676,2023-2024,Telangana,36,Hanumakonda,686.0,Gross Irrigated Area,Canal,Government,34253.0,Warangal
179677,2023-2024,Telangana,36,Hanumakonda,686.0,Gross Irrigated Area,Canal,Private,,Warangal
179678,2023-2024,Telangana,36,Hanumakonda,686.0,Gross Irrigated Area,Other Source,Other Source,,Warangal
179679,2023-2024,Telangana,36,Hanumakonda,686.0,Gross Irrigated Area,Tank,Tank,10715.0,Warangal
179680,2023-2024,Telangana,36,Hanumakonda,686.0,Gross Irrigated Area,Well,Other Well,84894.0,Warangal
179681,2023-2024,Telangana,36,Hanumakonda,686.0,Gross Irrigated Area,Well,Tubewell,23706.0,Warangal
179859,2023-2024,Telangana,36,Mulugu,720.0,Gross Irrigated Area,Tank,Tank,17209.0,Warangal
179682,2023-2024,Telangana,36,Hanumakonda,686.0,Net Irrigated Area,Canal,Government,19233.0,Warangal
179683,2023-2024,Telangana,36,Hanumakonda,686.0,Net Irrigated Area,Canal,Private,,Warangal
179684,2023-2024,Telangana,36,Hanumakonda,686.0,Net Irrigated Area,Other Source,Other Source,,Warangal
179685,2023-2024,Telangana,36,Hanumakonda,686.0,Net Irrigated Area,Tank,Tank,8656.0,Warangal
179686,2023-2024,Telangana,36,Hanumakonda,686.0,Net Irrigated Area,Well,Other Well,47253.0,Warangal
179687,2023-2024,Telangana,36,Hanumakonda,686.0,Net Irrigated Area,Well,Tubewell,12345.0,Warangal
179688,2023-2024,Telangana,36,Hyderabad,507.0,Gross Irrigated Area,Canal,Government,,Hyderabad
179689,2023-2024,Telangana,36,Hyderabad,507.0,Gross Irrigated Area,Canal,Private,,Hyderabad
179690,2023-2024,Telangana,36,Hyderabad,507.0,Gross Irrigated Area,Other Source,Other Source,,Hyderabad
179691,2023-2024,Telangana,36,Hyderabad,507.0,Gross Irrigated Area,Tank,Tank,,Hyderabad
179692,2023-2024,Telangana,36,Hyderabad,507.0,Gross Irrigated Area,Well,Other Well,,Hyderabad
179693,2023-2024,Telangana,36,Hyderabad,507.0,Gross Irrigated Area,Well,Tubewell,,Hyderabad
179694,2023-2024,Telangana,36,Hyderabad,507.0,Net Irrigated Area,Canal,Government,,Hyderabad
179695,2023-2024,Telangana,36,Hyderabad,507.0,Net Irrigated Area,Canal,Private,,Hyderabad
179696,2023-2024,Telangana,36,Hyderabad,507.0,Net Irrigated Area,Other Source,Other Source,,Hyderabad
179697,2023-2024,Telangana,36,Hyderabad,507.0,Net Irrigated Area,Tank,Tank,,Hyderabad
179698,2023-2024,Telangana,36,Hyderabad,507.0,Net Irrigated Area,Well,Other Well,,Hyderabad
179699,2023-2024,Telangana,36,Hyderabad,507.0,Net Irrigated Area,Well,Tubewell,,Hyderabad
179700,2023-2024,Telangana,36,Jagitial,681.0,Gross Irrigated Area,Canal,Government,90022.0,Karimnagar
179701,2023-2024,Telangana,36,Jagitial,681.0,Gross Irrigated Area,Canal,Private,,Karimnagar
179702,2023-2024,Telangana,36,Jagitial,681.0,Gross Irrigated Area,Other Source,Other Source,,Karimnagar
179703,2023-2024,Telangana,36,Jagitial,681.0,Gross Irrigated Area,Tank,Tank,27715.0,Karimnagar
179704,2023-2024,Telangana,36,Jagitial,681.0,Gross Irrigated Area,Well,Other Well,132716.0,Karimnagar
179705,2023-2024,Telangana,36,Jagitial,681.0,Gross Irrigated Area,Well,Tubewell,52167.0,Karimnagar
179706,2023-2024,Telangana,36,Jagitial,681.0,Net Irrigated Area,Canal,Government,47712.0,Karimnagar
179707,2023-2024,Telangana,36,Jagitial,681.0,Net Irrigated Area,Canal,Private,,Karimnagar
179708,2023-2024,Telangana,36,Jagitial,681.0,Net Irrigated Area,Other Source,Other Source,,Karimnagar
179709,2023-2024,Telangana,36,Jagitial,681.0,Net Irrigated Area,Tank,Tank,15530.0,Karimnagar
179710,2023-2024,Telangana,36,Jagitial,681.0,Net Irrigated Area,Well,Other Well,73908.0,Karimnagar
179711,2023-2024,Telangana,36,Jagitial,681.0,Net Irrigated Area,Well,Tubewell,26392.0,Karimnagar
179712,2023-2024,Telangana,36,Jangoan,689.0,Gross Irrigated Area,Canal,Government,3161.0,Warangal
179713,2023-2024,Telangana,36,Jangoan,689.0,Gross Irrigated Area,Canal,Private,,Warangal
179714,2023-2024,Telangana,36,Jangoan,689.0,Gross Irrigated Area,Other Source,Other Source,,Warangal
179715,2023-2024,Telangana,36,Jangoan,689.0,Gross Irrigated Area,Tank,Tank,11754.0,Warangal
179716,2023-2024,Telangana,36,Jangoan,689.0,Gross Irrigated Area,Well,Other Well,15807.0,Warangal
179717,2023-2024,Telangana,36,Jangoan,689.0,Gross Irrigated Area,Well,Tubewell,139010.0,Warangal
179718,2023-2024,Telangana,36,Jangoan,689.0,Net Irrigated Area,Canal,Government,1695.0,Warangal
179719,2023-2024,Telangana,36,Jangoan,689.0,Net Irrigated Area,Canal,Private,,Warangal
179720,2023-2024,Telangana,36,Jangoan,689.0,Net Irrigated Area,Other Source,Other Source,,Warangal
179721,2023-2024,Telangana,36,Jangoan,689.0,Net Irrigated Area,Tank,Tank,9637.0,Warangal
179722,2023-2024,Telangana,36,Jangoan,689.0,Net Irrigated Area,Well,Other Well,9178.0,Warangal
179723,2023-2024,Telangana,36,Jangoan,689.0,Net Irrigated Area,Well,Tubewell,78092.0,Warangal
179724,2023-2024,Telangana,36,Jayashankar Bhupalapally,687.0,Gross Irrigated Area,Canal,Government,3013.0,Warangal
179725,2023-2024,Telangana,36,Jayashankar Bhupalapally,687.0,Gross Irrigated Area,Canal,Private,,Warangal
179726,2023-2024,Telangana,36,Jayashankar Bhupalapally,687.0,Gross Irrigated Area,Other Source,Other Source,2233.0,Warangal
179727,2023-2024,Telangana,36,Jayashankar Bhupalapally,687.0,Gross Irrigated Area,Tank,Tank,32589.0,Warangal
179728,2023-2024,Telangana,36,Jayashankar Bhupalapally,687.0,Gross Irrigated Area,Well,Other Well,25076.0,Warangal
179729,2023-2024,Telangana,36,Jayashankar Bhupalapally,687.0,Gross Irrigated Area,Well,Tubewell,46171.0,Warangal
179730,2023-2024,Telangana,36,Jayashankar Bhupalapally,687.0,Net Irrigated Area,Canal,Government,1588.0,Warangal
179731,2023-2024,Telangana,36,Jayashankar Bhupalapally,687.0,Net Irrigated Area,Canal,Private,,Warangal
179732,2023-2024,Telangana,36,Jayashankar Bhupalapally,687.0,Net Irrigated Area,Other Source,Other Source,1541.0,Warangal
179733,2023-2024,Telangana,36,Jayashankar Bhupalapally,687.0,Net Irrigated Area,Tank,Tank,21013.0,Warangal
179734,2023-2024,Telangana,36,Jayashankar Bhupalapally,687.0,Net Irrigated Area,Well,Other Well,16390.0,Warangal
179735,2023-2024,Telangana,36,Jayashankar Bhupalapally,687.0,Net Irrigated Area,Well,Tubewell,27186.0,Warangal
179736,2023-2024,Telangana,36,Jogulamba Gadwal,695.0,Gross Irrigated Area,Canal,Government,78411.0,Mahabubnagar
179737,2023-2024,Telangana,36,Jogulamba Gadwal,695.0,Gross Irrigated Area,Canal,Private,,Mahabubnagar
179738,2023-2024,Telangana,36,Jogulamba Gadwal,695.0,Gross Irrigated Area,Other Source,Other Source,9842.0,Mahabubnagar
179739,2023-2024,Telangana,36,Jogulamba Gadwal,695.0,Gross Irrigated Area,Tank,Tank,952.0,Mahabubnagar
179740,2023-2024,Telangana,36,Jogulamba Gadwal,695.0,Gross Irrigated Area,Well,Other Well,1570.0,Mahabubnagar
179741,2023-2024,Telangana,36,Jogulamba Gadwal,695.0,Gross Irrigated Area,Well,Tubewell,77596.0,Mahabubnagar
179742,2023-2024,Telangana,36,Jogulamba Gadwal,695.0,Net Irrigated Area,Canal,Government,78411.0,Mahabubnagar
179743,2023-2024,Telangana,36,Jogulamba Gadwal,695.0,Net Irrigated Area,Canal,Private,,Mahabubnagar
179744,2023-2024,Telangana,36,Jogulamba Gadwal,695.0,Net Irrigated Area,Other Source,Other Source,6447.0,Mahabubnagar
179745,2023-2024,Telangana,36,Jogulamba Gadwal,695.0,Net Irrigated Area,Tank,Tank,864.0,Mahabubnagar
179746,2023-2024,Telangana,36,Jogulamba Gadwal,695.0,Net Irrigated Area,Well,Other Well,1148.0,Mahabubnagar
179747,2023-2024,Telangana,36,Jogulamba Gadwal,695.0,Net Irrigated Area,Well,Tubewell,40158.0,Mahabubnagar
179748,2023-2024,Telangana,36,Kamareddy,685.0,Gross Irrigated Area,Canal,Government,33943.0,Nizamabad
179749,2023-2024,Telangana,36,Kamareddy,685.0,Gross Irrigated Area,Canal,Private,,Nizamabad
179750,2023-2024,Telangana,36,Kamareddy,685.0,Gross Irrigated Area,Other Source,Other Source,4144.0,Nizamabad
179751,2023-2024,Telangana,36,Kamareddy,685.0,Gross Irrigated Area,Tank,Tank,40005.0,Nizamabad
179752,2023-2024,Telangana,36,Kamareddy,685.0,Gross Irrigated Area,Well,Other Well,1218.0,Nizamabad
179753,2023-2024,Telangana,36,Kamareddy,685.0,Gross Irrigated Area,Well,Tubewell,191479.0,Nizamabad
179754,2023-2024,Telangana,36,Kamareddy,685.0,Net Irrigated Area,Canal,Government,17221.0,Nizamabad
179755,2023-2024,Telangana,36,Kamareddy,685.0,Net Irrigated Area,Canal,Private,,Nizamabad
179756,2023-2024,Telangana,36,Kamareddy,685.0,Net Irrigated Area,Other Source,Other Source,2311.0,Nizamabad
179757,2023-2024,Telangana,36,Kamareddy,685.0,Net Irrigated Area,Tank,Tank,23655.0,Nizamabad
179758,2023-2024,Telangana,36,Kamareddy,685.0,Net Irrigated Area,Well,Other Well,1218.0,Nizamabad
179759,2023-2024,Telangana,36,Kamareddy,685.0,Net Irrigated Area,Well,Tubewell,102744.0,Nizamabad
179760,2023-2024,Telangana,36,Karimnagar,508.0,Gross Irrigated Area,Canal,Government,104106.0,Karimnagar
179761,2023-2024,Telangana,36,Karimnagar,508.0,Gross Irrigated Area,Canal,Private,,Karimnagar
179762,2023-2024,Telangana,36,Karimnagar,508.0,Gross Irrigated Area,Other Source,Other Source,7.0,Karimnagar
179763,2023-2024,Telangana,36,Karimnagar,508.0,Gross Irrigated Area,Tank,Tank,24187.0,Karimnagar
179764,2023-2024,Telangana,36,Karimnagar,508.0,Gross Irrigated Area,Well,Other Well,106728.0,Karimnagar
179765,2023-2024,Telangana,36,Karimnagar,508.0,Gross Irrigated Area,Well,Tubewell,10299.0,Karimnagar
179766,2023-2024,Telangana,36,Karimnagar,508.0,Net Irrigated Area,Canal,Government,52697.0,Karimnagar
179767,2023-2024,Telangana,36,Karimnagar,508.0,Net Irrigated Area,Canal,Private,,Karimnagar
179768,2023-2024,Telangana,36,Karimnagar,508.0,Net Irrigated Area,Other Source,Other Source,7.0,Karimnagar
179769,2023-2024,Telangana,36,Karimnagar,508.0,Net Irrigated Area,Tank,Tank,13534.0,Karimnagar
179770,2023-2024,Telangana,36,Karimnagar,508.0,Net Irrigated Area,Well,Other Well,55963.0,Karimnagar
179771,2023-2024,Telangana,36,Karimnagar,508.0,Net Irrigated Area,Well,Tubewell,5155.0,Karimnagar
179772,2023-2024,Telangana,36,Khammam,509.0,Gross Irrigated Area,Canal,Government,86879.0,Khammam
179773,2023-2024,Telangana,36,Khammam,509.0,Gross Irrigated Area,Canal,Private,,Khammam
179774,2023-2024,Telangana,36,Khammam,509.0,Gross Irrigated Area,Other Source,Other Source,2733.0,Khammam
179775,2023-2024,Telangana,36,Khammam,509.0,Gross Irrigated Area,Tank,Tank,13701.0,Khammam
179776,2023-2024,Telangana,36,Khammam,509.0,Gross Irrigated Area,Well,Other Well,50849.0,Khammam
179777,2023-2024,Telangana,36,Khammam,509.0,Gross Irrigated Area,Well,Tubewell,111617.0,Khammam
179778,2023-2024,Telangana,36,Khammam,509.0,Net Irrigated Area,Canal,Government,81193.0,Khammam
179779,2023-2024,Telangana,36,Khammam,509.0,Net Irrigated Area,Canal,Private,,Khammam
179780,2023-2024,Telangana,36,Khammam,509.0,Net Irrigated Area,Other Source,Other Source,2058.0,Khammam
179781,2023-2024,Telangana,36,Khammam,509.0,Net Irrigated Area,Tank,Tank,12567.0,Khammam
179782,2023-2024,Telangana,36,Khammam,509.0,Net Irrigated Area,Well,Other Well,27890.0,Khammam
179783,2023-2024,Telangana,36,Khammam,509.0,Net Irrigated Area,Well,Tubewell,62960.0,Khammam
179784,2023-2024,Telangana,36,Kumuram Bheem Asifabad,699.0,Gross Irrigated Area,Canal,Government,8046.0,Adilabad
179785,2023-2024,Telangana,36,Kumuram Bheem Asifabad,699.0,Gross Irrigated Area,Canal,Private,,Adilabad
179786,2023-2024,Telangana,36,Kumuram Bheem Asifabad,699.0,Gross Irrigated Area,Other Source,Other Source,2264.0,Adilabad
179787,2023-2024,Telangana,36,Kumuram Bheem Asifabad,699.0,Gross Irrigated Area,Tank,Tank,12490.0,Adilabad
179788,2023-2024,Telangana,36,Kumuram Bheem Asifabad,699.0,Gross Irrigated Area,Well,Other Well,2249.0,Adilabad
179789,2023-2024,Telangana,36,Kumuram Bheem Asifabad,699.0,Gross Irrigated Area,Well,Tubewell,11714.0,Adilabad
179790,2023-2024,Telangana,36,Kumuram Bheem Asifabad,699.0,Net Irrigated Area,Canal,Government,5524.0,Adilabad
179791,2023-2024,Telangana,36,Kumuram Bheem Asifabad,699.0,Net Irrigated Area,Canal,Private,,Adilabad
179792,2023-2024,Telangana,36,Kumuram Bheem Asifabad,699.0,Net Irrigated Area,Other Source,Other Source,1898.0,Adilabad
179793,2023-2024,Telangana,36,Kumuram Bheem Asifabad,699.0,Net Irrigated Area,Tank,Tank,10660.0,Adilabad
179794,2023-2024,Telangana,36,Kumuram Bheem Asifabad,699.0,Net Irrigated Area,Well,Other Well,1129.0,Adilabad
179795,2023-2024,Telangana,36,Kumuram Bheem Asifabad,699.0,Net Irrigated Area,Well,Tubewell,6162.0,Adilabad
179796,2023-2024,Telangana,36,Mahabubabad,688.0,Gross Irrigated Area,Canal,Government,49672.0,Warangal
179797,2023-2024,Telangana,36,Mahabubabad,688.0,Gross Irrigated Area,Canal,Private,,Warangal
179798,2023-2024,Telangana,36,Mahabubabad,688.0,Gross Irrigated Area,Other Source,Other Source,2869.0,Warangal
179799,2023-2024,Telangana,36,Mahabubabad,688.0,Gross Irrigated Area,Tank,Tank,39686.0,Warangal
179800,2023-2024,Telangana,36,Mahabubabad,688.0,Gross Irrigated Area,Well,Other Well,73292.0,Warangal
179801,2023-2024,Telangana,36,Mahabubabad,688.0,Gross Irrigated Area,Well,Tubewell,30719.0,Warangal
179802,2023-2024,Telangana,36,Mahabubabad,688.0,Net Irrigated Area,Canal,Government,30934.0,Warangal
179803,2023-2024,Telangana,36,Mahabubabad,688.0,Net Irrigated Area,Canal,Private,,Warangal
179804,2023-2024,Telangana,36,Mahabubabad,688.0,Net Irrigated Area,Other Source,Other Source,2456.0,Warangal
179805,2023-2024,Telangana,36,Mahabubabad,688.0,Net Irrigated Area,Tank,Tank,27103.0,Warangal
179806,2023-2024,Telangana,36,Mahabubabad,688.0,Net Irrigated Area,Well,Other Well,48760.0,Warangal
179807,2023-2024,Telangana,36,Mahabubabad,688.0,Net Irrigated Area,Well,Tubewell,18818.0,Warangal
179808,2023-2024,Telangana,36,Mahabubnagar,512.0,Gross Irrigated Area,Canal,Government,24543.0,Mahabubnagar
179809,2023-2024,Telangana,36,Mahabubnagar,512.0,Gross Irrigated Area,Canal,Private,,Mahabubnagar
179810,2023-2024,Telangana,36,Mahabubnagar,512.0,Gross Irrigated Area,Other Source,Other Source,,Mahabubnagar
179811,2023-2024,Telangana,36,Mahabubnagar,512.0,Gross Irrigated Area,Tank,Tank,1267.0,Mahabubnagar
179812,2023-2024,Telangana,36,Mahabubnagar,512.0,Gross Irrigated Area,Well,Other Well,,Mahabubnagar
179813,2023-2024,Telangana,36,Mahabubnagar,512.0,Gross Irrigated Area,Well,Tubewell,124925.0,Mahabubnagar
179814,2023-2024,Telangana,36,Mahabubnagar,512.0,Net Irrigated Area,Canal,Government,18959.0,Mahabubnagar
179815,2023-2024,Telangana,36,Mahabubnagar,512.0,Net Irrigated Area,Canal,Private,,Mahabubnagar
179816,2023-2024,Telangana,36,Mahabubnagar,512.0,Net Irrigated Area,Other Source,Other Source,,Mahabubnagar
179817,2023-2024,Telangana,36,Mahabubnagar,512.0,Net Irrigated Area,Tank,Tank,1144.0,Mahabubnagar
179818,2023-2024,Telangana,36,Mahabubnagar,512.0,Net Irrigated Area,Well,Other Well,,Mahabubnagar
179819,2023-2024,Telangana,36,Mahabubnagar,512.0,Net Irrigated Area,Well,Tubewell,75992.0,Mahabubnagar
179820,2023-2024,Telangana,36,Mancherial,684.0,Gross Irrigated Area,Canal,Government,31870.0,Adilabad
179821,2023-2024,Telangana,36,Mancherial,684.0,Gross Irrigated Area,Canal,Private,,Adilabad
179822,2023-2024,Telangana,36,Mancherial,684.0,Gross Irrigated Area,Other Source,Other Source,5808.0,Adilabad
179823,2023-2024,Telangana,36,Mancherial,684.0,Gross Irrigated Area,Tank,Tank,16542.0,Adilabad
179824,2023-2024,Telangana,36,Mancherial,684.0,Gross Irrigated Area,Well,Other Well,19895.0,Adilabad
179825,2023-2024,Telangana,36,Mancherial,684.0,Gross Irrigated Area,Well,Tubewell,41462.0,Adilabad
179826,2023-2024,Telangana,36,Mancherial,684.0,Net Irrigated Area,Canal,Government,25147.0,Adilabad
179827,2023-2024,Telangana,36,Mancherial,684.0,Net Irrigated Area,Canal,Private,,Adilabad
179828,2023-2024,Telangana,36,Mancherial,684.0,Net Irrigated Area,Other Source,Other Source,5171.0,Adilabad
179829,2023-2024,Telangana,36,Mancherial,684.0,Net Irrigated Area,Tank,Tank,14386.0,Adilabad
179830,2023-2024,Telangana,36,Mancherial,684.0,Net Irrigated Area,Well,Other Well,11055.0,Adilabad
179831,2023-2024,Telangana,36,Mancherial,684.0,Net Irrigated Area,Well,Tubewell,22055.0,Adilabad
179832,2023-2024,Telangana,36,Medak,513.0,Gross Irrigated Area,Canal,Government,17834.0,Medak
179833,2023-2024,Telangana,36,Medak,513.0,Gross Irrigated Area,Canal,Private,,Medak
179834,2023-2024,Telangana,36,Medak,513.0,Gross Irrigated Area,Other Source,Other Source,10245.0,Medak
179835,2023-2024,Telangana,36,Medak,513.0,Gross Irrigated Area,Tank,Tank,33252.0,Medak
179836,2023-2024,Telangana,36,Medak,513.0,Gross Irrigated Area,Well,Other Well,,Medak
179837,2023-2024,Telangana,36,Medak,513.0,Gross Irrigated Area,Well,Tubewell,174093.0,Medak
179838,2023-2024,Telangana,36,Medak,513.0,Net Irrigated Area,Canal,Government,9084.0,Medak
179839,2023-2024,Telangana,36,Medak,513.0,Net Irrigated Area,Canal,Private,,Medak
179840,2023-2024,Telangana,36,Medak,513.0,Net Irrigated Area,Other Source,Other Source,5132.0,Medak
179841,2023-2024,Telangana,36,Medak,513.0,Net Irrigated Area,Tank,Tank,19107.0,Medak
179842,2023-2024,Telangana,36,Medak,513.0,Net Irrigated Area,Well,Other Well,,Medak
179843,2023-2024,Telangana,36,Medak,513.0,Net Irrigated Area,Well,Tubewell,90642.0,Medak
179844,2023-2024,Telangana,36,Medchal Malkajgiri,700.0,Gross Irrigated Area,Canal,Government,,Ranga Reddy
179845,2023-2024,Telangana,36,Medchal Malkajgiri,700.0,Gross Irrigated Area,Canal,Private,,Ranga Reddy
179846,2023-2024,Telangana,36,Medchal Malkajgiri,700.0,Gross Irrigated Area,Other Source,Other Source,632.0,Ranga Reddy
179847,2023-2024,Telangana,36,Medchal Malkajgiri,700.0,Gross Irrigated Area,Tank,Tank,1732.0,Ranga Reddy
179848,2023-2024,Telangana,36,Medchal Malkajgiri,700.0,Gross Irrigated Area,Well,Other Well,,Ranga Reddy
179849,2023-2024,Telangana,36,Medchal Malkajgiri,700.0,Gross Irrigated Area,Well,Tubewell,15040.0,Ranga Reddy
179850,2023-2024,Telangana,36,Medchal Malkajgiri,700.0,Net Irrigated Area,Canal,Government,,Ranga Reddy
179851,2023-2024,Telangana,36,Medchal Malkajgiri,700.0,Net Irrigated Area,Canal,Private,,Ranga Reddy
179852,2023-2024,Telangana,36,Medchal Malkajgiri,700.0,Net Irrigated Area,Other Source,Other Source,632.0,Ranga Reddy
179853,2023-2024,Telangana,36,Medchal Malkajgiri,700.0,Net Irrigated Area,Tank,Tank,886.0,Ranga Reddy
179854,2023-2024,Telangana,36,Medchal Malkajgiri,700.0,Net Irrigated Area,Well,Other Well,,Ranga Reddy
179855,2023-2024,Telangana,36,Medchal Malkajgiri,700.0,Net Irrigated Area,Well,Tubewell,9469.0,Ranga Reddy
179856,2023-2024,Telangana,36,Mulugu,720.0,Gross Irrigated Area,Canal,Government,11974.0,Warangal
179857,2023-2024,Telangana,36,Mulugu,720.0,Gross Irrigated Area,Canal,Private,,Warangal
179858,2023-2024,Telangana,36,Mulugu,720.0,Gross Irrigated Area,Other Source,Other Source,1961.0,Warangal
179860,2023-2024,Telangana,36,Mulugu,720.0,Gross Irrigated Area,Well,Other Well,4242.0,Warangal
179861,2023-2024,Telangana,36,Mulugu,720.0,Gross Irrigated Area,Well,Tubewell,38705.0,Warangal
179862,2023-2024,Telangana,36,Mulugu,720.0,Net Irrigated Area,Canal,Government,7696.0,Warangal
179863,2023-2024,Telangana,36,Mulugu,720.0,Net Irrigated Area,Canal,Private,,Warangal
179864,2023-2024,Telangana,36,Mulugu,720.0,Net Irrigated Area,Other Source,Other Source,1199.0,Warangal
179865,2023-2024,Telangana,36,Mulugu,720.0,Net Irrigated Area,Tank,Tank,13509.0,Warangal
179866,2023-2024,Telangana,36,Mulugu,720.0,Net Irrigated Area,Well,Other Well,2929.0,Warangal
179867,2023-2024,Telangana,36,Mulugu,720.0,Net Irrigated Area,Well,Tubewell,1186.0,Warangal
179868,2023-2024,Telangana,36,Nagarkurnool,694.0,Gross Irrigated Area,Canal,Government,112701.0,Mahabubnagar
179869,2023-2024,Telangana,36,Nagarkurnool,694.0,Gross Irrigated Area,Canal,Private,,Mahabubnagar
179870,2023-2024,Telangana,36,Nagarkurnool,694.0,Gross Irrigated Area,Other Source,Other Source,438.0,Mahabubnagar
179871,2023-2024,Telangana,36,Nagarkurnool,694.0,Gross Irrigated Area,Tank,Tank,2708.0,Mahabubnagar
179872,2023-2024,Telangana,36,Nagarkurnool,694.0,Gross Irrigated Area,Well,Other Well,267.0,Mahabubnagar
179873,2023-2024,Telangana,36,Nagarkurnool,694.0,Gross Irrigated Area,Well,Tubewell,160237.0,Mahabubnagar
179874,2023-2024,Telangana,36,Nagarkurnool,694.0,Net Irrigated Area,Canal,Government,104607.0,Mahabubnagar
179875,2023-2024,Telangana,36,Nagarkurnool,694.0,Net Irrigated Area,Canal,Private,,Mahabubnagar
179876,2023-2024,Telangana,36,Nagarkurnool,694.0,Net Irrigated Area,Other Source,Other Source,219.0,Mahabubnagar
179877,2023-2024,Telangana,36,Nagarkurnool,694.0,Net Irrigated Area,Tank,Tank,2183.0,Mahabubnagar
179878,2023-2024,Telangana,36,Nagarkurnool,694.0,Net Irrigated Area,Well,Other Well,146.0,Mahabubnagar
179879,2023-2024,Telangana,36,Nagarkurnool,694.0,Net Irrigated Area,Well,Tubewell,95435.0,Mahabubnagar
179880,2023-2024,Telangana,36,Nalgonda,514.0,Gross Irrigated Area,Canal,Government,46983.0,Nalgonda
179881,2023-2024,Telangana,36,Nalgonda,514.0,Gross Irrigated Area,Canal,Private,,Nalgonda
179882,2023-2024,Telangana,36,Nalgonda,514.0,Gross Irrigated Area,Other Source,Other Source,3562.0,Nalgonda
179883,2023-2024,Telangana,36,Nalgonda,514.0,Gross Irrigated Area,Tank,Tank,6392.0,Nalgonda
179884,2023-2024,Telangana,36,Nalgonda,514.0,Gross Irrigated Area,Well,Other Well,3097.0,Nalgonda
179885,2023-2024,Telangana,36,Nalgonda,514.0,Gross Irrigated Area,Well,Tubewell,373852.0,Nalgonda
179886,2023-2024,Telangana,36,Nalgonda,514.0,Net Irrigated Area,Canal,Government,30120.0,Nalgonda
179887,2023-2024,Telangana,36,Nalgonda,514.0,Net Irrigated Area,Canal,Private,,Nalgonda
179888,2023-2024,Telangana,36,Nalgonda,514.0,Net Irrigated Area,Other Source,Other Source,2297.0,Nalgonda
179889,2023-2024,Telangana,36,Nalgonda,514.0,Net Irrigated Area,Tank,Tank,4335.0,Nalgonda
179890,2023-2024,Telangana,36,Nalgonda,514.0,Net Irrigated Area,Well,Other Well,2641.0,Nalgonda
179891,2023-2024,Telangana,36,Nalgonda,514.0,Net Irrigated Area,Well,Tubewell,207488.0,Nalgonda
179892,2023-2024,Telangana,36,Narayanpet,721.0,Gross Irrigated Area,Canal,Government,11847.0,Mahabubnagar
179893,2023-2024,Telangana,36,Narayanpet,721.0,Gross Irrigated Area,Canal,Private,,Mahabubnagar
179894,2023-2024,Telangana,36,Narayanpet,721.0,Gross Irrigated Area,Other Source,Other Source,3612.0,Mahabubnagar
179895,2023-2024,Telangana,36,Narayanpet,721.0,Gross Irrigated Area,Tank,Tank,4098.0,Mahabubnagar
179896,2023-2024,Telangana,36,Narayanpet,721.0,Gross Irrigated Area,Well,Other Well,,Mahabubnagar
179897,2023-2024,Telangana,36,Narayanpet,721.0,Gross Irrigated Area,Well,Tubewell,101513.0,Mahabubnagar
179898,2023-2024,Telangana,36,Narayanpet,721.0,Net Irrigated Area,Canal,Government,8729.0,Mahabubnagar
179899,2023-2024,Telangana,36,Narayanpet,721.0,Net Irrigated Area,Canal,Private,,Mahabubnagar
179900,2023-2024,Telangana,36,Narayanpet,721.0,Net Irrigated Area,Other Source,Other Source,2817.0,Mahabubnagar
179901,2023-2024,Telangana,36,Narayanpet,721.0,Net Irrigated Area,Tank,Tank,2627.0,Mahabubnagar
179902,2023-2024,Telangana,36,Narayanpet,721.0,Net Irrigated Area,Well,Other Well,,Mahabubnagar
179903,2023-2024,Telangana,36,Narayanpet,721.0,Net Irrigated Area,Well,Tubewell,55853.0,Mahabubnagar
179904,2023-2024,Telangana,36,Nirmal,680.0,Gross Irrigated Area,Canal,Government,25456.0,Adilabad
179905,2023-2024,Telangana,36,Nirmal,680.0,Gross Irrigated Area,Canal,Private,,Adilabad
179906,2023-2024,Telangana,36,Nirmal,680.0,Gross Irrigated Area,Other Source,Other Source,1112.0,Adilabad
179907,2023-2024,Telangana,36,Nirmal,680.0,Gross Irrigated Area,Tank,Tank,24083.0,Adilabad
179908,2023-2024,Telangana,36,Nirmal,680.0,Gross Irrigated Area,Well,Other Well,29208.0,Adilabad
179909,2023-2024,Telangana,36,Nirmal,680.0,Gross Irrigated Area,Well,Tubewell,123700.0,Adilabad
179910,2023-2024,Telangana,36,Nirmal,680.0,Net Irrigated Area,Canal,Government,12966.0,Adilabad
179911,2023-2024,Telangana,36,Nirmal,680.0,Net Irrigated Area,Canal,Private,,Adilabad
179912,2023-2024,Telangana,36,Nirmal,680.0,Net Irrigated Area,Other Source,Other Source,598.0,Adilabad
179913,2023-2024,Telangana,36,Nirmal,680.0,Net Irrigated Area,Tank,Tank,14888.0,Adilabad
179914,2023-2024,Telangana,36,Nirmal,680.0,Net Irrigated Area,Well,Other Well,16385.0,Adilabad
179915,2023-2024,Telangana,36,Nirmal,680.0,Net Irrigated Area,Well,Tubewell,84875.0,Adilabad
179916,2023-2024,Telangana,36,Nizamabad,516.0,Gross Irrigated Area,Canal,Government,128107.0,Nizamabad
179917,2023-2024,Telangana,36,Nizamabad,516.0,Gross Irrigated Area,Canal,Private,,Nizamabad
179918,2023-2024,Telangana,36,Nizamabad,516.0,Gross Irrigated Area,Other Source,Other Source,11115.0,Nizamabad
179919,2023-2024,Telangana,36,Nizamabad,516.0,Gross Irrigated Area,Tank,Tank,13666.0,Nizamabad
179920,2023-2024,Telangana,36,Nizamabad,516.0,Gross Irrigated Area,Well,Other Well,76.0,Nizamabad
179921,2023-2024,Telangana,36,Nizamabad,516.0,Gross Irrigated Area,Well,Tubewell,255534.0,Nizamabad
179922,2023-2024,Telangana,36,Nizamabad,516.0,Net Irrigated Area,Canal,Government,64386.0,Nizamabad
179923,2023-2024,Telangana,36,Nizamabad,516.0,Net Irrigated Area,Canal,Private,,Nizamabad
179924,2023-2024,Telangana,36,Nizamabad,516.0,Net Irrigated Area,Other Source,Other Source,5874.0,Nizamabad
179925,2023-2024,Telangana,36,Nizamabad,516.0,Net Irrigated Area,Tank,Tank,7210.0,Nizamabad
179926,2023-2024,Telangana,36,Nizamabad,516.0,Net Irrigated Area,Well,Other Well,40.0,Nizamabad
179927,2023-2024,Telangana,36,Nizamabad,516.0,Net Irrigated Area,Well,Tubewell,131113.0,Nizamabad
179928,2023-2024,Telangana,36,Peddapalli,682.0,Gross Irrigated Area,Canal,Government,111149.0,Karimnagar
179929,2023-2024,Telangana,36,Peddapalli,682.0,Gross Irrigated Area,Canal,Private,,Karimnagar
179930,2023-2024,Telangana,36,Peddapalli,682.0,Gross Irrigated Area,Other Source,Other Source,629.0,Karimnagar
179931,2023-2024,Telangana,36,Peddapalli,682.0,Gross Irrigated Area,Tank,Tank,30073.0,Karimnagar
179932,2023-2024,Telangana,36,Peddapalli,682.0,Gross Irrigated Area,Well,Other Well,37964.0,Karimnagar
179933,2023-2024,Telangana,36,Peddapalli,682.0,Gross Irrigated Area,Well,Tubewell,13503.0,Karimnagar
179934,2023-2024,Telangana,36,Peddapalli,682.0,Net Irrigated Area,Canal,Government,60551.0,Karimnagar
179935,2023-2024,Telangana,36,Peddapalli,682.0,Net Irrigated Area,Canal,Private,,Karimnagar
179936,2023-2024,Telangana,36,Peddapalli,682.0,Net Irrigated Area,Other Source,Other Source,527.0,Karimnagar
179937,2023-2024,Telangana,36,Peddapalli,682.0,Net Irrigated Area,Tank,Tank,17262.0,Karimnagar
179938,2023-2024,Telangana,36,Peddapalli,682.0,Net Irrigated Area,Well,Other Well,21123.0,Karimnagar
179939,2023-2024,Telangana,36,Peddapalli,682.0,Net Irrigated Area,Well,Tubewell,6848.0,Karimnagar
179940,2023-2024,Telangana,36,Rajanna Sircilla,683.0,Gross Irrigated Area,Canal,Government,6024.0,Karimnagar
179941,2023-2024,Telangana,36,Rajanna Sircilla,683.0,Gross Irrigated Area,Canal,Private,,Karimnagar
179942,2023-2024,Telangana,36,Rajanna Sircilla,683.0,Gross Irrigated Area,Other Source,Other Source,,Karimnagar
179943,2023-2024,Telangana,36,Rajanna Sircilla,683.0,Gross Irrigated Area,Tank,Tank,8081.0,Karimnagar
179944,2023-2024,Telangana,36,Rajanna Sircilla,683.0,Gross Irrigated Area,Well,Other Well,43323.0,Karimnagar
179945,2023-2024,Telangana,36,Rajanna Sircilla,683.0,Gross Irrigated Area,Well,Tubewell,93867.0,Karimnagar
179946,2023-2024,Telangana,36,Rajanna Sircilla,683.0,Net Irrigated Area,Canal,Government,4134.0,Karimnagar
179947,2023-2024,Telangana,36,Rajanna Sircilla,683.0,Net Irrigated Area,Canal,Private,,Karimnagar
179948,2023-2024,Telangana,36,Rajanna Sircilla,683.0,Net Irrigated Area,Other Source,Other Source,,Karimnagar
179949,2023-2024,Telangana,36,Rajanna Sircilla,683.0,Net Irrigated Area,Tank,Tank,6962.0,Karimnagar
179950,2023-2024,Telangana,36,Rajanna Sircilla,683.0,Net Irrigated Area,Well,Other Well,26888.0,Karimnagar
179951,2023-2024,Telangana,36,Rajanna Sircilla,683.0,Net Irrigated Area,Well,Tubewell,49154.0,Karimnagar
179952,2023-2024,Telangana,36,Ranga Reddy,518.0,Gross Irrigated Area,Canal,Government,,Ranga Reddy
179953,2023-2024,Telangana,36,Ranga Reddy,518.0,Gross Irrigated Area,Canal,Private,,Ranga Reddy
179954,2023-2024,Telangana,36,Ranga Reddy,518.0,Gross Irrigated Area,Other Source,Other Source,1641.0,Ranga Reddy
179955,2023-2024,Telangana,36,Ranga Reddy,518.0,Gross Irrigated Area,Tank,Tank,178.0,Ranga Reddy
179956,2023-2024,Telangana,36,Ranga Reddy,518.0,Gross Irrigated Area,Well,Other Well,,Ranga Reddy
179957,2023-2024,Telangana,36,Ranga Reddy,518.0,Gross Irrigated Area,Well,Tubewell,140069.0,Ranga Reddy
179958,2023-2024,Telangana,36,Ranga Reddy,518.0,Net Irrigated Area,Canal,Government,,Ranga Reddy
179959,2023-2024,Telangana,36,Ranga Reddy,518.0,Net Irrigated Area,Canal,Private,,Ranga Reddy
179960,2023-2024,Telangana,36,Ranga Reddy,518.0,Net Irrigated Area,Other Source,Other Source,923.0,Ranga Reddy
179961,2023-2024,Telangana,36,Ranga Reddy,518.0,Net Irrigated Area,Tank,Tank,89.0,Ranga Reddy
179962,2023-2024,Telangana,36,Ranga Reddy,518.0,Net Irrigated Area,Well,Other Well,,Ranga Reddy
179963,2023-2024,Telangana,36,Ranga Reddy,518.0,Net Irrigated Area,Well,Tubewell,78731.0,Ranga Reddy
179964,2023-2024,Telangana,36,Sangareddy,691.0,Gross Irrigated Area,Canal,Government,17686.0,Medak
179965,2023-2024,Telangana,36,Sangareddy,691.0,Gross Irrigated Area,Canal,Private,,Medak
179966,2023-2024,Telangana,36,Sangareddy,691.0,Gross Irrigated Area,Other Source,Other Source,270.0,Medak
179967,2023-2024,Telangana,36,Sangareddy,691.0,Gross Irrigated Area,Tank,Tank,14911.0,Medak
179968,2023-2024,Telangana,36,Sangareddy,691.0,Gross Irrigated Area,Well,Other Well,,Medak
179969,2023-2024,Telangana,36,Sangareddy,691.0,Gross Irrigated Area,Well,Tubewell,120974.0,Medak
179970,2023-2024,Telangana,36,Sangareddy,691.0,Net Irrigated Area,Canal,Government,9605.0,Medak
179971,2023-2024,Telangana,36,Sangareddy,691.0,Net Irrigated Area,Canal,Private,,Medak
179972,2023-2024,Telangana,36,Sangareddy,691.0,Net Irrigated Area,Other Source,Other Source,142.0,Medak
179973,2023-2024,Telangana,36,Sangareddy,691.0,Net Irrigated Area,Tank,Tank,8248.0,Medak
179974,2023-2024,Telangana,36,Sangareddy,691.0,Net Irrigated Area,Well,Other Well,,Medak
179975,2023-2024,Telangana,36,Sangareddy,691.0,Net Irrigated Area,Well,Tubewell,63451.0,Medak
179976,2023-2024,Telangana,36,Siddipet,692.0,Gross Irrigated Area,Canal,Government,4241.0,Medak
179977,2023-2024,Telangana,36,Siddipet,692.0,Gross Irrigated Area,Canal,Private,,Medak
179978,2023-2024,Telangana,36,Siddipet,692.0,Gross Irrigated Area,Other Source,Other Source,38.0,Medak
179979,2023-2024,Telangana,36,Siddipet,692.0,Gross Irrigated Area,Tank,Tank,25245.0,Medak
179980,2023-2024,Telangana,36,Siddipet,692.0,Gross Irrigated Area,Well,Other Well,54085.0,Medak
179981,2023-2024,Telangana,36,Siddipet,692.0,Gross Irrigated Area,Well,Tubewell,244330.0,Medak
179982,2023-2024,Telangana,36,Siddipet,692.0,Net Irrigated Area,Canal,Government,2356.0,Medak
179983,2023-2024,Telangana,36,Siddipet,692.0,Net Irrigated Area,Canal,Private,,Medak
179984,2023-2024,Telangana,36,Siddipet,692.0,Net Irrigated Area,Other Source,Other Source,38.0,Medak
179985,2023-2024,Telangana,36,Siddipet,692.0,Net Irrigated Area,Tank,Tank,14395.0,Medak
179986,2023-2024,Telangana,36,Siddipet,692.0,Net Irrigated Area,Well,Other Well,28077.0,Medak
179987,2023-2024,Telangana,36,Siddipet,692.0,Net Irrigated Area,Well,Tubewell,124245.0,Medak
179988,2023-2024,Telangana,36,Suryapet,696.0,Gross Irrigated Area,Canal,Government,273630.0,Nalgonda
179989,2023-2024,Telangana,36,Suryapet,696.0,Gross Irrigated Area,Canal,Private,,Nalgonda
179990,2023-2024,Telangana,36,Suryapet,696.0,Gross Irrigated Area,Other Source,Other Source,8974.0,Nalgonda
179991,2023-2024,Telangana,36,Suryapet,696.0,Gross Irrigated Area,Tank,Tank,4532.0,Nalgonda
179992,2023-2024,Telangana,36,Suryapet,696.0,Gross Irrigated Area,Well,Other Well,32139.0,Nalgonda
179993,2023-2024,Telangana,36,Suryapet,696.0,Gross Irrigated Area,Well,Tubewell,70825.0,Nalgonda
179994,2023-2024,Telangana,36,Suryapet,696.0,Net Irrigated Area,Canal,Government,149250.0,Nalgonda
179995,2023-2024,Telangana,36,Suryapet,696.0,Net Irrigated Area,Canal,Private,,Nalgonda
179996,2023-2024,Telangana,36,Suryapet,696.0,Net Irrigated Area,Other Source,Other Source,6341.0,Nalgonda
179997,2023-2024,Telangana,36,Suryapet,696.0,Net Irrigated Area,Tank,Tank,3102.0,Nalgonda
179998,2023-2024,Telangana,36,Suryapet,696.0,Net Irrigated Area,Well,Other Well,23628.0,Nalgonda
179999,2023-2024,Telangana,36,Suryapet,696.0,Net Irrigated Area,Well,Tubewell,57814.0,Nalgonda
180000,2023-2024,Telangana,36,Vikarabad,698.0,Gross Irrigated Area,Canal,Government,3982.0,Ranga Reddy
180001,2023-2024,Telangana,36,Vikarabad,698.0,Gross Irrigated Area,Canal,Private,,Ranga Reddy
180002,2023-2024,Telangana,36,Vikarabad,698.0,Gross Irrigated Area,Other Source,Other Source,,Ranga Reddy
180003,2023-2024,Telangana,36,Vikarabad,698.0,Gross Irrigated Area,Tank,Tank,10087.0,Ranga Reddy
180004,2023-2024,Telangana,36,Vikarabad,698.0,Gross Irrigated Area,Well,Other Well,276.0,Ranga Reddy
180005,2023-2024,Telangana,36,Vikarabad,698.0,Gross Irrigated Area,Well,Tubewell,118547.0,Ranga Reddy
180006,2023-2024,Telangana,36,Vikarabad,698.0,Net Irrigated Area,Canal,Government,2023.0,Ranga Reddy
180007,2023-2024,Telangana,36,Vikarabad,698.0,Net Irrigated Area,Canal,Private,,Ranga Reddy
180008,2023-2024,Telangana,36,Vikarabad,698.0,Net Irrigated Area,Other Source,Other Source,,Ranga Reddy
180009,2023-2024,Telangana,36,Vikarabad,698.0,Net Irrigated Area,Tank,Tank,6557.0,Ranga Reddy
180010,2023-2024,Telangana,36,Vikarabad,698.0,Net Irrigated Area,Well,Other Well,222.0,Ranga Reddy
180011,2023-2024,Telangana,36,Vikarabad,698.0,Net Irrigated Area,Well,Tubewell,64256.0,Ranga Reddy
180012,2023-2024,Telangana,36,Wanaparthy,693.0,Gross Irrigated Area,Canal,Government,65519.0,Mahabubnagar
180013,2023-2024,Telangana,36,Wanaparthy,693.0,Gross Irrigated Area,Canal,Private,,Mahabubnagar
180014,2023-2024,Telangana,36,Wanaparthy,693.0,Gross Irrigated Area,Other Source,Other Source,3418.0,Mahabubnagar
180015,2023-2024,Telangana,36,Wanaparthy,693.0,Gross Irrigated Area,Tank,Tank,1866.0,Mahabubnagar
180016,2023-2024,Telangana,36,Wanaparthy,693.0,Gross Irrigated Area,Well,Other Well,2109.0,Mahabubnagar
180017,2023-2024,Telangana,36,Wanaparthy,693.0,Gross Irrigated Area,Well,Tubewell,65126.0,Mahabubnagar
180018,2023-2024,Telangana,36,Wanaparthy,693.0,Net Irrigated Area,Canal,Government,64588.0,Mahabubnagar
180019,2023-2024,Telangana,36,Wanaparthy,693.0,Net Irrigated Area,Canal,Private,,Mahabubnagar
180020,2023-2024,Telangana,36,Wanaparthy,693.0,Net Irrigated Area,Other Source,Other Source,3418.0,Mahabubnagar
180021,2023-2024,Telangana,36,Wanaparthy,693.0,Net Irrigated Area,Tank,Tank,1424.0,Mahabubnagar
180022,2023-2024,Telangana,36,Wanaparthy,693.0,Net Irrigated Area,Well,Other Well,1191.0,Mahabubnagar
180023,2023-2024,Telangana,36,Wanaparthy,693.0,Net Irrigated Area,Well,Tubewell,35894.0,Mahabubnagar
180024,2023-2024,Telangana,36,Warangal,522.0,Gross Irrigated Area,Canal,Government,46642.0,Warangal
180025,2023-2024,Telangana,36,Warangal,522.0,Gross Irrigated Area,Canal,Private,,Warangal
180026,2023-2024,Telangana,36,Warangal,522.0,Gross Irrigated Area,Other Source,Other Source,403.0,Warangal
180027,2023-2024,Telangana,36,Warangal,522.0,Gross Irrigated Area,Tank,Tank,36086.0,Warangal
180028,2023-2024,Telangana,36,Warangal,522.0,Gross Irrigated Area,Well,Other Well,72933.0,Warangal
180029,2023-2024,Telangana,36,Warangal,522.0,Gross Irrigated Area,Well,Tubewell,55989.0,Warangal
180030,2023-2024,Telangana,36,Warangal,522.0,Net Irrigated Area,Canal,Government,33658.0,Warangal
180031,2023-2024,Telangana,36,Warangal,522.0,Net Irrigated Area,Canal,Private,,Warangal
180032,2023-2024,Telangana,36,Warangal,522.0,Net Irrigated Area,Other Source,Other Source,206.0,Warangal
180033,2023-2024,Telangana,36,Warangal,522.0,Net Irrigated Area,Tank,Tank,24160.0,Warangal
180034,2023-2024,Telangana,36,Warangal,522.0,Net Irrigated Area,Well,Other Well,30271.0,Warangal
180035,2023-2024,Telangana,36,Warangal,522.0,Net Irrigated Area,Well,Tubewell,28213.0,Warangal
180036,2023-2024,Telangana,36,Yadadri Bhuvanagiri,697.0,Gross Irrigated Area,Canal,Government,7692.0,Nalgonda
180037,2023-2024,Telangana,36,Yadadri Bhuvanagiri,697.0,Gross Irrigated Area,Canal,Private,,Nalgonda
180038,2023-2024,Telangana,36,Yadadri Bhuvanagiri,697.0,Gross Irrigated Area,Other Source,Other Source,1028.0,Nalgonda
180039,2023-2024,Telangana,36,Yadadri Bhuvanagiri,697.0,Gross Irrigated Area,Tank,Tank,11577.0,Nalgonda
180040,2023-2024,Telangana,36,Yadadri Bhuvanagiri,697.0,Gross Irrigated Area,Well,Other Well,20989.0,Nalgonda
180041,2023-2024,Telangana,36,Yadadri Bhuvanagiri,697.0,Gross Irrigated Area,Well,Tubewell,196580.0,Nalgonda
180042,2023-2024,Telangana,36,Yadadri Bhuvanagiri,697.0,Net Irrigated Area,Canal,Government,4418.0,Nalgonda
180043,2023-2024,Telangana,36,Yadadri Bhuvanagiri,697.0,Net Irrigated Area,Canal,Private,,Nalgonda
180044,2023-2024,Telangana,36,Yadadri Bhuvanagiri,697.0,Net Irrigated Area,Other Source,Other Source,514.0,Nalgonda
180045,2023-2024,Telangana,36,Yadadri Bhuvanagiri,697.0,Net Irrigated Area,Tank,Tank,8148.0,Nalgonda
180046,2023-2024,Telangana,36,Yadadri Bhuvanagiri,697.0,Net Irrigated Area,Well,Other Well,10668.0,Nalgonda
180047,2023-2024,Telangana,36,Yadadri Bhuvanagiri,697.0,Net Irrigated Area,Well,Tubewell,102893.0,Nalgonda
