id,year,state_name,state_code,district_name,district_code,irrigated_area_type,area_classification,area_sub_classification,irrigated_area,old_district_name,year_start,previous_year_area,historical_avg_area,area_change,area_change_pct
113712,2014-2015,Telangana,36,Adilabad,501.0,Gross Irrigated Area,Canal,Government,4987.0,Adilabad,2014,,,,
113718,2014-2015,Telangana,36,Adilabad,501.0,Net Irrigated Area,Canal,Government,4920.0,Adilabad,2014,4987.0,4987.0,-67.0,-1.3434930820132343
120924,2015-2016,Telangana,36,Adilabad,501.0,Gross Irrigated Area,Canal,Government,4930.0,Adilabad,2015,4920.0,4953.5,10.0,0.20325203252032523
120930,2015-2016,Telangana,36,Adilabad,501.0,Net Irrigated Area,Canal,Government,4773.0,Adilabad,2015,4930.0,4945.666666666667,-157.0,-3.184584178498986
128136,2016-2017,Telangana,36,Adilabad,501.0,Gross Irrigated Area,Canal,Government,48726.0,Adilabad,2016,4773.0,4902.5,43953.0,920.8673790069138
128142,2016-2017,Telangana,36,Adilabad,501.0,Net Irrigated Area,Canal,Government,16567.0,Adilabad,2016,48726.0,13667.2,-32159.0,-65.99967163321429
135636,2017-2018,Telangana,36,Adilabad,501.0,Gross Irrigated Area,Canal,Government,56054.0,Adilabad,2017,16567.0,14150.5,39487.0,238.34731695539327
135642,2017-2018,Telangana,36,Adilabad,501.0,Net Irrigated Area,Canal,Government,56054.0,Adilabad,2017,56054.0,20136.714285714286,0.0,0.0
143196,2018-2019,Telangana,36,Adilabad,501.0,Gross Irrigated Area,Canal,Government,40977.0,Adilabad,2018,56054.0,24626.375,-15077.0,-26.897277625147183
143202,2018-2019,Telangana,36,Adilabad,501.0,Net Irrigated Area,Canal,Government,40977.0,Adilabad,2018,40977.0,26443.11111111111,0.0,0.0
150828,2019-2020,Telangana,36,Adilabad,501.0,Gross Irrigated Area,Canal,Government,55287.0,Adilabad,2019,40977.0,27896.5,14310.0,34.9220294311443
150834,2019-2020,Telangana,36,Adilabad,501.0,Net Irrigated Area,Canal,Government,22372.0,Adilabad,2019,55287.0,30386.545454545456,-32915.0,-59.534791180566856
158592,2020-2021,Telangana,36,Adilabad,501.0,Gross Irrigated Area,Canal,Government,49769.0,Adilabad,2020,22372.0,29718.666666666668,27397.0,122.46111210441623
158598,2020-2021,Telangana,36,Adilabad,501.0,Net Irrigated Area,Canal,Government,49769.0,Adilabad,2020,49769.0,31261.0,0.0,0.0
164184,2021-2022,Telangana,36,Adilabad,501.0,Gross Irrigated Area,Canal,Government,55728.0,Adilabad,2021,49769.0,32583.0,5959.0,11.973316723261467
164190,2021-2022,Telangana,36,Adilabad,501.0,Net Irrigated Area,Canal,Government,37895.0,Adilabad,2021,55728.0,34126.0,-17833.0,-32.00007177720356
170748,2022-2023,Telangana,36,Adilabad,501.0,Gross Irrigated Area,Canal,Government,17315.0,Adilabad,2022,37895.0,34361.5625,-20580.0,-54.307956194748655
170754,2022-2023,Telangana,36,Adilabad,501.0,Net Irrigated Area,Canal,Government,10112.0,Adilabad,2022,17315.0,33358.82352941176,-7203.0,-41.599768986427954
113713,2014-2015,Telangana,36,Adilabad,501.0,Gross Irrigated Area,Canal,Private,39436.0,Adilabad,2014,,,,
113719,2014-2015,Telangana,36,Adilabad,501.0,Net Irrigated Area,Canal,Private,39436.0,Adilabad,2014,39436.0,39436.0,0.0,0.0
120925,2015-2016,Telangana,36,Adilabad,501.0,Gross Irrigated Area,Canal,Private,39436.0,Adilabad,2015,39436.0,39436.0,0.0,0.0
120931,2015-2016,Telangana,36,Adilabad,501.0,Net Irrigated Area,Canal,Private,39436.0,Adilabad,2015,39436.0,39436.0,0.0,0.0
128137,2016-2017,Telangana,36,Adilabad,501.0,Gross Irrigated Area,Canal,Private,39436.0,Adilabad,2016,39436.0,39436.0,0.0,0.0
128143,2016-2017,Telangana,36,Adilabad,501.0,Net Irrigated Area,Canal,Private,39436.0,Adilabad,2016,39436.0,39436.0,0.0,0.0
135637,2017-2018,Telangana,36,Adilabad,501.0,Gross Irrigated Area,Canal,Private,39436.0,Adilabad,2017,39436.0,39436.0,0.0,0.0
135643,2017-2018,Telangana,36,Adilabad,501.0,Net Irrigated Area,Canal,Private,39436.0,Adilabad,2017,39436.0,39436.0,0.0,0.0
143197,2018-2019,Telangana,36,Adilabad,501.0,Gross Irrigated Area,Canal,Private,39436.0,Adilabad,2018,39436.0,39436.0,0.0,0.0
143203,2018-2019,Telangana,36,Adilabad,501.0,Net Irrigated Area,Canal,Private,39436.0,Adilabad,2018,39436.0,39436.0,0.0,0.0
150829,2019-2020,Telangana,36,Adilabad,501.0,Gross Irrigated Area,Canal,Private,39436.0,Adilabad,2019,39436.0,39436.0,0.0,0.0
150835,2019-2020,Telangana,36,Adilabad,501.0,Net Irrigated Area,Canal,Private,39436.0,Adilabad,2019,39436.0,39436.0,0.0,0.0
158593,2020-2021,Telangana,36,Adilabad,501.0,Gross Irrigated Area,Canal,Private,39436.0,Adilabad,2020,39436.0,39436.0,0.0,0.0
158599,2020-2021,Telangana,36,Adilabad,501.0,Net Irrigated Area,Canal,Private,39436.0,Adilabad,2020,39436.0,39436.0,0.0,0.0
164185,2021-2022,Telangana,36,Adilabad,501.0,Gross Irrigated Area,Canal,Private,39436.0,Adilabad,2021,39436.0,39436.0,0.0,0.0
164191,2021-2022,Telangana,36,Adilabad,501.0,Net Irrigated Area,Canal,Private,39436.0,Adilabad,2021,39436.0,39436.0,0.0,0.0
170749,2022-2023,Telangana,36,Adilabad,501.0,Gross Irrigated Area,Canal,Private,39436.0,Adilabad,2022,39436.0,39436.0,0.0,0.0
170755,2022-2023,Telangana,36,Adilabad,501.0,Net Irrigated Area,Canal,Private,39436.0,Adilabad,2022,39436.0,39436.0,0.0,0.0
113714,2014-2015,Telangana,36,Adilabad,501.0,Gross Irrigated Area,Other Source,Other Source,2615.0,Adilabad,2014,,,,
113720,2014-2015,Telangana,36,Adilabad,501.0,Net Irrigated Area,Other Source,Other Source,1937.0,Adilabad,2014,2615.0,2615.0,-678.0,-25.927342256214146
120926,2015-2016,Telangana,36,Adilabad,501.0,Gross Irrigated Area,Other Source,Other Source,3270.0,Adilabad,2015,1937.0,2276.0,1333.0,68.81775942178626
120932,2015-2016,Telangana,36,Adilabad,501.0,Net Irrigated Area,Other Source,Other Source,1542.0,Adilabad,2015,3270.0,2607.3333333333335,-1728.0,-52.84403669724771
128138,2016-2017,Telangana,36,Adilabad,501.0,Gross Irrigated Area,Other Source,Other Source,8137.0,Adilabad,2016,1542.0,2341.0,6595.0,427.6913099870298
128144,2016-2017,Telangana,36,Adilabad,501.0,Net Irrigated Area,Other Source,Other Source,8137.0,Adilabad,2016,8137.0,3500.2,0.0,0.0
135638,2017-2018,Telangana,36,Adilabad,501.0,Gross Irrigated Area,Other Source,Other Source,3374.0,Adilabad,2017,8137.0,4273.0,-4763.0,-58.535086641268286
135644,2017-2018,Telangana,36,Adilabad,501.0,Net Irrigated Area,Other Source,Other Source,3374.0,Adilabad,2017,3374.0,4144.571428571428,0.0,0.0
143198,2018-2019,Telangana,36,Adilabad,501.0,Gross Irrigated Area,Other Source,Other Source,3188.0,Adilabad,2018,3374.0,4048.25,-186.0,-5.512744516893894
143204,2018-2019,Telangana,36,Adilabad,501.0,Net Irrigated Area,Other Source,Other Source,3188.0,Adilabad,2018,3188.0,3952.6666666666665,0.0,0.0
150830,2019-2020,Telangana,36,Adilabad,501.0,Gross Irrigated Area,Other Source,Other Source,78.0,Adilabad,2019,3188.0,3876.2,-3110.0,-97.55332496863237
150836,2019-2020,Telangana,36,Adilabad,501.0,Net Irrigated Area,Other Source,Other Source,54.0,Adilabad,2019,78.0,3530.909090909091,-24.0,-30.76923076923077
158594,2020-2021,Telangana,36,Adilabad,501.0,Gross Irrigated Area,Other Source,Other Source,118.0,Adilabad,2020,54.0,3241.1666666666665,64.0,118.5185185185185
158600,2020-2021,Telangana,36,Adilabad,501.0,Net Irrigated Area,Other Source,Other Source,118.0,Adilabad,2020,118.0,3000.923076923077,0.0,0.0
164186,2021-2022,Telangana,36,Adilabad,501.0,Gross Irrigated Area,Other Source,Other Source,12.0,Adilabad,2021,118.0,2795.0,-106.0,-89.83050847457628
164192,2021-2022,Telangana,36,Adilabad,501.0,Net Irrigated Area,Other Source,Other Source,10.0,Adilabad,2021,12.0,2609.4666666666667,-2.0,-16.666666666666664
170750,2022-2023,Telangana,36,Adilabad,501.0,Gross Irrigated Area,Other Source,Other Source,2013.0,Adilabad,2022,10.0,2447.0,2003.0,20030.0
170756,2022-2023,Telangana,36,Adilabad,501.0,Net Irrigated Area,Other Source,Other Source,1804.0,Adilabad,2022,2013.0,2421.470588235294,-209.0,-10.382513661202186
113715,2014-2015,Telangana,36,Adilabad,501.0,Gross Irrigated Area,Tank,Tank,8673.0,Adilabad,2014,,,,
113721,2014-2015,Telangana,36,Adilabad,501.0,Net Irrigated Area,Tank,Tank,8331.0,Adilabad,2014,8673.0,8673.0,-342.0,-3.943272224143895
120927,2015-2016,Telangana,36,Adilabad,501.0,Gross Irrigated Area,Tank,Tank,9042.0,Adilabad,2015,8331.0,8502.0,711.0,8.534389629096147
120933,2015-2016,Telangana,36,Adilabad,501.0,Net Irrigated Area,Tank,Tank,9042.0,Adilabad,2015,9042.0,8682.0,0.0,0.0
128139,2016-2017,Telangana,36,Adilabad,501.0,Gross Irrigated Area,Tank,Tank,2025.0,Adilabad,2016,9042.0,8772.0,-7017.0,-77.60451227604513
128145,2016-2017,Telangana,36,Adilabad,501.0,Net Irrigated Area,Tank,Tank,2025.0,Adilabad,2016,2025.0,7422.6,0.0,0.0
135639,2017-2018,Telangana,36,Adilabad,501.0,Gross Irrigated Area,Tank,Tank,3668.0,Adilabad,2017,2025.0,6523.0,1643.0,81.1358024691358
135645,2017-2018,Telangana,36,Adilabad,501.0,Net Irrigated Area,Tank,Tank,3668.0,Adilabad,2017,3668.0,6115.142857142857,0.0,0.0
143199,2018-2019,Telangana,36,Adilabad,501.0,Gross Irrigated Area,Tank,Tank,4291.0,Adilabad,2018,3668.0,5809.25,623.0,16.984732824427482
143205,2018-2019,Telangana,36,Adilabad,501.0,Net Irrigated Area,Tank,Tank,4291.0,Adilabad,2018,4291.0,5640.555555555556,0.0,0.0
150831,2019-2020,Telangana,36,Adilabad,501.0,Gross Irrigated Area,Tank,Tank,5955.0,Adilabad,2019,4291.0,5505.6,1664.0,38.77883943136798
150837,2019-2020,Telangana,36,Adilabad,501.0,Net Irrigated Area,Tank,Tank,2977.0,Adilabad,2019,5955.0,5546.454545454545,-2978.0,-50.008396305625524
158595,2020-2021,Telangana,36,Adilabad,501.0,Gross Irrigated Area,Tank,Tank,4818.0,Adilabad,2020,2977.0,5332.333333333333,1841.0,61.84077930802822
158601,2020-2021,Telangana,36,Adilabad,501.0,Net Irrigated Area,Tank,Tank,4818.0,Adilabad,2020,4818.0,5292.7692307692305,0.0,0.0
164187,2021-2022,Telangana,36,Adilabad,501.0,Gross Irrigated Area,Tank,Tank,6316.0,Adilabad,2021,4818.0,5258.857142857143,1498.0,31.091739310917394
164193,2021-2022,Telangana,36,Adilabad,501.0,Net Irrigated Area,Tank,Tank,4042.0,Adilabad,2021,6316.0,5329.333333333333,-2274.0,-36.003799873337556
170751,2022-2023,Telangana,36,Adilabad,501.0,Gross Irrigated Area,Tank,Tank,2135.0,Adilabad,2022,4042.0,5248.875,-1907.0,-47.17961405244928
170757,2022-2023,Telangana,36,Adilabad,501.0,Net Irrigated Area,Tank,Tank,1680.0,Adilabad,2022,2135.0,5065.705882352941,-455.0,-21.311475409836063
113716,2014-2015,Telangana,36,Adilabad,501.0,Gross Irrigated Area,Well,Other Well,17632.0,Adilabad,2014,,,,
113722,2014-2015,Telangana,36,Adilabad,501.0,Net Irrigated Area,Well,Other Well,15447.0,Adilabad,2014,17632.0,17632.0,-2185.0,-12.392241379310345
120928,2015-2016,Telangana,36,Adilabad,501.0,Gross Irrigated Area,Well,Other Well,22566.0,Adilabad,2015,15447.0,16539.5,7119.0,46.08661876092445
120934,2015-2016,Telangana,36,Adilabad,501.0,Net Irrigated Area,Well,Other Well,13162.0,Adilabad,2015,22566.0,18548.333333333332,-9404.0,-41.67331383497297
128140,2016-2017,Telangana,36,Adilabad,501.0,Gross Irrigated Area,Well,Other Well,96.0,Adilabad,2016,13162.0,17201.75,-13066.0,-99.27062756419997
128146,2016-2017,Telangana,36,Adilabad,501.0,Net Irrigated Area,Well,Other Well,96.0,Adilabad,2016,96.0,13780.6,0.0,0.0
135640,2017-2018,Telangana,36,Adilabad,501.0,Gross Irrigated Area,Well,Other Well,299.0,Adilabad,2017,96.0,11499.833333333334,203.0,211.45833333333334
135646,2017-2018,Telangana,36,Adilabad,501.0,Net Irrigated Area,Well,Other Well,299.0,Adilabad,2017,299.0,9899.714285714286,0.0,0.0
143200,2018-2019,Telangana,36,Adilabad,501.0,Gross Irrigated Area,Well,Other Well,136.0,Adilabad,2018,299.0,8699.625,-163.0,-54.515050167224075
143206,2018-2019,Telangana,36,Adilabad,501.0,Net Irrigated Area,Well,Other Well,136.0,Adilabad,2018,136.0,7748.111111111111,0.0,0.0
150832,2019-2020,Telangana,36,Adilabad,501.0,Gross Irrigated Area,Well,Other Well,1191.0,Adilabad,2019,136.0,6986.9,1055.0,775.7352941176471
150838,2019-2020,Telangana,36,Adilabad,501.0,Net Irrigated Area,Well,Other Well,34.0,Adilabad,2019,1191.0,6460.0,-1157.0,-97.14525608732157
158596,2020-2021,Telangana,36,Adilabad,501.0,Gross Irrigated Area,Well,Other Well,4076.0,Adilabad,2020,34.0,5924.5,4042.0,11888.235294117647
158602,2020-2021,Telangana,36,Adilabad,501.0,Net Irrigated Area,Well,Other Well,4076.0,Adilabad,2020,4076.0,5782.307692307692,0.0,0.0
164188,2021-2022,Telangana,36,Adilabad,501.0,Gross Irrigated Area,Well,Other Well,4149.0,Adilabad,2021,4076.0,5660.428571428572,73.0,1.7909715407262023
164194,2021-2022,Telangana,36,Adilabad,501.0,Net Irrigated Area,Well,Other Well,1203.0,Adilabad,2021,4149.0,5559.666666666667,-2946.0,-71.00506146059291
170752,2022-2023,Telangana,36,Adilabad,501.0,Gross Irrigated Area,Well,Other Well,8724.0,Adilabad,2022,1203.0,5287.375,7521.0,625.1870324189526
170758,2022-2023,Telangana,36,Adilabad,501.0,Net Irrigated Area,Well,Other Well,3995.0,Adilabad,2022,8724.0,5489.529411764706,-4729.0,-54.2067858780376
113717,2014-2015,Telangana,36,Adilabad,501.0,Gross Irrigated Area,Well,Tubewell,77584.0,Adilabad,2014,,,,
113723,2014-2015,Telangana,36,Adilabad,501.0,Net Irrigated Area,Well,Tubewell,50776.0,Adilabad,2014,77584.0,77584.0,-26808.0,-34.55351618890493
120929,2015-2016,Telangana,36,Adilabad,501.0,Gross Irrigated Area,Well,Tubewell,80166.0,Adilabad,2015,50776.0,64180.0,29390.0,57.881676382542935
120935,2015-2016,Telangana,36,Adilabad,501.0,Net Irrigated Area,Well,Tubewell,54819.0,Adilabad,2015,80166.0,69508.66666666667,-25347.0,-31.618142354614175
128141,2016-2017,Telangana,36,Adilabad,501.0,Gross Irrigated Area,Well,Tubewell,9465.0,Adilabad,2016,54819.0,65836.25,-45354.0,-82.7340885459421
128147,2016-2017,Telangana,36,Adilabad,501.0,Net Irrigated Area,Well,Tubewell,5300.0,Adilabad,2016,9465.0,54562.0,-4165.0,-44.00422609614369
135641,2017-2018,Telangana,36,Adilabad,501.0,Gross Irrigated Area,Well,Tubewell,29562.0,Adilabad,2017,5300.0,46351.666666666664,24262.0,457.77358490566036
135647,2017-2018,Telangana,36,Adilabad,501.0,Net Irrigated Area,Well,Tubewell,29562.0,Adilabad,2017,29562.0,43953.142857142855,0.0,0.0
143201,2018-2019,Telangana,36,Adilabad,501.0,Gross Irrigated Area,Well,Tubewell,13466.0,Adilabad,2018,29562.0,42154.25,-16096.0,-54.448278194980034
143207,2018-2019,Telangana,36,Adilabad,501.0,Net Irrigated Area,Well,Tubewell,13466.0,Adilabad,2018,13466.0,38966.666666666664,0.0,0.0
150833,2019-2020,Telangana,36,Adilabad,501.0,Gross Irrigated Area,Well,Tubewell,18007.0,Adilabad,2019,13466.0,36416.6,4541.0,33.72196643398188
150839,2019-2020,Telangana,36,Adilabad,501.0,Net Irrigated Area,Well,Tubewell,7203.0,Adilabad,2019,18007.0,34743.0,-10804.0,-59.99888932081968
158597,2020-2021,Telangana,36,Adilabad,501.0,Gross Irrigated Area,Well,Tubewell,25002.0,Adilabad,2020,7203.0,32448.0,17799.0,247.10537276134943
158603,2020-2021,Telangana,36,Adilabad,501.0,Net Irrigated Area,Well,Tubewell,24085.0,Adilabad,2020,25002.0,31875.23076923077,-917.0,-3.667706583473322
164189,2021-2022,Telangana,36,Adilabad,501.0,Gross Irrigated Area,Well,Tubewell,25441.0,Adilabad,2021,24085.0,31318.785714285714,1356.0,5.630060203446129
164195,2021-2022,Telangana,36,Adilabad,501.0,Net Irrigated Area,Well,Tubewell,7901.0,Adilabad,2021,25441.0,30926.933333333334,-17540.0,-68.94383082426006
170753,2022-2023,Telangana,36,Adilabad,501.0,Gross Irrigated Area,Well,Tubewell,81270.0,Adilabad,2022,7901.0,29487.8125,73369.0,928.6039741804835
170759,2022-2023,Telangana,36,Adilabad,501.0,Net Irrigated Area,Well,Tubewell,25746.0,Adilabad,2022,81270.0,32533.823529411766,-55524.0,-68.3204134366925
128148,2016-2017,Telangana,36,Bhadradri Kothagudem,690.0,Gross Irrigated Area,Canal,Government,17326.0,Khammam,2016,,,,
128154,2016-2017,Telangana,36,Bhadradri Kothagudem,690.0,Net Irrigated Area,Canal,Government,12689.0,Khammam,2016,17326.0,17326.0,-4637.0,-26.763245988687522
135648,2017-2018,Telangana,36,Bhadradri Kothagudem,690.0,Gross Irrigated Area,Canal,Government,38142.0,Khammam,2017,12689.0,15007.5,25453.0,200.59106312554184
135654,2017-2018,Telangana,36,Bhadradri Kothagudem,690.0,Net Irrigated Area,Canal,Government,31016.0,Khammam,2017,38142.0,22719.0,-7126.0,-18.682816842326044
143208,2018-2019,Telangana,36,Bhadradri Kothagudem,690.0,Gross Irrigated Area,Canal,Government,34997.0,Khammam,2018,31016.0,24793.25,3981.0,12.83531080732525
143214,2018-2019,Telangana,36,Bhadradri Kothagudem,690.0,Net Irrigated Area,Canal,Government,32433.0,Khammam,2018,34997.0,26834.0,-2564.0,-7.326342257907821
150840,2019-2020,Telangana,36,Bhadradri Kothagudem,690.0,Gross Irrigated Area,Canal,Government,40063.0,Khammam,2019,32433.0,27767.166666666668,7630.0,23.52542163845466
150846,2019-2020,Telangana,36,Bhadradri Kothagudem,690.0,Net Irrigated Area,Canal,Government,32141.0,Khammam,2019,40063.0,29523.714285714286,-7922.0,-19.773856176521978
158604,2020-2021,Telangana,36,Bhadradri Kothagudem,690.0,Gross Irrigated Area,Canal,Government,51144.0,Khammam,2020,32141.0,29850.875,19003.0,59.12386048971718
158610,2020-2021,Telangana,36,Bhadradri Kothagudem,690.0,Net Irrigated Area,Canal,Government,48076.0,Khammam,2020,51144.0,32216.777777777777,-3068.0,-5.998748631315501
164196,2021-2022,Telangana,36,Bhadradri Kothagudem,690.0,Gross Irrigated Area,Canal,Government,53334.0,Khammam,2021,48076.0,33802.7,5258.0,10.93684998751976
164202,2021-2022,Telangana,36,Bhadradri Kothagudem,690.0,Net Irrigated Area,Canal,Government,49067.0,Khammam,2021,53334.0,35578.27272727273,-4267.0,-8.000524993437583
170760,2022-2023,Telangana,36,Bhadradri Kothagudem,690.0,Gross Irrigated Area,Canal,Government,10589.0,Khammam,2022,49067.0,36702.333333333336,-38478.0,-78.4193042166833
170766,2022-2023,Telangana,36,Bhadradri Kothagudem,690.0,Net Irrigated Area,Canal,Government,8761.0,Khammam,2022,10589.0,34693.61538461538,-1828.0,-17.263197657946925
128149,2016-2017,Telangana,36,Bhadradri Kothagudem,690.0,Gross Irrigated Area,Canal,Private,33715.0,Khammam,2016,,,,
128155,2016-2017,Telangana,36,Bhadradri Kothagudem,690.0,Net Irrigated Area,Canal,Private,33715.0,Khammam,2016,33715.0,33715.0,0.0,0.0
135649,2017-2018,Telangana,36,Bhadradri Kothagudem,690.0,Gross Irrigated Area,Canal,Private,33715.0,Khammam,2017,33715.0,33715.0,0.0,0.0
135655,2017-2018,Telangana,36,Bhadradri Kothagudem,690.0,Net Irrigated Area,Canal,Private,33715.0,Khammam,2017,33715.0,33715.0,0.0,0.0
143209,2018-2019,Telangana,36,Bhadradri Kothagudem,690.0,Gross Irrigated Area,Canal,Private,33715.0,Khammam,2018,33715.0,33715.0,0.0,0.0
143215,2018-2019,Telangana,36,Bhadradri Kothagudem,690.0,Net Irrigated Area,Canal,Private,33715.0,Khammam,2018,33715.0,33715.0,0.0,0.0
150841,2019-2020,Telangana,36,Bhadradri Kothagudem,690.0,Gross Irrigated Area,Canal,Private,33715.0,Khammam,2019,33715.0,33715.0,0.0,0.0
150847,2019-2020,Telangana,36,Bhadradri Kothagudem,690.0,Net Irrigated Area,Canal,Private,33715.0,Khammam,2019,33715.0,33715.0,0.0,0.0
158605,2020-2021,Telangana,36,Bhadradri Kothagudem,690.0,Gross Irrigated Area,Canal,Private,33715.0,Khammam,2020,33715.0,33715.0,0.0,0.0
158611,2020-2021,Telangana,36,Bhadradri Kothagudem,690.0,Net Irrigated Area,Canal,Private,33715.0,Khammam,2020,33715.0,33715.0,0.0,0.0
164197,2021-2022,Telangana,36,Bhadradri Kothagudem,690.0,Gross Irrigated Area,Canal,Private,33715.0,Khammam,2021,33715.0,33715.0,0.0,0.0
164203,2021-2022,Telangana,36,Bhadradri Kothagudem,690.0,Net Irrigated Area,Canal,Private,33715.0,Khammam,2021,33715.0,33715.0,0.0,0.0
170761,2022-2023,Telangana,36,Bhadradri Kothagudem,690.0,Gross Irrigated Area,Canal,Private,33715.0,Khammam,2022,33715.0,33715.0,0.0,0.0
170767,2022-2023,Telangana,36,Bhadradri Kothagudem,690.0,Net Irrigated Area,Canal,Private,33715.0,Khammam,2022,33715.0,33715.0,0.0,0.0
128150,2016-2017,Telangana,36,Bhadradri Kothagudem,690.0,Gross Irrigated Area,Other Source,Other Source,9006.0,Khammam,2016,,,,
128156,2016-2017,Telangana,36,Bhadradri Kothagudem,690.0,Net Irrigated Area,Other Source,Other Source,6754.0,Khammam,2016,9006.0,9006.0,-2252.0,-25.005551854319343
135650,2017-2018,Telangana,36,Bhadradri Kothagudem,690.0,Gross Irrigated Area,Other Source,Other Source,1385.0,Khammam,2017,6754.0,7880.0,-5369.0,-79.49363340242819
135656,2017-2018,Telangana,36,Bhadradri Kothagudem,690.0,Net Irrigated Area,Other Source,Other Source,1039.0,Khammam,2017,1385.0,5715.0,-346.0,-24.981949458483754
143210,2018-2019,Telangana,36,Bhadradri Kothagudem,690.0,Gross Irrigated Area,Other Source,Other Source,4607.0,Khammam,2018,1039.0,4546.0,3568.0,343.40712223291627
143216,2018-2019,Telangana,36,Bhadradri Kothagudem,690.0,Net Irrigated Area,Other Source,Other Source,3501.0,Khammam,2018,4607.0,4558.2,-1106.0,-24.006945951812458
150842,2019-2020,Telangana,36,Bhadradri Kothagudem,690.0,Gross Irrigated Area,Other Source,Other Source,3438.0,Khammam,2019,3501.0,4382.0,-63.0,-1.7994858611825193
150848,2019-2020,Telangana,36,Bhadradri Kothagudem,690.0,Net Irrigated Area,Other Source,Other Source,2132.0,Khammam,2019,3438.0,4247.142857142857,-1306.0,-37.98720186154741
158606,2020-2021,Telangana,36,Bhadradri Kothagudem,690.0,Gross Irrigated Area,Other Source,Other Source,3542.0,Khammam,2020,2132.0,3982.75,1410.0,66.13508442776735
158612,2020-2021,Telangana,36,Bhadradri Kothagudem,690.0,Net Irrigated Area,Other Source,Other Source,2337.0,Khammam,2020,3542.0,3933.777777777778,-1205.0,-34.02032749858837
164198,2021-2022,Telangana,36,Bhadradri Kothagudem,690.0,Gross Irrigated Area,Other Source,Other Source,3032.0,Khammam,2021,2337.0,3774.1,695.0,29.738981600342317
164204,2021-2022,Telangana,36,Bhadradri Kothagudem,690.0,Net Irrigated Area,Other Source,Other Source,1971.0,Khammam,2021,3032.0,3706.6363636363635,-1061.0,-34.9934036939314
170762,2022-2023,Telangana,36,Bhadradri Kothagudem,690.0,Gross Irrigated Area,Other Source,Other Source,5785.0,Khammam,2022,1971.0,3562.0,3814.0,193.505834601725
170768,2022-2023,Telangana,36,Bhadradri Kothagudem,690.0,Net Irrigated Area,Other Source,Other Source,3786.0,Khammam,2022,5785.0,3733.0,-1999.0,-34.55488331892826
128151,2016-2017,Telangana,36,Bhadradri Kothagudem,690.0,Gross Irrigated Area,Tank,Tank,31863.0,Khammam,2016,,,,
128157,2016-2017,Telangana,36,Bhadradri Kothagudem,690.0,Net Irrigated Area,Tank,Tank,28995.0,Khammam,2016,31863.0,31863.0,-2868.0,-9.00103568402222
135651,2017-2018,Telangana,36,Bhadradri Kothagudem,690.0,Gross Irrigated Area,Tank,Tank,27754.0,Khammam,2017,28995.0,30429.0,-1241.0,-4.280048284186929
135657,2017-2018,Telangana,36,Bhadradri Kothagudem,690.0,Net Irrigated Area,Tank,Tank,25534.0,Khammam,2017,27754.0,29537.333333333332,-2220.0,-7.998847013043164
143211,2018-2019,Telangana,36,Bhadradri Kothagudem,690.0,Gross Irrigated Area,Tank,Tank,30914.0,Khammam,2018,25534.0,28536.5,5380.0,21.069945954413726
143217,2018-2019,Telangana,36,Bhadradri Kothagudem,690.0,Net Irrigated Area,Tank,Tank,29059.0,Khammam,2018,30914.0,29012.0,-1855.0,-6.000517564857346
150843,2019-2020,Telangana,36,Bhadradri Kothagudem,690.0,Gross Irrigated Area,Tank,Tank,23407.0,Khammam,2019,29059.0,29019.833333333332,-5652.0,-19.45008431122888
150849,2019-2020,Telangana,36,Bhadradri Kothagudem,690.0,Net Irrigated Area,Tank,Tank,18960.0,Khammam,2019,23407.0,28218.0,-4447.0,-18.998590165335155
158607,2020-2021,Telangana,36,Bhadradri Kothagudem,690.0,Gross Irrigated Area,Tank,Tank,27364.0,Khammam,2020,18960.0,27060.75,8404.0,44.324894514767934
158613,2020-2021,Telangana,36,Bhadradri Kothagudem,690.0,Net Irrigated Area,Tank,Tank,24901.0,Khammam,2020,27364.0,27094.444444444445,-2463.0,-9.000877064756613
164199,2021-2022,Telangana,36,Bhadradri Kothagudem,690.0,Gross Irrigated Area,Tank,Tank,26767.0,Khammam,2021,24901.0,26875.1,1866.0,7.49367495281314
164205,2021-2022,Telangana,36,Bhadradri Kothagudem,690.0,Net Irrigated Area,Tank,Tank,23555.0,Khammam,2021,26767.0,26865.272727272728,-3212.0,-11.999850562259498
170763,2022-2023,Telangana,36,Bhadradri Kothagudem,690.0,Gross Irrigated Area,Tank,Tank,56154.0,Khammam,2022,23555.0,26589.416666666668,32599.0,138.39524517087668
170769,2022-2023,Telangana,36,Bhadradri Kothagudem,690.0,Net Irrigated Area,Tank,Tank,46053.0,Khammam,2022,56154.0,28863.615384615383,-10101.0,-17.988032909498877
128152,2016-2017,Telangana,36,Bhadradri Kothagudem,690.0,Gross Irrigated Area,Well,Other Well,188.0,Khammam,2016,,,,
128158,2016-2017,Telangana,36,Bhadradri Kothagudem,690.0,Net Irrigated Area,Well,Other Well,124.0,Khammam,2016,188.0,188.0,-64.0,-34.04255319148936
135652,2017-2018,Telangana,36,Bhadradri Kothagudem,690.0,Gross Irrigated Area,Well,Other Well,83.0,Khammam,2017,124.0,156.0,-41.0,-33.064516129032256
135658,2017-2018,Telangana,36,Bhadradri Kothagudem,690.0,Net Irrigated Area,Well,Other Well,58.0,Khammam,2017,83.0,131.66666666666666,-25.0,-30.120481927710845
143212,2018-2019,Telangana,36,Bhadradri Kothagudem,690.0,Gross Irrigated Area,Well,Other Well,363.0,Khammam,2018,58.0,113.25,305.0,525.8620689655172
143218,2018-2019,Telangana,36,Bhadradri Kothagudem,690.0,Net Irrigated Area,Well,Other Well,363.0,Khammam,2018,363.0,163.2,0.0,0.0
150844,2019-2020,Telangana,36,Bhadradri Kothagudem,690.0,Gross Irrigated Area,Well,Other Well,1063.0,Khammam,2019,363.0,196.5,700.0,192.8374655647383
150850,2019-2020,Telangana,36,Bhadradri Kothagudem,690.0,Net Irrigated Area,Well,Other Well,422.0,Khammam,2019,1063.0,320.2857142857143,-641.0,-60.30103480714958
158608,2020-2021,Telangana,36,Bhadradri Kothagudem,690.0,Gross Irrigated Area,Well,Other Well,444.0,Khammam,2020,422.0,333.0,22.0,5.213270142180095
158614,2020-2021,Telangana,36,Bhadradri Kothagudem,690.0,Net Irrigated Area,Well,Other Well,210.0,Khammam,2020,444.0,345.3333333333333,-234.0,-52.702702702702695
164200,2021-2022,Telangana,36,Bhadradri Kothagudem,690.0,Gross Irrigated Area,Well,Other Well,595.0,Khammam,2021,210.0,331.8,385.0,183.33333333333331
164206,2021-2022,Telangana,36,Bhadradri Kothagudem,690.0,Net Irrigated Area,Well,Other Well,125.0,Khammam,2021,595.0,355.72727272727275,-470.0,-78.99159663865547
170764,2022-2023,Telangana,36,Bhadradri Kothagudem,690.0,Gross Irrigated Area,Well,Other Well,1680.0,Khammam,2022,125.0,336.5,1555.0,1244.0
170770,2022-2023,Telangana,36,Bhadradri Kothagudem,690.0,Net Irrigated Area,Well,Other Well,1270.0,Khammam,2022,1680.0,439.84615384615387,-410.0,-24.404761904761905
128153,2016-2017,Telangana,36,Bhadradri Kothagudem,690.0,Gross Irrigated Area,Well,Tubewell,18587.0,Khammam,2016,,,,
128159,2016-2017,Telangana,36,Bhadradri Kothagudem,690.0,Net Irrigated Area,Well,Tubewell,13383.0,Khammam,2016,18587.0,18587.0,-5204.0,-27.998063162425353
135653,2017-2018,Telangana,36,Bhadradri Kothagudem,690.0,Gross Irrigated Area,Well,Tubewell,8204.0,Khammam,2017,13383.0,15985.0,-5179.0,-38.698348651274
135659,2017-2018,Telangana,36,Bhadradri Kothagudem,690.0,Net Irrigated Area,Well,Tubewell,6317.0,Khammam,2017,8204.0,13391.333333333334,-1887.0,-23.000975134080935
143213,2018-2019,Telangana,36,Bhadradri Kothagudem,690.0,Gross Irrigated Area,Well,Tubewell,17715.0,Khammam,2018,6317.0,11622.75,11398.0,180.43375019787874
143219,2018-2019,Telangana,36,Bhadradri Kothagudem,690.0,Net Irrigated Area,Well,Tubewell,15589.0,Khammam,2018,17715.0,12841.2,-2126.0,-12.001128986734406
150845,2019-2020,Telangana,36,Bhadradri Kothagudem,690.0,Gross Irrigated Area,Well,Tubewell,51634.0,Khammam,2019,15589.0,13299.166666666666,36045.0,231.22073256783628
150851,2019-2020,Telangana,36,Bhadradri Kothagudem,690.0,Net Irrigated Area,Well,Tubewell,34595.0,Khammam,2019,51634.0,18775.571428571428,-17039.0,-32.9995739241585
158609,2020-2021,Telangana,36,Bhadradri Kothagudem,690.0,Gross Irrigated Area,Well,Tubewell,43906.0,Khammam,2020,34595.0,20753.0,9311.0,26.914293973117502
158615,2020-2021,Telangana,36,Bhadradri Kothagudem,690.0,Net Irrigated Area,Well,Tubewell,25757.0,Khammam,2020,43906.0,23325.555555555555,-18149.0,-41.33603607707375
164201,2021-2022,Telangana,36,Bhadradri Kothagudem,690.0,Gross Irrigated Area,Well,Tubewell,58838.0,Khammam,2021,25757.0,23568.7,33081.0,128.43498854680283
164207,2021-2022,Telangana,36,Bhadradri Kothagudem,690.0,Net Irrigated Area,Well,Tubewell,43574.0,Khammam,2021,58838.0,26775.0,-15264.0,-25.942418165131375
170765,2022-2023,Telangana,36,Bhadradri Kothagudem,690.0,Gross Irrigated Area,Well,Tubewell,81777.0,Khammam,2022,43574.0,28174.916666666668,38203.0,87.67384219947675
170771,2022-2023,Telangana,36,Bhadradri Kothagudem,690.0,Net Irrigated Area,Well,Tubewell,56818.0,Khammam,2022,81777.0,32298.153846153848,-24959.0,-30.52080658375827
128160,2016-2017,Telangana,36,Hanumakonda,686.0,Gross Irrigated Area,Canal,Government,39058.0,Warangal,2016,,,,
128166,2016-2017,Telangana,36,Hanumakonda,686.0,Net Irrigated Area,Canal,Government,19029.0,Warangal,2016,39058.0,39058.0,-20029.0,-51.280147472988894
135660,2017-2018,Telangana,36,Hanumakonda,686.0,Gross Irrigated Area,Canal,Government,28810.0,Warangal,2017,19029.0,29043.5,9781.0,51.400493982868255
135666,2017-2018,Telangana,36,Hanumakonda,686.0,Net Irrigated Area,Canal,Government,15024.0,Warangal,2017,28810.0,28965.666666666668,-13786.0,-47.851440472058314
143220,2018-2019,Telangana,36,Hanumakonda,686.0,Gross Irrigated Area,Canal,Government,42833.0,Warangal,2018,15024.0,25480.25,27809.0,185.0971778487753
143226,2018-2019,Telangana,36,Hanumakonda,686.0,Net Irrigated Area,Canal,Government,26234.0,Warangal,2018,42833.0,28950.8,-16599.0,-38.75283076132888
150852,2019-2020,Telangana,36,Hanumakonda,686.0,Gross Irrigated Area,Canal,Government,68046.0,Warangal,2019,26234.0,28498.0,41812.0,159.38095601128305
150858,2019-2020,Telangana,36,Hanumakonda,686.0,Net Irrigated Area,Canal,Government,35674.0,Warangal,2019,68046.0,34147.71428571428,-32372.0,-47.57370014402022
158616,2020-2021,Telangana,36,Hanumakonda,686.0,Gross Irrigated Area,Canal,Government,59671.0,Warangal,2020,35674.0,34338.5,23997.0,67.26747771486237
158622,2020-2021,Telangana,36,Hanumakonda,686.0,Net Irrigated Area,Canal,Government,30432.0,Warangal,2020,59671.0,37153.22222222222,-29239.0,-49.00035192974812
164208,2021-2022,Telangana,36,Hanumakonda,686.0,Gross Irrigated Area,Canal,Government,79511.0,Warangal,2021,30432.0,36481.1,49079.0,161.27431650893794
164214,2021-2022,Telangana,36,Hanumakonda,686.0,Net Irrigated Area,Canal,Government,46866.0,Warangal,2021,79511.0,40392.90909090909,-32645.0,-41.05721220963137
170772,2022-2023,Telangana,36,Hanumakonda,686.0,Gross Irrigated Area,Canal,Government,51098.0,Warangal,2022,46866.0,40932.333333333336,4232.0,9.030000426748602
170778,2022-2023,Telangana,36,Hanumakonda,686.0,Net Irrigated Area,Canal,Government,29637.0,Warangal,2022,51098.0,41714.307692307695,-21461.0,-41.99968687619868
128161,2016-2017,Telangana,36,Hanumakonda,686.0,Gross Irrigated Area,Canal,Private,37366.0,Warangal,2016,,,,
128167,2016-2017,Telangana,36,Hanumakonda,686.0,Net Irrigated Area,Canal,Private,37366.0,Warangal,2016,37366.0,37366.0,0.0,0.0
135661,2017-2018,Telangana,36,Hanumakonda,686.0,Gross Irrigated Area,Canal,Private,37366.0,Warangal,2017,37366.0,37366.0,0.0,0.0
135667,2017-2018,Telangana,36,Hanumakonda,686.0,Net Irrigated Area,Canal,Private,37366.0,Warangal,2017,37366.0,37366.0,0.0,0.0
143221,2018-2019,Telangana,36,Hanumakonda,686.0,Gross Irrigated Area,Canal,Private,37366.0,Warangal,2018,37366.0,37366.0,0.0,0.0
143227,2018-2019,Telangana,36,Hanumakonda,686.0,Net Irrigated Area,Canal,Private,37366.0,Warangal,2018,37366.0,37366.0,0.0,0.0
150853,2019-2020,Telangana,36,Hanumakonda,686.0,Gross Irrigated Area,Canal,Private,37366.0,Warangal,2019,37366.0,37366.0,0.0,0.0
150859,2019-2020,Telangana,36,Hanumakonda,686.0,Net Irrigated Area,Canal,Private,37366.0,Warangal,2019,37366.0,37366.0,0.0,0.0
158617,2020-2021,Telangana,36,Hanumakonda,686.0,Gross Irrigated Area,Canal,Private,37366.0,Warangal,2020,37366.0,37366.0,0.0,0.0
158623,2020-2021,Telangana,36,Hanumakonda,686.0,Net Irrigated Area,Canal,Private,37366.0,Warangal,2020,37366.0,37366.0,0.0,0.0
164209,2021-2022,Telangana,36,Hanumakonda,686.0,Gross Irrigated Area,Canal,Private,37366.0,Warangal,2021,37366.0,37366.0,0.0,0.0
164215,2021-2022,Telangana,36,Hanumakonda,686.0,Net Irrigated Area,Canal,Private,37366.0,Warangal,2021,37366.0,37366.0,0.0,0.0
170773,2022-2023,Telangana,36,Hanumakonda,686.0,Gross Irrigated Area,Canal,Private,37366.0,Warangal,2022,37366.0,37366.0,0.0,0.0
170779,2022-2023,Telangana,36,Hanumakonda,686.0,Net Irrigated Area,Canal,Private,37366.0,Warangal,2022,37366.0,37366.0,0.0,0.0
128162,2016-2017,Telangana,36,Hanumakonda,686.0,Gross Irrigated Area,Other Source,Other Source,119.0,Warangal,2016,,,,
128168,2016-2017,Telangana,36,Hanumakonda,686.0,Net Irrigated Area,Other Source,Other Source,119.0,Warangal,2016,119.0,119.0,0.0,0.0
135662,2017-2018,Telangana,36,Hanumakonda,686.0,Gross Irrigated Area,Other Source,Other Source,125.0,Warangal,2017,119.0,119.0,6.0,5.042016806722689
135668,2017-2018,Telangana,36,Hanumakonda,686.0,Net Irrigated Area,Other Source,Other Source,67.0,Warangal,2017,125.0,121.0,-58.0,-46.400000000000006
143222,2018-2019,Telangana,36,Hanumakonda,686.0,Gross Irrigated Area,Other Source,Other Source,98.0,Warangal,2018,67.0,107.5,31.0,46.26865671641791
143228,2018-2019,Telangana,36,Hanumakonda,686.0,Net Irrigated Area,Other Source,Other Source,119.0,Warangal,2018,98.0,105.6,21.0,21.428571428571427
150854,2019-2020,Telangana,36,Hanumakonda,686.0,Gross Irrigated Area,Other Source,Other Source,161.0,Warangal,2019,119.0,107.83333333333333,42.0,35.294117647058826
150860,2019-2020,Telangana,36,Hanumakonda,686.0,Net Irrigated Area,Other Source,Other Source,113.0,Warangal,2019,161.0,115.42857142857143,-48.0,-29.81366459627329
158618,2020-2021,Telangana,36,Hanumakonda,686.0,Gross Irrigated Area,Other Source,Other Source,142.0,Warangal,2020,113.0,115.125,29.0,25.663716814159294
158624,2020-2021,Telangana,36,Hanumakonda,686.0,Net Irrigated Area,Other Source,Other Source,119.0,Warangal,2020,142.0,118.11111111111111,-23.0,-16.19718309859155
164210,2021-2022,Telangana,36,Hanumakonda,686.0,Gross Irrigated Area,Other Source,Other Source,119.0,Warangal,2021,119.0,118.2,0.0,0.0
164216,2021-2022,Telangana,36,Hanumakonda,686.0,Net Irrigated Area,Other Source,Other Source,119.0,Warangal,2021,119.0,118.27272727272727,0.0,0.0
170774,2022-2023,Telangana,36,Hanumakonda,686.0,Gross Irrigated Area,Other Source,Other Source,119.0,Warangal,2022,119.0,118.33333333333333,0.0,0.0
170780,2022-2023,Telangana,36,Hanumakonda,686.0,Net Irrigated Area,Other Source,Other Source,119.0,Warangal,2022,119.0,118.38461538461539,0.0,0.0
128163,2016-2017,Telangana,36,Hanumakonda,686.0,Gross Irrigated Area,Tank,Tank,8235.0,Warangal,2016,,,,
128169,2016-2017,Telangana,36,Hanumakonda,686.0,Net Irrigated Area,Tank,Tank,3294.0,Warangal,2016,8235.0,8235.0,-4941.0,-60.0
135663,2017-2018,Telangana,36,Hanumakonda,686.0,Gross Irrigated Area,Tank,Tank,7422.0,Warangal,2017,3294.0,5764.5,4128.0,125.31876138433515
135669,2017-2018,Telangana,36,Hanumakonda,686.0,Net Irrigated Area,Tank,Tank,4750.0,Warangal,2017,7422.0,6317.0,-2672.0,-36.00107787658313
143223,2018-2019,Telangana,36,Hanumakonda,686.0,Gross Irrigated Area,Tank,Tank,6638.0,Warangal,2018,4750.0,5925.25,1888.0,39.747368421052634
143229,2018-2019,Telangana,36,Hanumakonda,686.0,Net Irrigated Area,Tank,Tank,5310.0,Warangal,2018,6638.0,6067.8,-1328.0,-20.0060259114191
150855,2019-2020,Telangana,36,Hanumakonda,686.0,Gross Irrigated Area,Tank,Tank,10829.0,Warangal,2019,5310.0,5941.5,5519.0,103.93596986817326
150861,2019-2020,Telangana,36,Hanumakonda,686.0,Net Irrigated Area,Tank,Tank,5956.0,Warangal,2019,10829.0,6639.714285714285,-4873.0,-44.9995382768492
158619,2020-2021,Telangana,36,Hanumakonda,686.0,Gross Irrigated Area,Tank,Tank,9765.0,Warangal,2020,5956.0,6554.25,3809.0,63.952316991269306
158625,2020-2021,Telangana,36,Hanumakonda,686.0,Net Irrigated Area,Tank,Tank,6054.0,Warangal,2020,9765.0,6911.0,-3711.0,-38.003072196620586
164211,2021-2022,Telangana,36,Hanumakonda,686.0,Gross Irrigated Area,Tank,Tank,10748.0,Warangal,2021,6054.0,6825.3,4694.0,77.53551370994384
164217,2021-2022,Telangana,36,Hanumakonda,686.0,Net Irrigated Area,Tank,Tank,7524.0,Warangal,2021,10748.0,7181.909090909091,-3224.0,-29.996278377372533
170775,2022-2023,Telangana,36,Hanumakonda,686.0,Gross Irrigated Area,Tank,Tank,10188.0,Warangal,2022,7524.0,7210.416666666667,2664.0,35.406698564593306
170781,2022-2023,Telangana,36,Hanumakonda,686.0,Net Irrigated Area,Tank,Tank,8354.0,Warangal,2022,10188.0,7439.461538461538,-1834.0,-18.00157047506871
128164,2016-2017,Telangana,36,Hanumakonda,686.0,Gross Irrigated Area,Well,Other Well,26304.0,Warangal,2016,,,,
128170,2016-2017,Telangana,36,Hanumakonda,686.0,Net Irrigated Area,Well,Other Well,16571.0,Warangal,2016,26304.0,26304.0,-9733.0,-37.001976885644766
135664,2017-2018,Telangana,36,Hanumakonda,686.0,Gross Irrigated Area,Well,Other Well,36124.0,Warangal,2017,16571.0,21437.5,19553.0,117.99529298171505
135670,2017-2018,Telangana,36,Hanumakonda,686.0,Net Irrigated Area,Well,Other Well,22036.0,Warangal,2017,36124.0,26333.0,-14088.0,-38.999003432620974
143224,2018-2019,Telangana,36,Hanumakonda,686.0,Gross Irrigated Area,Well,Other Well,17798.0,Warangal,2018,22036.0,25258.75,-4238.0,-19.232165547286257
143230,2018-2019,Telangana,36,Hanumakonda,686.0,Net Irrigated Area,Well,Other Well,11391.0,Warangal,2018,17798.0,23766.6,-6407.0,-35.99842678952691
150856,2019-2020,Telangana,36,Hanumakonda,686.0,Gross Irrigated Area,Well,Other Well,20339.0,Warangal,2019,11391.0,21704.0,8948.0,78.5532437889562
150862,2019-2020,Telangana,36,Hanumakonda,686.0,Net Irrigated Area,Well,Other Well,12395.0,Warangal,2019,20339.0,21509.0,-7944.0,-39.05796745169379
158620,2020-2021,Telangana,36,Hanumakonda,686.0,Gross Irrigated Area,Well,Other Well,41536.0,Warangal,2020,12395.0,20369.75,29141.0,235.10286405808793
158626,2020-2021,Telangana,36,Hanumakonda,686.0,Net Irrigated Area,Well,Other Well,21216.0,Warangal,2020,41536.0,22721.555555555555,-20320.0,-48.92141756548536
164212,2021-2022,Telangana,36,Hanumakonda,686.0,Gross Irrigated Area,Well,Other Well,53489.0,Warangal,2021,21216.0,22571.0,32273.0,152.11632730015083
164218,2021-2022,Telangana,36,Hanumakonda,686.0,Net Irrigated Area,Well,Other Well,31559.0,Warangal,2021,53489.0,25381.727272727272,-21930.0,-40.999083923797414
170776,2022-2023,Telangana,36,Hanumakonda,686.0,Gross Irrigated Area,Well,Other Well,82279.0,Warangal,2022,31559.0,25896.5,50720.0,160.71485154789443
170782,2022-2023,Telangana,36,Hanumakonda,686.0,Net Irrigated Area,Well,Other Well,45894.0,Warangal,2022,82279.0,30233.615384615383,-36385.0,-44.22149029521506
128165,2016-2017,Telangana,36,Hanumakonda,686.0,Gross Irrigated Area,Well,Tubewell,6576.0,Warangal,2016,,,,
128171,2016-2017,Telangana,36,Hanumakonda,686.0,Net Irrigated Area,Well,Tubewell,4340.0,Warangal,2016,6576.0,6576.0,-2236.0,-34.00243309002433
135665,2017-2018,Telangana,36,Hanumakonda,686.0,Gross Irrigated Area,Well,Tubewell,9602.0,Warangal,2017,4340.0,5458.0,5262.0,121.24423963133641
135671,2017-2018,Telangana,36,Hanumakonda,686.0,Net Irrigated Area,Well,Tubewell,5953.0,Warangal,2017,9602.0,6839.333333333333,-3649.0,-38.00249947927515
143225,2018-2019,Telangana,36,Hanumakonda,686.0,Gross Irrigated Area,Well,Tubewell,4731.0,Warangal,2018,5953.0,6617.75,-1222.0,-20.52746514362506
143231,2018-2019,Telangana,36,Hanumakonda,686.0,Net Irrigated Area,Well,Tubewell,2886.0,Warangal,2018,4731.0,6240.4,-1845.0,-38.99809765377299
150857,2019-2020,Telangana,36,Hanumakonda,686.0,Gross Irrigated Area,Well,Tubewell,7139.0,Warangal,2019,2886.0,5681.333333333333,4253.0,147.36659736659738
150863,2019-2020,Telangana,36,Hanumakonda,686.0,Net Irrigated Area,Well,Tubewell,4283.0,Warangal,2019,7139.0,5889.571428571428,-2856.0,-40.00560302563384
158621,2020-2021,Telangana,36,Hanumakonda,686.0,Gross Irrigated Area,Well,Tubewell,12368.0,Warangal,2020,4283.0,5688.75,8085.0,188.7695540508989
158627,2020-2021,Telangana,36,Hanumakonda,686.0,Net Irrigated Area,Well,Tubewell,7003.0,Warangal,2020,12368.0,6430.888888888889,-5365.0,-43.378072445019406
164213,2021-2022,Telangana,36,Hanumakonda,686.0,Gross Irrigated Area,Well,Tubewell,15919.0,Warangal,2021,7003.0,6488.1,8916.0,127.3168642010567
164219,2021-2022,Telangana,36,Hanumakonda,686.0,Net Irrigated Area,Well,Tubewell,9427.0,Warangal,2021,15919.0,7345.454545454545,-6492.0,-40.781456121615676
170777,2022-2023,Telangana,36,Hanumakonda,686.0,Gross Irrigated Area,Well,Tubewell,26279.0,Warangal,2022,9427.0,7518.916666666667,16852.0,178.76312718786465
170783,2022-2023,Telangana,36,Hanumakonda,686.0,Net Irrigated Area,Well,Tubewell,20254.0,Warangal,2022,26279.0,8962.0,-6025.0,-22.927052018722176
128184,2016-2017,Telangana,36,Jagitial,681.0,Gross Irrigated Area,Canal,Government,137517.0,Karimnagar,2016,,,,
128190,2016-2017,Telangana,36,Jagitial,681.0,Net Irrigated Area,Canal,Government,101660.0,Karimnagar,2016,137517.0,137517.0,-35857.0,-26.074594413781572
135684,2017-2018,Telangana,36,Jagitial,681.0,Gross Irrigated Area,Canal,Government,53733.0,Karimnagar,2017,101660.0,119588.5,-47927.0,-47.14440291166634
135690,2017-2018,Telangana,36,Jagitial,681.0,Net Irrigated Area,Canal,Government,50472.0,Karimnagar,2017,53733.0,97636.66666666667,-3261.0,-6.068896209033555
143244,2018-2019,Telangana,36,Jagitial,681.0,Gross Irrigated Area,Canal,Government,83537.0,Karimnagar,2018,50472.0,85845.5,33065.0,65.51157077191314
143250,2018-2019,Telangana,36,Jagitial,681.0,Net Irrigated Area,Canal,Government,52663.0,Karimnagar,2018,83537.0,85383.8,-30874.0,-36.95847349078851
150876,2019-2020,Telangana,36,Jagitial,681.0,Gross Irrigated Area,Canal,Government,80781.0,Karimnagar,2019,52663.0,79930.33333333333,28118.0,53.392324782105085
150882,2019-2020,Telangana,36,Jagitial,681.0,Net Irrigated Area,Canal,Government,67925.0,Karimnagar,2019,80781.0,80051.85714285714,-12856.0,-15.91463339151533
158640,2020-2021,Telangana,36,Jagitial,681.0,Gross Irrigated Area,Canal,Government,172669.0,Karimnagar,2020,67925.0,78536.0,104744.0,154.20537357379462
158646,2020-2021,Telangana,36,Jagitial,681.0,Net Irrigated Area,Canal,Government,81155.0,Karimnagar,2020,172669.0,88995.22222222222,-91514.0,-52.99966988863085
164232,2021-2022,Telangana,36,Jagitial,681.0,Gross Irrigated Area,Canal,Government,151536.0,Karimnagar,2021,81155.0,88211.2,70381.0,86.72416979853367
164238,2021-2022,Telangana,36,Jagitial,681.0,Net Irrigated Area,Canal,Government,85114.0,Karimnagar,2021,151536.0,93968.0,-66422.0,-43.83248864956182
170796,2022-2023,Telangana,36,Jagitial,681.0,Gross Irrigated Area,Canal,Government,85181.0,Karimnagar,2022,85114.0,93230.16666666667,67.0,0.07871795474305049
170802,2022-2023,Telangana,36,Jagitial,681.0,Net Irrigated Area,Canal,Government,60433.0,Karimnagar,2022,85181.0,92611.0,-24748.0,-29.053427407520456
128185,2016-2017,Telangana,36,Jagitial,681.0,Gross Irrigated Area,Canal,Private,82346.0,Karimnagar,2016,,,,
128191,2016-2017,Telangana,36,Jagitial,681.0,Net Irrigated Area,Canal,Private,82346.0,Karimnagar,2016,82346.0,82346.0,0.0,0.0
135685,2017-2018,Telangana,36,Jagitial,681.0,Gross Irrigated Area,Canal,Private,82346.0,Karimnagar,2017,82346.0,82346.0,0.0,0.0
135691,2017-2018,Telangana,36,Jagitial,681.0,Net Irrigated Area,Canal,Private,82346.0,Karimnagar,2017,82346.0,82346.0,0.0,0.0
143245,2018-2019,Telangana,36,Jagitial,681.0,Gross Irrigated Area,Canal,Private,82346.0,Karimnagar,2018,82346.0,82346.0,0.0,0.0
143251,2018-2019,Telangana,36,Jagitial,681.0,Net Irrigated Area,Canal,Private,82346.0,Karimnagar,2018,82346.0,82346.0,0.0,0.0
150877,2019-2020,Telangana,36,Jagitial,681.0,Gross Irrigated Area,Canal,Private,82346.0,Karimnagar,2019,82346.0,82346.0,0.0,0.0
150883,2019-2020,Telangana,36,Jagitial,681.0,Net Irrigated Area,Canal,Private,82346.0,Karimnagar,2019,82346.0,82346.0,0.0,0.0
158641,2020-2021,Telangana,36,Jagitial,681.0,Gross Irrigated Area,Canal,Private,82346.0,Karimnagar,2020,82346.0,82346.0,0.0,0.0
158647,2020-2021,Telangana,36,Jagitial,681.0,Net Irrigated Area,Canal,Private,82346.0,Karimnagar,2020,82346.0,82346.0,0.0,0.0
164233,2021-2022,Telangana,36,Jagitial,681.0,Gross Irrigated Area,Canal,Private,82346.0,Karimnagar,2021,82346.0,82346.0,0.0,0.0
164239,2021-2022,Telangana,36,Jagitial,681.0,Net Irrigated Area,Canal,Private,82346.0,Karimnagar,2021,82346.0,82346.0,0.0,0.0
170797,2022-2023,Telangana,36,Jagitial,681.0,Gross Irrigated Area,Canal,Private,82346.0,Karimnagar,2022,82346.0,82346.0,0.0,0.0
170803,2022-2023,Telangana,36,Jagitial,681.0,Net Irrigated Area,Canal,Private,82346.0,Karimnagar,2022,82346.0,82346.0,0.0,0.0
128186,2016-2017,Telangana,36,Jagitial,681.0,Gross Irrigated Area,Other Source,Other Source,23.0,Karimnagar,2016,,,,
128192,2016-2017,Telangana,36,Jagitial,681.0,Net Irrigated Area,Other Source,Other Source,23.0,Karimnagar,2016,23.0,23.0,0.0,0.0
135686,2017-2018,Telangana,36,Jagitial,681.0,Gross Irrigated Area,Other Source,Other Source,399.0,Karimnagar,2017,23.0,23.0,376.0,1634.7826086956522
135692,2017-2018,Telangana,36,Jagitial,681.0,Net Irrigated Area,Other Source,Other Source,399.0,Karimnagar,2017,399.0,148.33333333333334,0.0,0.0
143246,2018-2019,Telangana,36,Jagitial,681.0,Gross Irrigated Area,Other Source,Other Source,427.0,Karimnagar,2018,399.0,211.0,28.0,7.017543859649122
143252,2018-2019,Telangana,36,Jagitial,681.0,Net Irrigated Area,Other Source,Other Source,312.0,Karimnagar,2018,427.0,254.2,-115.0,-26.93208430913349
150878,2019-2020,Telangana,36,Jagitial,681.0,Gross Irrigated Area,Other Source,Other Source,4689.0,Karimnagar,2019,312.0,263.8333333333333,4377.0,1402.8846153846152
150884,2019-2020,Telangana,36,Jagitial,681.0,Net Irrigated Area,Other Source,Other Source,2344.0,Karimnagar,2019,4689.0,896.0,-2345.0,-50.010663254425246
158642,2020-2021,Telangana,36,Jagitial,681.0,Gross Irrigated Area,Other Source,Other Source,2047.0,Karimnagar,2020,2344.0,1077.0,-297.0,-12.670648464163822
158648,2020-2021,Telangana,36,Jagitial,681.0,Net Irrigated Area,Other Source,Other Source,1372.0,Karimnagar,2020,2047.0,1184.7777777777778,-675.0,-32.975085490962385
164234,2021-2022,Telangana,36,Jagitial,681.0,Gross Irrigated Area,Other Source,Other Source,2179.0,Karimnagar,2021,1372.0,1203.5,807.0,58.819241982507286
164240,2021-2022,Telangana,36,Jagitial,681.0,Net Irrigated Area,Other Source,Other Source,1525.0,Karimnagar,2021,2179.0,1292.1818181818182,-654.0,-30.013767783386875
170798,2022-2023,Telangana,36,Jagitial,681.0,Gross Irrigated Area,Other Source,Other Source,899.5,Karimnagar,2022,1525.0,1311.5833333333333,-625.5,-41.01639344262295
170804,2022-2023,Telangana,36,Jagitial,681.0,Net Irrigated Area,Other Source,Other Source,899.5,Karimnagar,2022,899.5,1279.8846153846155,0.0,0.0
128187,2016-2017,Telangana,36,Jagitial,681.0,Gross Irrigated Area,Tank,Tank,15285.0,Karimnagar,2016,,,,
128193,2016-2017,Telangana,36,Jagitial,681.0,Net Irrigated Area,Tank,Tank,11158.0,Karimnagar,2016,15285.0,15285.0,-4127.0,-27.00032711808963
135687,2017-2018,Telangana,36,Jagitial,681.0,Gross Irrigated Area,Tank,Tank,9572.0,Karimnagar,2017,11158.0,13221.5,-1586.0,-14.214016848897652
135693,2017-2018,Telangana,36,Jagitial,681.0,Net Irrigated Area,Tank,Tank,7658.0,Karimnagar,2017,9572.0,12005.0,-1914.0,-19.995821145006268
143247,2018-2019,Telangana,36,Jagitial,681.0,Gross Irrigated Area,Tank,Tank,12215.0,Karimnagar,2018,7658.0,10918.25,4557.0,59.506398537477146
143253,2018-2019,Telangana,36,Jagitial,681.0,Net Irrigated Area,Tank,Tank,9039.0,Karimnagar,2018,12215.0,11177.6,-3176.0,-26.000818665575114
150879,2019-2020,Telangana,36,Jagitial,681.0,Gross Irrigated Area,Tank,Tank,8406.0,Karimnagar,2019,9039.0,10821.166666666666,-633.0,-7.002987056090275
150885,2019-2020,Telangana,36,Jagitial,681.0,Net Irrigated Area,Tank,Tank,5716.0,Karimnagar,2019,8406.0,10476.142857142857,-2690.0,-32.00095170116584
158643,2020-2021,Telangana,36,Jagitial,681.0,Gross Irrigated Area,Tank,Tank,12157.0,Karimnagar,2020,5716.0,9881.125,6441.0,112.68369489153254
158649,2020-2021,Telangana,36,Jagitial,681.0,Net Irrigated Area,Tank,Tank,7173.0,Karimnagar,2020,12157.0,10134.0,-4984.0,-40.996956485975154
164235,2021-2022,Telangana,36,Jagitial,681.0,Gross Irrigated Area,Tank,Tank,11416.0,Karimnagar,2021,7173.0,9837.9,4243.0,59.15237696919002
164241,2021-2022,Telangana,36,Jagitial,681.0,Net Irrigated Area,Tank,Tank,7763.0,Karimnagar,2021,11416.0,9981.363636363636,-3653.0,-31.998948843728105
170799,2022-2023,Telangana,36,Jagitial,681.0,Gross Irrigated Area,Tank,Tank,29972.0,Karimnagar,2022,7763.0,9796.5,22209.0,286.08785263429087
170805,2022-2023,Telangana,36,Jagitial,681.0,Net Irrigated Area,Tank,Tank,19994.0,Karimnagar,2022,29972.0,11348.461538461539,-9978.0,-33.291071666889096
128188,2016-2017,Telangana,36,Jagitial,681.0,Gross Irrigated Area,Well,Other Well,26375.0,Karimnagar,2016,,,,
128194,2016-2017,Telangana,36,Jagitial,681.0,Net Irrigated Area,Well,Other Well,18726.0,Karimnagar,2016,26375.0,26375.0,-7649.0,-29.000947867298578
135688,2017-2018,Telangana,36,Jagitial,681.0,Gross Irrigated Area,Well,Other Well,77523.0,Karimnagar,2017,18726.0,22550.5,58797.0,313.98590195450174
135694,2017-2018,Telangana,36,Jagitial,681.0,Net Irrigated Area,Well,Other Well,62794.0,Karimnagar,2017,77523.0,40874.666666666664,-14729.0,-18.99952272228887
143248,2018-2019,Telangana,36,Jagitial,681.0,Gross Irrigated Area,Well,Other Well,63203.0,Karimnagar,2018,62794.0,46354.5,409.0,0.6513361149154377
143254,2018-2019,Telangana,36,Jagitial,681.0,Net Irrigated Area,Well,Other Well,43610.0,Karimnagar,2018,63203.0,49724.2,-19593.0,-31.00011075423635
150880,2019-2020,Telangana,36,Jagitial,681.0,Gross Irrigated Area,Well,Other Well,128771.0,Karimnagar,2019,43610.0,48705.166666666664,85161.0,195.2786058243522
150886,2019-2020,Telangana,36,Jagitial,681.0,Net Irrigated Area,Well,Other Well,86277.0,Karimnagar,2019,128771.0,60143.142857142855,-42494.0,-32.99966607388309
158644,2020-2021,Telangana,36,Jagitial,681.0,Gross Irrigated Area,Well,Other Well,79102.0,Karimnagar,2020,86277.0,63409.875,-7175.0,-8.316237235879782
158650,2020-2021,Telangana,36,Jagitial,681.0,Net Irrigated Area,Well,Other Well,45887.0,Karimnagar,2020,79102.0,65153.444444444445,-33215.0,-41.99008874617582
164236,2021-2022,Telangana,36,Jagitial,681.0,Gross Irrigated Area,Well,Other Well,76810.0,Karimnagar,2021,45887.0,63226.8,30923.0,67.38945670887179
164242,2021-2022,Telangana,36,Jagitial,681.0,Net Irrigated Area,Well,Other Well,47622.0,Karimnagar,2021,76810.0,64461.63636363636,-29188.0,-38.00026038276266
170800,2022-2023,Telangana,36,Jagitial,681.0,Gross Irrigated Area,Well,Other Well,130116.0,Karimnagar,2022,47622.0,63058.333333333336,82494.0,173.22665994708328
170806,2022-2023,Telangana,36,Jagitial,681.0,Net Irrigated Area,Well,Other Well,73917.0,Karimnagar,2022,130116.0,68216.61538461539,-56199.0,-43.19145992806419
128189,2016-2017,Telangana,36,Jagitial,681.0,Gross Irrigated Area,Well,Tubewell,7439.0,Karimnagar,2016,,,,
128195,2016-2017,Telangana,36,Jagitial,681.0,Net Irrigated Area,Well,Tubewell,4612.0,Karimnagar,2016,7439.0,7439.0,-2827.0,-38.00241968006453
135689,2017-2018,Telangana,36,Jagitial,681.0,Gross Irrigated Area,Well,Tubewell,25841.0,Karimnagar,2017,4612.0,6025.5,21229.0,460.2992194275802
135695,2017-2018,Telangana,36,Jagitial,681.0,Net Irrigated Area,Well,Tubewell,20673.0,Karimnagar,2017,25841.0,12630.666666666666,-5168.0,-19.999226036144112
143249,2018-2019,Telangana,36,Jagitial,681.0,Gross Irrigated Area,Well,Tubewell,25815.0,Karimnagar,2018,20673.0,14641.25,5142.0,24.87302278334059
143255,2018-2019,Telangana,36,Jagitial,681.0,Net Irrigated Area,Well,Tubewell,16522.0,Karimnagar,2018,25815.0,16876.0,-9293.0,-35.998450513267485
150881,2019-2020,Telangana,36,Jagitial,681.0,Gross Irrigated Area,Well,Tubewell,42924.0,Karimnagar,2019,16522.0,16817.0,26402.0,159.79905580438202
150887,2019-2020,Telangana,36,Jagitial,681.0,Net Irrigated Area,Well,Tubewell,26184.0,Karimnagar,2019,42924.0,20546.571428571428,-16740.0,-38.99916130835896
158645,2020-2021,Telangana,36,Jagitial,681.0,Gross Irrigated Area,Well,Tubewell,27772.0,Karimnagar,2020,26184.0,21251.25,1588.0,6.064772380079438
158651,2020-2021,Telangana,36,Jagitial,681.0,Net Irrigated Area,Well,Tubewell,12539.0,Karimnagar,2020,27772.0,21975.777777777777,-15233.0,-54.85020884343944
164237,2021-2022,Telangana,36,Jagitial,681.0,Gross Irrigated Area,Well,Tubewell,26948.0,Karimnagar,2021,12539.0,21032.1,14409.0,114.9134699736821
164243,2021-2022,Telangana,36,Jagitial,681.0,Net Irrigated Area,Well,Tubewell,15922.0,Karimnagar,2021,26948.0,21569.909090909092,-11026.0,-40.915837910048985
170801,2022-2023,Telangana,36,Jagitial,681.0,Gross Irrigated Area,Well,Tubewell,66952.0,Karimnagar,2022,15922.0,21099.25,51030.0,320.4999371938199
170807,2022-2023,Telangana,36,Jagitial,681.0,Net Irrigated Area,Well,Tubewell,29480.0,Karimnagar,2022,66952.0,24626.384615384617,-37472.0,-55.9684550125463
128196,2016-2017,Telangana,36,Jangoan,689.0,Gross Irrigated Area,Canal,Government,17055.0,Warangal,2016,,,,
128202,2016-2017,Telangana,36,Jangoan,689.0,Net Irrigated Area,Canal,Government,11732.0,Warangal,2016,17055.0,17055.0,-5323.0,-31.210788625036646
135696,2017-2018,Telangana,36,Jangoan,689.0,Gross Irrigated Area,Canal,Government,18801.0,Warangal,2017,11732.0,14393.5,7069.0,60.25400613706103
135702,2017-2018,Telangana,36,Jangoan,689.0,Net Irrigated Area,Canal,Government,11848.0,Warangal,2017,18801.0,15862.666666666666,-6953.0,-36.982075421520136
143256,2018-2019,Telangana,36,Jangoan,689.0,Gross Irrigated Area,Canal,Government,21614.0,Warangal,2018,11848.0,14859.0,9766.0,82.4274139095206
143262,2018-2019,Telangana,36,Jangoan,689.0,Net Irrigated Area,Canal,Government,13469.0,Warangal,2018,21614.0,16210.0,-8145.0,-37.683908577773664
150888,2019-2020,Telangana,36,Jangoan,689.0,Gross Irrigated Area,Canal,Government,53261.0,Warangal,2019,13469.0,15753.166666666666,39792.0,295.4339594624694
150894,2019-2020,Telangana,36,Jangoan,689.0,Net Irrigated Area,Canal,Government,28002.0,Warangal,2019,53261.0,21111.428571428572,-25259.0,-47.42494508176714
158652,2020-2021,Telangana,36,Jangoan,689.0,Gross Irrigated Area,Canal,Government,39382.0,Warangal,2020,28002.0,21972.75,11380.0,40.63995428897936
158658,2020-2021,Telangana,36,Jangoan,689.0,Net Irrigated Area,Canal,Government,22054.0,Warangal,2020,39382.0,23907.11111111111,-17328.0,-43.99979686151034
164244,2021-2022,Telangana,36,Jangoan,689.0,Gross Irrigated Area,Canal,Government,62665.0,Warangal,2021,22054.0,23721.8,40611.0,184.14346603790696
164250,2021-2022,Telangana,36,Jangoan,689.0,Net Irrigated Area,Canal,Government,35092.0,Warangal,2021,62665.0,27262.090909090908,-27573.0,-44.0006383148488
170808,2022-2023,Telangana,36,Jangoan,689.0,Gross Irrigated Area,Canal,Government,21563.0,Warangal,2022,35092.0,27914.583333333332,-13529.0,-38.55294654052205
170814,2022-2023,Telangana,36,Jangoan,689.0,Net Irrigated Area,Canal,Government,8194.0,Warangal,2022,21563.0,27426.0,-13369.0,-61.99972174558271
128197,2016-2017,Telangana,36,Jangoan,689.0,Gross Irrigated Area,Canal,Private,21588.5,Warangal,2016,,,,
128203,2016-2017,Telangana,36,Jangoan,689.0,Net Irrigated Area,Canal,Private,21588.5,Warangal,2016,21588.5,21588.5,0.0,0.0
135697,2017-2018,Telangana,36,Jangoan,689.0,Gross Irrigated Area,Canal,Private,21588.5,Warangal,2017,21588.5,21588.5,0.0,0.0
135703,2017-2018,Telangana,36,Jangoan,689.0,Net Irrigated Area,Canal,Private,21588.5,Warangal,2017,21588.5,21588.5,0.0,0.0
143257,2018-2019,Telangana,36,Jangoan,689.0,Gross Irrigated Area,Canal,Private,21588.5,Warangal,2018,21588.5,21588.5,0.0,0.0
143263,2018-2019,Telangana,36,Jangoan,689.0,Net Irrigated Area,Canal,Private,21588.5,Warangal,2018,21588.5,21588.5,0.0,0.0
150889,2019-2020,Telangana,36,Jangoan,689.0,Gross Irrigated Area,Canal,Private,21588.5,Warangal,2019,21588.5,21588.5,0.0,0.0
150895,2019-2020,Telangana,36,Jangoan,689.0,Net Irrigated Area,Canal,Private,21588.5,Warangal,2019,21588.5,21588.5,0.0,0.0
158653,2020-2021,Telangana,36,Jangoan,689.0,Gross Irrigated Area,Canal,Private,21588.5,Warangal,2020,21588.5,21588.5,0.0,0.0
158659,2020-2021,Telangana,36,Jangoan,689.0,Net Irrigated Area,Canal,Private,21588.5,Warangal,2020,21588.5,21588.5,0.0,0.0
164245,2021-2022,Telangana,36,Jangoan,689.0,Gross Irrigated Area,Canal,Private,21588.5,Warangal,2021,21588.5,21588.5,0.0,0.0
164251,2021-2022,Telangana,36,Jangoan,689.0,Net Irrigated Area,Canal,Private,21588.5,Warangal,2021,21588.5,21588.5,0.0,0.0
170809,2022-2023,Telangana,36,Jangoan,689.0,Gross Irrigated Area,Canal,Private,21588.5,Warangal,2022,21588.5,21588.5,0.0,0.0
170815,2022-2023,Telangana,36,Jangoan,689.0,Net Irrigated Area,Canal,Private,21588.5,Warangal,2022,21588.5,21588.5,0.0,0.0
128198,2016-2017,Telangana,36,Jangoan,689.0,Gross Irrigated Area,Other Source,Other Source,11220.5,Warangal,2016,,,,
128204,2016-2017,Telangana,36,Jangoan,689.0,Net Irrigated Area,Other Source,Other Source,11220.5,Warangal,2016,11220.5,11220.5,0.0,0.0
135698,2017-2018,Telangana,36,Jangoan,689.0,Gross Irrigated Area,Other Source,Other Source,11220.5,Warangal,2017,11220.5,11220.5,0.0,0.0
135704,2017-2018,Telangana,36,Jangoan,689.0,Net Irrigated Area,Other Source,Other Source,11220.5,Warangal,2017,11220.5,11220.5,0.0,0.0
143258,2018-2019,Telangana,36,Jangoan,689.0,Gross Irrigated Area,Other Source,Other Source,11220.5,Warangal,2018,11220.5,11220.5,0.0,0.0
143264,2018-2019,Telangana,36,Jangoan,689.0,Net Irrigated Area,Other Source,Other Source,11220.5,Warangal,2018,11220.5,11220.5,0.0,0.0
150890,2019-2020,Telangana,36,Jangoan,689.0,Gross Irrigated Area,Other Source,Other Source,11220.5,Warangal,2019,11220.5,11220.5,0.0,0.0
150896,2019-2020,Telangana,36,Jangoan,689.0,Net Irrigated Area,Other Source,Other Source,11220.5,Warangal,2019,11220.5,11220.5,0.0,0.0
158654,2020-2021,Telangana,36,Jangoan,689.0,Gross Irrigated Area,Other Source,Other Source,11220.5,Warangal,2020,11220.5,11220.5,0.0,0.0
158660,2020-2021,Telangana,36,Jangoan,689.0,Net Irrigated Area,Other Source,Other Source,11220.5,Warangal,2020,11220.5,11220.5,0.0,0.0
164246,2021-2022,Telangana,36,Jangoan,689.0,Gross Irrigated Area,Other Source,Other Source,11220.5,Warangal,2021,11220.5,11220.5,0.0,0.0
164252,2021-2022,Telangana,36,Jangoan,689.0,Net Irrigated Area,Other Source,Other Source,11220.5,Warangal,2021,11220.5,11220.5,0.0,0.0
170810,2022-2023,Telangana,36,Jangoan,689.0,Gross Irrigated Area,Other Source,Other Source,11220.5,Warangal,2022,11220.5,11220.5,0.0,0.0
170816,2022-2023,Telangana,36,Jangoan,689.0,Net Irrigated Area,Other Source,Other Source,11220.5,Warangal,2022,11220.5,11220.5,0.0,0.0
128199,2016-2017,Telangana,36,Jangoan,689.0,Gross Irrigated Area,Tank,Tank,11821.0,Warangal,2016,,,,
128205,2016-2017,Telangana,36,Jangoan,689.0,Net Irrigated Area,Tank,Tank,10994.0,Warangal,2016,11821.0,11821.0,-827.0,-6.9960240250401835
135699,2017-2018,Telangana,36,Jangoan,689.0,Gross Irrigated Area,Tank,Tank,7393.0,Warangal,2017,10994.0,11407.5,-3601.0,-32.75422957977078
135705,2017-2018,Telangana,36,Jangoan,689.0,Net Irrigated Area,Tank,Tank,5693.0,Warangal,2017,7393.0,10069.333333333334,-1700.0,-22.994724739618558
143259,2018-2019,Telangana,36,Jangoan,689.0,Gross Irrigated Area,Tank,Tank,6661.0,Warangal,2018,5693.0,8975.25,968.0,17.003337431933954
143265,2018-2019,Telangana,36,Jangoan,689.0,Net Irrigated Area,Tank,Tank,3730.0,Warangal,2018,6661.0,8512.4,-2931.0,-44.00240204173548
150891,2019-2020,Telangana,36,Jangoan,689.0,Gross Irrigated Area,Tank,Tank,10642.0,Warangal,2019,3730.0,7715.333333333333,6912.0,185.30831099195711
150897,2019-2020,Telangana,36,Jangoan,689.0,Net Irrigated Area,Tank,Tank,7130.0,Warangal,2019,10642.0,8133.428571428572,-3512.0,-33.001315542191314
158655,2020-2021,Telangana,36,Jangoan,689.0,Gross Irrigated Area,Tank,Tank,12547.0,Warangal,2020,7130.0,8008.0,5417.0,75.97475455820476
158661,2020-2021,Telangana,36,Jangoan,689.0,Net Irrigated Area,Tank,Tank,8285.0,Warangal,2020,12547.0,8512.333333333334,-4262.0,-33.96827926994501
164247,2021-2022,Telangana,36,Jangoan,689.0,Gross Irrigated Area,Tank,Tank,12547.0,Warangal,2021,8285.0,8489.6,4262.0,51.44236572118286
164253,2021-2022,Telangana,36,Jangoan,689.0,Net Irrigated Area,Tank,Tank,7002.0,Warangal,2021,12547.0,8858.454545454546,-5545.0,-44.1938311947079
170811,2022-2023,Telangana,36,Jangoan,689.0,Gross Irrigated Area,Tank,Tank,12713.0,Warangal,2022,7002.0,8703.75,5711.0,81.56241073978863
170817,2022-2023,Telangana,36,Jangoan,689.0,Net Irrigated Area,Tank,Tank,6611.0,Warangal,2022,12713.0,9012.153846153846,-6102.0,-47.998112168646266
128200,2016-2017,Telangana,36,Jangoan,689.0,Gross Irrigated Area,Well,Other Well,12261.0,Warangal,2016,,,,
128206,2016-2017,Telangana,36,Jangoan,689.0,Net Irrigated Area,Well,Other Well,11035.0,Warangal,2016,12261.0,12261.0,-1226.0,-9.999184405839655
135700,2017-2018,Telangana,36,Jangoan,689.0,Gross Irrigated Area,Well,Other Well,7845.0,Warangal,2017,11035.0,11648.0,-3190.0,-28.90801993656547
135706,2017-2018,Telangana,36,Jangoan,689.0,Net Irrigated Area,Well,Other Well,6668.0,Warangal,2017,7845.0,10380.333333333334,-1177.0,-15.003186743148502
143260,2018-2019,Telangana,36,Jangoan,689.0,Gross Irrigated Area,Well,Other Well,4537.0,Warangal,2018,6668.0,9452.25,-2131.0,-31.95860827834433
143266,2018-2019,Telangana,36,Jangoan,689.0,Net Irrigated Area,Well,Other Well,3221.0,Warangal,2018,4537.0,8469.2,-1316.0,-29.005951068988317
150892,2019-2020,Telangana,36,Jangoan,689.0,Gross Irrigated Area,Well,Other Well,3343.0,Warangal,2019,3221.0,7594.5,122.0,3.787643588947532
150898,2019-2020,Telangana,36,Jangoan,689.0,Net Irrigated Area,Well,Other Well,2340.0,Warangal,2019,3343.0,6987.142857142857,-1003.0,-30.002991325157048
158656,2020-2021,Telangana,36,Jangoan,689.0,Gross Irrigated Area,Well,Other Well,10847.0,Warangal,2020,2340.0,6406.25,8507.0,363.54700854700855
158662,2020-2021,Telangana,36,Jangoan,689.0,Net Irrigated Area,Well,Other Well,6175.0,Warangal,2020,10847.0,6899.666666666667,-4672.0,-43.07181709228358
164248,2021-2022,Telangana,36,Jangoan,689.0,Gross Irrigated Area,Well,Other Well,9044.0,Warangal,2021,6175.0,6827.2,2869.0,46.46153846153846
164254,2021-2022,Telangana,36,Jangoan,689.0,Net Irrigated Area,Well,Other Well,4883.0,Warangal,2021,9044.0,7028.727272727273,-4161.0,-46.008403361344534
170812,2022-2023,Telangana,36,Jangoan,689.0,Gross Irrigated Area,Well,Other Well,15011.0,Warangal,2022,4883.0,6849.916666666667,10128.0,207.4134753225476
170818,2022-2023,Telangana,36,Jangoan,689.0,Net Irrigated Area,Well,Other Well,8271.0,Warangal,2022,15011.0,7477.692307692308,-6740.0,-44.900406368662985
128201,2016-2017,Telangana,36,Jangoan,689.0,Gross Irrigated Area,Well,Tubewell,38825.0,Warangal,2016,,,,
128207,2016-2017,Telangana,36,Jangoan,689.0,Net Irrigated Area,Well,Tubewell,26013.0,Warangal,2016,38825.0,38825.0,-12812.0,-32.999356084996776
135701,2017-2018,Telangana,36,Jangoan,689.0,Gross Irrigated Area,Well,Tubewell,44455.0,Warangal,2017,26013.0,32419.0,18442.0,70.89532156998423
135707,2017-2018,Telangana,36,Jangoan,689.0,Net Irrigated Area,Well,Tubewell,25339.0,Warangal,2017,44455.0,36431.0,-19116.0,-43.00078731301316
143261,2018-2019,Telangana,36,Jangoan,689.0,Gross Irrigated Area,Well,Tubewell,27866.0,Warangal,2018,25339.0,33658.0,2527.0,9.97276924898378
143267,2018-2019,Telangana,36,Jangoan,689.0,Net Irrigated Area,Well,Tubewell,16720.0,Warangal,2018,27866.0,32499.6,-11146.0,-39.998564558960744
150893,2019-2020,Telangana,36,Jangoan,689.0,Gross Irrigated Area,Well,Tubewell,26979.0,Warangal,2019,16720.0,29869.666666666668,10259.0,61.35765550239235
150899,2019-2020,Telangana,36,Jangoan,689.0,Net Irrigated Area,Well,Tubewell,18069.0,Warangal,2019,26979.0,29456.714285714286,-8910.0,-33.02568664516846
158657,2020-2021,Telangana,36,Jangoan,689.0,Gross Irrigated Area,Well,Tubewell,79545.0,Warangal,2020,18069.0,28033.25,61476.0,340.2291217001494
158663,2020-2021,Telangana,36,Jangoan,689.0,Net Irrigated Area,Well,Tubewell,62400.0,Warangal,2020,79545.0,33756.77777777778,-17145.0,-21.553837450499717
164249,2021-2022,Telangana,36,Jangoan,689.0,Gross Irrigated Area,Well,Tubewell,66940.0,Warangal,2021,62400.0,36621.1,4540.0,7.275641025641026
164255,2021-2022,Telangana,36,Jangoan,689.0,Net Irrigated Area,Well,Tubewell,35813.0,Warangal,2021,66940.0,39377.36363636364,-31127.0,-46.4998506124888
170813,2022-2023,Telangana,36,Jangoan,689.0,Gross Irrigated Area,Well,Tubewell,133916.0,Warangal,2022,35813.0,39080.333333333336,98103.0,273.9312540139056
170819,2022-2023,Telangana,36,Jangoan,689.0,Net Irrigated Area,Well,Tubewell,77071.0,Warangal,2022,133916.0,46375.38461538462,-56845.0,-42.448251142507246
128208,2016-2017,Telangana,36,Jayashankar Bhupalapally,687.0,Gross Irrigated Area,Canal,Government,68534.0,Warangal,2016,,,,
128214,2016-2017,Telangana,36,Jayashankar Bhupalapally,687.0,Net Irrigated Area,Canal,Government,52068.0,Warangal,2016,68534.0,68534.0,-16466.0,-24.026030875186038
135708,2017-2018,Telangana,36,Jayashankar Bhupalapally,687.0,Gross Irrigated Area,Canal,Government,51744.0,Warangal,2017,52068.0,60301.0,-324.0,-0.6222631942843974
135714,2017-2018,Telangana,36,Jayashankar Bhupalapally,687.0,Net Irrigated Area,Canal,Government,38139.0,Warangal,2017,51744.0,57448.666666666664,-13605.0,-26.292903525046384
143268,2018-2019,Telangana,36,Jayashankar Bhupalapally,687.0,Gross Irrigated Area,Canal,Government,79677.0,Warangal,2018,38139.0,52621.25,41538.0,108.91213718241171
143274,2018-2019,Telangana,36,Jayashankar Bhupalapally,687.0,Net Irrigated Area,Canal,Government,37575.0,Warangal,2018,79677.0,58032.4,-42102.0,-52.84084491132949
150900,2019-2020,Telangana,36,Jayashankar Bhupalapally,687.0,Gross Irrigated Area,Canal,Government,69681.0,Warangal,2019,37575.0,54622.833333333336,32106.0,85.44510978043913
150906,2019-2020,Telangana,36,Jayashankar Bhupalapally,687.0,Net Irrigated Area,Canal,Government,45293.0,Warangal,2019,69681.0,56774.0,-24388.0,-34.999497710997254
158664,2020-2021,Telangana,36,Jayashankar Bhupalapally,687.0,Gross Irrigated Area,Canal,Government,67181.0,Warangal,2020,45293.0,55338.875,21888.0,48.3253482878149
158670,2020-2021,Telangana,36,Jayashankar Bhupalapally,687.0,Net Irrigated Area,Canal,Government,4076.0,Warangal,2020,67181.0,56654.666666666664,-63105.0,-93.93280838332267
164256,2021-2022,Telangana,36,Jayashankar Bhupalapally,687.0,Gross Irrigated Area,Canal,Government,42866.0,Warangal,2021,4076.0,51396.8,38790.0,951.6683022571149
164262,2021-2022,Telangana,36,Jayashankar Bhupalapally,687.0,Net Irrigated Area,Canal,Government,23920.0,Warangal,2021,42866.0,50621.27272727273,-18946.0,-44.1981990388653
170820,2022-2023,Telangana,36,Jayashankar Bhupalapally,687.0,Gross Irrigated Area,Canal,Government,3679.0,Warangal,2022,23920.0,48396.166666666664,-20241.0,-84.6195652173913
170826,2022-2023,Telangana,36,Jayashankar Bhupalapally,687.0,Net Irrigated Area,Canal,Government,1430.0,Warangal,2022,3679.0,44956.38461538462,-2249.0,-61.130742049469966
128209,2016-2017,Telangana,36,Jayashankar Bhupalapally,687.0,Gross Irrigated Area,Canal,Private,44079.5,Warangal,2016,,,,
128215,2016-2017,Telangana,36,Jayashankar Bhupalapally,687.0,Net Irrigated Area,Canal,Private,44079.5,Warangal,2016,44079.5,44079.5,0.0,0.0
135709,2017-2018,Telangana,36,Jayashankar Bhupalapally,687.0,Gross Irrigated Area,Canal,Private,44079.5,Warangal,2017,44079.5,44079.5,0.0,0.0
135715,2017-2018,Telangana,36,Jayashankar Bhupalapally,687.0,Net Irrigated Area,Canal,Private,44079.5,Warangal,2017,44079.5,44079.5,0.0,0.0
143269,2018-2019,Telangana,36,Jayashankar Bhupalapally,687.0,Gross Irrigated Area,Canal,Private,44079.5,Warangal,2018,44079.5,44079.5,0.0,0.0
143275,2018-2019,Telangana,36,Jayashankar Bhupalapally,687.0,Net Irrigated Area,Canal,Private,44079.5,Warangal,2018,44079.5,44079.5,0.0,0.0
150901,2019-2020,Telangana,36,Jayashankar Bhupalapally,687.0,Gross Irrigated Area,Canal,Private,44079.5,Warangal,2019,44079.5,44079.5,0.0,0.0
150907,2019-2020,Telangana,36,Jayashankar Bhupalapally,687.0,Net Irrigated Area,Canal,Private,44079.5,Warangal,2019,44079.5,44079.5,0.0,0.0
158665,2020-2021,Telangana,36,Jayashankar Bhupalapally,687.0,Gross Irrigated Area,Canal,Private,44079.5,Warangal,2020,44079.5,44079.5,0.0,0.0
158671,2020-2021,Telangana,36,Jayashankar Bhupalapally,687.0,Net Irrigated Area,Canal,Private,44079.5,Warangal,2020,44079.5,44079.5,0.0,0.0
164257,2021-2022,Telangana,36,Jayashankar Bhupalapally,687.0,Gross Irrigated Area,Canal,Private,44079.5,Warangal,2021,44079.5,44079.5,0.0,0.0
164263,2021-2022,Telangana,36,Jayashankar Bhupalapally,687.0,Net Irrigated Area,Canal,Private,44079.5,Warangal,2021,44079.5,44079.5,0.0,0.0
170821,2022-2023,Telangana,36,Jayashankar Bhupalapally,687.0,Gross Irrigated Area,Canal,Private,44079.5,Warangal,2022,44079.5,44079.5,0.0,0.0
170827,2022-2023,Telangana,36,Jayashankar Bhupalapally,687.0,Net Irrigated Area,Canal,Private,44079.5,Warangal,2022,44079.5,44079.5,0.0,0.0
128210,2016-2017,Telangana,36,Jayashankar Bhupalapally,687.0,Gross Irrigated Area,Other Source,Other Source,2672.0,Warangal,2016,,,,
128216,2016-2017,Telangana,36,Jayashankar Bhupalapally,687.0,Net Irrigated Area,Other Source,Other Source,1817.0,Warangal,2016,2672.0,2672.0,-855.0,-31.998502994011975
135710,2017-2018,Telangana,36,Jayashankar Bhupalapally,687.0,Gross Irrigated Area,Other Source,Other Source,2402.0,Warangal,2017,1817.0,2244.5,585.0,32.19592735277931
135716,2017-2018,Telangana,36,Jayashankar Bhupalapally,687.0,Net Irrigated Area,Other Source,Other Source,889.0,Warangal,2017,2402.0,2297.0,-1513.0,-62.98917568692756
143270,2018-2019,Telangana,36,Jayashankar Bhupalapally,687.0,Gross Irrigated Area,Other Source,Other Source,2216.0,Warangal,2018,889.0,1945.0,1327.0,149.26884139482567
143276,2018-2019,Telangana,36,Jayashankar Bhupalapally,687.0,Net Irrigated Area,Other Source,Other Source,1440.0,Warangal,2018,2216.0,1999.2,-776.0,-35.018050541516246
150902,2019-2020,Telangana,36,Jayashankar Bhupalapally,687.0,Gross Irrigated Area,Other Source,Other Source,679.0,Warangal,2019,1440.0,1906.0,-761.0,-52.84722222222222
150908,2019-2020,Telangana,36,Jayashankar Bhupalapally,687.0,Net Irrigated Area,Other Source,Other Source,428.0,Warangal,2019,679.0,1730.7142857142858,-251.0,-36.96612665684831
158666,2020-2021,Telangana,36,Jayashankar Bhupalapally,687.0,Gross Irrigated Area,Other Source,Other Source,1169.0,Warangal,2020,428.0,1567.875,741.0,173.13084112149534
158672,2020-2021,Telangana,36,Jayashankar Bhupalapally,687.0,Net Irrigated Area,Other Source,Other Source,877.0,Warangal,2020,1169.0,1523.5555555555557,-292.0,-24.978614200171087
164258,2021-2022,Telangana,36,Jayashankar Bhupalapally,687.0,Gross Irrigated Area,Other Source,Other Source,518.0,Warangal,2021,877.0,1458.9,-359.0,-40.935005701254276
164264,2021-2022,Telangana,36,Jayashankar Bhupalapally,687.0,Net Irrigated Area,Other Source,Other Source,316.0,Warangal,2021,518.0,1373.3636363636363,-202.0,-38.996138996138995
170822,2022-2023,Telangana,36,Jayashankar Bhupalapally,687.0,Gross Irrigated Area,Other Source,Other Source,2600.0,Warangal,2022,316.0,1285.25,2284.0,722.7848101265823
170828,2022-2023,Telangana,36,Jayashankar Bhupalapally,687.0,Net Irrigated Area,Other Source,Other Source,1749.0,Warangal,2022,2600.0,1386.3846153846155,-851.0,-32.730769230769226
128211,2016-2017,Telangana,36,Jayashankar Bhupalapally,687.0,Gross Irrigated Area,Tank,Tank,11370.0,Warangal,2016,,,,
128217,2016-2017,Telangana,36,Jayashankar Bhupalapally,687.0,Net Irrigated Area,Tank,Tank,9551.0,Warangal,2016,11370.0,11370.0,-1819.0,-15.998240985048373
135711,2017-2018,Telangana,36,Jayashankar Bhupalapally,687.0,Gross Irrigated Area,Tank,Tank,9557.0,Warangal,2017,9551.0,10460.5,6.0,0.06282064705266464
135717,2017-2018,Telangana,36,Jayashankar Bhupalapally,687.0,Net Irrigated Area,Tank,Tank,8697.0,Warangal,2017,9557.0,10159.333333333334,-860.0,-8.998639740504343
143271,2018-2019,Telangana,36,Jayashankar Bhupalapally,687.0,Gross Irrigated Area,Tank,Tank,10870.0,Warangal,2018,8697.0,9793.75,2173.0,24.985627227779695
143277,2018-2019,Telangana,36,Jayashankar Bhupalapally,687.0,Net Irrigated Area,Tank,Tank,9783.0,Warangal,2018,10870.0,10009.0,-1087.0,-10.0
150903,2019-2020,Telangana,36,Jayashankar Bhupalapally,687.0,Gross Irrigated Area,Tank,Tank,12031.0,Warangal,2019,9783.0,9971.333333333334,2248.0,22.978636410099153
150909,2019-2020,Telangana,36,Jayashankar Bhupalapally,687.0,Net Irrigated Area,Tank,Tank,8061.0,Warangal,2019,12031.0,10265.57142857143,-3970.0,-32.99808827196409
158667,2020-2021,Telangana,36,Jayashankar Bhupalapally,687.0,Gross Irrigated Area,Tank,Tank,17704.0,Warangal,2020,8061.0,9990.0,9643.0,119.6253566555018
158673,2020-2021,Telangana,36,Jayashankar Bhupalapally,687.0,Net Irrigated Area,Tank,Tank,11861.0,Warangal,2020,17704.0,10847.111111111111,-5843.0,-33.003840939900584
164259,2021-2022,Telangana,36,Jayashankar Bhupalapally,687.0,Gross Irrigated Area,Tank,Tank,17034.0,Warangal,2021,11861.0,10948.5,5173.0,43.61352331169378
164265,2021-2022,Telangana,36,Jayashankar Bhupalapally,687.0,Net Irrigated Area,Tank,Tank,13116.0,Warangal,2021,17034.0,11501.727272727272,-3918.0,-23.001056710109193
170823,2022-2023,Telangana,36,Jayashankar Bhupalapally,687.0,Gross Irrigated Area,Tank,Tank,32434.0,Warangal,2022,13116.0,11636.25,19318.0,147.285757853004
170829,2022-2023,Telangana,36,Jayashankar Bhupalapally,687.0,Net Irrigated Area,Tank,Tank,20977.0,Warangal,2022,32434.0,13236.076923076924,-11457.0,-35.32404267127089
128212,2016-2017,Telangana,36,Jayashankar Bhupalapally,687.0,Gross Irrigated Area,Well,Other Well,11211.0,Warangal,2016,,,,
128218,2016-2017,Telangana,36,Jayashankar Bhupalapally,687.0,Net Irrigated Area,Well,Other Well,9866.0,Warangal,2016,11211.0,11211.0,-1345.0,-11.997145660511997
135712,2017-2018,Telangana,36,Jayashankar Bhupalapally,687.0,Gross Irrigated Area,Well,Other Well,12403.0,Warangal,2017,9866.0,10538.5,2537.0,25.71457530914251
135718,2017-2018,Telangana,36,Jayashankar Bhupalapally,687.0,Net Irrigated Area,Well,Other Well,10294.0,Warangal,2017,12403.0,11160.0,-2109.0,-17.00395065709909
143272,2018-2019,Telangana,36,Jayashankar Bhupalapally,687.0,Gross Irrigated Area,Well,Other Well,1262.0,Warangal,2018,10294.0,10943.5,-9032.0,-87.74043131921508
143278,2018-2019,Telangana,36,Jayashankar Bhupalapally,687.0,Net Irrigated Area,Well,Other Well,1060.0,Warangal,2018,1262.0,9007.2,-202.0,-16.00633914421553
150904,2019-2020,Telangana,36,Jayashankar Bhupalapally,687.0,Gross Irrigated Area,Well,Other Well,3544.0,Warangal,2019,1060.0,7682.666666666667,2484.0,234.33962264150944
150910,2019-2020,Telangana,36,Jayashankar Bhupalapally,687.0,Net Irrigated Area,Well,Other Well,2233.0,Warangal,2019,3544.0,7091.428571428572,-1311.0,-36.9920993227991
158668,2020-2021,Telangana,36,Jayashankar Bhupalapally,687.0,Gross Irrigated Area,Well,Other Well,9186.0,Warangal,2020,2233.0,6484.125,6953.0,311.37483206448724
158674,2020-2021,Telangana,36,Jayashankar Bhupalapally,687.0,Net Irrigated Area,Well,Other Well,5516.0,Warangal,2020,9186.0,6784.333333333333,-3670.0,-39.95210102329632
164260,2021-2022,Telangana,36,Jayashankar Bhupalapally,687.0,Gross Irrigated Area,Well,Other Well,14230.0,Warangal,2021,5516.0,6657.5,8714.0,157.97679477882522
164266,2021-2022,Telangana,36,Jayashankar Bhupalapally,687.0,Net Irrigated Area,Well,Other Well,9676.0,Warangal,2021,14230.0,7345.909090909091,-4554.0,-32.002810962754744
170824,2022-2023,Telangana,36,Jayashankar Bhupalapally,687.0,Gross Irrigated Area,Well,Other Well,27392.0,Warangal,2022,9676.0,7540.083333333333,17716.0,183.09218685407194
170830,2022-2023,Telangana,36,Jayashankar Bhupalapally,687.0,Net Irrigated Area,Well,Other Well,19662.0,Warangal,2022,27392.0,9067.153846153846,-7730.0,-28.219918224299068
128213,2016-2017,Telangana,36,Jayashankar Bhupalapally,687.0,Gross Irrigated Area,Well,Tubewell,33635.0,Warangal,2016,,,,
128219,2016-2017,Telangana,36,Jayashankar Bhupalapally,687.0,Net Irrigated Area,Well,Tubewell,23881.0,Warangal,2016,33635.0,33635.0,-9754.0,-28.999554035974434
135713,2017-2018,Telangana,36,Jayashankar Bhupalapally,687.0,Gross Irrigated Area,Well,Tubewell,46660.0,Warangal,2017,23881.0,28758.0,22779.0,95.38545287048281
135719,2017-2018,Telangana,36,Jayashankar Bhupalapally,687.0,Net Irrigated Area,Well,Tubewell,29396.0,Warangal,2017,46660.0,34725.333333333336,-17264.0,-36.99957136733819
143273,2018-2019,Telangana,36,Jayashankar Bhupalapally,687.0,Gross Irrigated Area,Well,Tubewell,3245.0,Warangal,2018,29396.0,33393.0,-26151.0,-88.96108314056335
143279,2018-2019,Telangana,36,Jayashankar Bhupalapally,687.0,Net Irrigated Area,Well,Tubewell,2401.0,Warangal,2018,3245.0,27363.4,-844.0,-26.009244992295837
150905,2019-2020,Telangana,36,Jayashankar Bhupalapally,687.0,Gross Irrigated Area,Well,Tubewell,8258.0,Warangal,2019,2401.0,23203.0,5857.0,243.9400249895877
150911,2019-2020,Telangana,36,Jayashankar Bhupalapally,687.0,Net Irrigated Area,Well,Tubewell,5203.0,Warangal,2019,8258.0,21068.0,-3055.0,-36.99442964398159
158669,2020-2021,Telangana,36,Jayashankar Bhupalapally,687.0,Gross Irrigated Area,Well,Tubewell,13206.0,Warangal,2020,5203.0,19084.875,8003.0,153.8151066692293
158675,2020-2021,Telangana,36,Jayashankar Bhupalapally,687.0,Net Irrigated Area,Well,Tubewell,7989.0,Warangal,2020,13206.0,18431.666666666668,-5217.0,-39.504770558836896
164261,2021-2022,Telangana,36,Jayashankar Bhupalapally,687.0,Gross Irrigated Area,Well,Tubewell,20460.0,Warangal,2021,7989.0,17387.4,12471.0,156.10214044310928
164267,2021-2022,Telangana,36,Jayashankar Bhupalapally,687.0,Net Irrigated Area,Well,Tubewell,14539.0,Warangal,2021,20460.0,17666.727272727272,-5921.0,-28.939393939393938
170825,2022-2023,Telangana,36,Jayashankar Bhupalapally,687.0,Gross Irrigated Area,Well,Tubewell,42773.0,Warangal,2022,14539.0,17406.083333333332,28234.0,194.1949239975239
170831,2022-2023,Telangana,36,Jayashankar Bhupalapally,687.0,Net Irrigated Area,Well,Tubewell,25598.0,Warangal,2022,42773.0,19357.384615384617,-17175.0,-40.153835363430204
128220,2016-2017,Telangana,36,Jogulamba Gadwal,695.0,Gross Irrigated Area,Canal,Government,49630.0,Mahabubnagar,2016,,,,
128226,2016-2017,Telangana,36,Jogulamba Gadwal,695.0,Net Irrigated Area,Canal,Government,42886.0,Mahabubnagar,2016,49630.0,49630.0,-6744.0,-13.588555309288736
135720,2017-2018,Telangana,36,Jogulamba Gadwal,695.0,Gross Irrigated Area,Canal,Government,45891.0,Mahabubnagar,2017,42886.0,46258.0,3005.0,7.0069486545725885
135726,2017-2018,Telangana,36,Jogulamba Gadwal,695.0,Net Irrigated Area,Canal,Government,42543.0,Mahabubnagar,2017,45891.0,46135.666666666664,-3348.0,-7.295548146695431
143280,2018-2019,Telangana,36,Jogulamba Gadwal,695.0,Gross Irrigated Area,Canal,Government,60222.0,Mahabubnagar,2018,42543.0,45237.5,17679.0,41.555602566814756
143286,2018-2019,Telangana,36,Jogulamba Gadwal,695.0,Net Irrigated Area,Canal,Government,56399.0,Mahabubnagar,2018,60222.0,48234.4,-3823.0,-6.348178406562385
150912,2019-2020,Telangana,36,Jogulamba Gadwal,695.0,Gross Irrigated Area,Canal,Government,96907.0,Mahabubnagar,2019,56399.0,49595.166666666664,40508.0,71.82396851007996
150918,2019-2020,Telangana,36,Jogulamba Gadwal,695.0,Net Irrigated Area,Canal,Government,85001.0,Mahabubnagar,2019,96907.0,56354.0,-11906.0,-12.28600617086485
158676,2020-2021,Telangana,36,Jogulamba Gadwal,695.0,Gross Irrigated Area,Canal,Government,109935.0,Mahabubnagar,2020,85001.0,59934.875,24934.0,29.333772543852426
158682,2020-2021,Telangana,36,Jogulamba Gadwal,695.0,Net Irrigated Area,Canal,Government,86849.0,Mahabubnagar,2020,109935.0,65490.444444444445,-23086.0,-20.999681630054123
164268,2021-2022,Telangana,36,Jogulamba Gadwal,695.0,Gross Irrigated Area,Canal,Government,110567.0,Mahabubnagar,2021,86849.0,67626.3,23718.0,27.3094681573766
164274,2021-2022,Telangana,36,Jogulamba Gadwal,695.0,Net Irrigated Area,Canal,Government,85108.0,Mahabubnagar,2021,110567.0,71530.0,-25459.0,-23.02585762478859
170832,2022-2023,Telangana,36,Jogulamba Gadwal,695.0,Gross Irrigated Area,Canal,Government,109990.0,Mahabubnagar,2022,85108.0,72661.5,24882.0,29.235794519904125
170838,2022-2023,Telangana,36,Jogulamba Gadwal,695.0,Net Irrigated Area,Canal,Government,81393.0,Mahabubnagar,2022,109990.0,75532.92307692308,-28597.0,-25.99963633057551
128221,2016-2017,Telangana,36,Jogulamba Gadwal,695.0,Gross Irrigated Area,Canal,Private,83197.0,Mahabubnagar,2016,,,,
128227,2016-2017,Telangana,36,Jogulamba Gadwal,695.0,Net Irrigated Area,Canal,Private,83197.0,Mahabubnagar,2016,83197.0,83197.0,0.0,0.0
135721,2017-2018,Telangana,36,Jogulamba Gadwal,695.0,Gross Irrigated Area,Canal,Private,83197.0,Mahabubnagar,2017,83197.0,83197.0,0.0,0.0
135727,2017-2018,Telangana,36,Jogulamba Gadwal,695.0,Net Irrigated Area,Canal,Private,83197.0,Mahabubnagar,2017,83197.0,83197.0,0.0,0.0
143281,2018-2019,Telangana,36,Jogulamba Gadwal,695.0,Gross Irrigated Area,Canal,Private,83197.0,Mahabubnagar,2018,83197.0,83197.0,0.0,0.0
143287,2018-2019,Telangana,36,Jogulamba Gadwal,695.0,Net Irrigated Area,Canal,Private,83197.0,Mahabubnagar,2018,83197.0,83197.0,0.0,0.0
150913,2019-2020,Telangana,36,Jogulamba Gadwal,695.0,Gross Irrigated Area,Canal,Private,83197.0,Mahabubnagar,2019,83197.0,83197.0,0.0,0.0
150919,2019-2020,Telangana,36,Jogulamba Gadwal,695.0,Net Irrigated Area,Canal,Private,83197.0,Mahabubnagar,2019,83197.0,83197.0,0.0,0.0
158677,2020-2021,Telangana,36,Jogulamba Gadwal,695.0,Gross Irrigated Area,Canal,Private,83197.0,Mahabubnagar,2020,83197.0,83197.0,0.0,0.0
158683,2020-2021,Telangana,36,Jogulamba Gadwal,695.0,Net Irrigated Area,Canal,Private,83197.0,Mahabubnagar,2020,83197.0,83197.0,0.0,0.0
164269,2021-2022,Telangana,36,Jogulamba Gadwal,695.0,Gross Irrigated Area,Canal,Private,83197.0,Mahabubnagar,2021,83197.0,83197.0,0.0,0.0
164275,2021-2022,Telangana,36,Jogulamba Gadwal,695.0,Net Irrigated Area,Canal,Private,83197.0,Mahabubnagar,2021,83197.0,83197.0,0.0,0.0
170833,2022-2023,Telangana,36,Jogulamba Gadwal,695.0,Gross Irrigated Area,Canal,Private,83197.0,Mahabubnagar,2022,83197.0,83197.0,0.0,0.0
170839,2022-2023,Telangana,36,Jogulamba Gadwal,695.0,Net Irrigated Area,Canal,Private,83197.0,Mahabubnagar,2022,83197.0,83197.0,0.0,0.0
128222,2016-2017,Telangana,36,Jogulamba Gadwal,695.0,Gross Irrigated Area,Other Source,Other Source,1715.0,Mahabubnagar,2016,,,,
128228,2016-2017,Telangana,36,Jogulamba Gadwal,695.0,Net Irrigated Area,Other Source,Other Source,1646.0,Mahabubnagar,2016,1715.0,1715.0,-69.0,-4.02332361516035
135722,2017-2018,Telangana,36,Jogulamba Gadwal,695.0,Gross Irrigated Area,Other Source,Other Source,2000.0,Mahabubnagar,2017,1646.0,1680.5,354.0,21.506682867557718
135728,2017-2018,Telangana,36,Jogulamba Gadwal,695.0,Net Irrigated Area,Other Source,Other Source,1880.0,Mahabubnagar,2017,2000.0,1787.0,-120.0,-6.0
143282,2018-2019,Telangana,36,Jogulamba Gadwal,695.0,Gross Irrigated Area,Other Source,Other Source,1400.0,Mahabubnagar,2018,1880.0,1810.25,-480.0,-25.53191489361702
143288,2018-2019,Telangana,36,Jogulamba Gadwal,695.0,Net Irrigated Area,Other Source,Other Source,1358.0,Mahabubnagar,2018,1400.0,1728.2,-42.0,-3.0
150914,2019-2020,Telangana,36,Jogulamba Gadwal,695.0,Gross Irrigated Area,Other Source,Other Source,2110.0,Mahabubnagar,2019,1358.0,1666.5,752.0,55.37555228276878
150920,2019-2020,Telangana,36,Jogulamba Gadwal,695.0,Net Irrigated Area,Other Source,Other Source,1857.0,Mahabubnagar,2019,2110.0,1729.857142857143,-253.0,-11.990521327014218
158678,2020-2021,Telangana,36,Jogulamba Gadwal,695.0,Gross Irrigated Area,Other Source,Other Source,5545.0,Mahabubnagar,2020,1857.0,1745.75,3688.0,198.59989229940766
158684,2020-2021,Telangana,36,Jogulamba Gadwal,695.0,Net Irrigated Area,Other Source,Other Source,4159.0,Mahabubnagar,2020,5545.0,2167.8888888888887,-1386.0,-24.995491433724077
164270,2021-2022,Telangana,36,Jogulamba Gadwal,695.0,Gross Irrigated Area,Other Source,Other Source,3547.0,Mahabubnagar,2021,4159.0,2367.0,-612.0,-14.715075739360422
164276,2021-2022,Telangana,36,Jogulamba Gadwal,695.0,Net Irrigated Area,Other Source,Other Source,2802.0,Mahabubnagar,2021,3547.0,2474.2727272727275,-745.0,-21.003665069072454
170834,2022-2023,Telangana,36,Jogulamba Gadwal,695.0,Gross Irrigated Area,Other Source,Other Source,6525.0,Mahabubnagar,2022,2802.0,2501.5833333333335,3723.0,132.8693790149893
170840,2022-2023,Telangana,36,Jogulamba Gadwal,695.0,Net Irrigated Area,Other Source,Other Source,4959.0,Mahabubnagar,2022,6525.0,2811.076923076923,-1566.0,-24.0
128223,2016-2017,Telangana,36,Jogulamba Gadwal,695.0,Gross Irrigated Area,Tank,Tank,3187.0,Mahabubnagar,2016,,,,
128229,2016-2017,Telangana,36,Jogulamba Gadwal,695.0,Net Irrigated Area,Tank,Tank,2454.0,Mahabubnagar,2016,3187.0,3187.0,-733.0,-22.99968622529024
135723,2017-2018,Telangana,36,Jogulamba Gadwal,695.0,Gross Irrigated Area,Tank,Tank,4783.0,Mahabubnagar,2017,2454.0,2820.5,2329.0,94.90627546862265
135729,2017-2018,Telangana,36,Jogulamba Gadwal,695.0,Net Irrigated Area,Tank,Tank,4735.0,Mahabubnagar,2017,4783.0,3474.6666666666665,-48.0,-1.0035542546518923
143283,2018-2019,Telangana,36,Jogulamba Gadwal,695.0,Gross Irrigated Area,Tank,Tank,772.0,Mahabubnagar,2018,4735.0,3789.75,-3963.0,-83.69588173178458
143289,2018-2019,Telangana,36,Jogulamba Gadwal,695.0,Net Irrigated Area,Tank,Tank,772.0,Mahabubnagar,2018,772.0,3186.2,0.0,0.0
150915,2019-2020,Telangana,36,Jogulamba Gadwal,695.0,Gross Irrigated Area,Tank,Tank,1000.0,Mahabubnagar,2019,772.0,2783.8333333333335,228.0,29.533678756476682
150921,2019-2020,Telangana,36,Jogulamba Gadwal,695.0,Net Irrigated Area,Tank,Tank,910.0,Mahabubnagar,2019,1000.0,2529.0,-90.0,-9.0
158679,2020-2021,Telangana,36,Jogulamba Gadwal,695.0,Gross Irrigated Area,Tank,Tank,643.0,Mahabubnagar,2020,910.0,2326.625,-267.0,-29.340659340659343
158685,2020-2021,Telangana,36,Jogulamba Gadwal,695.0,Net Irrigated Area,Tank,Tank,586.0,Mahabubnagar,2020,643.0,2139.5555555555557,-57.0,-8.864696734059098
164271,2021-2022,Telangana,36,Jogulamba Gadwal,695.0,Gross Irrigated Area,Tank,Tank,1658.0,Mahabubnagar,2021,586.0,1984.2,1072.0,182.93515358361773
164277,2021-2022,Telangana,36,Jogulamba Gadwal,695.0,Net Irrigated Area,Tank,Tank,1542.0,Mahabubnagar,2021,1658.0,1954.5454545454545,-116.0,-6.996381182147165
170835,2022-2023,Telangana,36,Jogulamba Gadwal,695.0,Gross Irrigated Area,Tank,Tank,6017.0,Mahabubnagar,2022,1542.0,1920.1666666666667,4475.0,290.20752269779507
170841,2022-2023,Telangana,36,Jogulamba Gadwal,695.0,Net Irrigated Area,Tank,Tank,4626.0,Mahabubnagar,2022,6017.0,2235.3076923076924,-1391.0,-23.1178328070467
128224,2016-2017,Telangana,36,Jogulamba Gadwal,695.0,Gross Irrigated Area,Well,Other Well,1395.0,Mahabubnagar,2016,,,,
128230,2016-2017,Telangana,36,Jogulamba Gadwal,695.0,Net Irrigated Area,Well,Other Well,1158.0,Mahabubnagar,2016,1395.0,1395.0,-237.0,-16.989247311827956
135724,2017-2018,Telangana,36,Jogulamba Gadwal,695.0,Gross Irrigated Area,Well,Other Well,1379.0,Mahabubnagar,2017,1158.0,1276.5,221.0,19.0846286701209
135730,2017-2018,Telangana,36,Jogulamba Gadwal,695.0,Net Irrigated Area,Well,Other Well,1351.0,Mahabubnagar,2017,1379.0,1310.6666666666667,-28.0,-2.030456852791878
143284,2018-2019,Telangana,36,Jogulamba Gadwal,695.0,Gross Irrigated Area,Well,Other Well,1102.0,Mahabubnagar,2018,1351.0,1320.75,-249.0,-18.43079200592154
143290,2018-2019,Telangana,36,Jogulamba Gadwal,695.0,Net Irrigated Area,Well,Other Well,1047.0,Mahabubnagar,2018,1102.0,1277.0,-55.0,-4.99092558983666
150916,2019-2020,Telangana,36,Jogulamba Gadwal,695.0,Gross Irrigated Area,Well,Other Well,1821.0,Mahabubnagar,2019,1047.0,1238.6666666666667,774.0,73.92550143266476
150922,2019-2020,Telangana,36,Jogulamba Gadwal,695.0,Net Irrigated Area,Well,Other Well,1660.0,Mahabubnagar,2019,1821.0,1321.857142857143,-161.0,-8.841295991213618
158680,2020-2021,Telangana,36,Jogulamba Gadwal,695.0,Gross Irrigated Area,Well,Other Well,3172.0,Mahabubnagar,2020,1660.0,1364.125,1512.0,91.08433734939759
158686,2020-2021,Telangana,36,Jogulamba Gadwal,695.0,Net Irrigated Area,Well,Other Well,2731.0,Mahabubnagar,2020,3172.0,1565.0,-441.0,-13.902900378310216
164272,2021-2022,Telangana,36,Jogulamba Gadwal,695.0,Gross Irrigated Area,Well,Other Well,2354.0,Mahabubnagar,2021,2731.0,1681.6,-377.0,-13.804467228121567
164278,2021-2022,Telangana,36,Jogulamba Gadwal,695.0,Net Irrigated Area,Well,Other Well,2260.0,Mahabubnagar,2021,2354.0,1742.7272727272727,-94.0,-3.993203058623619
170836,2022-2023,Telangana,36,Jogulamba Gadwal,695.0,Gross Irrigated Area,Well,Other Well,2354.0,Mahabubnagar,2022,2260.0,1785.8333333333333,94.0,4.15929203539823
170842,2022-2023,Telangana,36,Jogulamba Gadwal,695.0,Net Irrigated Area,Well,Other Well,1926.0,Mahabubnagar,2022,2354.0,1829.5384615384614,-428.0,-18.181818181818183
128225,2016-2017,Telangana,36,Jogulamba Gadwal,695.0,Gross Irrigated Area,Well,Tubewell,21858.0,Mahabubnagar,2016,,,,
128231,2016-2017,Telangana,36,Jogulamba Gadwal,695.0,Net Irrigated Area,Well,Tubewell,16612.0,Mahabubnagar,2016,21858.0,21858.0,-5246.0,-24.000365998719005
135725,2017-2018,Telangana,36,Jogulamba Gadwal,695.0,Gross Irrigated Area,Well,Tubewell,33099.0,Mahabubnagar,2017,16612.0,19235.0,16487.0,99.24753190464725
135731,2017-2018,Telangana,36,Jogulamba Gadwal,695.0,Net Irrigated Area,Well,Tubewell,29789.0,Mahabubnagar,2017,33099.0,23856.333333333332,-3310.0,-10.000302123931236
143285,2018-2019,Telangana,36,Jogulamba Gadwal,695.0,Gross Irrigated Area,Well,Tubewell,26452.0,Mahabubnagar,2018,29789.0,25339.5,-3337.0,-11.202121588505824
143291,2018-2019,Telangana,36,Jogulamba Gadwal,695.0,Net Irrigated Area,Well,Tubewell,23278.0,Mahabubnagar,2018,26452.0,25562.0,-3174.0,-11.999092696204446
150917,2019-2020,Telangana,36,Jogulamba Gadwal,695.0,Gross Irrigated Area,Well,Tubewell,34280.0,Mahabubnagar,2019,23278.0,25181.333333333332,11002.0,47.263510610877226
150923,2019-2020,Telangana,36,Jogulamba Gadwal,695.0,Net Irrigated Area,Well,Tubewell,27424.0,Mahabubnagar,2019,34280.0,26481.14285714286,-6856.0,-20.0
158681,2020-2021,Telangana,36,Jogulamba Gadwal,695.0,Gross Irrigated Area,Well,Tubewell,42127.0,Mahabubnagar,2020,27424.0,26599.0,14703.0,53.613623103850635
158687,2020-2021,Telangana,36,Jogulamba Gadwal,695.0,Net Irrigated Area,Well,Tubewell,31962.0,Mahabubnagar,2020,42127.0,28324.333333333332,-10165.0,-24.129418187860516
164273,2021-2022,Telangana,36,Jogulamba Gadwal,695.0,Gross Irrigated Area,Well,Tubewell,31236.0,Mahabubnagar,2021,31962.0,28688.1,-726.0,-2.271447343720668
164279,2021-2022,Telangana,36,Jogulamba Gadwal,695.0,Net Irrigated Area,Well,Tubewell,23145.0,Mahabubnagar,2021,31236.0,28919.727272727272,-8091.0,-25.902804456396467
170837,2022-2023,Telangana,36,Jogulamba Gadwal,695.0,Gross Irrigated Area,Well,Tubewell,57926.0,Mahabubnagar,2022,23145.0,28438.5,34781.0,150.2743573125945
170843,2022-2023,Telangana,36,Jogulamba Gadwal,695.0,Net Irrigated Area,Well,Tubewell,43106.0,Mahabubnagar,2022,57926.0,30706.76923076923,-14820.0,-25.584366260401204
128232,2016-2017,Telangana,36,Kamareddy,685.0,Gross Irrigated Area,Canal,Government,10164.0,Nizamabad,2016,,,,
128238,2016-2017,Telangana,36,Kamareddy,685.0,Net Irrigated Area,Canal,Government,3778.0,Nizamabad,2016,10164.0,10164.0,-6386.0,-62.82959464777647
135732,2017-2018,Telangana,36,Kamareddy,685.0,Gross Irrigated Area,Canal,Government,34918.0,Nizamabad,2017,3778.0,6971.0,31140.0,824.2456326098464
135738,2017-2018,Telangana,36,Kamareddy,685.0,Net Irrigated Area,Canal,Government,15349.0,Nizamabad,2017,34918.0,16286.666666666666,-19569.0,-56.04272867861848
143292,2018-2019,Telangana,36,Kamareddy,685.0,Gross Irrigated Area,Canal,Government,13722.0,Nizamabad,2018,15349.0,16052.25,-1627.0,-10.600039090494494
143298,2018-2019,Telangana,36,Kamareddy,685.0,Net Irrigated Area,Canal,Government,11715.0,Nizamabad,2018,13722.0,15586.2,-2007.0,-14.626147791867075
150924,2019-2020,Telangana,36,Kamareddy,685.0,Gross Irrigated Area,Canal,Government,45164.0,Nizamabad,2019,11715.0,14941.0,33449.0,285.5228339735382
150930,2019-2020,Telangana,36,Kamareddy,685.0,Net Irrigated Area,Canal,Government,27551.0,Nizamabad,2019,45164.0,19258.571428571428,-17613.0,-38.99787441324949
158688,2020-2021,Telangana,36,Kamareddy,685.0,Gross Irrigated Area,Canal,Government,62789.0,Nizamabad,2020,27551.0,20295.125,35238.0,127.90098363035824
158694,2020-2021,Telangana,36,Kamareddy,685.0,Net Irrigated Area,Canal,Government,39557.0,Nizamabad,2020,62789.0,25016.666666666668,-23232.0,-37.00011148449569
164280,2021-2022,Telangana,36,Kamareddy,685.0,Gross Irrigated Area,Canal,Government,74519.0,Nizamabad,2021,39557.0,26470.7,34962.0,88.3838511515029
164286,2021-2022,Telangana,36,Kamareddy,685.0,Net Irrigated Area,Canal,Government,71972.0,Nizamabad,2021,74519.0,30838.727272727272,-2547.0,-3.417920261946618
170844,2022-2023,Telangana,36,Kamareddy,685.0,Gross Irrigated Area,Canal,Government,32926.0,Nizamabad,2022,71972.0,34266.5,-39046.0,-54.25165342077475
170850,2022-2023,Telangana,36,Kamareddy,685.0,Net Irrigated Area,Canal,Government,17513.0,Nizamabad,2022,32926.0,34163.38461538462,-15413.0,-46.81103079633117
128233,2016-2017,Telangana,36,Kamareddy,685.0,Gross Irrigated Area,Canal,Private,30238.5,Nizamabad,2016,,,,
128239,2016-2017,Telangana,36,Kamareddy,685.0,Net Irrigated Area,Canal,Private,30238.5,Nizamabad,2016,30238.5,30238.5,0.0,0.0
135733,2017-2018,Telangana,36,Kamareddy,685.0,Gross Irrigated Area,Canal,Private,30238.5,Nizamabad,2017,30238.5,30238.5,0.0,0.0
135739,2017-2018,Telangana,36,Kamareddy,685.0,Net Irrigated Area,Canal,Private,30238.5,Nizamabad,2017,30238.5,30238.5,0.0,0.0
143293,2018-2019,Telangana,36,Kamareddy,685.0,Gross Irrigated Area,Canal,Private,30238.5,Nizamabad,2018,30238.5,30238.5,0.0,0.0
143299,2018-2019,Telangana,36,Kamareddy,685.0,Net Irrigated Area,Canal,Private,30238.5,Nizamabad,2018,30238.5,30238.5,0.0,0.0
150925,2019-2020,Telangana,36,Kamareddy,685.0,Gross Irrigated Area,Canal,Private,30238.5,Nizamabad,2019,30238.5,30238.5,0.0,0.0
150931,2019-2020,Telangana,36,Kamareddy,685.0,Net Irrigated Area,Canal,Private,30238.5,Nizamabad,2019,30238.5,30238.5,0.0,0.0
158689,2020-2021,Telangana,36,Kamareddy,685.0,Gross Irrigated Area,Canal,Private,30238.5,Nizamabad,2020,30238.5,30238.5,0.0,0.0
158695,2020-2021,Telangana,36,Kamareddy,685.0,Net Irrigated Area,Canal,Private,30238.5,Nizamabad,2020,30238.5,30238.5,0.0,0.0
164281,2021-2022,Telangana,36,Kamareddy,685.0,Gross Irrigated Area,Canal,Private,30238.5,Nizamabad,2021,30238.5,30238.5,0.0,0.0
164287,2021-2022,Telangana,36,Kamareddy,685.0,Net Irrigated Area,Canal,Private,30238.5,Nizamabad,2021,30238.5,30238.5,0.0,0.0
170845,2022-2023,Telangana,36,Kamareddy,685.0,Gross Irrigated Area,Canal,Private,30238.5,Nizamabad,2022,30238.5,30238.5,0.0,0.0
170851,2022-2023,Telangana,36,Kamareddy,685.0,Net Irrigated Area,Canal,Private,30238.5,Nizamabad,2022,30238.5,30238.5,0.0,0.0
128234,2016-2017,Telangana,36,Kamareddy,685.0,Gross Irrigated Area,Other Source,Other Source,8357.0,Nizamabad,2016,,,,
128240,2016-2017,Telangana,36,Kamareddy,685.0,Net Irrigated Area,Other Source,Other Source,8357.0,Nizamabad,2016,8357.0,8357.0,0.0,0.0
135734,2017-2018,Telangana,36,Kamareddy,685.0,Gross Irrigated Area,Other Source,Other Source,6417.0,Nizamabad,2017,8357.0,8357.0,-1940.0,-23.21407203541941
135740,2017-2018,Telangana,36,Kamareddy,685.0,Net Irrigated Area,Other Source,Other Source,5198.0,Nizamabad,2017,6417.0,7710.333333333333,-1219.0,-18.996415770609318
143294,2018-2019,Telangana,36,Kamareddy,685.0,Gross Irrigated Area,Other Source,Other Source,1369.0,Nizamabad,2018,5198.0,7082.25,-3829.0,-73.66294728741823
143300,2018-2019,Telangana,36,Kamareddy,685.0,Net Irrigated Area,Other Source,Other Source,1328.0,Nizamabad,2018,1369.0,5939.6,-41.0,-2.9948867786705624
150926,2019-2020,Telangana,36,Kamareddy,685.0,Gross Irrigated Area,Other Source,Other Source,431.0,Nizamabad,2019,1328.0,5171.0,-897.0,-67.54518072289156
150932,2019-2020,Telangana,36,Kamareddy,685.0,Net Irrigated Area,Other Source,Other Source,228.0,Nizamabad,2019,431.0,4493.857142857143,-203.0,-47.09976798143852
158690,2020-2021,Telangana,36,Kamareddy,685.0,Gross Irrigated Area,Other Source,Other Source,314.0,Nizamabad,2020,228.0,3960.625,86.0,37.719298245614034
158696,2020-2021,Telangana,36,Kamareddy,685.0,Net Irrigated Area,Other Source,Other Source,217.0,Nizamabad,2020,314.0,3555.4444444444443,-97.0,-30.89171974522293
164282,2021-2022,Telangana,36,Kamareddy,685.0,Gross Irrigated Area,Other Source,Other Source,219.0,Nizamabad,2021,217.0,3221.6,2.0,0.9216589861751152
164288,2021-2022,Telangana,36,Kamareddy,685.0,Net Irrigated Area,Other Source,Other Source,206.0,Nizamabad,2021,219.0,2948.6363636363635,-13.0,-5.93607305936073
170846,2022-2023,Telangana,36,Kamareddy,685.0,Gross Irrigated Area,Other Source,Other Source,3526.0,Nizamabad,2022,206.0,2720.0833333333335,3320.0,1611.6504854368934
170852,2022-2023,Telangana,36,Kamareddy,685.0,Net Irrigated Area,Other Source,Other Source,2300.0,Nizamabad,2022,3526.0,2782.076923076923,-1226.0,-34.77027793533749
128235,2016-2017,Telangana,36,Kamareddy,685.0,Gross Irrigated Area,Tank,Tank,5634.0,Nizamabad,2016,,,,
128241,2016-2017,Telangana,36,Kamareddy,685.0,Net Irrigated Area,Tank,Tank,5521.0,Nizamabad,2016,5634.0,5634.0,-113.0,-2.005679801206958
135735,2017-2018,Telangana,36,Kamareddy,685.0,Gross Irrigated Area,Tank,Tank,6379.0,Nizamabad,2017,5521.0,5577.5,858.0,15.540662923383444
135741,2017-2018,Telangana,36,Kamareddy,685.0,Net Irrigated Area,Tank,Tank,4465.0,Nizamabad,2017,6379.0,5844.666666666667,-1914.0,-30.004702931493966
143295,2018-2019,Telangana,36,Kamareddy,685.0,Gross Irrigated Area,Tank,Tank,7490.0,Nizamabad,2018,4465.0,5499.75,3025.0,67.7491601343785
143301,2018-2019,Telangana,36,Kamareddy,685.0,Net Irrigated Area,Tank,Tank,5543.0,Nizamabad,2018,7490.0,5897.8,-1947.0,-25.994659546061417
150927,2019-2020,Telangana,36,Kamareddy,685.0,Gross Irrigated Area,Tank,Tank,9690.0,Nizamabad,2019,5543.0,5838.666666666667,4147.0,74.81508208551327
150933,2019-2020,Telangana,36,Kamareddy,685.0,Net Irrigated Area,Tank,Tank,6977.0,Nizamabad,2019,9690.0,6388.857142857143,-2713.0,-27.997936016511865
158691,2020-2021,Telangana,36,Kamareddy,685.0,Gross Irrigated Area,Tank,Tank,10427.0,Nizamabad,2020,6977.0,6462.375,3450.0,49.44818689981367
158697,2020-2021,Telangana,36,Kamareddy,685.0,Net Irrigated Area,Tank,Tank,7507.0,Nizamabad,2020,10427.0,6902.888888888889,-2920.0,-28.00421981394457
164283,2021-2022,Telangana,36,Kamareddy,685.0,Gross Irrigated Area,Tank,Tank,12495.0,Nizamabad,2021,7507.0,6963.3,4988.0,66.44465165845212
164289,2021-2022,Telangana,36,Kamareddy,685.0,Net Irrigated Area,Tank,Tank,11995.0,Nizamabad,2021,12495.0,7466.181818181818,-500.0,-4.001600640256102
170847,2022-2023,Telangana,36,Kamareddy,685.0,Gross Irrigated Area,Tank,Tank,38453.0,Nizamabad,2022,11995.0,7843.583333333333,26458.0,220.57523968320135
170853,2022-2023,Telangana,36,Kamareddy,685.0,Net Irrigated Area,Tank,Tank,24030.0,Nizamabad,2022,38453.0,10198.153846153846,-14423.0,-37.50812680415052
128236,2016-2017,Telangana,36,Kamareddy,685.0,Gross Irrigated Area,Well,Other Well,1360.0,Nizamabad,2016,,,,
128242,2016-2017,Telangana,36,Kamareddy,685.0,Net Irrigated Area,Well,Other Well,1360.0,Nizamabad,2016,1360.0,1360.0,0.0,0.0
135736,2017-2018,Telangana,36,Kamareddy,685.0,Gross Irrigated Area,Well,Other Well,1360.0,Nizamabad,2017,1360.0,1360.0,0.0,0.0
135742,2017-2018,Telangana,36,Kamareddy,685.0,Net Irrigated Area,Well,Other Well,1360.0,Nizamabad,2017,1360.0,1360.0,0.0,0.0
143296,2018-2019,Telangana,36,Kamareddy,685.0,Gross Irrigated Area,Well,Other Well,1360.0,Nizamabad,2018,1360.0,1360.0,0.0,0.0
143302,2018-2019,Telangana,36,Kamareddy,685.0,Net Irrigated Area,Well,Other Well,1360.0,Nizamabad,2018,1360.0,1360.0,0.0,0.0
150928,2019-2020,Telangana,36,Kamareddy,685.0,Gross Irrigated Area,Well,Other Well,1360.0,Nizamabad,2019,1360.0,1360.0,0.0,0.0
150934,2019-2020,Telangana,36,Kamareddy,685.0,Net Irrigated Area,Well,Other Well,1360.0,Nizamabad,2019,1360.0,1360.0,0.0,0.0
158692,2020-2021,Telangana,36,Kamareddy,685.0,Gross Irrigated Area,Well,Other Well,1523.0,Nizamabad,2020,1360.0,1360.0,163.0,11.98529411764706
158698,2020-2021,Telangana,36,Kamareddy,685.0,Net Irrigated Area,Well,Other Well,1523.0,Nizamabad,2020,1523.0,1378.111111111111,0.0,0.0
164284,2021-2022,Telangana,36,Kamareddy,685.0,Gross Irrigated Area,Well,Other Well,1360.0,Nizamabad,2021,1523.0,1392.6,-163.0,-10.702560735390676
164290,2021-2022,Telangana,36,Kamareddy,685.0,Net Irrigated Area,Well,Other Well,1360.0,Nizamabad,2021,1360.0,1389.6363636363637,0.0,0.0
170848,2022-2023,Telangana,36,Kamareddy,685.0,Gross Irrigated Area,Well,Other Well,1302.0,Nizamabad,2022,1360.0,1387.1666666666667,-58.0,-4.264705882352941
170854,2022-2023,Telangana,36,Kamareddy,685.0,Net Irrigated Area,Well,Other Well,1302.0,Nizamabad,2022,1302.0,1380.6153846153845,0.0,0.0
128237,2016-2017,Telangana,36,Kamareddy,685.0,Gross Irrigated Area,Well,Tubewell,88571.0,Nizamabad,2016,,,,
128243,2016-2017,Telangana,36,Kamareddy,685.0,Net Irrigated Area,Well,Tubewell,56685.0,Nizamabad,2016,88571.0,88571.0,-31886.0,-36.00049677659731
135737,2017-2018,Telangana,36,Kamareddy,685.0,Gross Irrigated Area,Well,Tubewell,79193.0,Nizamabad,2017,56685.0,72628.0,22508.0,39.7071535679633
135743,2017-2018,Telangana,36,Kamareddy,685.0,Net Irrigated Area,Well,Tubewell,45932.0,Nizamabad,2017,79193.0,74816.33333333333,-33261.0,-41.9999242357279
143297,2018-2019,Telangana,36,Kamareddy,685.0,Gross Irrigated Area,Well,Tubewell,80578.0,Nizamabad,2018,45932.0,67595.25,34646.0,75.42889488809544
143303,2018-2019,Telangana,36,Kamareddy,685.0,Net Irrigated Area,Well,Tubewell,49958.0,Nizamabad,2018,80578.0,70191.8,-30620.0,-38.00044677207178
150929,2019-2020,Telangana,36,Kamareddy,685.0,Gross Irrigated Area,Well,Tubewell,137231.0,Nizamabad,2019,49958.0,66819.5,87273.0,174.69274190319868
150935,2019-2020,Telangana,36,Kamareddy,685.0,Net Irrigated Area,Well,Tubewell,78209.0,Nizamabad,2019,137231.0,76878.28571428571,-59022.0,-43.009232607792704
158693,2020-2021,Telangana,36,Kamareddy,685.0,Gross Irrigated Area,Well,Tubewell,150737.0,Nizamabad,2020,78209.0,77044.625,72528.0,92.7361301129026
158699,2020-2021,Telangana,36,Kamareddy,685.0,Net Irrigated Area,Well,Tubewell,79104.0,Nizamabad,2020,150737.0,85232.66666666667,-71633.0,-47.52184267963406
164285,2021-2022,Telangana,36,Kamareddy,685.0,Gross Irrigated Area,Well,Tubewell,134534.0,Nizamabad,2021,79104.0,84619.8,55430.0,70.07230987055017
164291,2021-2022,Telangana,36,Kamareddy,685.0,Net Irrigated Area,Well,Tubewell,75382.0,Nizamabad,2021,134534.0,89157.45454545454,-59152.0,-43.96806755169697
170849,2022-2023,Telangana,36,Kamareddy,685.0,Gross Irrigated Area,Well,Tubewell,191689.0,Nizamabad,2022,75382.0,88009.5,116307.0,154.2901488418986
170855,2022-2023,Telangana,36,Kamareddy,685.0,Net Irrigated Area,Well,Tubewell,103362.0,Nizamabad,2022,191689.0,95984.84615384616,-88327.0,-46.078283052235655
113736,2014-2015,Telangana,36,Karimnagar,508.0,Gross Irrigated Area,Canal,Government,1111.0,Karimnagar,2014,,,,
113742,2014-2015,Telangana,36,Karimnagar,508.0,Net Irrigated Area,Canal,Government,810.0,Karimnagar,2014,1111.0,1111.0,-301.0,-27.09270927092709
120948,2015-2016,Telangana,36,Karimnagar,508.0,Gross Irrigated Area,Canal,Government,122.0,Karimnagar,2015,810.0,960.5,-688.0,-84.93827160493828
120954,2015-2016,Telangana,36,Karimnagar,508.0,Net Irrigated Area,Canal,Government,122.0,Karimnagar,2015,122.0,681.0,0.0,0.0
128244,2016-2017,Telangana,36,Karimnagar,508.0,Gross Irrigated Area,Canal,Government,142417.0,Karimnagar,2016,122.0,541.25,142295.0,116635.24590163934
128250,2016-2017,Telangana,36,Karimnagar,508.0,Net Irrigated Area,Canal,Government,91105.0,Karimnagar,2016,142417.0,28916.4,-51312.0,-36.02940660173996
135744,2017-2018,Telangana,36,Karimnagar,508.0,Gross Irrigated Area,Canal,Government,28033.0,Karimnagar,2017,91105.0,39281.166666666664,-63072.0,-69.23000932989409
135750,2017-2018,Telangana,36,Karimnagar,508.0,Net Irrigated Area,Canal,Government,26396.0,Karimnagar,2017,28033.0,37674.28571428572,-1637.0,-5.839546249063603
143304,2018-2019,Telangana,36,Karimnagar,508.0,Gross Irrigated Area,Canal,Government,66827.0,Karimnagar,2018,26396.0,36264.5,40431.0,153.17093499015002
143310,2018-2019,Telangana,36,Karimnagar,508.0,Net Irrigated Area,Canal,Government,34672.0,Karimnagar,2018,66827.0,39660.333333333336,-32155.0,-48.1167791461535
150936,2019-2020,Telangana,36,Karimnagar,508.0,Gross Irrigated Area,Canal,Government,64817.0,Karimnagar,2019,34672.0,39161.5,30145.0,86.94335486848178
150942,2019-2020,Telangana,36,Karimnagar,508.0,Net Irrigated Area,Canal,Government,54485.0,Karimnagar,2019,64817.0,41493.818181818184,-10332.0,-15.940262585432835
158700,2020-2021,Telangana,36,Karimnagar,508.0,Gross Irrigated Area,Canal,Government,149798.0,Karimnagar,2020,54485.0,42576.416666666664,95313.0,174.93438561071855
158706,2020-2021,Telangana,36,Karimnagar,508.0,Net Irrigated Area,Canal,Government,83887.0,Karimnagar,2020,149798.0,50824.230769230766,-65911.0,-43.99991989212139
164292,2021-2022,Telangana,36,Karimnagar,508.0,Gross Irrigated Area,Canal,Government,172194.0,Karimnagar,2021,83887.0,53185.857142857145,88307.0,105.26899281175868
164298,2021-2022,Telangana,36,Karimnagar,508.0,Net Irrigated Area,Canal,Government,91925.0,Karimnagar,2021,172194.0,61119.73333333333,-80269.0,-46.61544536975737
170856,2022-2023,Telangana,36,Karimnagar,508.0,Gross Irrigated Area,Canal,Government,99623.0,Karimnagar,2022,91925.0,63045.0625,7698.0,8.374218112591787
170862,2022-2023,Telangana,36,Karimnagar,508.0,Net Irrigated Area,Canal,Government,54830.0,Karimnagar,2022,99623.0,65196.705882352944,-44793.0,-44.9625086576393
113737,2014-2015,Telangana,36,Karimnagar,508.0,Gross Irrigated Area,Canal,Private,59823.5,Karimnagar,2014,,,,
113743,2014-2015,Telangana,36,Karimnagar,508.0,Net Irrigated Area,Canal,Private,59823.5,Karimnagar,2014,59823.5,59823.5,0.0,0.0
120949,2015-2016,Telangana,36,Karimnagar,508.0,Gross Irrigated Area,Canal,Private,59823.5,Karimnagar,2015,59823.5,59823.5,0.0,0.0
120955,2015-2016,Telangana,36,Karimnagar,508.0,Net Irrigated Area,Canal,Private,59823.5,Karimnagar,2015,59823.5,59823.5,0.0,0.0
128245,2016-2017,Telangana,36,Karimnagar,508.0,Gross Irrigated Area,Canal,Private,59823.5,Karimnagar,2016,59823.5,59823.5,0.0,0.0
128251,2016-2017,Telangana,36,Karimnagar,508.0,Net Irrigated Area,Canal,Private,59823.5,Karimnagar,2016,59823.5,59823.5,0.0,0.0
135745,2017-2018,Telangana,36,Karimnagar,508.0,Gross Irrigated Area,Canal,Private,59823.5,Karimnagar,2017,59823.5,59823.5,0.0,0.0
135751,2017-2018,Telangana,36,Karimnagar,508.0,Net Irrigated Area,Canal,Private,59823.5,Karimnagar,2017,59823.5,59823.5,0.0,0.0
143305,2018-2019,Telangana,36,Karimnagar,508.0,Gross Irrigated Area,Canal,Private,59823.5,Karimnagar,2018,59823.5,59823.5,0.0,0.0
143311,2018-2019,Telangana,36,Karimnagar,508.0,Net Irrigated Area,Canal,Private,59823.5,Karimnagar,2018,59823.5,59823.5,0.0,0.0
150937,2019-2020,Telangana,36,Karimnagar,508.0,Gross Irrigated Area,Canal,Private,59823.5,Karimnagar,2019,59823.5,59823.5,0.0,0.0
150943,2019-2020,Telangana,36,Karimnagar,508.0,Net Irrigated Area,Canal,Private,59823.5,Karimnagar,2019,59823.5,59823.5,0.0,0.0
158701,2020-2021,Telangana,36,Karimnagar,508.0,Gross Irrigated Area,Canal,Private,59823.5,Karimnagar,2020,59823.5,59823.5,0.0,0.0
158707,2020-2021,Telangana,36,Karimnagar,508.0,Net Irrigated Area,Canal,Private,59823.5,Karimnagar,2020,59823.5,59823.5,0.0,0.0
164293,2021-2022,Telangana,36,Karimnagar,508.0,Gross Irrigated Area,Canal,Private,59823.5,Karimnagar,2021,59823.5,59823.5,0.0,0.0
164299,2021-2022,Telangana,36,Karimnagar,508.0,Net Irrigated Area,Canal,Private,59823.5,Karimnagar,2021,59823.5,59823.5,0.0,0.0
170857,2022-2023,Telangana,36,Karimnagar,508.0,Gross Irrigated Area,Canal,Private,59823.5,Karimnagar,2022,59823.5,59823.5,0.0,0.0
170863,2022-2023,Telangana,36,Karimnagar,508.0,Net Irrigated Area,Canal,Private,59823.5,Karimnagar,2022,59823.5,59823.5,0.0,0.0
113738,2014-2015,Telangana,36,Karimnagar,508.0,Gross Irrigated Area,Other Source,Other Source,496.0,Karimnagar,2014,,,,
113744,2014-2015,Telangana,36,Karimnagar,508.0,Net Irrigated Area,Other Source,Other Source,59.0,Karimnagar,2014,496.0,496.0,-437.0,-88.10483870967742
120950,2015-2016,Telangana,36,Karimnagar,508.0,Gross Irrigated Area,Other Source,Other Source,1071.0,Karimnagar,2015,59.0,277.5,1012.0,1715.2542372881358
120956,2015-2016,Telangana,36,Karimnagar,508.0,Net Irrigated Area,Other Source,Other Source,434.0,Karimnagar,2015,1071.0,542.0,-637.0,-59.47712418300654
128246,2016-2017,Telangana,36,Karimnagar,508.0,Gross Irrigated Area,Other Source,Other Source,352.0,Karimnagar,2016,434.0,515.0,-82.0,-18.89400921658986
128252,2016-2017,Telangana,36,Karimnagar,508.0,Net Irrigated Area,Other Source,Other Source,352.0,Karimnagar,2016,352.0,482.4,0.0,0.0
135746,2017-2018,Telangana,36,Karimnagar,508.0,Gross Irrigated Area,Other Source,Other Source,145.0,Karimnagar,2017,352.0,460.6666666666667,-207.0,-58.80681818181818
135752,2017-2018,Telangana,36,Karimnagar,508.0,Net Irrigated Area,Other Source,Other Source,145.0,Karimnagar,2017,145.0,415.57142857142856,0.0,0.0
143306,2018-2019,Telangana,36,Karimnagar,508.0,Gross Irrigated Area,Other Source,Other Source,40.0,Karimnagar,2018,145.0,381.75,-105.0,-72.41379310344827
143312,2018-2019,Telangana,36,Karimnagar,508.0,Net Irrigated Area,Other Source,Other Source,40.0,Karimnagar,2018,40.0,343.77777777777777,0.0,0.0
150938,2019-2020,Telangana,36,Karimnagar,508.0,Gross Irrigated Area,Other Source,Other Source,1259.0,Karimnagar,2019,40.0,313.4,1219.0,3047.5
150944,2019-2020,Telangana,36,Karimnagar,508.0,Net Irrigated Area,Other Source,Other Source,1259.0,Karimnagar,2019,1259.0,399.3636363636364,0.0,0.0
158702,2020-2021,Telangana,36,Karimnagar,508.0,Gross Irrigated Area,Other Source,Other Source,486.0,Karimnagar,2020,1259.0,471.0,-773.0,-61.39793486894361
158708,2020-2021,Telangana,36,Karimnagar,508.0,Net Irrigated Area,Other Source,Other Source,325.0,Karimnagar,2020,486.0,472.15384615384613,-161.0,-33.1275720164609
164294,2021-2022,Telangana,36,Karimnagar,508.0,Gross Irrigated Area,Other Source,Other Source,49.0,Karimnagar,2021,325.0,461.64285714285717,-276.0,-84.92307692307692
164300,2021-2022,Telangana,36,Karimnagar,508.0,Net Irrigated Area,Other Source,Other Source,34.0,Karimnagar,2021,49.0,434.1333333333333,-15.0,-30.612244897959183
170858,2022-2023,Telangana,36,Karimnagar,508.0,Gross Irrigated Area,Other Source,Other Source,338.5,Karimnagar,2022,34.0,409.125,304.5,895.5882352941176
170864,2022-2023,Telangana,36,Karimnagar,508.0,Net Irrigated Area,Other Source,Other Source,338.5,Karimnagar,2022,338.5,404.97058823529414,0.0,0.0
113739,2014-2015,Telangana,36,Karimnagar,508.0,Gross Irrigated Area,Tank,Tank,19810.0,Karimnagar,2014,,,,
113745,2014-2015,Telangana,36,Karimnagar,508.0,Net Irrigated Area,Tank,Tank,18451.0,Karimnagar,2014,19810.0,19810.0,-1359.0,-6.860171630489652
120951,2015-2016,Telangana,36,Karimnagar,508.0,Gross Irrigated Area,Tank,Tank,6866.0,Karimnagar,2015,18451.0,19130.5,-11585.0,-62.787924773725
120957,2015-2016,Telangana,36,Karimnagar,508.0,Net Irrigated Area,Tank,Tank,6866.0,Karimnagar,2015,6866.0,15042.333333333334,0.0,0.0
128247,2016-2017,Telangana,36,Karimnagar,508.0,Gross Irrigated Area,Tank,Tank,9635.0,Karimnagar,2016,6866.0,12998.25,2769.0,40.32915817069618
128253,2016-2017,Telangana,36,Karimnagar,508.0,Net Irrigated Area,Tank,Tank,8671.0,Karimnagar,2016,9635.0,12325.6,-964.0,-10.005189413596263
135747,2017-2018,Telangana,36,Karimnagar,508.0,Gross Irrigated Area,Tank,Tank,6361.0,Karimnagar,2017,8671.0,11716.5,-2310.0,-26.6405258909007
135753,2017-2018,Telangana,36,Karimnagar,508.0,Net Irrigated Area,Tank,Tank,4707.0,Karimnagar,2017,6361.0,10951.42857142857,-1654.0,-26.002200911806323
143307,2018-2019,Telangana,36,Karimnagar,508.0,Gross Irrigated Area,Tank,Tank,7105.0,Karimnagar,2018,4707.0,10170.875,2398.0,50.94540046738899
143313,2018-2019,Telangana,36,Karimnagar,508.0,Net Irrigated Area,Tank,Tank,4973.0,Karimnagar,2018,7105.0,9830.222222222223,-2132.0,-30.00703729767769
150939,2019-2020,Telangana,36,Karimnagar,508.0,Gross Irrigated Area,Tank,Tank,7646.0,Karimnagar,2019,4973.0,9344.5,2673.0,53.75025135732958
150945,2019-2020,Telangana,36,Karimnagar,508.0,Net Irrigated Area,Tank,Tank,4052.0,Karimnagar,2019,7646.0,9190.09090909091,-3594.0,-47.00496991891185
158703,2020-2021,Telangana,36,Karimnagar,508.0,Gross Irrigated Area,Tank,Tank,9375.0,Karimnagar,2020,4052.0,8761.916666666666,5323.0,131.36722606120435
158709,2020-2021,Telangana,36,Karimnagar,508.0,Net Irrigated Area,Tank,Tank,5719.0,Karimnagar,2020,9375.0,8809.076923076924,-3656.0,-38.99733333333334
164295,2021-2022,Telangana,36,Karimnagar,508.0,Gross Irrigated Area,Tank,Tank,10419.0,Karimnagar,2021,5719.0,8588.357142857143,4700.0,82.18219968525966
164301,2021-2022,Telangana,36,Karimnagar,508.0,Net Irrigated Area,Tank,Tank,6251.0,Karimnagar,2021,10419.0,8710.4,-4168.0,-40.00383914003263
170859,2022-2023,Telangana,36,Karimnagar,508.0,Gross Irrigated Area,Tank,Tank,24723.0,Karimnagar,2022,6251.0,8556.6875,18472.0,295.5047192449208
170865,2022-2023,Telangana,36,Karimnagar,508.0,Net Irrigated Area,Tank,Tank,15062.0,Karimnagar,2022,24723.0,9507.64705882353,-9661.0,-39.076972859280836
113740,2014-2015,Telangana,36,Karimnagar,508.0,Gross Irrigated Area,Well,Other Well,401671.0,Karimnagar,2014,,,,
113746,2014-2015,Telangana,36,Karimnagar,508.0,Net Irrigated Area,Well,Other Well,244984.0,Karimnagar,2014,401671.0,401671.0,-156687.0,-39.00879077653104
120952,2015-2016,Telangana,36,Karimnagar,508.0,Gross Irrigated Area,Well,Other Well,279472.0,Karimnagar,2015,244984.0,323327.5,34488.0,14.077654050876792
120958,2015-2016,Telangana,36,Karimnagar,508.0,Net Irrigated Area,Well,Other Well,191446.0,Karimnagar,2015,279472.0,308709.0,-88026.0,-31.497251960840444
128248,2016-2017,Telangana,36,Karimnagar,508.0,Gross Irrigated Area,Well,Other Well,14633.0,Karimnagar,2016,191446.0,279393.25,-176813.0,-92.35659141481149
128254,2016-2017,Telangana,36,Karimnagar,508.0,Net Irrigated Area,Well,Other Well,6374.0,Karimnagar,2016,14633.0,226441.2,-8259.0,-56.44092120549443
135748,2017-2018,Telangana,36,Karimnagar,508.0,Gross Irrigated Area,Well,Other Well,99645.0,Karimnagar,2017,6374.0,189763.33333333334,93271.0,1463.3040476937558
135754,2017-2018,Telangana,36,Karimnagar,508.0,Net Irrigated Area,Well,Other Well,70748.0,Karimnagar,2017,99645.0,176889.2857142857,-28897.0,-28.99994982186763
143308,2018-2019,Telangana,36,Karimnagar,508.0,Gross Irrigated Area,Well,Other Well,64459.0,Karimnagar,2018,70748.0,163621.625,-6289.0,-8.889297223949793
143314,2018-2019,Telangana,36,Karimnagar,508.0,Net Irrigated Area,Well,Other Well,40609.0,Karimnagar,2018,64459.0,152603.55555555556,-23850.0,-37.00026373353605
150940,2019-2020,Telangana,36,Karimnagar,508.0,Gross Irrigated Area,Well,Other Well,121474.0,Karimnagar,2019,40609.0,141404.1,80865.0,199.13073456622917
150946,2019-2020,Telangana,36,Karimnagar,508.0,Net Irrigated Area,Well,Other Well,82595.0,Karimnagar,2019,121474.0,139592.27272727274,-38879.0,-32.00602598086834
158704,2020-2021,Telangana,36,Karimnagar,508.0,Gross Irrigated Area,Well,Other Well,71489.0,Karimnagar,2020,82595.0,134842.5,-11106.0,-13.446334523881589
158710,2020-2021,Telangana,36,Karimnagar,508.0,Net Irrigated Area,Well,Other Well,41821.0,Karimnagar,2020,71489.0,129969.15384615384,-29668.0,-41.50009092307908
164296,2021-2022,Telangana,36,Karimnagar,508.0,Gross Irrigated Area,Well,Other Well,36459.0,Karimnagar,2021,41821.0,123672.85714285714,-5362.0,-12.82130986824801
164302,2021-2022,Telangana,36,Karimnagar,508.0,Net Irrigated Area,Well,Other Well,20417.0,Karimnagar,2021,36459.0,117858.6,-16042.0,-44.000109712279546
170860,2022-2023,Telangana,36,Karimnagar,508.0,Gross Irrigated Area,Well,Other Well,107632.0,Karimnagar,2022,20417.0,111768.5,87215.0,427.1685360239016
170866,2022-2023,Telangana,36,Karimnagar,508.0,Net Irrigated Area,Well,Other Well,60821.0,Karimnagar,2022,107632.0,111525.17647058824,-46811.0,-43.49171250185818
113741,2014-2015,Telangana,36,Karimnagar,508.0,Gross Irrigated Area,Well,Tubewell,78352.0,Karimnagar,2014,,,,
113747,2014-2015,Telangana,36,Karimnagar,508.0,Net Irrigated Area,Well,Tubewell,51354.0,Karimnagar,2014,78352.0,78352.0,-26998.0,-34.457320808658366
120953,2015-2016,Telangana,36,Karimnagar,508.0,Gross Irrigated Area,Well,Tubewell,68947.0,Karimnagar,2015,51354.0,64853.0,17593.0,34.258285625267746
120959,2015-2016,Telangana,36,Karimnagar,508.0,Net Irrigated Area,Well,Tubewell,44334.0,Karimnagar,2015,68947.0,66217.66666666667,-24613.0,-35.6984350298055
128249,2016-2017,Telangana,36,Karimnagar,508.0,Gross Irrigated Area,Well,Tubewell,1272.0,Karimnagar,2016,44334.0,60746.75,-43062.0,-97.130870212478
128255,2016-2017,Telangana,36,Karimnagar,508.0,Net Irrigated Area,Well,Tubewell,713.0,Karimnagar,2016,1272.0,48851.8,-559.0,-43.94654088050314
135749,2017-2018,Telangana,36,Karimnagar,508.0,Gross Irrigated Area,Well,Tubewell,7500.0,Karimnagar,2017,713.0,40828.666666666664,6787.0,951.8934081346423
135755,2017-2018,Telangana,36,Karimnagar,508.0,Net Irrigated Area,Well,Tubewell,4650.0,Karimnagar,2017,7500.0,36067.42857142857,-2850.0,-38.0
143309,2018-2019,Telangana,36,Karimnagar,508.0,Gross Irrigated Area,Well,Tubewell,3392.0,Karimnagar,2018,4650.0,32140.25,-1258.0,-27.053763440860212
143315,2018-2019,Telangana,36,Karimnagar,508.0,Net Irrigated Area,Well,Tubewell,2340.0,Karimnagar,2018,3392.0,28946.0,-1052.0,-31.014150943396224
150941,2019-2020,Telangana,36,Karimnagar,508.0,Gross Irrigated Area,Well,Tubewell,13513.0,Karimnagar,2019,2340.0,26285.4,11173.0,477.47863247863245
150947,2019-2020,Telangana,36,Karimnagar,508.0,Net Irrigated Area,Well,Tubewell,6081.0,Karimnagar,2019,13513.0,25124.272727272728,-7432.0,-54.9988899578184
158705,2020-2021,Telangana,36,Karimnagar,508.0,Gross Irrigated Area,Well,Tubewell,8795.0,Karimnagar,2020,6081.0,23537.333333333332,2714.0,44.630817299786216
158711,2020-2021,Telangana,36,Karimnagar,508.0,Net Irrigated Area,Well,Tubewell,5775.0,Karimnagar,2020,8795.0,22403.30769230769,-3020.0,-34.3376918703809
164297,2021-2022,Telangana,36,Karimnagar,508.0,Gross Irrigated Area,Well,Tubewell,4430.0,Karimnagar,2021,5775.0,21215.571428571428,-1345.0,-23.29004329004329
164303,2021-2022,Telangana,36,Karimnagar,508.0,Net Irrigated Area,Well,Tubewell,2794.0,Karimnagar,2021,4430.0,20096.533333333333,-1636.0,-36.93002257336343
170861,2022-2023,Telangana,36,Karimnagar,508.0,Gross Irrigated Area,Well,Tubewell,14202.0,Karimnagar,2022,2794.0,19015.125,11408.0,408.3035075161059
170867,2022-2023,Telangana,36,Karimnagar,508.0,Net Irrigated Area,Well,Tubewell,9892.0,Karimnagar,2022,14202.0,18732.0,-4310.0,-30.347838332629205
113748,2014-2015,Telangana,36,Khammam,509.0,Gross Irrigated Area,Canal,Government,64629.0,Khammam,2014,,,,
113754,2014-2015,Telangana,36,Khammam,509.0,Net Irrigated Area,Canal,Government,51127.0,Khammam,2014,64629.0,64629.0,-13502.0,-20.891550232867598
120960,2015-2016,Telangana,36,Khammam,509.0,Gross Irrigated Area,Canal,Government,20373.0,Khammam,2015,51127.0,57878.0,-30754.0,-60.15217008625579
120966,2015-2016,Telangana,36,Khammam,509.0,Net Irrigated Area,Canal,Government,19821.0,Khammam,2015,20373.0,45376.333333333336,-552.0,-2.7094684140774556
128256,2016-2017,Telangana,36,Khammam,509.0,Gross Irrigated Area,Canal,Government,122032.0,Khammam,2016,19821.0,38987.5,102211.0,515.6702487260985
128262,2016-2017,Telangana,36,Khammam,509.0,Net Irrigated Area,Canal,Government,89046.0,Khammam,2016,122032.0,55596.4,-32986.0,-27.030614920676545
135756,2017-2018,Telangana,36,Khammam,509.0,Gross Irrigated Area,Canal,Government,205273.0,Khammam,2017,89046.0,61171.333333333336,116227.0,130.52467264110686
135762,2017-2018,Telangana,36,Khammam,509.0,Net Irrigated Area,Canal,Government,106906.0,Khammam,2017,205273.0,81757.28571428571,-98367.0,-47.92008690865335
143316,2018-2019,Telangana,36,Khammam,509.0,Gross Irrigated Area,Canal,Government,191740.0,Khammam,2018,106906.0,84900.875,84834.0,79.35382485548051
143322,2018-2019,Telangana,36,Khammam,509.0,Net Irrigated Area,Canal,Government,147339.0,Khammam,2018,191740.0,96771.88888888889,-44401.0,-23.156879107124233
150948,2019-2020,Telangana,36,Khammam,509.0,Gross Irrigated Area,Canal,Government,256621.0,Khammam,2019,147339.0,101828.6,109282.0,74.17045045778782
150954,2019-2020,Telangana,36,Khammam,509.0,Net Irrigated Area,Canal,Government,159254.0,Khammam,2019,256621.0,115900.63636363637,-97367.0,-37.941945514981235
158712,2020-2021,Telangana,36,Khammam,509.0,Gross Irrigated Area,Canal,Government,313205.0,Khammam,2020,159254.0,119513.41666666667,153951.0,96.67009933816419
158718,2020-2021,Telangana,36,Khammam,509.0,Net Irrigated Area,Canal,Government,188867.0,Khammam,2020,313205.0,134412.76923076922,-124338.0,-39.69859995849364
164304,2021-2022,Telangana,36,Khammam,509.0,Gross Irrigated Area,Canal,Government,273304.0,Khammam,2021,188867.0,138302.35714285713,84437.0,44.707121942954565
164310,2021-2022,Telangana,36,Khammam,509.0,Net Irrigated Area,Canal,Government,190284.0,Khammam,2021,273304.0,147302.46666666667,-83020.0,-30.37643064133712
170868,2022-2023,Telangana,36,Khammam,509.0,Gross Irrigated Area,Canal,Government,232838.0,Khammam,2022,190284.0,149988.8125,42554.0,22.363414685417588
170874,2022-2023,Telangana,36,Khammam,509.0,Net Irrigated Area,Canal,Government,144359.0,Khammam,2022,232838.0,154862.29411764705,-88479.0,-38.00024051056958
113749,2014-2015,Telangana,36,Khammam,509.0,Gross Irrigated Area,Canal,Private,153296.5,Khammam,2014,,,,
113755,2014-2015,Telangana,36,Khammam,509.0,Net Irrigated Area,Canal,Private,153296.5,Khammam,2014,153296.5,153296.5,0.0,0.0
120961,2015-2016,Telangana,36,Khammam,509.0,Gross Irrigated Area,Canal,Private,153296.5,Khammam,2015,153296.5,153296.5,0.0,0.0
120967,2015-2016,Telangana,36,Khammam,509.0,Net Irrigated Area,Canal,Private,153296.5,Khammam,2015,153296.5,153296.5,0.0,0.0
128257,2016-2017,Telangana,36,Khammam,509.0,Gross Irrigated Area,Canal,Private,153296.5,Khammam,2016,153296.5,153296.5,0.0,0.0
128263,2016-2017,Telangana,36,Khammam,509.0,Net Irrigated Area,Canal,Private,153296.5,Khammam,2016,153296.5,153296.5,0.0,0.0
135757,2017-2018,Telangana,36,Khammam,509.0,Gross Irrigated Area,Canal,Private,153296.5,Khammam,2017,153296.5,153296.5,0.0,0.0
135763,2017-2018,Telangana,36,Khammam,509.0,Net Irrigated Area,Canal,Private,153296.5,Khammam,2017,153296.5,153296.5,0.0,0.0
143317,2018-2019,Telangana,36,Khammam,509.0,Gross Irrigated Area,Canal,Private,153296.5,Khammam,2018,153296.5,153296.5,0.0,0.0
143323,2018-2019,Telangana,36,Khammam,509.0,Net Irrigated Area,Canal,Private,153296.5,Khammam,2018,153296.5,153296.5,0.0,0.0
150949,2019-2020,Telangana,36,Khammam,509.0,Gross Irrigated Area,Canal,Private,153296.5,Khammam,2019,153296.5,153296.5,0.0,0.0
150955,2019-2020,Telangana,36,Khammam,509.0,Net Irrigated Area,Canal,Private,153296.5,Khammam,2019,153296.5,153296.5,0.0,0.0
158713,2020-2021,Telangana,36,Khammam,509.0,Gross Irrigated Area,Canal,Private,153296.5,Khammam,2020,153296.5,153296.5,0.0,0.0
158719,2020-2021,Telangana,36,Khammam,509.0,Net Irrigated Area,Canal,Private,153296.5,Khammam,2020,153296.5,153296.5,0.0,0.0
164305,2021-2022,Telangana,36,Khammam,509.0,Gross Irrigated Area,Canal,Private,153296.5,Khammam,2021,153296.5,153296.5,0.0,0.0
164311,2021-2022,Telangana,36,Khammam,509.0,Net Irrigated Area,Canal,Private,153296.5,Khammam,2021,153296.5,153296.5,0.0,0.0
170869,2022-2023,Telangana,36,Khammam,509.0,Gross Irrigated Area,Canal,Private,153296.5,Khammam,2022,153296.5,153296.5,0.0,0.0
170875,2022-2023,Telangana,36,Khammam,509.0,Net Irrigated Area,Canal,Private,153296.5,Khammam,2022,153296.5,153296.5,0.0,0.0
113750,2014-2015,Telangana,36,Khammam,509.0,Gross Irrigated Area,Other Source,Other Source,9841.0,Khammam,2014,,,,
113756,2014-2015,Telangana,36,Khammam,509.0,Net Irrigated Area,Other Source,Other Source,8127.0,Khammam,2014,9841.0,9841.0,-1714.0,-17.416929173864446
120962,2015-2016,Telangana,36,Khammam,509.0,Gross Irrigated Area,Other Source,Other Source,10908.0,Khammam,2015,8127.0,8984.0,2781.0,34.21926910299003
120968,2015-2016,Telangana,36,Khammam,509.0,Net Irrigated Area,Other Source,Other Source,8419.0,Khammam,2015,10908.0,9625.333333333334,-2489.0,-22.818115144847816
128258,2016-2017,Telangana,36,Khammam,509.0,Gross Irrigated Area,Other Source,Other Source,781.0,Khammam,2016,8419.0,9323.75,-7638.0,-90.72336381993111
128264,2016-2017,Telangana,36,Khammam,509.0,Net Irrigated Area,Other Source,Other Source,601.0,Khammam,2016,781.0,7615.2,-180.0,-23.047375160051217
135758,2017-2018,Telangana,36,Khammam,509.0,Gross Irrigated Area,Other Source,Other Source,2038.5,Khammam,2017,601.0,6446.166666666667,1437.5,239.1846921797005
135764,2017-2018,Telangana,36,Khammam,509.0,Net Irrigated Area,Other Source,Other Source,2038.5,Khammam,2017,2038.5,5816.5,0.0,0.0
143318,2018-2019,Telangana,36,Khammam,509.0,Gross Irrigated Area,Other Source,Other Source,656.0,Khammam,2018,2038.5,5344.25,-1382.5,-67.81947510424332
143324,2018-2019,Telangana,36,Khammam,509.0,Net Irrigated Area,Other Source,Other Source,459.0,Khammam,2018,656.0,4823.333333333333,-197.0,-30.03048780487805
150950,2019-2020,Telangana,36,Khammam,509.0,Gross Irrigated Area,Other Source,Other Source,2845.0,Khammam,2019,459.0,4386.9,2386.0,519.8257080610022
150956,2019-2020,Telangana,36,Khammam,509.0,Net Irrigated Area,Other Source,Other Source,1650.0,Khammam,2019,2845.0,4246.727272727273,-1195.0,-42.00351493848858
158714,2020-2021,Telangana,36,Khammam,509.0,Gross Irrigated Area,Other Source,Other Source,2958.0,Khammam,2020,1650.0,4030.3333333333335,1308.0,79.27272727272727
158720,2020-2021,Telangana,36,Khammam,509.0,Net Irrigated Area,Other Source,Other Source,1449.0,Khammam,2020,2958.0,3947.846153846154,-1509.0,-51.014198782961465
164306,2021-2022,Telangana,36,Khammam,509.0,Gross Irrigated Area,Other Source,Other Source,2273.0,Khammam,2021,1449.0,3769.3571428571427,824.0,56.86680469289165
164312,2021-2022,Telangana,36,Khammam,509.0,Net Irrigated Area,Other Source,Other Source,1887.0,Khammam,2021,2273.0,3669.6,-386.0,-16.981962164540253
170870,2022-2023,Telangana,36,Khammam,509.0,Gross Irrigated Area,Other Source,Other Source,2190.0,Khammam,2022,1887.0,3558.1875,303.0,16.05723370429253
170876,2022-2023,Telangana,36,Khammam,509.0,Net Irrigated Area,Other Source,Other Source,1358.0,Khammam,2022,2190.0,3477.705882352941,-832.0,-37.990867579908674
113751,2014-2015,Telangana,36,Khammam,509.0,Gross Irrigated Area,Tank,Tank,37208.0,Khammam,2014,,,,
113757,2014-2015,Telangana,36,Khammam,509.0,Net Irrigated Area,Tank,Tank,33383.0,Khammam,2014,37208.0,37208.0,-3825.0,-10.280047301655557
120963,2015-2016,Telangana,36,Khammam,509.0,Gross Irrigated Area,Tank,Tank,40516.0,Khammam,2015,33383.0,35295.5,7133.0,21.367162927238414
120969,2015-2016,Telangana,36,Khammam,509.0,Net Irrigated Area,Tank,Tank,40516.0,Khammam,2015,40516.0,37035.666666666664,0.0,0.0
128259,2016-2017,Telangana,36,Khammam,509.0,Gross Irrigated Area,Tank,Tank,16567.0,Khammam,2016,40516.0,37905.75,-23949.0,-59.10998124197848
128265,2016-2017,Telangana,36,Khammam,509.0,Net Irrigated Area,Tank,Tank,13254.0,Khammam,2016,16567.0,33638.0,-3313.0,-19.997585561658717
135759,2017-2018,Telangana,36,Khammam,509.0,Gross Irrigated Area,Tank,Tank,17650.0,Khammam,2017,13254.0,30240.666666666668,4396.0,33.16734570695639
135765,2017-2018,Telangana,36,Khammam,509.0,Net Irrigated Area,Tank,Tank,13767.0,Khammam,2017,17650.0,28442.0,-3883.0,-22.0
143319,2018-2019,Telangana,36,Khammam,509.0,Gross Irrigated Area,Tank,Tank,18832.0,Khammam,2018,13767.0,26607.625,5065.0,36.790876734219516
143325,2018-2019,Telangana,36,Khammam,509.0,Net Irrigated Area,Tank,Tank,15066.0,Khammam,2018,18832.0,25743.666666666668,-3766.0,-19.99787595581988
150951,2019-2020,Telangana,36,Khammam,509.0,Gross Irrigated Area,Tank,Tank,13583.0,Khammam,2019,15066.0,24675.9,-1483.0,-9.843355900703571
150957,2019-2020,Telangana,36,Khammam,509.0,Net Irrigated Area,Tank,Tank,8829.0,Khammam,2019,13583.0,23667.454545454544,-4754.0,-34.99963189280719
158715,2020-2021,Telangana,36,Khammam,509.0,Gross Irrigated Area,Tank,Tank,18484.0,Khammam,2020,8829.0,22430.916666666668,9655.0,109.35553290293352
158721,2020-2021,Telangana,36,Khammam,509.0,Net Irrigated Area,Tank,Tank,12015.0,Khammam,2020,18484.0,22127.30769230769,-6469.0,-34.99783596624108
164307,2021-2022,Telangana,36,Khammam,509.0,Gross Irrigated Area,Tank,Tank,21051.0,Khammam,2021,12015.0,21405.0,9036.0,75.2059925093633
164313,2021-2022,Telangana,36,Khammam,509.0,Net Irrigated Area,Tank,Tank,17261.0,Khammam,2021,21051.0,21381.4,-3790.0,-18.003895301885898
170871,2022-2023,Telangana,36,Khammam,509.0,Gross Irrigated Area,Tank,Tank,28077.0,Khammam,2022,17261.0,21123.875,10816.0,62.66149122298824
170877,2022-2023,Telangana,36,Khammam,509.0,Net Irrigated Area,Tank,Tank,19934.0,Khammam,2022,28077.0,21532.882352941175,-8143.0,-29.002386294832068
113752,2014-2015,Telangana,36,Khammam,509.0,Gross Irrigated Area,Well,Other Well,44331.0,Khammam,2014,,,,
113758,2014-2015,Telangana,36,Khammam,509.0,Net Irrigated Area,Well,Other Well,36493.0,Khammam,2014,44331.0,44331.0,-7838.0,-17.68062980758386
120964,2015-2016,Telangana,36,Khammam,509.0,Gross Irrigated Area,Well,Other Well,46343.0,Khammam,2015,36493.0,40412.0,9850.0,26.99147781766366
120970,2015-2016,Telangana,36,Khammam,509.0,Net Irrigated Area,Well,Other Well,38904.0,Khammam,2015,46343.0,42389.0,-7439.0,-16.052046695293786
128260,2016-2017,Telangana,36,Khammam,509.0,Gross Irrigated Area,Well,Other Well,3692.0,Khammam,2016,38904.0,41517.75,-35212.0,-90.50997326753033
128266,2016-2017,Telangana,36,Khammam,509.0,Net Irrigated Area,Well,Other Well,3249.0,Khammam,2016,3692.0,33952.6,-443.0,-11.998916576381365
135760,2017-2018,Telangana,36,Khammam,509.0,Gross Irrigated Area,Well,Other Well,4929.0,Khammam,2017,3249.0,28835.333333333332,1680.0,51.70821791320406
135766,2017-2018,Telangana,36,Khammam,509.0,Net Irrigated Area,Well,Other Well,4338.0,Khammam,2017,4929.0,25420.14285714286,-591.0,-11.99026171637249
143320,2018-2019,Telangana,36,Khammam,509.0,Gross Irrigated Area,Well,Other Well,2243.0,Khammam,2018,4338.0,22784.875,-2095.0,-48.29414476717381
143326,2018-2019,Telangana,36,Khammam,509.0,Net Irrigated Area,Well,Other Well,1839.0,Khammam,2018,2243.0,20502.444444444445,-404.0,-18.011591618368257
150952,2019-2020,Telangana,36,Khammam,509.0,Gross Irrigated Area,Well,Other Well,13244.0,Khammam,2019,1839.0,18636.1,11405.0,620.1740076128331
150958,2019-2020,Telangana,36,Khammam,509.0,Net Irrigated Area,Well,Other Well,9645.0,Khammam,2019,13244.0,18145.909090909092,-3599.0,-27.174569616430084
158716,2020-2021,Telangana,36,Khammam,509.0,Gross Irrigated Area,Well,Other Well,5797.0,Khammam,2020,9645.0,17437.5,-3848.0,-39.89631933644375
158722,2020-2021,Telangana,36,Khammam,509.0,Net Irrigated Area,Well,Other Well,4155.0,Khammam,2020,5797.0,16542.076923076922,-1642.0,-28.324995687424533
164308,2021-2022,Telangana,36,Khammam,509.0,Gross Irrigated Area,Well,Other Well,6261.0,Khammam,2021,4155.0,15657.285714285714,2106.0,50.685920577617324
164314,2021-2022,Telangana,36,Khammam,509.0,Net Irrigated Area,Well,Other Well,4821.0,Khammam,2021,6261.0,15030.866666666667,-1440.0,-22.999520843315764
170872,2022-2023,Telangana,36,Khammam,509.0,Gross Irrigated Area,Well,Other Well,23233.0,Khammam,2022,4821.0,14392.75,18412.0,381.91246629330016
170878,2022-2023,Telangana,36,Khammam,509.0,Net Irrigated Area,Well,Other Well,17671.0,Khammam,2022,23233.0,14912.764705882353,-5562.0,-23.940085223604356
113753,2014-2015,Telangana,36,Khammam,509.0,Gross Irrigated Area,Well,Tubewell,62777.0,Khammam,2014,,,,
113759,2014-2015,Telangana,36,Khammam,509.0,Net Irrigated Area,Well,Tubewell,48575.0,Khammam,2014,62777.0,62777.0,-14202.0,-22.622935151408953
120965,2015-2016,Telangana,36,Khammam,509.0,Gross Irrigated Area,Well,Tubewell,68960.0,Khammam,2015,48575.0,55676.0,20385.0,41.966031909418426
120971,2015-2016,Telangana,36,Khammam,509.0,Net Irrigated Area,Well,Tubewell,54147.0,Khammam,2015,68960.0,60104.0,-14813.0,-21.480568445475637
128261,2016-2017,Telangana,36,Khammam,509.0,Gross Irrigated Area,Well,Tubewell,6857.0,Khammam,2016,54147.0,58614.75,-47290.0,-87.33632518883779
128267,2016-2017,Telangana,36,Khammam,509.0,Net Irrigated Area,Well,Tubewell,5897.0,Khammam,2016,6857.0,48263.2,-960.0,-14.000291672743181
135761,2017-2018,Telangana,36,Khammam,509.0,Gross Irrigated Area,Well,Tubewell,8763.0,Khammam,2017,5897.0,41202.166666666664,2866.0,48.60098355095811
135767,2017-2018,Telangana,36,Khammam,509.0,Net Irrigated Area,Well,Tubewell,6660.0,Khammam,2017,8763.0,36568.0,-2103.0,-23.998630605956865
143321,2018-2019,Telangana,36,Khammam,509.0,Gross Irrigated Area,Well,Tubewell,4994.0,Khammam,2018,6660.0,32829.5,-1666.0,-25.015015015015013
143327,2018-2019,Telangana,36,Khammam,509.0,Net Irrigated Area,Well,Tubewell,3995.0,Khammam,2018,4994.0,29736.666666666668,-999.0,-20.00400480576692
150953,2019-2020,Telangana,36,Khammam,509.0,Gross Irrigated Area,Well,Tubewell,21559.0,Khammam,2019,3995.0,27162.5,17564.0,439.6495619524406
150959,2019-2020,Telangana,36,Khammam,509.0,Net Irrigated Area,Well,Tubewell,12935.0,Khammam,2019,21559.0,26653.090909090908,-8624.0,-40.001855373625865
158717,2020-2021,Telangana,36,Khammam,509.0,Gross Irrigated Area,Well,Tubewell,12285.0,Khammam,2020,12935.0,25509.916666666668,-650.0,-5.025125628140704
158723,2020-2021,Telangana,36,Khammam,509.0,Net Irrigated Area,Well,Tubewell,7601.0,Khammam,2020,12285.0,24492.615384615383,-4684.0,-38.12779812779813
164309,2021-2022,Telangana,36,Khammam,509.0,Gross Irrigated Area,Well,Tubewell,13234.0,Khammam,2021,7601.0,23286.071428571428,5633.0,74.10866991185371
164315,2021-2022,Telangana,36,Khammam,509.0,Net Irrigated Area,Well,Tubewell,9446.0,Khammam,2021,13234.0,22615.933333333334,-3788.0,-28.623243161553575
170873,2022-2023,Telangana,36,Khammam,509.0,Gross Irrigated Area,Well,Tubewell,82276.0,Khammam,2022,9446.0,21792.8125,72830.0,771.0141858987931
170879,2022-2023,Telangana,36,Khammam,509.0,Net Irrigated Area,Well,Tubewell,58427.0,Khammam,2022,82276.0,25350.647058823528,-23849.0,-28.986581749234286
128268,2016-2017,Telangana,36,Kumuram Bheem Asifabad,699.0,Gross Irrigated Area,Canal,Government,41175.0,Adilabad,2016,,,,
128274,2016-2017,Telangana,36,Kumuram Bheem Asifabad,699.0,Net Irrigated Area,Canal,Government,26352.0,Adilabad,2016,41175.0,41175.0,-14823.0,-36.0
135768,2017-2018,Telangana,36,Kumuram Bheem Asifabad,699.0,Gross Irrigated Area,Canal,Government,52584.0,Adilabad,2017,26352.0,33763.5,26232.0,99.54462659380692
135774,2017-2018,Telangana,36,Kumuram Bheem Asifabad,699.0,Net Irrigated Area,Canal,Government,37860.0,Adilabad,2017,52584.0,40037.0,-14724.0,-28.000912825193975
143328,2018-2019,Telangana,36,Kumuram Bheem Asifabad,699.0,Gross Irrigated Area,Canal,Government,71439.0,Adilabad,2018,37860.0,39492.75,33579.0,88.69255150554675
143334,2018-2019,Telangana,36,Kumuram Bheem Asifabad,699.0,Net Irrigated Area,Canal,Government,52865.0,Adilabad,2018,71439.0,45882.0,-18574.0,-25.999804028611823
150960,2019-2020,Telangana,36,Kumuram Bheem Asifabad,699.0,Gross Irrigated Area,Canal,Government,63744.0,Adilabad,2019,52865.0,47045.833333333336,10879.0,20.578832876194078
150966,2019-2020,Telangana,36,Kumuram Bheem Asifabad,699.0,Net Irrigated Area,Canal,Government,50358.0,Adilabad,2019,63744.0,49431.28571428572,-13386.0,-20.999623493975903
158724,2020-2021,Telangana,36,Kumuram Bheem Asifabad,699.0,Gross Irrigated Area,Canal,Government,74699.0,Adilabad,2020,50358.0,49547.125,24341.0,48.33591484967632
158730,2020-2021,Telangana,36,Kumuram Bheem Asifabad,699.0,Net Irrigated Area,Canal,Government,47443.0,Adilabad,2020,74699.0,52341.77777777778,-27256.0,-36.48777092062812
164316,2021-2022,Telangana,36,Kumuram Bheem Asifabad,699.0,Gross Irrigated Area,Canal,Government,50687.0,Adilabad,2021,47443.0,51851.9,3244.0,6.837678898889194
164322,2021-2022,Telangana,36,Kumuram Bheem Asifabad,699.0,Net Irrigated Area,Canal,Government,40208.0,Adilabad,2021,50687.0,51746.0,-10479.0,-20.673940063527137
170880,2022-2023,Telangana,36,Kumuram Bheem Asifabad,699.0,Gross Irrigated Area,Canal,Government,7626.0,Adilabad,2022,40208.0,50784.5,-32582.0,-81.03362514922404
170886,2022-2023,Telangana,36,Kumuram Bheem Asifabad,699.0,Net Irrigated Area,Canal,Government,5208.0,Adilabad,2022,7626.0,47464.61538461538,-2418.0,-31.70731707317073
128269,2016-2017,Telangana,36,Kumuram Bheem Asifabad,699.0,Gross Irrigated Area,Canal,Private,48900.5,Adilabad,2016,,,,
128275,2016-2017,Telangana,36,Kumuram Bheem Asifabad,699.0,Net Irrigated Area,Canal,Private,48900.5,Adilabad,2016,48900.5,48900.5,0.0,0.0
135769,2017-2018,Telangana,36,Kumuram Bheem Asifabad,699.0,Gross Irrigated Area,Canal,Private,48900.5,Adilabad,2017,48900.5,48900.5,0.0,0.0
135775,2017-2018,Telangana,36,Kumuram Bheem Asifabad,699.0,Net Irrigated Area,Canal,Private,48900.5,Adilabad,2017,48900.5,48900.5,0.0,0.0
143329,2018-2019,Telangana,36,Kumuram Bheem Asifabad,699.0,Gross Irrigated Area,Canal,Private,48900.5,Adilabad,2018,48900.5,48900.5,0.0,0.0
143335,2018-2019,Telangana,36,Kumuram Bheem Asifabad,699.0,Net Irrigated Area,Canal,Private,48900.5,Adilabad,2018,48900.5,48900.5,0.0,0.0
150961,2019-2020,Telangana,36,Kumuram Bheem Asifabad,699.0,Gross Irrigated Area,Canal,Private,48900.5,Adilabad,2019,48900.5,48900.5,0.0,0.0
150967,2019-2020,Telangana,36,Kumuram Bheem Asifabad,699.0,Net Irrigated Area,Canal,Private,48900.5,Adilabad,2019,48900.5,48900.5,0.0,0.0
158725,2020-2021,Telangana,36,Kumuram Bheem Asifabad,699.0,Gross Irrigated Area,Canal,Private,48900.5,Adilabad,2020,48900.5,48900.5,0.0,0.0
158731,2020-2021,Telangana,36,Kumuram Bheem Asifabad,699.0,Net Irrigated Area,Canal,Private,48900.5,Adilabad,2020,48900.5,48900.5,0.0,0.0
164317,2021-2022,Telangana,36,Kumuram Bheem Asifabad,699.0,Gross Irrigated Area,Canal,Private,48900.5,Adilabad,2021,48900.5,48900.5,0.0,0.0
164323,2021-2022,Telangana,36,Kumuram Bheem Asifabad,699.0,Net Irrigated Area,Canal,Private,48900.5,Adilabad,2021,48900.5,48900.5,0.0,0.0
170881,2022-2023,Telangana,36,Kumuram Bheem Asifabad,699.0,Gross Irrigated Area,Canal,Private,48900.5,Adilabad,2022,48900.5,48900.5,0.0,0.0
170887,2022-2023,Telangana,36,Kumuram Bheem Asifabad,699.0,Net Irrigated Area,Canal,Private,48900.5,Adilabad,2022,48900.5,48900.5,0.0,0.0
128270,2016-2017,Telangana,36,Kumuram Bheem Asifabad,699.0,Gross Irrigated Area,Other Source,Other Source,3433.0,Adilabad,2016,,,,
128276,2016-2017,Telangana,36,Kumuram Bheem Asifabad,699.0,Net Irrigated Area,Other Source,Other Source,1511.0,Adilabad,2016,3433.0,3433.0,-1922.0,-55.986018060005826
135770,2017-2018,Telangana,36,Kumuram Bheem Asifabad,699.0,Gross Irrigated Area,Other Source,Other Source,2540.0,Adilabad,2017,1511.0,2472.0,1029.0,68.10059563203177
135776,2017-2018,Telangana,36,Kumuram Bheem Asifabad,699.0,Net Irrigated Area,Other Source,Other Source,1321.0,Adilabad,2017,2540.0,2494.6666666666665,-1219.0,-47.99212598425197
143330,2018-2019,Telangana,36,Kumuram Bheem Asifabad,699.0,Gross Irrigated Area,Other Source,Other Source,2866.0,Adilabad,2018,1321.0,2201.25,1545.0,116.95685087055261
143336,2018-2019,Telangana,36,Kumuram Bheem Asifabad,699.0,Net Irrigated Area,Other Source,Other Source,1347.0,Adilabad,2018,2866.0,2334.2,-1519.0,-53.00069783670621
150962,2019-2020,Telangana,36,Kumuram Bheem Asifabad,699.0,Gross Irrigated Area,Other Source,Other Source,1907.0,Adilabad,2019,1347.0,2169.6666666666665,560.0,41.57386785449147
150968,2019-2020,Telangana,36,Kumuram Bheem Asifabad,699.0,Net Irrigated Area,Other Source,Other Source,1182.0,Adilabad,2019,1907.0,2132.1428571428573,-725.0,-38.01782905086523
158726,2020-2021,Telangana,36,Kumuram Bheem Asifabad,699.0,Gross Irrigated Area,Other Source,Other Source,960.0,Adilabad,2020,1182.0,2013.375,-222.0,-18.781725888324875
158732,2020-2021,Telangana,36,Kumuram Bheem Asifabad,699.0,Net Irrigated Area,Other Source,Other Source,518.0,Adilabad,2020,960.0,1896.3333333333333,-442.0,-46.041666666666664
164318,2021-2022,Telangana,36,Kumuram Bheem Asifabad,699.0,Gross Irrigated Area,Other Source,Other Source,263.0,Adilabad,2021,518.0,1758.5,-255.0,-49.22779922779923
164324,2021-2022,Telangana,36,Kumuram Bheem Asifabad,699.0,Net Irrigated Area,Other Source,Other Source,197.0,Adilabad,2021,263.0,1622.5454545454545,-66.0,-25.09505703422053
170882,2022-2023,Telangana,36,Kumuram Bheem Asifabad,699.0,Gross Irrigated Area,Other Source,Other Source,2190.0,Adilabad,2022,197.0,1503.75,1993.0,1011.6751269035533
170888,2022-2023,Telangana,36,Kumuram Bheem Asifabad,699.0,Net Irrigated Area,Other Source,Other Source,1837.0,Adilabad,2022,2190.0,1556.5384615384614,-353.0,-16.118721461187217
128271,2016-2017,Telangana,36,Kumuram Bheem Asifabad,699.0,Gross Irrigated Area,Tank,Tank,7112.0,Adilabad,2016,,,,
128277,2016-2017,Telangana,36,Kumuram Bheem Asifabad,699.0,Net Irrigated Area,Tank,Tank,6259.0,Adilabad,2016,7112.0,7112.0,-853.0,-11.993813273340832
135771,2017-2018,Telangana,36,Kumuram Bheem Asifabad,699.0,Gross Irrigated Area,Tank,Tank,3311.0,Adilabad,2017,6259.0,6685.5,-2948.0,-47.10017574692443
135777,2017-2018,Telangana,36,Kumuram Bheem Asifabad,699.0,Net Irrigated Area,Tank,Tank,3112.0,Adilabad,2017,3311.0,5560.666666666667,-199.0,-6.010268800966475
143331,2018-2019,Telangana,36,Kumuram Bheem Asifabad,699.0,Gross Irrigated Area,Tank,Tank,5884.0,Adilabad,2018,3112.0,4948.5,2772.0,89.0745501285347
143337,2018-2019,Telangana,36,Kumuram Bheem Asifabad,699.0,Net Irrigated Area,Tank,Tank,5649.0,Adilabad,2018,5884.0,5135.6,-235.0,-3.9938817131203264
150963,2019-2020,Telangana,36,Kumuram Bheem Asifabad,699.0,Gross Irrigated Area,Tank,Tank,7689.0,Adilabad,2019,5649.0,5221.166666666667,2040.0,36.1125862984599
150969,2019-2020,Telangana,36,Kumuram Bheem Asifabad,699.0,Net Irrigated Area,Tank,Tank,7074.0,Adilabad,2019,7689.0,5573.714285714285,-615.0,-7.998439328911432
158727,2020-2021,Telangana,36,Kumuram Bheem Asifabad,699.0,Gross Irrigated Area,Tank,Tank,6528.0,Adilabad,2020,7074.0,5761.25,-546.0,-7.718405428329092
158733,2020-2021,Telangana,36,Kumuram Bheem Asifabad,699.0,Net Irrigated Area,Tank,Tank,5810.0,Adilabad,2020,6528.0,5846.444444444444,-718.0,-10.998774509803921
164319,2021-2022,Telangana,36,Kumuram Bheem Asifabad,699.0,Gross Irrigated Area,Tank,Tank,7516.0,Adilabad,2021,5810.0,5842.8,1706.0,29.363166953528395
164325,2021-2022,Telangana,36,Kumuram Bheem Asifabad,699.0,Net Irrigated Area,Tank,Tank,6915.0,Adilabad,2021,7516.0,5994.909090909091,-601.0,-7.996274614156467
170883,2022-2023,Telangana,36,Kumuram Bheem Asifabad,699.0,Gross Irrigated Area,Tank,Tank,12680.0,Adilabad,2022,6915.0,6071.583333333333,5765.0,83.36948662328271
170889,2022-2023,Telangana,36,Kumuram Bheem Asifabad,699.0,Net Irrigated Area,Tank,Tank,11076.0,Adilabad,2022,12680.0,6579.923076923077,-1604.0,-12.649842271293377
128272,2016-2017,Telangana,36,Kumuram Bheem Asifabad,699.0,Gross Irrigated Area,Well,Other Well,1868.0,Adilabad,2016,,,,
128278,2016-2017,Telangana,36,Kumuram Bheem Asifabad,699.0,Net Irrigated Area,Well,Other Well,953.0,Adilabad,2016,1868.0,1868.0,-915.0,-48.982869379014986
135772,2017-2018,Telangana,36,Kumuram Bheem Asifabad,699.0,Gross Irrigated Area,Well,Other Well,495.0,Adilabad,2017,953.0,1410.5,-458.0,-48.05876180482686
135778,2017-2018,Telangana,36,Kumuram Bheem Asifabad,699.0,Net Irrigated Area,Well,Other Well,267.0,Adilabad,2017,495.0,1105.3333333333333,-228.0,-46.06060606060606
143332,2018-2019,Telangana,36,Kumuram Bheem Asifabad,699.0,Gross Irrigated Area,Well,Other Well,1318.0,Adilabad,2018,267.0,895.75,1051.0,393.63295880149815
143338,2018-2019,Telangana,36,Kumuram Bheem Asifabad,699.0,Net Irrigated Area,Well,Other Well,633.0,Adilabad,2018,1318.0,980.2,-685.0,-51.97268588770865
150964,2019-2020,Telangana,36,Kumuram Bheem Asifabad,699.0,Gross Irrigated Area,Well,Other Well,1487.0,Adilabad,2019,633.0,922.3333333333334,854.0,134.913112164297
150970,2019-2020,Telangana,36,Kumuram Bheem Asifabad,699.0,Net Irrigated Area,Well,Other Well,967.0,Adilabad,2019,1487.0,1003.0,-520.0,-34.96973772696705
158728,2020-2021,Telangana,36,Kumuram Bheem Asifabad,699.0,Gross Irrigated Area,Well,Other Well,683.0,Adilabad,2020,967.0,998.5,-284.0,-29.36918304033092
158734,2020-2021,Telangana,36,Kumuram Bheem Asifabad,699.0,Net Irrigated Area,Well,Other Well,410.0,Adilabad,2020,683.0,963.4444444444445,-273.0,-39.97071742313324
164320,2021-2022,Telangana,36,Kumuram Bheem Asifabad,699.0,Gross Irrigated Area,Well,Other Well,813.0,Adilabad,2021,410.0,908.1,403.0,98.29268292682927
164326,2021-2022,Telangana,36,Kumuram Bheem Asifabad,699.0,Net Irrigated Area,Well,Other Well,488.0,Adilabad,2021,813.0,899.4545454545455,-325.0,-39.97539975399754
170884,2022-2023,Telangana,36,Kumuram Bheem Asifabad,699.0,Gross Irrigated Area,Well,Other Well,2191.0,Adilabad,2022,488.0,865.1666666666666,1703.0,348.9754098360656
170890,2022-2023,Telangana,36,Kumuram Bheem Asifabad,699.0,Net Irrigated Area,Well,Other Well,1111.0,Adilabad,2022,2191.0,967.1538461538462,-1080.0,-49.2925604746691
128273,2016-2017,Telangana,36,Kumuram Bheem Asifabad,699.0,Gross Irrigated Area,Well,Tubewell,5317.0,Adilabad,2016,,,,
128279,2016-2017,Telangana,36,Kumuram Bheem Asifabad,699.0,Net Irrigated Area,Well,Tubewell,2393.0,Adilabad,2016,5317.0,5317.0,-2924.0,-54.993417340605596
135773,2017-2018,Telangana,36,Kumuram Bheem Asifabad,699.0,Gross Irrigated Area,Well,Tubewell,4999.0,Adilabad,2017,2393.0,3855.0,2606.0,108.90096113664856
135779,2017-2018,Telangana,36,Kumuram Bheem Asifabad,699.0,Net Irrigated Area,Well,Tubewell,2499.0,Adilabad,2017,4999.0,4236.333333333333,-2500.0,-50.01000200040008
143333,2018-2019,Telangana,36,Kumuram Bheem Asifabad,699.0,Gross Irrigated Area,Well,Tubewell,4173.0,Adilabad,2018,2499.0,3802.0,1674.0,66.98679471788715
143339,2018-2019,Telangana,36,Kumuram Bheem Asifabad,699.0,Net Irrigated Area,Well,Tubewell,2212.0,Adilabad,2018,4173.0,3876.2,-1961.0,-46.992571291636715
150965,2019-2020,Telangana,36,Kumuram Bheem Asifabad,699.0,Gross Irrigated Area,Well,Tubewell,10904.0,Adilabad,2019,2212.0,3598.8333333333335,8692.0,392.94755877034356
150971,2019-2020,Telangana,36,Kumuram Bheem Asifabad,699.0,Net Irrigated Area,Well,Tubewell,5779.0,Adilabad,2019,10904.0,4642.428571428572,-5125.0,-47.001100513573
158729,2020-2021,Telangana,36,Kumuram Bheem Asifabad,699.0,Gross Irrigated Area,Well,Tubewell,5005.0,Adilabad,2020,5779.0,4784.5,-774.0,-13.393320643709986
158735,2020-2021,Telangana,36,Kumuram Bheem Asifabad,699.0,Net Irrigated Area,Well,Tubewell,2480.0,Adilabad,2020,5005.0,4809.0,-2525.0,-50.44955044955045
164321,2021-2022,Telangana,36,Kumuram Bheem Asifabad,699.0,Gross Irrigated Area,Well,Tubewell,5921.0,Adilabad,2021,2480.0,4576.1,3441.0,138.75
164327,2021-2022,Telangana,36,Kumuram Bheem Asifabad,699.0,Net Irrigated Area,Well,Tubewell,3221.0,Adilabad,2021,5921.0,4698.363636363636,-2700.0,-45.600405336936326
170885,2022-2023,Telangana,36,Kumuram Bheem Asifabad,699.0,Gross Irrigated Area,Well,Tubewell,11371.0,Adilabad,2022,3221.0,4575.25,8150.0,253.02701024526547
170891,2022-2023,Telangana,36,Kumuram Bheem Asifabad,699.0,Net Irrigated Area,Well,Tubewell,5923.0,Adilabad,2022,11371.0,5098.0,-5448.0,-47.91135344296896
128280,2016-2017,Telangana,36,Mahabubabad,688.0,Gross Irrigated Area,Canal,Government,57614.0,Warangal,2016,,,,
128286,2016-2017,Telangana,36,Mahabubabad,688.0,Net Irrigated Area,Canal,Government,49643.0,Warangal,2016,57614.0,57614.0,-7971.0,-13.83517894956087
135780,2017-2018,Telangana,36,Mahabubabad,688.0,Gross Irrigated Area,Canal,Government,29828.0,Warangal,2017,49643.0,53628.5,-19815.0,-39.91499305037971
135786,2017-2018,Telangana,36,Mahabubabad,688.0,Net Irrigated Area,Canal,Government,25503.0,Warangal,2017,29828.0,45695.0,-4325.0,-14.499798846721202
143340,2018-2019,Telangana,36,Mahabubabad,688.0,Gross Irrigated Area,Canal,Government,10389.0,Warangal,2018,25503.0,40647.0,-15114.0,-59.263616045171155
143346,2018-2019,Telangana,36,Mahabubabad,688.0,Net Irrigated Area,Canal,Government,10198.0,Warangal,2018,10389.0,34595.4,-191.0,-1.838483010876889
150972,2019-2020,Telangana,36,Mahabubabad,688.0,Gross Irrigated Area,Canal,Government,87104.0,Warangal,2019,10198.0,30529.166666666668,76906.0,754.1282604432242
150978,2019-2020,Telangana,36,Mahabubabad,688.0,Net Irrigated Area,Canal,Government,68253.0,Warangal,2019,87104.0,38611.28571428572,-18851.0,-21.64194526083762
158736,2020-2021,Telangana,36,Mahabubabad,688.0,Gross Irrigated Area,Canal,Government,98114.0,Warangal,2020,68253.0,42316.5,29861.0,43.750457855332364
158742,2020-2021,Telangana,36,Mahabubabad,688.0,Net Irrigated Area,Canal,Government,40607.0,Warangal,2020,98114.0,48516.22222222222,-57507.0,-58.61243043806185
164328,2021-2022,Telangana,36,Mahabubabad,688.0,Gross Irrigated Area,Canal,Government,170524.0,Warangal,2021,40607.0,47725.3,129917.0,319.9374492082646
164334,2021-2022,Telangana,36,Mahabubabad,688.0,Net Irrigated Area,Canal,Government,101732.0,Warangal,2021,170524.0,58888.818181818184,-68792.0,-40.34153550233398
170892,2022-2023,Telangana,36,Mahabubabad,688.0,Gross Irrigated Area,Canal,Government,71327.0,Warangal,2022,101732.0,62459.083333333336,-30405.0,-29.887351079306413
170898,2022-2023,Telangana,36,Mahabubabad,688.0,Net Irrigated Area,Canal,Government,34950.0,Warangal,2022,71327.0,63141.230769230766,-36377.0,-51.00032245853604
128281,2016-2017,Telangana,36,Mahabubabad,688.0,Gross Irrigated Area,Canal,Private,53628.5,Warangal,2016,,,,
128287,2016-2017,Telangana,36,Mahabubabad,688.0,Net Irrigated Area,Canal,Private,53628.5,Warangal,2016,53628.5,53628.5,0.0,0.0
135781,2017-2018,Telangana,36,Mahabubabad,688.0,Gross Irrigated Area,Canal,Private,53628.5,Warangal,2017,53628.5,53628.5,0.0,0.0
135787,2017-2018,Telangana,36,Mahabubabad,688.0,Net Irrigated Area,Canal,Private,53628.5,Warangal,2017,53628.5,53628.5,0.0,0.0
143341,2018-2019,Telangana,36,Mahabubabad,688.0,Gross Irrigated Area,Canal,Private,53628.5,Warangal,2018,53628.5,53628.5,0.0,0.0
143347,2018-2019,Telangana,36,Mahabubabad,688.0,Net Irrigated Area,Canal,Private,53628.5,Warangal,2018,53628.5,53628.5,0.0,0.0
150973,2019-2020,Telangana,36,Mahabubabad,688.0,Gross Irrigated Area,Canal,Private,53628.5,Warangal,2019,53628.5,53628.5,0.0,0.0
150979,2019-2020,Telangana,36,Mahabubabad,688.0,Net Irrigated Area,Canal,Private,53628.5,Warangal,2019,53628.5,53628.5,0.0,0.0
158737,2020-2021,Telangana,36,Mahabubabad,688.0,Gross Irrigated Area,Canal,Private,53628.5,Warangal,2020,53628.5,53628.5,0.0,0.0
158743,2020-2021,Telangana,36,Mahabubabad,688.0,Net Irrigated Area,Canal,Private,53628.5,Warangal,2020,53628.5,53628.5,0.0,0.0
164329,2021-2022,Telangana,36,Mahabubabad,688.0,Gross Irrigated Area,Canal,Private,53628.5,Warangal,2021,53628.5,53628.5,0.0,0.0
164335,2021-2022,Telangana,36,Mahabubabad,688.0,Net Irrigated Area,Canal,Private,53628.5,Warangal,2021,53628.5,53628.5,0.0,0.0
170893,2022-2023,Telangana,36,Mahabubabad,688.0,Gross Irrigated Area,Canal,Private,53628.5,Warangal,2022,53628.5,53628.5,0.0,0.0
170899,2022-2023,Telangana,36,Mahabubabad,688.0,Net Irrigated Area,Canal,Private,53628.5,Warangal,2022,53628.5,53628.5,0.0,0.0
128282,2016-2017,Telangana,36,Mahabubabad,688.0,Gross Irrigated Area,Other Source,Other Source,1048.0,Warangal,2016,,,,
128288,2016-2017,Telangana,36,Mahabubabad,688.0,Net Irrigated Area,Other Source,Other Source,964.0,Warangal,2016,1048.0,1048.0,-84.0,-8.015267175572518
135782,2017-2018,Telangana,36,Mahabubabad,688.0,Gross Irrigated Area,Other Source,Other Source,46.0,Warangal,2017,964.0,1006.0,-918.0,-95.22821576763485
135788,2017-2018,Telangana,36,Mahabubabad,688.0,Net Irrigated Area,Other Source,Other Source,44.0,Warangal,2017,46.0,686.0,-2.0,-4.3478260869565215
143342,2018-2019,Telangana,36,Mahabubabad,688.0,Gross Irrigated Area,Other Source,Other Source,364.0,Warangal,2018,44.0,525.5,320.0,727.2727272727273
143348,2018-2019,Telangana,36,Mahabubabad,688.0,Net Irrigated Area,Other Source,Other Source,342.0,Warangal,2018,364.0,493.2,-22.0,-6.043956043956044
150974,2019-2020,Telangana,36,Mahabubabad,688.0,Gross Irrigated Area,Other Source,Other Source,334.0,Warangal,2019,342.0,468.0,-8.0,-2.3391812865497075
150980,2019-2020,Telangana,36,Mahabubabad,688.0,Net Irrigated Area,Other Source,Other Source,311.0,Warangal,2019,334.0,448.85714285714283,-23.0,-6.88622754491018
158738,2020-2021,Telangana,36,Mahabubabad,688.0,Gross Irrigated Area,Other Source,Other Source,291.0,Warangal,2020,311.0,431.625,-20.0,-6.430868167202572
158744,2020-2021,Telangana,36,Mahabubabad,688.0,Net Irrigated Area,Other Source,Other Source,291.0,Warangal,2020,291.0,416.0,0.0,0.0
164330,2021-2022,Telangana,36,Mahabubabad,688.0,Gross Irrigated Area,Other Source,Other Source,544.0,Warangal,2021,291.0,403.5,253.0,86.94158075601375
164336,2021-2022,Telangana,36,Mahabubabad,688.0,Net Irrigated Area,Other Source,Other Source,403.0,Warangal,2021,544.0,416.27272727272725,-141.0,-25.919117647058826
170894,2022-2023,Telangana,36,Mahabubabad,688.0,Gross Irrigated Area,Other Source,Other Source,267.0,Warangal,2022,403.0,415.1666666666667,-136.0,-33.7468982630273
170900,2022-2023,Telangana,36,Mahabubabad,688.0,Net Irrigated Area,Other Source,Other Source,195.0,Warangal,2022,267.0,403.7692307692308,-72.0,-26.96629213483146
128283,2016-2017,Telangana,36,Mahabubabad,688.0,Gross Irrigated Area,Tank,Tank,10863.0,Warangal,2016,,,,
128289,2016-2017,Telangana,36,Mahabubabad,688.0,Net Irrigated Area,Tank,Tank,7170.0,Warangal,2016,10863.0,10863.0,-3693.0,-33.9961336647335
135783,2017-2018,Telangana,36,Mahabubabad,688.0,Gross Irrigated Area,Tank,Tank,8298.0,Warangal,2017,7170.0,9016.5,1128.0,15.732217573221757
135789,2017-2018,Telangana,36,Mahabubabad,688.0,Net Irrigated Area,Tank,Tank,7468.0,Warangal,2017,8298.0,8777.0,-830.0,-10.002410219329958
143343,2018-2019,Telangana,36,Mahabubabad,688.0,Gross Irrigated Area,Tank,Tank,8097.0,Warangal,2018,7468.0,8449.75,629.0,8.42260310658811
143349,2018-2019,Telangana,36,Mahabubabad,688.0,Net Irrigated Area,Tank,Tank,7368.0,Warangal,2018,8097.0,8379.2,-729.0,-9.003334568358651
150975,2019-2020,Telangana,36,Mahabubabad,688.0,Gross Irrigated Area,Tank,Tank,9576.0,Warangal,2019,7368.0,8210.666666666666,2208.0,29.967426710097723
150981,2019-2020,Telangana,36,Mahabubabad,688.0,Net Irrigated Area,Tank,Tank,7374.0,Warangal,2019,9576.0,8405.714285714286,-2202.0,-22.99498746867168
158739,2020-2021,Telangana,36,Mahabubabad,688.0,Gross Irrigated Area,Tank,Tank,13753.0,Warangal,2020,7374.0,8276.75,6379.0,86.50664496880933
158745,2020-2021,Telangana,36,Mahabubabad,688.0,Net Irrigated Area,Tank,Tank,7977.0,Warangal,2020,13753.0,8885.222222222223,-5776.0,-41.99810950338108
164331,2021-2022,Telangana,36,Mahabubabad,688.0,Gross Irrigated Area,Tank,Tank,13320.0,Warangal,2021,7977.0,8794.4,5343.0,66.98006769462204
164337,2021-2022,Telangana,36,Mahabubabad,688.0,Net Irrigated Area,Tank,Tank,9457.0,Warangal,2021,13320.0,9205.818181818182,-3863.0,-29.001501501501505
170895,2022-2023,Telangana,36,Mahabubabad,688.0,Gross Irrigated Area,Tank,Tank,14661.0,Warangal,2022,9457.0,9226.75,5204.0,55.028021571322824
170901,2022-2023,Telangana,36,Mahabubabad,688.0,Net Irrigated Area,Tank,Tank,9676.0,Warangal,2022,14661.0,9644.76923076923,-4985.0,-34.00177341245481
128284,2016-2017,Telangana,36,Mahabubabad,688.0,Gross Irrigated Area,Well,Other Well,34193.0,Warangal,2016,,,,
128290,2016-2017,Telangana,36,Mahabubabad,688.0,Net Irrigated Area,Well,Other Well,30432.0,Warangal,2016,34193.0,34193.0,-3761.0,-10.999327347702746
135784,2017-2018,Telangana,36,Mahabubabad,688.0,Gross Irrigated Area,Well,Other Well,58027.0,Warangal,2017,30432.0,32312.5,27595.0,90.67757623554154
135790,2017-2018,Telangana,36,Mahabubabad,688.0,Net Irrigated Area,Well,Other Well,47582.0,Warangal,2017,58027.0,40884.0,-10445.0,-18.000241266996397
143344,2018-2019,Telangana,36,Mahabubabad,688.0,Gross Irrigated Area,Well,Other Well,59106.0,Warangal,2018,47582.0,42558.5,11524.0,24.21924257072002
143350,2018-2019,Telangana,36,Mahabubabad,688.0,Net Irrigated Area,Well,Other Well,46694.0,Warangal,2018,59106.0,45868.0,-12412.0,-20.99956011234054
150976,2019-2020,Telangana,36,Mahabubabad,688.0,Gross Irrigated Area,Well,Other Well,44665.0,Warangal,2019,46694.0,46005.666666666664,-2029.0,-4.345312031524393
150982,2019-2020,Telangana,36,Mahabubabad,688.0,Net Irrigated Area,Well,Other Well,31704.0,Warangal,2019,44665.0,45814.142857142855,-12961.0,-29.018246949513042
158740,2020-2021,Telangana,36,Mahabubabad,688.0,Gross Irrigated Area,Well,Other Well,64682.0,Warangal,2020,31704.0,44050.375,32978.0,104.0184203885945
158746,2020-2021,Telangana,36,Mahabubabad,688.0,Net Irrigated Area,Well,Other Well,51594.0,Warangal,2020,64682.0,46342.77777777778,-13088.0,-20.234377415664326
164332,2021-2022,Telangana,36,Mahabubabad,688.0,Gross Irrigated Area,Well,Other Well,16189.0,Warangal,2021,51594.0,46867.9,-35405.0,-68.6223204248556
164338,2021-2022,Telangana,36,Mahabubabad,688.0,Net Irrigated Area,Well,Other Well,12627.0,Warangal,2021,16189.0,44078.90909090909,-3562.0,-22.002594354191118
170896,2022-2023,Telangana,36,Mahabubabad,688.0,Gross Irrigated Area,Well,Other Well,77288.0,Warangal,2022,12627.0,41457.916666666664,64661.0,512.0852142234893
170902,2022-2023,Telangana,36,Mahabubabad,688.0,Net Irrigated Area,Well,Other Well,60671.0,Warangal,2022,77288.0,44214.07692307692,-16617.0,-21.500103508953526
128285,2016-2017,Telangana,36,Mahabubabad,688.0,Gross Irrigated Area,Well,Tubewell,12014.0,Warangal,2016,,,,
128291,2016-2017,Telangana,36,Mahabubabad,688.0,Net Irrigated Area,Well,Tubewell,9731.0,Warangal,2016,12014.0,12014.0,-2283.0,-19.002830031629767
135785,2017-2018,Telangana,36,Mahabubabad,688.0,Gross Irrigated Area,Well,Tubewell,28581.0,Warangal,2017,9731.0,10872.5,18850.0,193.71082108724696
135791,2017-2018,Telangana,36,Mahabubabad,688.0,Net Irrigated Area,Well,Tubewell,21150.0,Warangal,2017,28581.0,16775.333333333332,-7431.0,-25.99979007032644
143345,2018-2019,Telangana,36,Mahabubabad,688.0,Gross Irrigated Area,Well,Tubewell,34713.0,Warangal,2018,21150.0,17869.0,13563.0,64.12765957446808
143351,2018-2019,Telangana,36,Mahabubabad,688.0,Net Irrigated Area,Well,Tubewell,27076.0,Warangal,2018,34713.0,21237.8,-7637.0,-22.000403307118372
150977,2019-2020,Telangana,36,Mahabubabad,688.0,Gross Irrigated Area,Well,Tubewell,19138.0,Warangal,2019,27076.0,22210.833333333332,-7938.0,-29.317476732161325
150983,2019-2020,Telangana,36,Mahabubabad,688.0,Net Irrigated Area,Well,Tubewell,12822.0,Warangal,2019,19138.0,21771.85714285714,-6316.0,-33.002403594941995
158741,2020-2021,Telangana,36,Mahabubabad,688.0,Gross Irrigated Area,Well,Tubewell,23902.0,Warangal,2020,12822.0,20653.125,11080.0,86.41397597878647
158747,2020-2021,Telangana,36,Mahabubabad,688.0,Net Irrigated Area,Well,Tubewell,15968.0,Warangal,2020,23902.0,21014.11111111111,-7934.0,-33.193874989540625
164333,2021-2022,Telangana,36,Mahabubabad,688.0,Gross Irrigated Area,Well,Tubewell,5935.0,Warangal,2021,15968.0,20509.5,-10033.0,-62.831913827655306
164339,2021-2022,Telangana,36,Mahabubabad,688.0,Net Irrigated Area,Well,Tubewell,4072.0,Warangal,2021,5935.0,19184.545454545456,-1863.0,-31.39005897219882
170897,2022-2023,Telangana,36,Mahabubabad,688.0,Gross Irrigated Area,Well,Tubewell,65180.0,Warangal,2022,4072.0,17925.166666666668,61108.0,1500.687622789784
170903,2022-2023,Telangana,36,Mahabubabad,688.0,Net Irrigated Area,Well,Tubewell,52441.0,Warangal,2022,65180.0,21560.153846153848,-12739.0,-19.544338754219083
113760,2014-2015,Telangana,36,Mahabubnagar,512.0,Gross Irrigated Area,Canal,Government,36294.0,Mahabubnagar,2014,,,,
113766,2014-2015,Telangana,36,Mahabubnagar,512.0,Net Irrigated Area,Canal,Government,29579.0,Mahabubnagar,2014,36294.0,36294.0,-6715.0,-18.501680718576075
120972,2015-2016,Telangana,36,Mahabubnagar,512.0,Gross Irrigated Area,Canal,Government,11415.0,Mahabubnagar,2015,29579.0,32936.5,-18164.0,-61.40843165759492
120978,2015-2016,Telangana,36,Mahabubnagar,512.0,Net Irrigated Area,Canal,Government,11415.0,Mahabubnagar,2015,11415.0,25762.666666666668,0.0,0.0
128292,2016-2017,Telangana,36,Mahabubnagar,512.0,Gross Irrigated Area,Canal,Government,47816.0,Mahabubnagar,2016,11415.0,22175.75,36401.0,318.8874288217258
128298,2016-2017,Telangana,36,Mahabubnagar,512.0,Net Irrigated Area,Canal,Government,34360.0,Mahabubnagar,2016,47816.0,27303.8,-13456.0,-28.14120796386147
135792,2017-2018,Telangana,36,Mahabubnagar,512.0,Gross Irrigated Area,Canal,Government,45406.0,Mahabubnagar,2017,34360.0,28479.833333333332,11046.0,32.147846332945285
135798,2017-2018,Telangana,36,Mahabubnagar,512.0,Net Irrigated Area,Canal,Government,32825.0,Mahabubnagar,2017,45406.0,30897.85714285714,-12581.0,-27.70779192177245
143352,2018-2019,Telangana,36,Mahabubnagar,512.0,Gross Irrigated Area,Canal,Government,56271.0,Mahabubnagar,2018,32825.0,31138.75,23446.0,71.42726580350343
143358,2018-2019,Telangana,36,Mahabubnagar,512.0,Net Irrigated Area,Canal,Government,15625.0,Mahabubnagar,2018,56271.0,33931.22222222222,-40646.0,-72.23258872243251
150984,2019-2020,Telangana,36,Mahabubnagar,512.0,Gross Irrigated Area,Canal,Government,4686.0,Mahabubnagar,2019,15625.0,32100.6,-10939.0,-70.0096
150990,2019-2020,Telangana,36,Mahabubnagar,512.0,Net Irrigated Area,Canal,Government,2858.0,Mahabubnagar,2019,4686.0,29608.363636363636,-1828.0,-39.00981647460521
158748,2020-2021,Telangana,36,Mahabubnagar,512.0,Gross Irrigated Area,Canal,Government,109497.0,Mahabubnagar,2020,2858.0,27379.166666666668,106639.0,3731.245626312106
158754,2020-2021,Telangana,36,Mahabubnagar,512.0,Net Irrigated Area,Canal,Government,61318.0,Mahabubnagar,2020,109497.0,33695.92307692308,-48179.0,-44.00029224544964
164340,2021-2022,Telangana,36,Mahabubnagar,512.0,Gross Irrigated Area,Canal,Government,11811.0,Mahabubnagar,2021,61318.0,35668.92857142857,-49507.0,-80.73811931243681
164346,2021-2022,Telangana,36,Mahabubnagar,512.0,Net Irrigated Area,Canal,Government,6614.0,Mahabubnagar,2021,11811.0,34078.4,-5197.0,-44.001354669376
170904,2022-2023,Telangana,36,Mahabubnagar,512.0,Gross Irrigated Area,Canal,Government,9876.0,Mahabubnagar,2022,6614.0,32361.875,3262.0,49.31962503779861
170910,2022-2023,Telangana,36,Mahabubnagar,512.0,Net Irrigated Area,Canal,Government,9184.0,Mahabubnagar,2022,9876.0,31039.176470588234,-692.0,-7.006885378695828
113761,2014-2015,Telangana,36,Mahabubnagar,512.0,Gross Irrigated Area,Canal,Private,22602.0,Mahabubnagar,2014,,,,
113767,2014-2015,Telangana,36,Mahabubnagar,512.0,Net Irrigated Area,Canal,Private,22602.0,Mahabubnagar,2014,22602.0,22602.0,0.0,0.0
120973,2015-2016,Telangana,36,Mahabubnagar,512.0,Gross Irrigated Area,Canal,Private,22602.0,Mahabubnagar,2015,22602.0,22602.0,0.0,0.0
120979,2015-2016,Telangana,36,Mahabubnagar,512.0,Net Irrigated Area,Canal,Private,22602.0,Mahabubnagar,2015,22602.0,22602.0,0.0,0.0
128293,2016-2017,Telangana,36,Mahabubnagar,512.0,Gross Irrigated Area,Canal,Private,22602.0,Mahabubnagar,2016,22602.0,22602.0,0.0,0.0
128299,2016-2017,Telangana,36,Mahabubnagar,512.0,Net Irrigated Area,Canal,Private,22602.0,Mahabubnagar,2016,22602.0,22602.0,0.0,0.0
135793,2017-2018,Telangana,36,Mahabubnagar,512.0,Gross Irrigated Area,Canal,Private,22602.0,Mahabubnagar,2017,22602.0,22602.0,0.0,0.0
135799,2017-2018,Telangana,36,Mahabubnagar,512.0,Net Irrigated Area,Canal,Private,22602.0,Mahabubnagar,2017,22602.0,22602.0,0.0,0.0
143353,2018-2019,Telangana,36,Mahabubnagar,512.0,Gross Irrigated Area,Canal,Private,22602.0,Mahabubnagar,2018,22602.0,22602.0,0.0,0.0
143359,2018-2019,Telangana,36,Mahabubnagar,512.0,Net Irrigated Area,Canal,Private,22602.0,Mahabubnagar,2018,22602.0,22602.0,0.0,0.0
150985,2019-2020,Telangana,36,Mahabubnagar,512.0,Gross Irrigated Area,Canal,Private,22602.0,Mahabubnagar,2019,22602.0,22602.0,0.0,0.0
150991,2019-2020,Telangana,36,Mahabubnagar,512.0,Net Irrigated Area,Canal,Private,22602.0,Mahabubnagar,2019,22602.0,22602.0,0.0,0.0
158749,2020-2021,Telangana,36,Mahabubnagar,512.0,Gross Irrigated Area,Canal,Private,22602.0,Mahabubnagar,2020,22602.0,22602.0,0.0,0.0
158755,2020-2021,Telangana,36,Mahabubnagar,512.0,Net Irrigated Area,Canal,Private,22602.0,Mahabubnagar,2020,22602.0,22602.0,0.0,0.0
164341,2021-2022,Telangana,36,Mahabubnagar,512.0,Gross Irrigated Area,Canal,Private,22602.0,Mahabubnagar,2021,22602.0,22602.0,0.0,0.0
164347,2021-2022,Telangana,36,Mahabubnagar,512.0,Net Irrigated Area,Canal,Private,22602.0,Mahabubnagar,2021,22602.0,22602.0,0.0,0.0
170905,2022-2023,Telangana,36,Mahabubnagar,512.0,Gross Irrigated Area,Canal,Private,22602.0,Mahabubnagar,2022,22602.0,22602.0,0.0,0.0
170911,2022-2023,Telangana,36,Mahabubnagar,512.0,Net Irrigated Area,Canal,Private,22602.0,Mahabubnagar,2022,22602.0,22602.0,0.0,0.0
113762,2014-2015,Telangana,36,Mahabubnagar,512.0,Gross Irrigated Area,Other Source,Other Source,15991.0,Mahabubnagar,2014,,,,
113768,2014-2015,Telangana,36,Mahabubnagar,512.0,Net Irrigated Area,Other Source,Other Source,12951.0,Mahabubnagar,2014,15991.0,15991.0,-3040.0,-19.010693515102243
120974,2015-2016,Telangana,36,Mahabubnagar,512.0,Gross Irrigated Area,Other Source,Other Source,12329.0,Mahabubnagar,2015,12951.0,14471.0,-622.0,-4.802717936838854
120980,2015-2016,Telangana,36,Mahabubnagar,512.0,Net Irrigated Area,Other Source,Other Source,12002.0,Mahabubnagar,2015,12329.0,13757.0,-327.0,-2.6522832346500125
128294,2016-2017,Telangana,36,Mahabubnagar,512.0,Gross Irrigated Area,Other Source,Other Source,2033.0,Mahabubnagar,2016,12002.0,13318.25,-9969.0,-83.06115647392102
128300,2016-2017,Telangana,36,Mahabubnagar,512.0,Net Irrigated Area,Other Source,Other Source,1911.0,Mahabubnagar,2016,2033.0,11061.2,-122.0,-6.0009837678307925
135794,2017-2018,Telangana,36,Mahabubnagar,512.0,Gross Irrigated Area,Other Source,Other Source,12165.5,Mahabubnagar,2017,1911.0,9536.166666666666,10254.5,536.603872318158
135800,2017-2018,Telangana,36,Mahabubnagar,512.0,Net Irrigated Area,Other Source,Other Source,12165.5,Mahabubnagar,2017,12165.5,9911.785714285714,0.0,0.0
143354,2018-2019,Telangana,36,Mahabubnagar,512.0,Gross Irrigated Area,Other Source,Other Source,12165.5,Mahabubnagar,2018,12165.5,10193.5,0.0,0.0
143360,2018-2019,Telangana,36,Mahabubnagar,512.0,Net Irrigated Area,Other Source,Other Source,12165.5,Mahabubnagar,2018,12165.5,10412.611111111111,0.0,0.0
150986,2019-2020,Telangana,36,Mahabubnagar,512.0,Gross Irrigated Area,Other Source,Other Source,12165.5,Mahabubnagar,2019,12165.5,10587.9,0.0,0.0
150992,2019-2020,Telangana,36,Mahabubnagar,512.0,Net Irrigated Area,Other Source,Other Source,12165.5,Mahabubnagar,2019,12165.5,10731.318181818182,0.0,0.0
158750,2020-2021,Telangana,36,Mahabubnagar,512.0,Gross Irrigated Area,Other Source,Other Source,12165.5,Mahabubnagar,2020,12165.5,10850.833333333334,0.0,0.0
158756,2020-2021,Telangana,36,Mahabubnagar,512.0,Net Irrigated Area,Other Source,Other Source,12165.5,Mahabubnagar,2020,12165.5,10951.961538461539,0.0,0.0
164342,2021-2022,Telangana,36,Mahabubnagar,512.0,Gross Irrigated Area,Other Source,Other Source,12165.5,Mahabubnagar,2021,12165.5,11038.642857142857,0.0,0.0
164348,2021-2022,Telangana,36,Mahabubnagar,512.0,Net Irrigated Area,Other Source,Other Source,12165.5,Mahabubnagar,2021,12165.5,11113.766666666666,0.0,0.0
170906,2022-2023,Telangana,36,Mahabubnagar,512.0,Gross Irrigated Area,Other Source,Other Source,12165.5,Mahabubnagar,2022,12165.5,11179.5,0.0,0.0
170912,2022-2023,Telangana,36,Mahabubnagar,512.0,Net Irrigated Area,Other Source,Other Source,12165.5,Mahabubnagar,2022,12165.5,11237.5,0.0,0.0
113763,2014-2015,Telangana,36,Mahabubnagar,512.0,Gross Irrigated Area,Tank,Tank,3751.0,Mahabubnagar,2014,,,,
113769,2014-2015,Telangana,36,Mahabubnagar,512.0,Net Irrigated Area,Tank,Tank,3727.0,Mahabubnagar,2014,3751.0,3751.0,-24.0,-0.6398293788323114
120975,2015-2016,Telangana,36,Mahabubnagar,512.0,Gross Irrigated Area,Tank,Tank,1885.0,Mahabubnagar,2015,3727.0,3739.0,-1842.0,-49.42312852159914
120981,2015-2016,Telangana,36,Mahabubnagar,512.0,Net Irrigated Area,Tank,Tank,1885.0,Mahabubnagar,2015,1885.0,3121.0,0.0,0.0
128301,2016-2017,Telangana,36,Mahabubnagar,512.0,Net Irrigated Area,Tank,Tank,1246.0,Mahabubnagar,2016,1885.0,2812.0,-639.0,-33.89920424403183
128295,2016-2017,Telangana,36,Mahabubnagar,512.0,Gross Irrigated Area,Tank,Tank,1340.0,Mahabubnagar,2016,1246.0,2498.8,94.0,7.54414125200642
135795,2017-2018,Telangana,36,Mahabubnagar,512.0,Gross Irrigated Area,Tank,Tank,2618.0,Mahabubnagar,2017,1340.0,2305.6666666666665,1278.0,95.3731343283582
135801,2017-2018,Telangana,36,Mahabubnagar,512.0,Net Irrigated Area,Tank,Tank,2566.0,Mahabubnagar,2017,2618.0,2350.285714285714,-52.0,-1.9862490450725745
143355,2018-2019,Telangana,36,Mahabubnagar,512.0,Gross Irrigated Area,Tank,Tank,2996.0,Mahabubnagar,2018,2566.0,2377.25,430.0,16.757599376461418
143361,2018-2019,Telangana,36,Mahabubnagar,512.0,Net Irrigated Area,Tank,Tank,2187.0,Mahabubnagar,2018,2996.0,2446.0,-809.0,-27.002670226969293
150987,2019-2020,Telangana,36,Mahabubnagar,512.0,Gross Irrigated Area,Tank,Tank,4967.0,Mahabubnagar,2019,2187.0,2420.1,2780.0,127.11476909007773
150993,2019-2020,Telangana,36,Mahabubnagar,512.0,Net Irrigated Area,Tank,Tank,4321.0,Mahabubnagar,2019,4967.0,2651.6363636363635,-646.0,-13.005838534326555
158751,2020-2021,Telangana,36,Mahabubnagar,512.0,Gross Irrigated Area,Tank,Tank,5756.0,Mahabubnagar,2020,4321.0,2790.75,1435.0,33.20990511455682
158757,2020-2021,Telangana,36,Mahabubnagar,512.0,Net Irrigated Area,Tank,Tank,4317.0,Mahabubnagar,2020,5756.0,3018.846153846154,-1439.0,-25.0
164343,2021-2022,Telangana,36,Mahabubnagar,512.0,Gross Irrigated Area,Tank,Tank,5625.0,Mahabubnagar,2021,4317.0,3111.5714285714284,1308.0,30.298818624044475
164349,2021-2022,Telangana,36,Mahabubnagar,512.0,Net Irrigated Area,Tank,Tank,4556.0,Mahabubnagar,2021,5625.0,3279.133333333333,-1069.0,-19.00444444444444
170907,2022-2023,Telangana,36,Mahabubnagar,512.0,Gross Irrigated Area,Tank,Tank,5158.0,Mahabubnagar,2022,4556.0,3358.9375,602.0,13.21334503950834
170913,2022-2023,Telangana,36,Mahabubnagar,512.0,Net Irrigated Area,Tank,Tank,4281.0,Mahabubnagar,2022,5158.0,3464.764705882353,-877.0,-17.002714230321832
113764,2014-2015,Telangana,36,Mahabubnagar,512.0,Gross Irrigated Area,Well,Other Well,5332.0,Mahabubnagar,2014,,,,
113770,2014-2015,Telangana,36,Mahabubnagar,512.0,Net Irrigated Area,Well,Other Well,4472.0,Mahabubnagar,2014,5332.0,5332.0,-860.0,-16.129032258064516
120976,2015-2016,Telangana,36,Mahabubnagar,512.0,Gross Irrigated Area,Well,Other Well,6666.0,Mahabubnagar,2015,4472.0,4902.0,2194.0,49.0608228980322
120982,2015-2016,Telangana,36,Mahabubnagar,512.0,Net Irrigated Area,Well,Other Well,6611.0,Mahabubnagar,2015,6666.0,5490.0,-55.0,-0.825082508250825
128296,2016-2017,Telangana,36,Mahabubnagar,512.0,Gross Irrigated Area,Well,Other Well,5971.5,Mahabubnagar,2016,6611.0,5770.25,-639.5,-9.673271819694449
128302,2016-2017,Telangana,36,Mahabubnagar,512.0,Net Irrigated Area,Well,Other Well,5971.5,Mahabubnagar,2016,5971.5,5810.5,0.0,0.0
135796,2017-2018,Telangana,36,Mahabubnagar,512.0,Gross Irrigated Area,Well,Other Well,5971.5,Mahabubnagar,2017,5971.5,5837.333333333333,0.0,0.0
135802,2017-2018,Telangana,36,Mahabubnagar,512.0,Net Irrigated Area,Well,Other Well,5971.5,Mahabubnagar,2017,5971.5,5856.5,0.0,0.0
143356,2018-2019,Telangana,36,Mahabubnagar,512.0,Gross Irrigated Area,Well,Other Well,5971.5,Mahabubnagar,2018,5971.5,5870.875,0.0,0.0
143362,2018-2019,Telangana,36,Mahabubnagar,512.0,Net Irrigated Area,Well,Other Well,5971.5,Mahabubnagar,2018,5971.5,5882.055555555556,0.0,0.0
150988,2019-2020,Telangana,36,Mahabubnagar,512.0,Gross Irrigated Area,Well,Other Well,5971.5,Mahabubnagar,2019,5971.5,5891.0,0.0,0.0
150994,2019-2020,Telangana,36,Mahabubnagar,512.0,Net Irrigated Area,Well,Other Well,5971.5,Mahabubnagar,2019,5971.5,5898.318181818182,0.0,0.0
158752,2020-2021,Telangana,36,Mahabubnagar,512.0,Gross Irrigated Area,Well,Other Well,5971.5,Mahabubnagar,2020,5971.5,5904.416666666667,0.0,0.0
158758,2020-2021,Telangana,36,Mahabubnagar,512.0,Net Irrigated Area,Well,Other Well,5971.5,Mahabubnagar,2020,5971.5,5909.576923076923,0.0,0.0
164344,2021-2022,Telangana,36,Mahabubnagar,512.0,Gross Irrigated Area,Well,Other Well,5971.5,Mahabubnagar,2021,5971.5,5914.0,0.0,0.0
164350,2021-2022,Telangana,36,Mahabubnagar,512.0,Net Irrigated Area,Well,Other Well,5971.5,Mahabubnagar,2021,5971.5,5917.833333333333,0.0,0.0
170908,2022-2023,Telangana,36,Mahabubnagar,512.0,Gross Irrigated Area,Well,Other Well,5971.5,Mahabubnagar,2022,5971.5,5921.1875,0.0,0.0
170914,2022-2023,Telangana,36,Mahabubnagar,512.0,Net Irrigated Area,Well,Other Well,5971.5,Mahabubnagar,2022,5971.5,5924.14705882353,0.0,0.0
113765,2014-2015,Telangana,36,Mahabubnagar,512.0,Gross Irrigated Area,Well,Tubewell,270391.0,Mahabubnagar,2014,,,,
113771,2014-2015,Telangana,36,Mahabubnagar,512.0,Net Irrigated Area,Well,Tubewell,197940.0,Mahabubnagar,2014,270391.0,270391.0,-72451.0,-26.794900717849334
120977,2015-2016,Telangana,36,Mahabubnagar,512.0,Gross Irrigated Area,Well,Tubewell,210943.0,Mahabubnagar,2015,197940.0,234165.5,13003.0,6.569162372436092
120983,2015-2016,Telangana,36,Mahabubnagar,512.0,Net Irrigated Area,Well,Tubewell,180051.0,Mahabubnagar,2015,210943.0,226424.66666666666,-30892.0,-14.644714448926962
128297,2016-2017,Telangana,36,Mahabubnagar,512.0,Gross Irrigated Area,Well,Tubewell,31354.0,Mahabubnagar,2016,180051.0,214831.25,-148697.0,-82.58604506500936
128303,2016-2017,Telangana,36,Mahabubnagar,512.0,Net Irrigated Area,Well,Tubewell,22575.0,Mahabubnagar,2016,31354.0,178135.8,-8779.0,-27.999617273713085
135797,2017-2018,Telangana,36,Mahabubnagar,512.0,Gross Irrigated Area,Well,Tubewell,45131.0,Mahabubnagar,2017,22575.0,152209.0,22556.0,99.91583610188262
135803,2017-2018,Telangana,36,Mahabubnagar,512.0,Net Irrigated Area,Well,Tubewell,32494.0,Mahabubnagar,2017,45131.0,136912.14285714287,-12637.0,-28.00070904699652
143357,2018-2019,Telangana,36,Mahabubnagar,512.0,Gross Irrigated Area,Well,Tubewell,4919.0,Mahabubnagar,2018,32494.0,123859.875,-27575.0,-84.86182064381117
143363,2018-2019,Telangana,36,Mahabubnagar,512.0,Net Irrigated Area,Well,Tubewell,3492.0,Mahabubnagar,2018,4919.0,110644.22222222222,-1427.0,-29.00996137426306
150989,2019-2020,Telangana,36,Mahabubnagar,512.0,Gross Irrigated Area,Well,Tubewell,33666.0,Mahabubnagar,2019,3492.0,99929.0,30174.0,864.0893470790378
150995,2019-2020,Telangana,36,Mahabubnagar,512.0,Net Irrigated Area,Well,Tubewell,21427.0,Mahabubnagar,2019,33666.0,93905.09090909091,-12239.0,-36.35418523139072
158753,2020-2021,Telangana,36,Mahabubnagar,512.0,Gross Irrigated Area,Well,Tubewell,8166.0,Mahabubnagar,2020,21427.0,87865.25,-13261.0,-61.889205208381945
158759,2020-2021,Telangana,36,Mahabubnagar,512.0,Net Irrigated Area,Well,Tubewell,4823.0,Mahabubnagar,2020,8166.0,81734.53846153847,-3343.0,-40.938035758021066
164345,2021-2022,Telangana,36,Mahabubnagar,512.0,Gross Irrigated Area,Well,Tubewell,99462.0,Mahabubnagar,2021,4823.0,76240.85714285714,94639.0,1962.243416960398
164351,2021-2022,Telangana,36,Mahabubnagar,512.0,Net Irrigated Area,Well,Tubewell,59708.0,Mahabubnagar,2021,99462.0,77788.93333333333,-39754.0,-39.96903339969033
170909,2022-2023,Telangana,36,Mahabubnagar,512.0,Gross Irrigated Area,Well,Tubewell,137002.0,Mahabubnagar,2022,59708.0,76658.875,77294.0,129.45333958598513
170915,2022-2023,Telangana,36,Mahabubnagar,512.0,Net Irrigated Area,Well,Tubewell,82556.0,Mahabubnagar,2022,137002.0,80208.4705882353,-54446.0,-39.74102567845725
128304,2016-2017,Telangana,36,Mancherial,684.0,Gross Irrigated Area,Canal,Government,62010.0,Adilabad,2016,,,,
128310,2016-2017,Telangana,36,Mancherial,684.0,Net Irrigated Area,Canal,Government,18033.0,Adilabad,2016,62010.0,62010.0,-43977.0,-70.91920657958394
135804,2017-2018,Telangana,36,Mancherial,684.0,Gross Irrigated Area,Canal,Government,31973.0,Adilabad,2017,18033.0,40021.5,13940.0,77.30272278600344
135810,2017-2018,Telangana,36,Mancherial,684.0,Net Irrigated Area,Canal,Government,22554.0,Adilabad,2017,31973.0,37338.666666666664,-9419.0,-29.45923122634723
143364,2018-2019,Telangana,36,Mancherial,684.0,Gross Irrigated Area,Canal,Government,69944.0,Adilabad,2018,22554.0,33642.5,47390.0,210.1179391682185
143370,2018-2019,Telangana,36,Mancherial,684.0,Net Irrigated Area,Canal,Government,32436.0,Adilabad,2018,69944.0,40902.8,-37508.0,-53.62575774905639
150996,2019-2020,Telangana,36,Mancherial,684.0,Gross Irrigated Area,Canal,Government,73806.0,Adilabad,2019,32436.0,39491.666666666664,41370.0,127.54347021827598
151002,2019-2020,Telangana,36,Mancherial,684.0,Net Irrigated Area,Canal,Government,48182.0,Adilabad,2019,73806.0,44393.71428571428,-25624.0,-34.71804460341978
158760,2020-2021,Telangana,36,Mancherial,684.0,Gross Irrigated Area,Canal,Government,54667.0,Adilabad,2020,48182.0,44867.25,6485.0,13.459383172138972
158766,2020-2021,Telangana,36,Mancherial,684.0,Net Irrigated Area,Canal,Government,36357.0,Adilabad,2020,54667.0,45956.11111111111,-18310.0,-33.493698209157266
164352,2021-2022,Telangana,36,Mancherial,684.0,Gross Irrigated Area,Canal,Government,22712.0,Adilabad,2021,36357.0,44996.2,-13645.0,-37.53059933437852
164358,2021-2022,Telangana,36,Mancherial,684.0,Net Irrigated Area,Canal,Government,14998.0,Adilabad,2021,22712.0,42970.36363636364,-7714.0,-33.96442409299049
170916,2022-2023,Telangana,36,Mancherial,684.0,Gross Irrigated Area,Canal,Government,32788.0,Adilabad,2022,14998.0,40639.333333333336,17790.0,118.61581544205895
170922,2022-2023,Telangana,36,Mancherial,684.0,Net Irrigated Area,Canal,Government,25707.0,Adilabad,2022,32788.0,40035.38461538462,-7081.0,-21.59631572526534
128305,2016-2017,Telangana,36,Mancherial,684.0,Gross Irrigated Area,Canal,Private,32612.0,Adilabad,2016,,,,
128311,2016-2017,Telangana,36,Mancherial,684.0,Net Irrigated Area,Canal,Private,32612.0,Adilabad,2016,32612.0,32612.0,0.0,0.0
135805,2017-2018,Telangana,36,Mancherial,684.0,Gross Irrigated Area,Canal,Private,32612.0,Adilabad,2017,32612.0,32612.0,0.0,0.0
135811,2017-2018,Telangana,36,Mancherial,684.0,Net Irrigated Area,Canal,Private,32612.0,Adilabad,2017,32612.0,32612.0,0.0,0.0
143365,2018-2019,Telangana,36,Mancherial,684.0,Gross Irrigated Area,Canal,Private,32612.0,Adilabad,2018,32612.0,32612.0,0.0,0.0
143371,2018-2019,Telangana,36,Mancherial,684.0,Net Irrigated Area,Canal,Private,32612.0,Adilabad,2018,32612.0,32612.0,0.0,0.0
150997,2019-2020,Telangana,36,Mancherial,684.0,Gross Irrigated Area,Canal,Private,32612.0,Adilabad,2019,32612.0,32612.0,0.0,0.0
151003,2019-2020,Telangana,36,Mancherial,684.0,Net Irrigated Area,Canal,Private,32612.0,Adilabad,2019,32612.0,32612.0,0.0,0.0
158761,2020-2021,Telangana,36,Mancherial,684.0,Gross Irrigated Area,Canal,Private,32612.0,Adilabad,2020,32612.0,32612.0,0.0,0.0
158767,2020-2021,Telangana,36,Mancherial,684.0,Net Irrigated Area,Canal,Private,32612.0,Adilabad,2020,32612.0,32612.0,0.0,0.0
164353,2021-2022,Telangana,36,Mancherial,684.0,Gross Irrigated Area,Canal,Private,32612.0,Adilabad,2021,32612.0,32612.0,0.0,0.0
164359,2021-2022,Telangana,36,Mancherial,684.0,Net Irrigated Area,Canal,Private,32612.0,Adilabad,2021,32612.0,32612.0,0.0,0.0
170917,2022-2023,Telangana,36,Mancherial,684.0,Gross Irrigated Area,Canal,Private,32612.0,Adilabad,2022,32612.0,32612.0,0.0,0.0
170923,2022-2023,Telangana,36,Mancherial,684.0,Net Irrigated Area,Canal,Private,32612.0,Adilabad,2022,32612.0,32612.0,0.0,0.0
128306,2016-2017,Telangana,36,Mancherial,684.0,Gross Irrigated Area,Other Source,Other Source,2265.0,Adilabad,2016,,,,
128312,2016-2017,Telangana,36,Mancherial,684.0,Net Irrigated Area,Other Source,Other Source,317.0,Adilabad,2016,2265.0,2265.0,-1948.0,-86.00441501103752
135806,2017-2018,Telangana,36,Mancherial,684.0,Gross Irrigated Area,Other Source,Other Source,1350.0,Adilabad,2017,317.0,1291.0,1033.0,325.86750788643536
135812,2017-2018,Telangana,36,Mancherial,684.0,Net Irrigated Area,Other Source,Other Source,1066.0,Adilabad,2017,1350.0,1310.6666666666667,-284.0,-21.037037037037038
143366,2018-2019,Telangana,36,Mancherial,684.0,Gross Irrigated Area,Other Source,Other Source,826.0,Adilabad,2018,1066.0,1249.5,-240.0,-22.5140712945591
143372,2018-2019,Telangana,36,Mancherial,684.0,Net Irrigated Area,Other Source,Other Source,661.0,Adilabad,2018,826.0,1164.8,-165.0,-19.975786924939467
150998,2019-2020,Telangana,36,Mancherial,684.0,Gross Irrigated Area,Other Source,Other Source,775.0,Adilabad,2019,661.0,1080.8333333333333,114.0,17.246596066565807
151004,2019-2020,Telangana,36,Mancherial,684.0,Net Irrigated Area,Other Source,Other Source,612.0,Adilabad,2019,775.0,1037.142857142857,-163.0,-21.032258064516128
158762,2020-2021,Telangana,36,Mancherial,684.0,Gross Irrigated Area,Other Source,Other Source,803.0,Adilabad,2020,612.0,984.0,191.0,31.209150326797385
158768,2020-2021,Telangana,36,Mancherial,684.0,Net Irrigated Area,Other Source,Other Source,642.0,Adilabad,2020,803.0,963.8888888888889,-161.0,-20.049813200498132
164354,2021-2022,Telangana,36,Mancherial,684.0,Gross Irrigated Area,Other Source,Other Source,1226.0,Adilabad,2021,642.0,931.7,584.0,90.96573208722741
164360,2021-2022,Telangana,36,Mancherial,684.0,Net Irrigated Area,Other Source,Other Source,944.0,Adilabad,2021,1226.0,958.4545454545455,-282.0,-23.00163132137031
170918,2022-2023,Telangana,36,Mancherial,684.0,Gross Irrigated Area,Other Source,Other Source,6033.0,Adilabad,2022,944.0,957.25,5089.0,539.0889830508474
170924,2022-2023,Telangana,36,Mancherial,684.0,Net Irrigated Area,Other Source,Other Source,698.0,Adilabad,2022,6033.0,1347.6923076923076,-5335.0,-88.4303000165755
128307,2016-2017,Telangana,36,Mancherial,684.0,Gross Irrigated Area,Tank,Tank,9357.0,Adilabad,2016,,,,
128313,2016-2017,Telangana,36,Mancherial,684.0,Net Irrigated Area,Tank,Tank,6643.0,Adilabad,2016,9357.0,9357.0,-2714.0,-29.00502297745004
135807,2017-2018,Telangana,36,Mancherial,684.0,Gross Irrigated Area,Tank,Tank,5772.0,Adilabad,2017,6643.0,8000.0,-871.0,-13.111545988258316
135813,2017-2018,Telangana,36,Mancherial,684.0,Net Irrigated Area,Tank,Tank,4271.0,Adilabad,2017,5772.0,7257.333333333333,-1501.0,-26.004851004851005
143367,2018-2019,Telangana,36,Mancherial,684.0,Gross Irrigated Area,Tank,Tank,6757.0,Adilabad,2018,4271.0,6510.75,2486.0,58.20650901428237
143373,2018-2019,Telangana,36,Mancherial,684.0,Net Irrigated Area,Tank,Tank,5946.0,Adilabad,2018,6757.0,6560.0,-811.0,-12.00236791475507
150999,2019-2020,Telangana,36,Mancherial,684.0,Gross Irrigated Area,Tank,Tank,7565.0,Adilabad,2019,5946.0,6457.666666666667,1619.0,27.22838883282879
151005,2019-2020,Telangana,36,Mancherial,684.0,Net Irrigated Area,Tank,Tank,5674.0,Adilabad,2019,7565.0,6615.857142857143,-1891.0,-24.996695307336417
158763,2020-2021,Telangana,36,Mancherial,684.0,Gross Irrigated Area,Tank,Tank,9486.0,Adilabad,2020,5674.0,6498.125,3812.0,67.18364469510045
158769,2020-2021,Telangana,36,Mancherial,684.0,Net Irrigated Area,Tank,Tank,7209.0,Adilabad,2020,9486.0,6830.111111111111,-2277.0,-24.003795066413662
164355,2021-2022,Telangana,36,Mancherial,684.0,Gross Irrigated Area,Tank,Tank,8129.0,Adilabad,2021,7209.0,6868.0,920.0,12.761825495907894
164361,2021-2022,Telangana,36,Mancherial,684.0,Net Irrigated Area,Tank,Tank,6910.0,Adilabad,2021,8129.0,6982.636363636364,-1219.0,-14.995694427358838
170919,2022-2023,Telangana,36,Mancherial,684.0,Gross Irrigated Area,Tank,Tank,17214.0,Adilabad,2022,6910.0,6976.583333333333,10304.0,149.11722141823444
170925,2022-2023,Telangana,36,Mancherial,684.0,Net Irrigated Area,Tank,Tank,13927.0,Adilabad,2022,17214.0,7764.076923076923,-3287.0,-19.094922737306845
128308,2016-2017,Telangana,36,Mancherial,684.0,Gross Irrigated Area,Well,Other Well,2857.0,Adilabad,2016,,,,
128314,2016-2017,Telangana,36,Mancherial,684.0,Net Irrigated Area,Well,Other Well,2028.0,Adilabad,2016,2857.0,2857.0,-829.0,-29.016450822541128
135808,2017-2018,Telangana,36,Mancherial,684.0,Gross Irrigated Area,Well,Other Well,6350.0,Adilabad,2017,2028.0,2442.5,4322.0,213.1163708086785
135814,2017-2018,Telangana,36,Mancherial,684.0,Net Irrigated Area,Well,Other Well,3175.0,Adilabad,2017,6350.0,3745.0,-3175.0,-50.0
143368,2018-2019,Telangana,36,Mancherial,684.0,Gross Irrigated Area,Well,Other Well,6581.0,Adilabad,2018,3175.0,3602.5,3406.0,107.2755905511811
143374,2018-2019,Telangana,36,Mancherial,684.0,Net Irrigated Area,Well,Other Well,3225.0,Adilabad,2018,6581.0,4198.2,-3356.0,-50.99528946968546
151000,2019-2020,Telangana,36,Mancherial,684.0,Gross Irrigated Area,Well,Other Well,9457.0,Adilabad,2019,3225.0,4036.0,6232.0,193.24031007751938
151006,2019-2020,Telangana,36,Mancherial,684.0,Net Irrigated Area,Well,Other Well,5284.0,Adilabad,2019,9457.0,4810.428571428572,-4173.0,-44.12604420006345
158764,2020-2021,Telangana,36,Mancherial,684.0,Gross Irrigated Area,Well,Other Well,17923.0,Adilabad,2020,5284.0,4869.625,12639.0,239.19379258137775
158770,2020-2021,Telangana,36,Mancherial,684.0,Net Irrigated Area,Well,Other Well,8402.0,Adilabad,2020,17923.0,6320.0,-9521.0,-53.121687217541705
164356,2021-2022,Telangana,36,Mancherial,684.0,Gross Irrigated Area,Well,Other Well,22378.0,Adilabad,2021,8402.0,6528.2,13976.0,166.34134729826232
164362,2021-2022,Telangana,36,Mancherial,684.0,Net Irrigated Area,Well,Other Well,10742.0,Adilabad,2021,22378.0,7969.090909090909,-11636.0,-51.99749754222898
170920,2022-2023,Telangana,36,Mancherial,684.0,Gross Irrigated Area,Well,Other Well,19645.0,Adilabad,2022,10742.0,8200.166666666666,8903.0,82.8802830013033
170926,2022-2023,Telangana,36,Mancherial,684.0,Net Irrigated Area,Well,Other Well,8253.0,Adilabad,2022,19645.0,9080.538461538461,-11392.0,-57.98931025706287
128309,2016-2017,Telangana,36,Mancherial,684.0,Gross Irrigated Area,Well,Tubewell,4111.0,Adilabad,2016,,,,
128315,2016-2017,Telangana,36,Mancherial,684.0,Net Irrigated Area,Well,Tubewell,3083.0,Adilabad,2016,4111.0,4111.0,-1028.0,-25.006081245439066
135809,2017-2018,Telangana,36,Mancherial,684.0,Gross Irrigated Area,Well,Tubewell,11792.0,Adilabad,2017,3083.0,3597.0,8709.0,282.4845929289653
135815,2017-2018,Telangana,36,Mancherial,684.0,Net Irrigated Area,Well,Tubewell,6721.0,Adilabad,2017,11792.0,6328.666666666667,-5071.0,-43.00373134328358
143369,2018-2019,Telangana,36,Mancherial,684.0,Gross Irrigated Area,Well,Tubewell,11207.0,Adilabad,2018,6721.0,6426.75,4486.0,66.7460199375093
143375,2018-2019,Telangana,36,Mancherial,684.0,Net Irrigated Area,Well,Tubewell,6612.0,Adilabad,2018,11207.0,7382.8,-4595.0,-41.001159989292404
151001,2019-2020,Telangana,36,Mancherial,684.0,Gross Irrigated Area,Well,Tubewell,20050.0,Adilabad,2019,6612.0,7254.333333333333,13438.0,203.23653962492438
151007,2019-2020,Telangana,36,Mancherial,684.0,Net Irrigated Area,Well,Tubewell,12230.0,Adilabad,2019,20050.0,9082.285714285714,-7820.0,-39.00249376558603
158765,2020-2021,Telangana,36,Mancherial,684.0,Gross Irrigated Area,Well,Tubewell,38067.0,Adilabad,2020,12230.0,9475.75,25837.0,211.25919869174163
158771,2020-2021,Telangana,36,Mancherial,684.0,Net Irrigated Area,Well,Tubewell,22483.0,Adilabad,2020,38067.0,12652.555555555555,-15584.0,-40.938345548637926
164357,2021-2022,Telangana,36,Mancherial,684.0,Gross Irrigated Area,Well,Tubewell,47496.0,Adilabad,2021,22483.0,13635.6,25013.0,111.25294667081795
164363,2021-2022,Telangana,36,Mancherial,684.0,Net Irrigated Area,Well,Tubewell,31861.0,Adilabad,2021,47496.0,16713.81818181818,-15635.0,-32.918561563078995
170921,2022-2023,Telangana,36,Mancherial,684.0,Gross Irrigated Area,Well,Tubewell,40973.0,Adilabad,2022,31861.0,17976.083333333332,9112.0,28.599227896174007
170927,2022-2023,Telangana,36,Mancherial,684.0,Net Irrigated Area,Well,Tubewell,24539.0,Adilabad,2022,40973.0,19745.076923076922,-16434.0,-40.10934029726893
113772,2014-2015,Telangana,36,Medak,513.0,Gross Irrigated Area,Canal,Government,1371.0,Medak,2014,,,,
113778,2014-2015,Telangana,36,Medak,513.0,Net Irrigated Area,Canal,Government,1371.0,Medak,2014,1371.0,1371.0,0.0,0.0
120984,2015-2016,Telangana,36,Medak,513.0,Gross Irrigated Area,Canal,Government,21659.0,Medak,2015,1371.0,1371.0,20288.0,1479.7957695113055
120990,2015-2016,Telangana,36,Medak,513.0,Net Irrigated Area,Canal,Government,21659.0,Medak,2015,21659.0,8133.666666666667,0.0,0.0
128316,2016-2017,Telangana,36,Medak,513.0,Gross Irrigated Area,Canal,Government,36389.0,Medak,2016,21659.0,11515.0,14730.0,68.00867999445957
128322,2016-2017,Telangana,36,Medak,513.0,Net Irrigated Area,Canal,Government,24270.0,Medak,2016,36389.0,16489.8,-12119.0,-33.3040204457391
135816,2017-2018,Telangana,36,Medak,513.0,Gross Irrigated Area,Canal,Government,66832.0,Medak,2017,24270.0,17786.5,42562.0,175.36876802637
135822,2017-2018,Telangana,36,Medak,513.0,Net Irrigated Area,Canal,Government,40428.0,Medak,2017,66832.0,24793.0,-26404.0,-39.508020110126886
143376,2018-2019,Telangana,36,Medak,513.0,Gross Irrigated Area,Canal,Government,19048.0,Medak,2018,40428.0,26747.375,-21380.0,-52.884139705154844
143382,2018-2019,Telangana,36,Medak,513.0,Net Irrigated Area,Canal,Government,13773.0,Medak,2018,19048.0,25891.88888888889,-5275.0,-27.69319613607728
151008,2019-2020,Telangana,36,Medak,513.0,Gross Irrigated Area,Canal,Government,14024.0,Medak,2019,13773.0,24680.0,251.0,1.8224061569737893
151014,2019-2020,Telangana,36,Medak,513.0,Net Irrigated Area,Canal,Government,8964.0,Medak,2019,14024.0,23711.272727272728,-5060.0,-36.081003993154596
158772,2020-2021,Telangana,36,Medak,513.0,Gross Irrigated Area,Canal,Government,63269.0,Medak,2020,8964.0,22482.333333333332,54305.0,605.8121374386435
158778,2020-2021,Telangana,36,Medak,513.0,Net Irrigated Area,Canal,Government,33158.0,Medak,2020,63269.0,25619.76923076923,-30111.0,-47.59202769128641
164364,2021-2022,Telangana,36,Medak,513.0,Gross Irrigated Area,Canal,Government,64985.0,Medak,2021,33158.0,26158.214285714286,31827.0,95.98588575909282
164370,2021-2022,Telangana,36,Medak,513.0,Net Irrigated Area,Canal,Government,39641.0,Medak,2021,64985.0,28746.666666666668,-25344.0,-38.9997691775025
170928,2022-2023,Telangana,36,Medak,513.0,Gross Irrigated Area,Canal,Government,17520.0,Medak,2022,39641.0,29427.5625,-22121.0,-55.80333493100578
170934,2022-2023,Telangana,36,Medak,513.0,Net Irrigated Area,Canal,Government,9208.0,Medak,2022,17520.0,28727.117647058825,-8312.0,-47.44292237442922
113773,2014-2015,Telangana,36,Medak,513.0,Gross Irrigated Area,Canal,Private,21659.0,Medak,2014,,,,
113779,2014-2015,Telangana,36,Medak,513.0,Net Irrigated Area,Canal,Private,21659.0,Medak,2014,21659.0,21659.0,0.0,0.0
120985,2015-2016,Telangana,36,Medak,513.0,Gross Irrigated Area,Canal,Private,21659.0,Medak,2015,21659.0,21659.0,0.0,0.0
120991,2015-2016,Telangana,36,Medak,513.0,Net Irrigated Area,Canal,Private,21659.0,Medak,2015,21659.0,21659.0,0.0,0.0
128317,2016-2017,Telangana,36,Medak,513.0,Gross Irrigated Area,Canal,Private,21659.0,Medak,2016,21659.0,21659.0,0.0,0.0
128323,2016-2017,Telangana,36,Medak,513.0,Net Irrigated Area,Canal,Private,21659.0,Medak,2016,21659.0,21659.0,0.0,0.0
135817,2017-2018,Telangana,36,Medak,513.0,Gross Irrigated Area,Canal,Private,21659.0,Medak,2017,21659.0,21659.0,0.0,0.0
135823,2017-2018,Telangana,36,Medak,513.0,Net Irrigated Area,Canal,Private,21659.0,Medak,2017,21659.0,21659.0,0.0,0.0
143377,2018-2019,Telangana,36,Medak,513.0,Gross Irrigated Area,Canal,Private,21659.0,Medak,2018,21659.0,21659.0,0.0,0.0
143383,2018-2019,Telangana,36,Medak,513.0,Net Irrigated Area,Canal,Private,21659.0,Medak,2018,21659.0,21659.0,0.0,0.0
151009,2019-2020,Telangana,36,Medak,513.0,Gross Irrigated Area,Canal,Private,21659.0,Medak,2019,21659.0,21659.0,0.0,0.0
151015,2019-2020,Telangana,36,Medak,513.0,Net Irrigated Area,Canal,Private,21659.0,Medak,2019,21659.0,21659.0,0.0,0.0
158773,2020-2021,Telangana,36,Medak,513.0,Gross Irrigated Area,Canal,Private,21659.0,Medak,2020,21659.0,21659.0,0.0,0.0
158779,2020-2021,Telangana,36,Medak,513.0,Net Irrigated Area,Canal,Private,21659.0,Medak,2020,21659.0,21659.0,0.0,0.0
164365,2021-2022,Telangana,36,Medak,513.0,Gross Irrigated Area,Canal,Private,21659.0,Medak,2021,21659.0,21659.0,0.0,0.0
164371,2021-2022,Telangana,36,Medak,513.0,Net Irrigated Area,Canal,Private,21659.0,Medak,2021,21659.0,21659.0,0.0,0.0
170929,2022-2023,Telangana,36,Medak,513.0,Gross Irrigated Area,Canal,Private,21659.0,Medak,2022,21659.0,21659.0,0.0,0.0
170935,2022-2023,Telangana,36,Medak,513.0,Net Irrigated Area,Canal,Private,21659.0,Medak,2022,21659.0,21659.0,0.0,0.0
113774,2014-2015,Telangana,36,Medak,513.0,Gross Irrigated Area,Other Source,Other Source,1108.0,Medak,2014,,,,
113780,2014-2015,Telangana,36,Medak,513.0,Net Irrigated Area,Other Source,Other Source,1108.0,Medak,2014,1108.0,1108.0,0.0,0.0
120986,2015-2016,Telangana,36,Medak,513.0,Gross Irrigated Area,Other Source,Other Source,197.0,Medak,2015,1108.0,1108.0,-911.0,-82.2202166064982
120992,2015-2016,Telangana,36,Medak,513.0,Net Irrigated Area,Other Source,Other Source,197.0,Medak,2015,197.0,804.3333333333334,0.0,0.0
128318,2016-2017,Telangana,36,Medak,513.0,Gross Irrigated Area,Other Source,Other Source,2549.0,Medak,2016,197.0,652.5,2352.0,1193.9086294416245
128324,2016-2017,Telangana,36,Medak,513.0,Net Irrigated Area,Other Source,Other Source,2549.0,Medak,2016,2549.0,1031.8,0.0,0.0
135818,2017-2018,Telangana,36,Medak,513.0,Gross Irrigated Area,Other Source,Other Source,788.0,Medak,2017,2549.0,1284.6666666666667,-1761.0,-69.08591604550804
135824,2017-2018,Telangana,36,Medak,513.0,Net Irrigated Area,Other Source,Other Source,473.0,Medak,2017,788.0,1213.7142857142858,-315.0,-39.974619289340104
143378,2018-2019,Telangana,36,Medak,513.0,Gross Irrigated Area,Other Source,Other Source,1327.0,Medak,2018,473.0,1121.125,854.0,180.54968287526427
143384,2018-2019,Telangana,36,Medak,513.0,Net Irrigated Area,Other Source,Other Source,1327.0,Medak,2018,1327.0,1144.0,0.0,0.0
151010,2019-2020,Telangana,36,Medak,513.0,Gross Irrigated Area,Other Source,Other Source,5.0,Medak,2019,1327.0,1162.3,-1322.0,-99.62321024868123
151016,2019-2020,Telangana,36,Medak,513.0,Net Irrigated Area,Other Source,Other Source,3.0,Medak,2019,5.0,1057.090909090909,-2.0,-40.0
158774,2020-2021,Telangana,36,Medak,513.0,Gross Irrigated Area,Other Source,Other Source,90.0,Medak,2020,3.0,969.25,87.0,2900.0
158780,2020-2021,Telangana,36,Medak,513.0,Net Irrigated Area,Other Source,Other Source,40.0,Medak,2020,90.0,901.6153846153846,-50.0,-55.55555555555556
164366,2021-2022,Telangana,36,Medak,513.0,Gross Irrigated Area,Other Source,Other Source,178.0,Medak,2021,40.0,840.0714285714286,138.0,345.0
164372,2021-2022,Telangana,36,Medak,513.0,Net Irrigated Area,Other Source,Other Source,107.0,Medak,2021,178.0,795.9333333333333,-71.0,-39.8876404494382
170930,2022-2023,Telangana,36,Medak,513.0,Gross Irrigated Area,Other Source,Other Source,9126.0,Medak,2022,107.0,752.875,9019.0,8428.971962616823
170936,2022-2023,Telangana,36,Medak,513.0,Net Irrigated Area,Other Source,Other Source,5343.0,Medak,2022,9126.0,1245.4117647058824,-3783.0,-41.452991452991455
113775,2014-2015,Telangana,36,Medak,513.0,Gross Irrigated Area,Tank,Tank,1481.0,Medak,2014,,,,
113781,2014-2015,Telangana,36,Medak,513.0,Net Irrigated Area,Tank,Tank,1481.0,Medak,2014,1481.0,1481.0,0.0,0.0
120987,2015-2016,Telangana,36,Medak,513.0,Gross Irrigated Area,Tank,Tank,108.0,Medak,2015,1481.0,1481.0,-1373.0,-92.70762997974342
120993,2015-2016,Telangana,36,Medak,513.0,Net Irrigated Area,Tank,Tank,108.0,Medak,2015,108.0,1023.3333333333334,0.0,0.0
128319,2016-2017,Telangana,36,Medak,513.0,Gross Irrigated Area,Tank,Tank,1666.0,Medak,2016,108.0,794.5,1558.0,1442.5925925925926
128325,2016-2017,Telangana,36,Medak,513.0,Net Irrigated Area,Tank,Tank,1666.0,Medak,2016,1666.0,968.8,0.0,0.0
135819,2017-2018,Telangana,36,Medak,513.0,Gross Irrigated Area,Tank,Tank,2523.0,Medak,2017,1666.0,1085.0,857.0,51.4405762304922
135825,2017-2018,Telangana,36,Medak,513.0,Net Irrigated Area,Tank,Tank,2094.0,Medak,2017,2523.0,1290.4285714285713,-429.0,-17.00356718192628
143379,2018-2019,Telangana,36,Medak,513.0,Gross Irrigated Area,Tank,Tank,1607.0,Medak,2018,2094.0,1390.875,-487.0,-23.25692454632283
143385,2018-2019,Telangana,36,Medak,513.0,Net Irrigated Area,Tank,Tank,1350.0,Medak,2018,1607.0,1414.888888888889,-257.0,-15.992532669570627
151011,2019-2020,Telangana,36,Medak,513.0,Gross Irrigated Area,Tank,Tank,5057.0,Medak,2019,1350.0,1408.4,3707.0,274.5925925925926
151017,2019-2020,Telangana,36,Medak,513.0,Net Irrigated Area,Tank,Tank,4551.0,Medak,2019,5057.0,1740.090909090909,-506.0,-10.005932370970932
158775,2020-2021,Telangana,36,Medak,513.0,Gross Irrigated Area,Tank,Tank,5182.0,Medak,2020,4551.0,1974.3333333333333,631.0,13.865084596791913
158781,2020-2021,Telangana,36,Medak,513.0,Net Irrigated Area,Tank,Tank,3939.0,Medak,2020,5182.0,2221.076923076923,-1243.0,-23.986877653415668
164367,2021-2022,Telangana,36,Medak,513.0,Gross Irrigated Area,Tank,Tank,5679.0,Medak,2021,3939.0,2343.785714285714,1740.0,44.17364813404417
164373,2021-2022,Telangana,36,Medak,513.0,Net Irrigated Area,Tank,Tank,4259.0,Medak,2021,5679.0,2566.133333333333,-1420.0,-25.00440218348301
170931,2022-2023,Telangana,36,Medak,513.0,Gross Irrigated Area,Tank,Tank,33593.0,Medak,2022,4259.0,2671.9375,29334.0,688.7532284573844
170937,2022-2023,Telangana,36,Medak,513.0,Net Irrigated Area,Tank,Tank,19783.0,Medak,2022,33593.0,4490.823529411765,-13810.0,-41.10975500848391
113776,2014-2015,Telangana,36,Medak,513.0,Gross Irrigated Area,Well,Other Well,9186.0,Medak,2014,,,,
113782,2014-2015,Telangana,36,Medak,513.0,Net Irrigated Area,Well,Other Well,6798.0,Medak,2014,9186.0,9186.0,-2388.0,-25.996080992815152
120988,2015-2016,Telangana,36,Medak,513.0,Gross Irrigated Area,Well,Other Well,5788.0,Medak,2015,6798.0,7992.0,-1010.0,-14.85731097381583
120994,2015-2016,Telangana,36,Medak,513.0,Net Irrigated Area,Well,Other Well,3915.0,Medak,2015,5788.0,7257.333333333333,-1873.0,-32.360055286800275
128320,2016-2017,Telangana,36,Medak,513.0,Gross Irrigated Area,Well,Other Well,6293.0,Medak,2016,3915.0,6421.75,2378.0,60.74074074074074
128326,2016-2017,Telangana,36,Medak,513.0,Net Irrigated Area,Well,Other Well,6293.0,Medak,2016,6293.0,6396.0,0.0,0.0
135820,2017-2018,Telangana,36,Medak,513.0,Gross Irrigated Area,Well,Other Well,6293.0,Medak,2017,6293.0,6378.833333333333,0.0,0.0
135826,2017-2018,Telangana,36,Medak,513.0,Net Irrigated Area,Well,Other Well,6293.0,Medak,2017,6293.0,6366.571428571428,0.0,0.0
143380,2018-2019,Telangana,36,Medak,513.0,Gross Irrigated Area,Well,Other Well,6293.0,Medak,2018,6293.0,6357.375,0.0,0.0
143386,2018-2019,Telangana,36,Medak,513.0,Net Irrigated Area,Well,Other Well,6293.0,Medak,2018,6293.0,6350.222222222223,0.0,0.0
151012,2019-2020,Telangana,36,Medak,513.0,Gross Irrigated Area,Well,Other Well,6293.0,Medak,2019,6293.0,6344.5,0.0,0.0
151018,2019-2020,Telangana,36,Medak,513.0,Net Irrigated Area,Well,Other Well,6293.0,Medak,2019,6293.0,6339.818181818182,0.0,0.0
158776,2020-2021,Telangana,36,Medak,513.0,Gross Irrigated Area,Well,Other Well,6293.0,Medak,2020,6293.0,6335.916666666667,0.0,0.0
158782,2020-2021,Telangana,36,Medak,513.0,Net Irrigated Area,Well,Other Well,6293.0,Medak,2020,6293.0,6332.615384615385,0.0,0.0
164368,2021-2022,Telangana,36,Medak,513.0,Gross Irrigated Area,Well,Other Well,6293.0,Medak,2021,6293.0,6329.785714285715,0.0,0.0
164374,2021-2022,Telangana,36,Medak,513.0,Net Irrigated Area,Well,Other Well,6293.0,Medak,2021,6293.0,6327.333333333333,0.0,0.0
170932,2022-2023,Telangana,36,Medak,513.0,Gross Irrigated Area,Well,Other Well,6293.0,Medak,2022,6293.0,6325.1875,0.0,0.0
170938,2022-2023,Telangana,36,Medak,513.0,Net Irrigated Area,Well,Other Well,6293.0,Medak,2022,6293.0,6323.294117647059,0.0,0.0
113777,2014-2015,Telangana,36,Medak,513.0,Gross Irrigated Area,Well,Tubewell,199974.0,Medak,2014,,,,
113783,2014-2015,Telangana,36,Medak,513.0,Net Irrigated Area,Well,Tubewell,133445.0,Medak,2014,199974.0,199974.0,-66529.0,-33.26882494724314
120989,2015-2016,Telangana,36,Medak,513.0,Gross Irrigated Area,Well,Tubewell,165127.0,Medak,2015,133445.0,166709.5,31682.0,23.741616396268125
120995,2015-2016,Telangana,36,Medak,513.0,Net Irrigated Area,Well,Tubewell,109516.0,Medak,2015,165127.0,166182.0,-55611.0,-33.677714728663396
128321,2016-2017,Telangana,36,Medak,513.0,Gross Irrigated Area,Well,Tubewell,55321.0,Medak,2016,109516.0,152015.5,-54195.0,-49.48591986559042
128327,2016-2017,Telangana,36,Medak,513.0,Net Irrigated Area,Well,Tubewell,35959.0,Medak,2016,55321.0,132676.6,-19362.0,-34.999367328862455
135821,2017-2018,Telangana,36,Medak,513.0,Gross Irrigated Area,Well,Tubewell,22378.0,Medak,2017,35959.0,116557.0,-13581.0,-37.76801357101143
135827,2017-2018,Telangana,36,Medak,513.0,Net Irrigated Area,Well,Tubewell,13427.0,Medak,2017,22378.0,103102.85714285714,-8951.0,-39.99910626508177
143381,2018-2019,Telangana,36,Medak,513.0,Gross Irrigated Area,Well,Tubewell,29950.0,Medak,2018,13427.0,91893.375,16523.0,123.05801742757131
143387,2018-2019,Telangana,36,Medak,513.0,Net Irrigated Area,Well,Tubewell,21264.0,Medak,2018,29950.0,85010.77777777778,-8686.0,-29.001669449081803
151013,2019-2020,Telangana,36,Medak,513.0,Gross Irrigated Area,Well,Tubewell,70346.0,Medak,2019,21264.0,78636.1,49082.0,230.82204665161777
151019,2019-2020,Telangana,36,Medak,513.0,Net Irrigated Area,Well,Tubewell,45004.0,Medak,2019,70346.0,77882.45454545454,-25342.0,-36.024791743667016
158777,2020-2021,Telangana,36,Medak,513.0,Gross Irrigated Area,Well,Tubewell,85683.0,Medak,2020,45004.0,75142.58333333333,40679.0,90.38974313394364
158783,2020-2021,Telangana,36,Medak,513.0,Net Irrigated Area,Well,Tubewell,58632.0,Medak,2020,85683.0,75953.38461538461,-27051.0,-31.571023423549594
164369,2021-2022,Telangana,36,Medak,513.0,Gross Irrigated Area,Well,Tubewell,103930.0,Medak,2021,58632.0,74716.14285714286,45298.0,77.2581525446855
164375,2021-2022,Telangana,36,Medak,513.0,Net Irrigated Area,Well,Tubewell,61351.0,Medak,2021,103930.0,76663.73333333334,-42579.0,-40.96892138939671
170933,2022-2023,Telangana,36,Medak,513.0,Gross Irrigated Area,Well,Tubewell,174946.0,Medak,2022,61351.0,75706.6875,113595.0,185.15590617919838
170939,2022-2023,Telangana,36,Medak,513.0,Net Irrigated Area,Well,Tubewell,98158.0,Medak,2022,174946.0,81544.29411764706,-76788.0,-43.89240108376299
128328,2016-2017,Telangana,36,Medchal Malkajgiri,700.0,Gross Irrigated Area,Canal,Government,259.5,Ranga Reddy,2016,,,,
128334,2016-2017,Telangana,36,Medchal Malkajgiri,700.0,Net Irrigated Area,Canal,Government,259.5,Ranga Reddy,2016,259.5,259.5,0.0,0.0
135828,2017-2018,Telangana,36,Medchal Malkajgiri,700.0,Gross Irrigated Area,Canal,Government,12.0,Ranga Reddy,2017,259.5,259.5,-247.5,-95.37572254335261
135834,2017-2018,Telangana,36,Medchal Malkajgiri,700.0,Net Irrigated Area,Canal,Government,12.0,Ranga Reddy,2017,12.0,177.0,0.0,0.0
143388,2018-2019,Telangana,36,Medchal Malkajgiri,700.0,Gross Irrigated Area,Canal,Government,259.5,Ranga Reddy,2018,12.0,135.75,247.5,2062.5
143394,2018-2019,Telangana,36,Medchal Malkajgiri,700.0,Net Irrigated Area,Canal,Government,259.5,Ranga Reddy,2018,259.5,160.5,0.0,0.0
151020,2019-2020,Telangana,36,Medchal Malkajgiri,700.0,Gross Irrigated Area,Canal,Government,507.0,Ranga Reddy,2019,259.5,177.0,247.5,95.37572254335261
151026,2019-2020,Telangana,36,Medchal Malkajgiri,700.0,Net Irrigated Area,Canal,Government,507.0,Ranga Reddy,2019,507.0,224.14285714285714,0.0,0.0
158784,2020-2021,Telangana,36,Medchal Malkajgiri,700.0,Gross Irrigated Area,Canal,Government,259.5,Ranga Reddy,2020,507.0,259.5,-247.5,-48.81656804733728
158790,2020-2021,Telangana,36,Medchal Malkajgiri,700.0,Net Irrigated Area,Canal,Government,259.5,Ranga Reddy,2020,259.5,259.5,0.0,0.0
164376,2021-2022,Telangana,36,Medchal Malkajgiri,700.0,Gross Irrigated Area,Canal,Government,259.5,Ranga Reddy,2021,259.5,259.5,0.0,0.0
164382,2021-2022,Telangana,36,Medchal Malkajgiri,700.0,Net Irrigated Area,Canal,Government,259.5,Ranga Reddy,2021,259.5,259.5,0.0,0.0
170940,2022-2023,Telangana,36,Medchal Malkajgiri,700.0,Gross Irrigated Area,Canal,Government,259.5,Ranga Reddy,2022,259.5,259.5,0.0,0.0
170946,2022-2023,Telangana,36,Medchal Malkajgiri,700.0,Net Irrigated Area,Canal,Government,259.5,Ranga Reddy,2022,259.5,259.5,0.0,0.0
128329,2016-2017,Telangana,36,Medchal Malkajgiri,700.0,Gross Irrigated Area,Canal,Private,259.5,Ranga Reddy,2016,,,,
128335,2016-2017,Telangana,36,Medchal Malkajgiri,700.0,Net Irrigated Area,Canal,Private,259.5,Ranga Reddy,2016,259.5,259.5,0.0,0.0
135829,2017-2018,Telangana,36,Medchal Malkajgiri,700.0,Gross Irrigated Area,Canal,Private,259.5,Ranga Reddy,2017,259.5,259.5,0.0,0.0
135835,2017-2018,Telangana,36,Medchal Malkajgiri,700.0,Net Irrigated Area,Canal,Private,259.5,Ranga Reddy,2017,259.5,259.5,0.0,0.0
143389,2018-2019,Telangana,36,Medchal Malkajgiri,700.0,Gross Irrigated Area,Canal,Private,259.5,Ranga Reddy,2018,259.5,259.5,0.0,0.0
143395,2018-2019,Telangana,36,Medchal Malkajgiri,700.0,Net Irrigated Area,Canal,Private,259.5,Ranga Reddy,2018,259.5,259.5,0.0,0.0
151021,2019-2020,Telangana,36,Medchal Malkajgiri,700.0,Gross Irrigated Area,Canal,Private,259.5,Ranga Reddy,2019,259.5,259.5,0.0,0.0
151027,2019-2020,Telangana,36,Medchal Malkajgiri,700.0,Net Irrigated Area,Canal,Private,259.5,Ranga Reddy,2019,259.5,259.5,0.0,0.0
158785,2020-2021,Telangana,36,Medchal Malkajgiri,700.0,Gross Irrigated Area,Canal,Private,259.5,Ranga Reddy,2020,259.5,259.5,0.0,0.0
158791,2020-2021,Telangana,36,Medchal Malkajgiri,700.0,Net Irrigated Area,Canal,Private,259.5,Ranga Reddy,2020,259.5,259.5,0.0,0.0
164377,2021-2022,Telangana,36,Medchal Malkajgiri,700.0,Gross Irrigated Area,Canal,Private,259.5,Ranga Reddy,2021,259.5,259.5,0.0,0.0
164383,2021-2022,Telangana,36,Medchal Malkajgiri,700.0,Net Irrigated Area,Canal,Private,259.5,Ranga Reddy,2021,259.5,259.5,0.0,0.0
170941,2022-2023,Telangana,36,Medchal Malkajgiri,700.0,Gross Irrigated Area,Canal,Private,259.5,Ranga Reddy,2022,259.5,259.5,0.0,0.0
170947,2022-2023,Telangana,36,Medchal Malkajgiri,700.0,Net Irrigated Area,Canal,Private,259.5,Ranga Reddy,2022,259.5,259.5,0.0,0.0
128330,2016-2017,Telangana,36,Medchal Malkajgiri,700.0,Gross Irrigated Area,Other Source,Other Source,474.0,Ranga Reddy,2016,,,,
128336,2016-2017,Telangana,36,Medchal Malkajgiri,700.0,Net Irrigated Area,Other Source,Other Source,265.0,Ranga Reddy,2016,474.0,474.0,-209.0,-44.09282700421941
135830,2017-2018,Telangana,36,Medchal Malkajgiri,700.0,Gross Irrigated Area,Other Source,Other Source,504.0,Ranga Reddy,2017,265.0,369.5,239.0,90.18867924528303
135836,2017-2018,Telangana,36,Medchal Malkajgiri,700.0,Net Irrigated Area,Other Source,Other Source,358.0,Ranga Reddy,2017,504.0,414.3333333333333,-146.0,-28.968253968253972
143390,2018-2019,Telangana,36,Medchal Malkajgiri,700.0,Gross Irrigated Area,Other Source,Other Source,232.0,Ranga Reddy,2018,358.0,400.25,-126.0,-35.19553072625698
143396,2018-2019,Telangana,36,Medchal Malkajgiri,700.0,Net Irrigated Area,Other Source,Other Source,135.0,Ranga Reddy,2018,232.0,366.6,-97.0,-41.810344827586206
151022,2019-2020,Telangana,36,Medchal Malkajgiri,700.0,Gross Irrigated Area,Other Source,Other Source,405.0,Ranga Reddy,2019,135.0,328.0,270.0,200.0
151028,2019-2020,Telangana,36,Medchal Malkajgiri,700.0,Net Irrigated Area,Other Source,Other Source,162.0,Ranga Reddy,2019,405.0,339.0,-243.0,-60.0
158786,2020-2021,Telangana,36,Medchal Malkajgiri,700.0,Gross Irrigated Area,Other Source,Other Source,755.0,Ranga Reddy,2020,162.0,316.875,593.0,366.04938271604937
158792,2020-2021,Telangana,36,Medchal Malkajgiri,700.0,Net Irrigated Area,Other Source,Other Source,506.0,Ranga Reddy,2020,755.0,365.55555555555554,-249.0,-32.980132450331126
164378,2021-2022,Telangana,36,Medchal Malkajgiri,700.0,Gross Irrigated Area,Other Source,Other Source,458.0,Ranga Reddy,2021,506.0,379.6,-48.0,-9.486166007905137
164384,2021-2022,Telangana,36,Medchal Malkajgiri,700.0,Net Irrigated Area,Other Source,Other Source,321.0,Ranga Reddy,2021,458.0,386.72727272727275,-137.0,-29.912663755458514
170942,2022-2023,Telangana,36,Medchal Malkajgiri,700.0,Gross Irrigated Area,Other Source,Other Source,1059.0,Ranga Reddy,2022,321.0,381.25,738.0,229.90654205607478
170948,2022-2023,Telangana,36,Medchal Malkajgiri,700.0,Net Irrigated Area,Other Source,Other Source,569.0,Ranga Reddy,2022,1059.0,433.38461538461536,-490.0,-46.27006610009443
128331,2016-2017,Telangana,36,Medchal Malkajgiri,700.0,Gross Irrigated Area,Tank,Tank,318.0,Ranga Reddy,2016,,,,
128337,2016-2017,Telangana,36,Medchal Malkajgiri,700.0,Net Irrigated Area,Tank,Tank,162.0,Ranga Reddy,2016,318.0,318.0,-156.0,-49.056603773584904
135831,2017-2018,Telangana,36,Medchal Malkajgiri,700.0,Gross Irrigated Area,Tank,Tank,345.0,Ranga Reddy,2017,162.0,240.0,183.0,112.96296296296295
135837,2017-2018,Telangana,36,Medchal Malkajgiri,700.0,Net Irrigated Area,Tank,Tank,248.0,Ranga Reddy,2017,345.0,275.0,-97.0,-28.115942028985508
143391,2018-2019,Telangana,36,Medchal Malkajgiri,700.0,Gross Irrigated Area,Tank,Tank,324.0,Ranga Reddy,2018,248.0,268.25,76.0,30.64516129032258
143397,2018-2019,Telangana,36,Medchal Malkajgiri,700.0,Net Irrigated Area,Tank,Tank,324.0,Ranga Reddy,2018,324.0,279.4,0.0,0.0
151023,2019-2020,Telangana,36,Medchal Malkajgiri,700.0,Gross Irrigated Area,Tank,Tank,281.0,Ranga Reddy,2019,324.0,286.8333333333333,-43.0,-13.271604938271606
151029,2019-2020,Telangana,36,Medchal Malkajgiri,700.0,Net Irrigated Area,Tank,Tank,166.0,Ranga Reddy,2019,281.0,286.0,-115.0,-40.92526690391459
158787,2020-2021,Telangana,36,Medchal Malkajgiri,700.0,Gross Irrigated Area,Tank,Tank,356.0,Ranga Reddy,2020,166.0,271.0,190.0,114.45783132530121
158793,2020-2021,Telangana,36,Medchal Malkajgiri,700.0,Net Irrigated Area,Tank,Tank,356.0,Ranga Reddy,2020,356.0,280.44444444444446,0.0,0.0
164379,2021-2022,Telangana,36,Medchal Malkajgiri,700.0,Gross Irrigated Area,Tank,Tank,405.0,Ranga Reddy,2021,356.0,288.0,49.0,13.764044943820226
164385,2021-2022,Telangana,36,Medchal Malkajgiri,700.0,Net Irrigated Area,Tank,Tank,388.0,Ranga Reddy,2021,405.0,298.6363636363636,-17.0,-4.197530864197531
170943,2022-2023,Telangana,36,Medchal Malkajgiri,700.0,Gross Irrigated Area,Tank,Tank,1741.0,Ranga Reddy,2022,388.0,306.0833333333333,1353.0,348.7113402061856
170949,2022-2023,Telangana,36,Medchal Malkajgiri,700.0,Net Irrigated Area,Tank,Tank,935.0,Ranga Reddy,2022,1741.0,416.46153846153845,-806.0,-46.295232624928204
128332,2016-2017,Telangana,36,Medchal Malkajgiri,700.0,Gross Irrigated Area,Well,Other Well,11220.5,Ranga Reddy,2016,,,,
128338,2016-2017,Telangana,36,Medchal Malkajgiri,700.0,Net Irrigated Area,Well,Other Well,11220.5,Ranga Reddy,2016,11220.5,11220.5,0.0,0.0
135832,2017-2018,Telangana,36,Medchal Malkajgiri,700.0,Gross Irrigated Area,Well,Other Well,11220.5,Ranga Reddy,2017,11220.5,11220.5,0.0,0.0
135838,2017-2018,Telangana,36,Medchal Malkajgiri,700.0,Net Irrigated Area,Well,Other Well,11220.5,Ranga Reddy,2017,11220.5,11220.5,0.0,0.0
143392,2018-2019,Telangana,36,Medchal Malkajgiri,700.0,Gross Irrigated Area,Well,Other Well,11220.5,Ranga Reddy,2018,11220.5,11220.5,0.0,0.0
143398,2018-2019,Telangana,36,Medchal Malkajgiri,700.0,Net Irrigated Area,Well,Other Well,11220.5,Ranga Reddy,2018,11220.5,11220.5,0.0,0.0
151024,2019-2020,Telangana,36,Medchal Malkajgiri,700.0,Gross Irrigated Area,Well,Other Well,11220.5,Ranga Reddy,2019,11220.5,11220.5,0.0,0.0
151030,2019-2020,Telangana,36,Medchal Malkajgiri,700.0,Net Irrigated Area,Well,Other Well,11220.5,Ranga Reddy,2019,11220.5,11220.5,0.0,0.0
158788,2020-2021,Telangana,36,Medchal Malkajgiri,700.0,Gross Irrigated Area,Well,Other Well,11220.5,Ranga Reddy,2020,11220.5,11220.5,0.0,0.0
158794,2020-2021,Telangana,36,Medchal Malkajgiri,700.0,Net Irrigated Area,Well,Other Well,11220.5,Ranga Reddy,2020,11220.5,11220.5,0.0,0.0
164380,2021-2022,Telangana,36,Medchal Malkajgiri,700.0,Gross Irrigated Area,Well,Other Well,11220.5,Ranga Reddy,2021,11220.5,11220.5,0.0,0.0
164386,2021-2022,Telangana,36,Medchal Malkajgiri,700.0,Net Irrigated Area,Well,Other Well,11220.5,Ranga Reddy,2021,11220.5,11220.5,0.0,0.0
170944,2022-2023,Telangana,36,Medchal Malkajgiri,700.0,Gross Irrigated Area,Well,Other Well,11220.5,Ranga Reddy,2022,11220.5,11220.5,0.0,0.0
170950,2022-2023,Telangana,36,Medchal Malkajgiri,700.0,Net Irrigated Area,Well,Other Well,11220.5,Ranga Reddy,2022,11220.5,11220.5,0.0,0.0
128333,2016-2017,Telangana,36,Medchal Malkajgiri,700.0,Gross Irrigated Area,Well,Tubewell,9802.0,Ranga Reddy,2016,,,,
128339,2016-2017,Telangana,36,Medchal Malkajgiri,700.0,Net Irrigated Area,Well,Tubewell,7646.0,Ranga Reddy,2016,9802.0,9802.0,-2156.0,-21.995511120179557
135833,2017-2018,Telangana,36,Medchal Malkajgiri,700.0,Gross Irrigated Area,Well,Tubewell,12468.0,Ranga Reddy,2017,7646.0,8724.0,4822.0,63.065655244572326
135839,2017-2018,Telangana,36,Medchal Malkajgiri,700.0,Net Irrigated Area,Well,Tubewell,8621.0,Ranga Reddy,2017,12468.0,9972.0,-3847.0,-30.854988771254412
143393,2018-2019,Telangana,36,Medchal Malkajgiri,700.0,Gross Irrigated Area,Well,Tubewell,10426.0,Ranga Reddy,2018,8621.0,9634.25,1805.0,20.93724625913467
143399,2018-2019,Telangana,36,Medchal Malkajgiri,700.0,Net Irrigated Area,Well,Tubewell,7107.0,Ranga Reddy,2018,10426.0,9792.6,-3319.0,-31.833876846345678
151025,2019-2020,Telangana,36,Medchal Malkajgiri,700.0,Gross Irrigated Area,Well,Tubewell,13022.0,Ranga Reddy,2019,7107.0,9345.0,5915.0,83.22780357394119
151031,2019-2020,Telangana,36,Medchal Malkajgiri,700.0,Net Irrigated Area,Well,Tubewell,9174.0,Ranga Reddy,2019,13022.0,9870.285714285714,-3848.0,-29.54999232068807
158789,2020-2021,Telangana,36,Medchal Malkajgiri,700.0,Gross Irrigated Area,Well,Tubewell,16893.0,Ranga Reddy,2020,9174.0,9783.25,7719.0,84.1399607586658
158795,2020-2021,Telangana,36,Medchal Malkajgiri,700.0,Net Irrigated Area,Well,Tubewell,12015.0,Ranga Reddy,2020,16893.0,10573.222222222223,-4878.0,-28.875865743207246
164381,2021-2022,Telangana,36,Medchal Malkajgiri,700.0,Gross Irrigated Area,Well,Tubewell,14715.0,Ranga Reddy,2021,12015.0,10717.4,2700.0,22.47191011235955
164387,2021-2022,Telangana,36,Medchal Malkajgiri,700.0,Net Irrigated Area,Well,Tubewell,9876.0,Ranga Reddy,2021,14715.0,11080.818181818182,-4839.0,-32.88481141692151
170945,2022-2023,Telangana,36,Medchal Malkajgiri,700.0,Gross Irrigated Area,Well,Tubewell,19832.0,Ranga Reddy,2022,9876.0,10980.416666666666,9956.0,100.81004455245039
170951,2022-2023,Telangana,36,Medchal Malkajgiri,700.0,Net Irrigated Area,Well,Tubewell,13608.0,Ranga Reddy,2022,19832.0,11661.307692307691,-6224.0,-31.38362242839855
151032,2019-2020,Telangana,36,Mulugu,720.0,Gross Irrigated Area,Canal,Government,40036.0,Warangal,2019,,,,
151038,2019-2020,Telangana,36,Mulugu,720.0,Net Irrigated Area,Canal,Government,20366.0,Warangal,2019,40036.0,40036.0,-19670.0,-49.13078229593366
158796,2020-2021,Telangana,36,Mulugu,720.0,Gross Irrigated Area,Canal,Government,54884.0,Warangal,2020,20366.0,30201.0,34518.0,169.48836295787095
158802,2020-2021,Telangana,36,Mulugu,720.0,Net Irrigated Area,Canal,Government,12567.0,Warangal,2020,54884.0,38428.666666666664,-42317.0,-77.10261642737409
164388,2021-2022,Telangana,36,Mulugu,720.0,Gross Irrigated Area,Canal,Government,45106.0,Warangal,2021,12567.0,31963.25,32539.0,258.92416646773296
164394,2021-2022,Telangana,36,Mulugu,720.0,Net Irrigated Area,Canal,Government,11641.0,Warangal,2021,45106.0,34591.8,-33465.0,-74.19190351616193
170952,2022-2023,Telangana,36,Mulugu,720.0,Gross Irrigated Area,Canal,Government,14018.0,Warangal,2022,11641.0,30766.666666666668,2377.0,20.419207971823727
170958,2022-2023,Telangana,36,Mulugu,720.0,Net Irrigated Area,Canal,Government,8796.0,Warangal,2022,14018.0,28374.0,-5222.0,-37.252104437152234
151033,2019-2020,Telangana,36,Mulugu,720.0,Gross Irrigated Area,Canal,Private,17192.0,Warangal,2019,,,,
151039,2019-2020,Telangana,36,Mulugu,720.0,Net Irrigated Area,Canal,Private,17192.0,Warangal,2019,17192.0,17192.0,0.0,0.0
158797,2020-2021,Telangana,36,Mulugu,720.0,Gross Irrigated Area,Canal,Private,17192.0,Warangal,2020,17192.0,17192.0,0.0,0.0
158803,2020-2021,Telangana,36,Mulugu,720.0,Net Irrigated Area,Canal,Private,17192.0,Warangal,2020,17192.0,17192.0,0.0,0.0
164389,2021-2022,Telangana,36,Mulugu,720.0,Gross Irrigated Area,Canal,Private,17192.0,Warangal,2021,17192.0,17192.0,0.0,0.0
164395,2021-2022,Telangana,36,Mulugu,720.0,Net Irrigated Area,Canal,Private,17192.0,Warangal,2021,17192.0,17192.0,0.0,0.0
170953,2022-2023,Telangana,36,Mulugu,720.0,Gross Irrigated Area,Canal,Private,17192.0,Warangal,2022,17192.0,17192.0,0.0,0.0
170959,2022-2023,Telangana,36,Mulugu,720.0,Net Irrigated Area,Canal,Private,17192.0,Warangal,2022,17192.0,17192.0,0.0,0.0
151034,2019-2020,Telangana,36,Mulugu,720.0,Gross Irrigated Area,Other Source,Other Source,997.0,Warangal,2019,,,,
151040,2019-2020,Telangana,36,Mulugu,720.0,Net Irrigated Area,Other Source,Other Source,728.0,Warangal,2019,997.0,997.0,-269.0,-26.980942828485453
158798,2020-2021,Telangana,36,Mulugu,720.0,Gross Irrigated Area,Other Source,Other Source,670.0,Warangal,2020,728.0,862.5,-58.0,-7.967032967032966
158804,2020-2021,Telangana,36,Mulugu,720.0,Net Irrigated Area,Other Source,Other Source,476.0,Warangal,2020,670.0,798.3333333333334,-194.0,-28.955223880597014
164390,2021-2022,Telangana,36,Mulugu,720.0,Gross Irrigated Area,Other Source,Other Source,92.0,Warangal,2021,476.0,717.75,-384.0,-80.67226890756302
164396,2021-2022,Telangana,36,Mulugu,720.0,Net Irrigated Area,Other Source,Other Source,76.0,Warangal,2021,92.0,592.6,-16.0,-17.391304347826086
170954,2022-2023,Telangana,36,Mulugu,720.0,Gross Irrigated Area,Other Source,Other Source,2051.0,Warangal,2022,76.0,506.5,1975.0,2598.684210526316
170960,2022-2023,Telangana,36,Mulugu,720.0,Net Irrigated Area,Other Source,Other Source,1477.0,Warangal,2022,2051.0,727.1428571428571,-574.0,-27.986348122866893
151035,2019-2020,Telangana,36,Mulugu,720.0,Gross Irrigated Area,Tank,Tank,25718.0,Warangal,2019,,,,
151041,2019-2020,Telangana,36,Mulugu,720.0,Net Irrigated Area,Tank,Tank,22117.0,Warangal,2019,25718.0,25718.0,-3601.0,-14.001866397075977
158799,2020-2021,Telangana,36,Mulugu,720.0,Gross Irrigated Area,Tank,Tank,14926.0,Warangal,2020,22117.0,23917.5,-7191.0,-32.51345119139123
158805,2020-2021,Telangana,36,Mulugu,720.0,Net Irrigated Area,Tank,Tank,12389.0,Warangal,2020,14926.0,20920.333333333332,-2537.0,-16.997186118183034
164391,2021-2022,Telangana,36,Mulugu,720.0,Gross Irrigated Area,Tank,Tank,13513.0,Warangal,2021,12389.0,18787.5,1124.0,9.072564371619986
164397,2021-2022,Telangana,36,Mulugu,720.0,Net Irrigated Area,Tank,Tank,11757.0,Warangal,2021,13513.0,17732.6,-1756.0,-12.994893805964628
170955,2022-2023,Telangana,36,Mulugu,720.0,Gross Irrigated Area,Tank,Tank,16904.0,Warangal,2022,11757.0,16736.666666666668,5147.0,43.77817470443141
170961,2022-2023,Telangana,36,Mulugu,720.0,Net Irrigated Area,Tank,Tank,14015.0,Warangal,2022,16904.0,16760.571428571428,-2889.0,-17.090629436819686
151036,2019-2020,Telangana,36,Mulugu,720.0,Gross Irrigated Area,Well,Other Well,234.0,Warangal,2019,,,,
151042,2019-2020,Telangana,36,Mulugu,720.0,Net Irrigated Area,Well,Other Well,204.0,Warangal,2019,234.0,234.0,-30.0,-12.82051282051282
158800,2020-2021,Telangana,36,Mulugu,720.0,Gross Irrigated Area,Well,Other Well,149.0,Warangal,2020,204.0,219.0,-55.0,-26.96078431372549
158806,2020-2021,Telangana,36,Mulugu,720.0,Net Irrigated Area,Well,Other Well,119.0,Warangal,2020,149.0,195.66666666666666,-30.0,-20.13422818791946
164392,2021-2022,Telangana,36,Mulugu,720.0,Gross Irrigated Area,Well,Other Well,338.0,Warangal,2021,119.0,176.5,219.0,184.03361344537814
164398,2021-2022,Telangana,36,Mulugu,720.0,Net Irrigated Area,Well,Other Well,202.0,Warangal,2021,338.0,208.8,-136.0,-40.23668639053255
170956,2022-2023,Telangana,36,Mulugu,720.0,Gross Irrigated Area,Well,Other Well,2789.0,Warangal,2022,202.0,207.66666666666666,2587.0,1280.6930693069307
170962,2022-2023,Telangana,36,Mulugu,720.0,Net Irrigated Area,Well,Other Well,1625.0,Warangal,2022,2789.0,576.4285714285714,-1164.0,-41.735389028325564
151037,2019-2020,Telangana,36,Mulugu,720.0,Gross Irrigated Area,Well,Tubewell,2110.0,Warangal,2019,,,,
151043,2019-2020,Telangana,36,Mulugu,720.0,Net Irrigated Area,Well,Tubewell,1224.0,Warangal,2019,2110.0,2110.0,-886.0,-41.99052132701422
158801,2020-2021,Telangana,36,Mulugu,720.0,Gross Irrigated Area,Well,Tubewell,1969.0,Warangal,2020,1224.0,1667.0,745.0,60.866013071895416
158807,2020-2021,Telangana,36,Mulugu,720.0,Net Irrigated Area,Well,Tubewell,1281.0,Warangal,2020,1969.0,1767.6666666666667,-688.0,-34.94159471813103
164393,2021-2022,Telangana,36,Mulugu,720.0,Gross Irrigated Area,Well,Tubewell,4475.0,Warangal,2021,1281.0,1646.0,3194.0,249.33645589383295
164399,2021-2022,Telangana,36,Mulugu,720.0,Net Irrigated Area,Well,Tubewell,2243.0,Warangal,2021,4475.0,2211.8,-2232.0,-49.877094972067034
170957,2022-2023,Telangana,36,Mulugu,720.0,Gross Irrigated Area,Well,Tubewell,37828.0,Warangal,2022,2243.0,2217.0,35585.0,1586.4913062862238
170963,2022-2023,Telangana,36,Mulugu,720.0,Net Irrigated Area,Well,Tubewell,26076.0,Warangal,2022,37828.0,7304.285714285715,-11752.0,-31.066934545839057
128340,2016-2017,Telangana,36,Nagarkurnool,694.0,Gross Irrigated Area,Canal,Government,70162.0,Mahabubnagar,2016,,,,
128346,2016-2017,Telangana,36,Nagarkurnool,694.0,Net Irrigated Area,Canal,Government,45993.0,Mahabubnagar,2016,70162.0,70162.0,-24169.0,-34.44742168125196
135840,2017-2018,Telangana,36,Nagarkurnool,694.0,Gross Irrigated Area,Canal,Government,66499.0,Mahabubnagar,2017,45993.0,58077.5,20506.0,44.585045550409845
135846,2017-2018,Telangana,36,Nagarkurnool,694.0,Net Irrigated Area,Canal,Government,58915.0,Mahabubnagar,2017,66499.0,60884.666666666664,-7584.0,-11.404682777184618
143400,2018-2019,Telangana,36,Nagarkurnool,694.0,Gross Irrigated Area,Canal,Government,94180.0,Mahabubnagar,2018,58915.0,60392.25,35265.0,59.85742170924213
143406,2018-2019,Telangana,36,Nagarkurnool,694.0,Net Irrigated Area,Canal,Government,50883.0,Mahabubnagar,2018,94180.0,67149.8,-43297.0,-45.9726056487577
151044,2019-2020,Telangana,36,Nagarkurnool,694.0,Gross Irrigated Area,Canal,Government,148688.0,Mahabubnagar,2019,50883.0,64438.666666666664,97805.0,192.2154747165065
151050,2019-2020,Telangana,36,Nagarkurnool,694.0,Net Irrigated Area,Canal,Government,54400.0,Mahabubnagar,2019,148688.0,76474.28571428571,-94288.0,-63.4133218551598
158808,2020-2021,Telangana,36,Nagarkurnool,694.0,Gross Irrigated Area,Canal,Government,94905.0,Mahabubnagar,2020,54400.0,73715.0,40505.0,74.4577205882353
158814,2020-2021,Telangana,36,Nagarkurnool,694.0,Net Irrigated Area,Canal,Government,92952.0,Mahabubnagar,2020,94905.0,76069.44444444444,-1953.0,-2.0578473210052155
164400,2021-2022,Telangana,36,Nagarkurnool,694.0,Gross Irrigated Area,Canal,Government,220681.0,Mahabubnagar,2021,92952.0,77757.7,127729.0,137.41393407350031
164406,2021-2022,Telangana,36,Nagarkurnool,694.0,Net Irrigated Area,Canal,Government,130101.0,Mahabubnagar,2021,220681.0,90750.72727272728,-90580.0,-41.04567225995894
170964,2022-2023,Telangana,36,Nagarkurnool,694.0,Gross Irrigated Area,Canal,Government,36392.0,Mahabubnagar,2022,130101.0,94029.91666666667,-93709.0,-72.02788602700979
170970,2022-2023,Telangana,36,Nagarkurnool,694.0,Net Irrigated Area,Canal,Government,30933.0,Mahabubnagar,2022,36392.0,89596.23076923077,-5459.0,-15.000549571334359
128341,2016-2017,Telangana,36,Nagarkurnool,694.0,Gross Irrigated Area,Canal,Private,68330.5,Mahabubnagar,2016,,,,
128347,2016-2017,Telangana,36,Nagarkurnool,694.0,Net Irrigated Area,Canal,Private,68330.5,Mahabubnagar,2016,68330.5,68330.5,0.0,0.0
135841,2017-2018,Telangana,36,Nagarkurnool,694.0,Gross Irrigated Area,Canal,Private,68330.5,Mahabubnagar,2017,68330.5,68330.5,0.0,0.0
135847,2017-2018,Telangana,36,Nagarkurnool,694.0,Net Irrigated Area,Canal,Private,68330.5,Mahabubnagar,2017,68330.5,68330.5,0.0,0.0
143401,2018-2019,Telangana,36,Nagarkurnool,694.0,Gross Irrigated Area,Canal,Private,68330.5,Mahabubnagar,2018,68330.5,68330.5,0.0,0.0
143407,2018-2019,Telangana,36,Nagarkurnool,694.0,Net Irrigated Area,Canal,Private,68330.5,Mahabubnagar,2018,68330.5,68330.5,0.0,0.0
151045,2019-2020,Telangana,36,Nagarkurnool,694.0,Gross Irrigated Area,Canal,Private,68330.5,Mahabubnagar,2019,68330.5,68330.5,0.0,0.0
151051,2019-2020,Telangana,36,Nagarkurnool,694.0,Net Irrigated Area,Canal,Private,68330.5,Mahabubnagar,2019,68330.5,68330.5,0.0,0.0
158809,2020-2021,Telangana,36,Nagarkurnool,694.0,Gross Irrigated Area,Canal,Private,68330.5,Mahabubnagar,2020,68330.5,68330.5,0.0,0.0
158815,2020-2021,Telangana,36,Nagarkurnool,694.0,Net Irrigated Area,Canal,Private,68330.5,Mahabubnagar,2020,68330.5,68330.5,0.0,0.0
164401,2021-2022,Telangana,36,Nagarkurnool,694.0,Gross Irrigated Area,Canal,Private,68330.5,Mahabubnagar,2021,68330.5,68330.5,0.0,0.0
164407,2021-2022,Telangana,36,Nagarkurnool,694.0,Net Irrigated Area,Canal,Private,68330.5,Mahabubnagar,2021,68330.5,68330.5,0.0,0.0
170965,2022-2023,Telangana,36,Nagarkurnool,694.0,Gross Irrigated Area,Canal,Private,68330.5,Mahabubnagar,2022,68330.5,68330.5,0.0,0.0
170971,2022-2023,Telangana,36,Nagarkurnool,694.0,Net Irrigated Area,Canal,Private,68330.5,Mahabubnagar,2022,68330.5,68330.5,0.0,0.0
128342,2016-2017,Telangana,36,Nagarkurnool,694.0,Gross Irrigated Area,Other Source,Other Source,64.0,Mahabubnagar,2016,,,,
128348,2016-2017,Telangana,36,Nagarkurnool,694.0,Net Irrigated Area,Other Source,Other Source,63.0,Mahabubnagar,2016,64.0,64.0,-1.0,-1.5625
135842,2017-2018,Telangana,36,Nagarkurnool,694.0,Gross Irrigated Area,Other Source,Other Source,1477.0,Mahabubnagar,2017,63.0,63.5,1414.0,2244.4444444444443
135848,2017-2018,Telangana,36,Nagarkurnool,694.0,Net Irrigated Area,Other Source,Other Source,1477.0,Mahabubnagar,2017,1477.0,534.6666666666666,0.0,0.0
143402,2018-2019,Telangana,36,Nagarkurnool,694.0,Gross Irrigated Area,Other Source,Other Source,675.0,Mahabubnagar,2018,1477.0,770.25,-802.0,-54.299255247122545
143408,2018-2019,Telangana,36,Nagarkurnool,694.0,Net Irrigated Area,Other Source,Other Source,628.0,Mahabubnagar,2018,675.0,751.2,-47.0,-6.962962962962963
151046,2019-2020,Telangana,36,Nagarkurnool,694.0,Gross Irrigated Area,Other Source,Other Source,2041.0,Mahabubnagar,2019,628.0,730.6666666666666,1413.0,225.0
151052,2019-2020,Telangana,36,Nagarkurnool,694.0,Net Irrigated Area,Other Source,Other Source,1755.0,Mahabubnagar,2019,2041.0,917.8571428571429,-286.0,-14.012738853503185
158810,2020-2021,Telangana,36,Nagarkurnool,694.0,Gross Irrigated Area,Other Source,Other Source,8095.0,Mahabubnagar,2020,1755.0,1022.5,6340.0,361.25356125356126
158816,2020-2021,Telangana,36,Nagarkurnool,694.0,Net Irrigated Area,Other Source,Other Source,8095.0,Mahabubnagar,2020,8095.0,1808.3333333333333,0.0,0.0
164402,2021-2022,Telangana,36,Nagarkurnool,694.0,Gross Irrigated Area,Other Source,Other Source,2288.0,Mahabubnagar,2021,8095.0,2437.0,-5807.0,-71.73563928350833
164408,2021-2022,Telangana,36,Nagarkurnool,694.0,Net Irrigated Area,Other Source,Other Source,2197.0,Mahabubnagar,2021,2288.0,2423.4545454545455,-91.0,-3.977272727272727
170966,2022-2023,Telangana,36,Nagarkurnool,694.0,Gross Irrigated Area,Other Source,Other Source,25.0,Mahabubnagar,2022,2197.0,2404.5833333333335,-2172.0,-98.86208466090123
170972,2022-2023,Telangana,36,Nagarkurnool,694.0,Net Irrigated Area,Other Source,Other Source,25.0,Mahabubnagar,2022,25.0,2221.5384615384614,0.0,0.0
128343,2016-2017,Telangana,36,Nagarkurnool,694.0,Gross Irrigated Area,Tank,Tank,5174.0,Mahabubnagar,2016,,,,
128349,2016-2017,Telangana,36,Nagarkurnool,694.0,Net Irrigated Area,Tank,Tank,4657.0,Mahabubnagar,2016,5174.0,5174.0,-517.0,-9.992269037495168
135849,2017-2018,Telangana,36,Nagarkurnool,694.0,Net Irrigated Area,Tank,Tank,4521.0,Mahabubnagar,2017,4657.0,4915.5,-136.0,-2.920334979600601
135843,2017-2018,Telangana,36,Nagarkurnool,694.0,Gross Irrigated Area,Tank,Tank,5023.0,Mahabubnagar,2017,4521.0,4784.0,502.0,11.103738111037382
143403,2018-2019,Telangana,36,Nagarkurnool,694.0,Gross Irrigated Area,Tank,Tank,4369.0,Mahabubnagar,2018,5023.0,4843.75,-654.0,-13.020107505474815
143409,2018-2019,Telangana,36,Nagarkurnool,694.0,Net Irrigated Area,Tank,Tank,3714.0,Mahabubnagar,2018,4369.0,4748.8,-655.0,-14.991989013504234
151047,2019-2020,Telangana,36,Nagarkurnool,694.0,Gross Irrigated Area,Tank,Tank,3547.0,Mahabubnagar,2019,3714.0,4576.333333333333,-167.0,-4.496499730748519
151053,2019-2020,Telangana,36,Nagarkurnool,694.0,Net Irrigated Area,Tank,Tank,2802.0,Mahabubnagar,2019,3547.0,4429.285714285715,-745.0,-21.003665069072454
158811,2020-2021,Telangana,36,Nagarkurnool,694.0,Gross Irrigated Area,Tank,Tank,2366.0,Mahabubnagar,2020,2802.0,4225.875,-436.0,-15.560314061384725
158817,2020-2021,Telangana,36,Nagarkurnool,694.0,Net Irrigated Area,Tank,Tank,2248.0,Mahabubnagar,2020,2366.0,4019.222222222222,-118.0,-4.987320371935756
164409,2021-2022,Telangana,36,Nagarkurnool,694.0,Net Irrigated Area,Tank,Tank,5090.0,Mahabubnagar,2021,2248.0,3842.1,2842.0,126.42348754448398
164403,2021-2022,Telangana,36,Nagarkurnool,694.0,Gross Irrigated Area,Tank,Tank,6132.0,Mahabubnagar,2021,5090.0,3955.5454545454545,1042.0,20.471512770137522
170967,2022-2023,Telangana,36,Nagarkurnool,694.0,Gross Irrigated Area,Tank,Tank,3891.0,Mahabubnagar,2022,6132.0,4136.916666666667,-2241.0,-36.545988258317024
170973,2022-2023,Telangana,36,Nagarkurnool,694.0,Net Irrigated Area,Tank,Tank,2996.0,Mahabubnagar,2022,3891.0,4118.0,-895.0,-23.001799023387303
128344,2016-2017,Telangana,36,Nagarkurnool,694.0,Gross Irrigated Area,Well,Other Well,593.0,Mahabubnagar,2016,,,,
128350,2016-2017,Telangana,36,Nagarkurnool,694.0,Net Irrigated Area,Well,Other Well,593.0,Mahabubnagar,2016,593.0,593.0,0.0,0.0
135844,2017-2018,Telangana,36,Nagarkurnool,694.0,Gross Irrigated Area,Well,Other Well,168.0,Mahabubnagar,2017,593.0,593.0,-425.0,-71.66947723440134
135850,2017-2018,Telangana,36,Nagarkurnool,694.0,Net Irrigated Area,Well,Other Well,168.0,Mahabubnagar,2017,168.0,451.3333333333333,0.0,0.0
143404,2018-2019,Telangana,36,Nagarkurnool,694.0,Gross Irrigated Area,Well,Other Well,593.0,Mahabubnagar,2018,168.0,380.5,425.0,252.97619047619045
143410,2018-2019,Telangana,36,Nagarkurnool,694.0,Net Irrigated Area,Well,Other Well,593.0,Mahabubnagar,2018,593.0,423.0,0.0,0.0
151048,2019-2020,Telangana,36,Nagarkurnool,694.0,Gross Irrigated Area,Well,Other Well,602.0,Mahabubnagar,2019,593.0,451.3333333333333,9.0,1.5177065767284992
151054,2019-2020,Telangana,36,Nagarkurnool,694.0,Net Irrigated Area,Well,Other Well,584.0,Mahabubnagar,2019,602.0,472.85714285714283,-18.0,-2.990033222591362
158812,2020-2021,Telangana,36,Nagarkurnool,694.0,Gross Irrigated Area,Well,Other Well,737.0,Mahabubnagar,2020,584.0,486.75,153.0,26.1986301369863
158818,2020-2021,Telangana,36,Nagarkurnool,694.0,Net Irrigated Area,Well,Other Well,667.0,Mahabubnagar,2020,737.0,514.5555555555555,-70.0,-9.49796472184532
164404,2021-2022,Telangana,36,Nagarkurnool,694.0,Gross Irrigated Area,Well,Other Well,53.0,Mahabubnagar,2021,667.0,529.8,-614.0,-92.05397301349325
164410,2021-2022,Telangana,36,Nagarkurnool,694.0,Net Irrigated Area,Well,Other Well,30.0,Mahabubnagar,2021,53.0,486.45454545454544,-23.0,-43.39622641509434
170968,2022-2023,Telangana,36,Nagarkurnool,694.0,Gross Irrigated Area,Well,Other Well,730.0,Mahabubnagar,2022,30.0,448.4166666666667,700.0,2333.333333333333
170974,2022-2023,Telangana,36,Nagarkurnool,694.0,Net Irrigated Area,Well,Other Well,691.0,Mahabubnagar,2022,730.0,470.0769230769231,-39.0,-5.342465753424658
128345,2016-2017,Telangana,36,Nagarkurnool,694.0,Gross Irrigated Area,Well,Tubewell,17068.0,Mahabubnagar,2016,,,,
128351,2016-2017,Telangana,36,Nagarkurnool,694.0,Net Irrigated Area,Well,Tubewell,15532.0,Mahabubnagar,2016,17068.0,17068.0,-1536.0,-8.99929692992735
135845,2017-2018,Telangana,36,Nagarkurnool,694.0,Gross Irrigated Area,Well,Tubewell,16608.0,Mahabubnagar,2017,15532.0,16300.0,1076.0,6.927633273242338
135851,2017-2018,Telangana,36,Nagarkurnool,694.0,Net Irrigated Area,Well,Tubewell,14283.0,Mahabubnagar,2017,16608.0,16402.666666666668,-2325.0,-13.9992774566474
143405,2018-2019,Telangana,36,Nagarkurnool,694.0,Gross Irrigated Area,Well,Tubewell,26754.0,Mahabubnagar,2018,14283.0,15872.75,12471.0,87.31358958202058
143411,2018-2019,Telangana,36,Nagarkurnool,694.0,Net Irrigated Area,Well,Tubewell,22741.0,Mahabubnagar,2018,26754.0,18049.0,-4013.0,-14.99962622411602
151049,2019-2020,Telangana,36,Nagarkurnool,694.0,Gross Irrigated Area,Well,Tubewell,59569.0,Mahabubnagar,2019,22741.0,18831.0,36828.0,161.94538498746758
151055,2019-2020,Telangana,36,Nagarkurnool,694.0,Net Irrigated Area,Well,Tubewell,48847.0,Mahabubnagar,2019,59569.0,24650.714285714286,-10722.0,-17.999294935285132
158813,2020-2021,Telangana,36,Nagarkurnool,694.0,Gross Irrigated Area,Well,Tubewell,72864.0,Mahabubnagar,2020,48847.0,27675.25,24017.0,49.16780969148566
158819,2020-2021,Telangana,36,Nagarkurnool,694.0,Net Irrigated Area,Well,Tubewell,68845.0,Mahabubnagar,2020,72864.0,32696.222222222223,-4019.0,-5.515755379885815
164405,2021-2022,Telangana,36,Nagarkurnool,694.0,Gross Irrigated Area,Well,Tubewell,5225.0,Mahabubnagar,2021,68845.0,36311.1,-63620.0,-92.41048732660325
164411,2021-2022,Telangana,36,Nagarkurnool,694.0,Net Irrigated Area,Well,Tubewell,3327.0,Mahabubnagar,2021,5225.0,33485.09090909091,-1898.0,-36.325358851674636
170969,2022-2023,Telangana,36,Nagarkurnool,694.0,Gross Irrigated Area,Well,Tubewell,155957.0,Mahabubnagar,2022,3327.0,30971.916666666668,152630.0,4587.616471295461
170975,2022-2023,Telangana,36,Nagarkurnool,694.0,Net Irrigated Area,Well,Tubewell,128925.0,Mahabubnagar,2022,155957.0,40586.153846153844,-27032.0,-17.33298280936412
113784,2014-2015,Telangana,36,Nalgonda,514.0,Gross Irrigated Area,Canal,Government,113204.0,Nalgonda,2014,,,,
113790,2014-2015,Telangana,36,Nalgonda,514.0,Net Irrigated Area,Canal,Government,67059.0,Nalgonda,2014,113204.0,113204.0,-46145.0,-40.76269389774213
120996,2015-2016,Telangana,36,Nalgonda,514.0,Gross Irrigated Area,Canal,Government,5259.0,Nalgonda,2015,67059.0,90131.5,-61800.0,-92.15765221670469
121002,2015-2016,Telangana,36,Nalgonda,514.0,Net Irrigated Area,Canal,Government,3743.0,Nalgonda,2015,5259.0,61840.666666666664,-1516.0,-28.826773150789126
128352,2016-2017,Telangana,36,Nalgonda,514.0,Gross Irrigated Area,Canal,Government,140525.0,Nalgonda,2016,3743.0,47316.25,136782.0,3654.3414373497194
128358,2016-2017,Telangana,36,Nalgonda,514.0,Net Irrigated Area,Canal,Government,102407.0,Nalgonda,2016,140525.0,65958.0,-38118.0,-27.125422522682797
135852,2017-2018,Telangana,36,Nalgonda,514.0,Gross Irrigated Area,Canal,Government,128247.0,Nalgonda,2017,102407.0,72032.83333333333,25840.0,25.232650111808763
135858,2017-2018,Telangana,36,Nalgonda,514.0,Net Irrigated Area,Canal,Government,93412.0,Nalgonda,2017,128247.0,80063.42857142857,-34835.0,-27.162428750769998
143412,2018-2019,Telangana,36,Nalgonda,514.0,Gross Irrigated Area,Canal,Government,196995.0,Nalgonda,2018,93412.0,81732.0,103583.0,110.88832269943904
143418,2018-2019,Telangana,36,Nalgonda,514.0,Net Irrigated Area,Canal,Government,128905.0,Nalgonda,2018,196995.0,94539.0,-68090.0,-34.564329043884364
151056,2019-2020,Telangana,36,Nalgonda,514.0,Gross Irrigated Area,Canal,Government,312568.0,Nalgonda,2019,128905.0,97975.6,183663.0,142.479345254257
151062,2019-2020,Telangana,36,Nalgonda,514.0,Net Irrigated Area,Canal,Government,139450.0,Nalgonda,2019,312568.0,117484.0,-173118.0,-55.385708069923986
158820,2020-2021,Telangana,36,Nalgonda,514.0,Gross Irrigated Area,Canal,Government,387751.0,Nalgonda,2020,139450.0,119314.5,248301.0,178.05736823234136
158826,2020-2021,Telangana,36,Nalgonda,514.0,Net Irrigated Area,Canal,Government,209593.0,Nalgonda,2020,387751.0,139963.46153846153,-178158.0,-45.946496591885
164412,2021-2022,Telangana,36,Nalgonda,514.0,Gross Irrigated Area,Canal,Government,386208.0,Nalgonda,2021,209593.0,144937.0,176615.0,84.26569589633242
164418,2021-2022,Telangana,36,Nalgonda,514.0,Net Irrigated Area,Canal,Government,225246.0,Nalgonda,2021,386208.0,161021.73333333334,-160962.0,-41.677541635595325
170976,2022-2023,Telangana,36,Nalgonda,514.0,Gross Irrigated Area,Canal,Government,303779.0,Nalgonda,2022,225246.0,165035.75,78533.0,34.865436012182236
170982,2022-2023,Telangana,36,Nalgonda,514.0,Net Irrigated Area,Canal,Government,170116.0,Nalgonda,2022,303779.0,173197.11764705883,-133663.0,-44.000079004802835
113785,2014-2015,Telangana,36,Nalgonda,514.0,Gross Irrigated Area,Canal,Private,139987.5,Nalgonda,2014,,,,
113791,2014-2015,Telangana,36,Nalgonda,514.0,Net Irrigated Area,Canal,Private,139987.5,Nalgonda,2014,139987.5,139987.5,0.0,0.0
120997,2015-2016,Telangana,36,Nalgonda,514.0,Gross Irrigated Area,Canal,Private,139987.5,Nalgonda,2015,139987.5,139987.5,0.0,0.0
121003,2015-2016,Telangana,36,Nalgonda,514.0,Net Irrigated Area,Canal,Private,139987.5,Nalgonda,2015,139987.5,139987.5,0.0,0.0
128353,2016-2017,Telangana,36,Nalgonda,514.0,Gross Irrigated Area,Canal,Private,139987.5,Nalgonda,2016,139987.5,139987.5,0.0,0.0
128359,2016-2017,Telangana,36,Nalgonda,514.0,Net Irrigated Area,Canal,Private,139987.5,Nalgonda,2016,139987.5,139987.5,0.0,0.0
135853,2017-2018,Telangana,36,Nalgonda,514.0,Gross Irrigated Area,Canal,Private,139987.5,Nalgonda,2017,139987.5,139987.5,0.0,0.0
135859,2017-2018,Telangana,36,Nalgonda,514.0,Net Irrigated Area,Canal,Private,139987.5,Nalgonda,2017,139987.5,139987.5,0.0,0.0
143413,2018-2019,Telangana,36,Nalgonda,514.0,Gross Irrigated Area,Canal,Private,139987.5,Nalgonda,2018,139987.5,139987.5,0.0,0.0
143419,2018-2019,Telangana,36,Nalgonda,514.0,Net Irrigated Area,Canal,Private,139987.5,Nalgonda,2018,139987.5,139987.5,0.0,0.0
151057,2019-2020,Telangana,36,Nalgonda,514.0,Gross Irrigated Area,Canal,Private,139987.5,Nalgonda,2019,139987.5,139987.5,0.0,0.0
151063,2019-2020,Telangana,36,Nalgonda,514.0,Net Irrigated Area,Canal,Private,139987.5,Nalgonda,2019,139987.5,139987.5,0.0,0.0
158821,2020-2021,Telangana,36,Nalgonda,514.0,Gross Irrigated Area,Canal,Private,139987.5,Nalgonda,2020,139987.5,139987.5,0.0,0.0
158827,2020-2021,Telangana,36,Nalgonda,514.0,Net Irrigated Area,Canal,Private,139987.5,Nalgonda,2020,139987.5,139987.5,0.0,0.0
164413,2021-2022,Telangana,36,Nalgonda,514.0,Gross Irrigated Area,Canal,Private,139987.5,Nalgonda,2021,139987.5,139987.5,0.0,0.0
164419,2021-2022,Telangana,36,Nalgonda,514.0,Net Irrigated Area,Canal,Private,139987.5,Nalgonda,2021,139987.5,139987.5,0.0,0.0
170977,2022-2023,Telangana,36,Nalgonda,514.0,Gross Irrigated Area,Canal,Private,139987.5,Nalgonda,2022,139987.5,139987.5,0.0,0.0
170983,2022-2023,Telangana,36,Nalgonda,514.0,Net Irrigated Area,Canal,Private,139987.5,Nalgonda,2022,139987.5,139987.5,0.0,0.0
113786,2014-2015,Telangana,36,Nalgonda,514.0,Gross Irrigated Area,Other Source,Other Source,17162.0,Nalgonda,2014,,,,
113792,2014-2015,Telangana,36,Nalgonda,514.0,Net Irrigated Area,Other Source,Other Source,11256.0,Nalgonda,2014,17162.0,17162.0,-5906.0,-34.41323855028551
120998,2015-2016,Telangana,36,Nalgonda,514.0,Gross Irrigated Area,Other Source,Other Source,9608.0,Nalgonda,2015,11256.0,14209.0,-1648.0,-14.641080312722105
121004,2015-2016,Telangana,36,Nalgonda,514.0,Net Irrigated Area,Other Source,Other Source,4829.0,Nalgonda,2015,9608.0,12675.333333333334,-4779.0,-49.73980016652789
128354,2016-2017,Telangana,36,Nalgonda,514.0,Gross Irrigated Area,Other Source,Other Source,1118.0,Nalgonda,2016,4829.0,10713.75,-3711.0,-76.84820873886933
128360,2016-2017,Telangana,36,Nalgonda,514.0,Net Irrigated Area,Other Source,Other Source,1040.0,Nalgonda,2016,1118.0,8794.6,-78.0,-6.976744186046512
135854,2017-2018,Telangana,36,Nalgonda,514.0,Gross Irrigated Area,Other Source,Other Source,2122.0,Nalgonda,2017,1040.0,7502.166666666667,1082.0,104.03846153846155
135860,2017-2018,Telangana,36,Nalgonda,514.0,Net Irrigated Area,Other Source,Other Source,2122.0,Nalgonda,2017,2122.0,6733.571428571428,0.0,0.0
143414,2018-2019,Telangana,36,Nalgonda,514.0,Gross Irrigated Area,Other Source,Other Source,2834.0,Nalgonda,2018,2122.0,6157.125,712.0,33.55325164938737
143420,2018-2019,Telangana,36,Nalgonda,514.0,Net Irrigated Area,Other Source,Other Source,1474.0,Nalgonda,2018,2834.0,5787.888888888889,-1360.0,-47.988708539167256
151058,2019-2020,Telangana,36,Nalgonda,514.0,Gross Irrigated Area,Other Source,Other Source,2673.0,Nalgonda,2019,1474.0,5356.5,1199.0,81.34328358208955
151064,2019-2020,Telangana,36,Nalgonda,514.0,Net Irrigated Area,Other Source,Other Source,1390.0,Nalgonda,2019,2673.0,5112.545454545455,-1283.0,-47.998503554059106
158822,2020-2021,Telangana,36,Nalgonda,514.0,Gross Irrigated Area,Other Source,Other Source,1784.0,Nalgonda,2020,1390.0,4802.333333333333,394.0,28.345323741007196
158828,2020-2021,Telangana,36,Nalgonda,514.0,Net Irrigated Area,Other Source,Other Source,963.0,Nalgonda,2020,1784.0,4570.153846153846,-821.0,-46.02017937219731
164414,2021-2022,Telangana,36,Nalgonda,514.0,Gross Irrigated Area,Other Source,Other Source,2606.0,Nalgonda,2021,963.0,4312.5,1643.0,170.61266874350986
164420,2021-2022,Telangana,36,Nalgonda,514.0,Net Irrigated Area,Other Source,Other Source,1407.0,Nalgonda,2021,2606.0,4198.733333333334,-1199.0,-46.009209516500384
170978,2022-2023,Telangana,36,Nalgonda,514.0,Gross Irrigated Area,Other Source,Other Source,4582.0,Nalgonda,2022,1407.0,4024.25,3175.0,225.65742714996446
170984,2022-2023,Telangana,36,Nalgonda,514.0,Net Irrigated Area,Other Source,Other Source,2382.0,Nalgonda,2022,4582.0,4057.0588235294117,-2200.0,-48.013967699694454
113787,2014-2015,Telangana,36,Nalgonda,514.0,Gross Irrigated Area,Tank,Tank,21329.0,Nalgonda,2014,,,,
113793,2014-2015,Telangana,36,Nalgonda,514.0,Net Irrigated Area,Tank,Tank,12805.0,Nalgonda,2014,21329.0,21329.0,-8524.0,-39.9643677622017
120999,2015-2016,Telangana,36,Nalgonda,514.0,Gross Irrigated Area,Tank,Tank,7544.0,Nalgonda,2015,12805.0,17067.0,-5261.0,-41.085513471300274
121005,2015-2016,Telangana,36,Nalgonda,514.0,Net Irrigated Area,Tank,Tank,7544.0,Nalgonda,2015,7544.0,13892.666666666666,0.0,0.0
128355,2016-2017,Telangana,36,Nalgonda,514.0,Gross Irrigated Area,Tank,Tank,9315.0,Nalgonda,2016,7544.0,12305.5,1771.0,23.47560975609756
128361,2016-2017,Telangana,36,Nalgonda,514.0,Net Irrigated Area,Tank,Tank,5962.0,Nalgonda,2016,9315.0,11707.4,-3353.0,-35.995705850778315
135855,2017-2018,Telangana,36,Nalgonda,514.0,Gross Irrigated Area,Tank,Tank,10891.0,Nalgonda,2017,5962.0,10749.833333333334,4929.0,82.67359946326735
135861,2017-2018,Telangana,36,Nalgonda,514.0,Net Irrigated Area,Tank,Tank,8931.0,Nalgonda,2017,10891.0,10770.0,-1960.0,-17.996510880543568
143415,2018-2019,Telangana,36,Nalgonda,514.0,Gross Irrigated Area,Tank,Tank,4080.0,Nalgonda,2018,8931.0,10540.125,-4851.0,-54.31642593214646
143421,2018-2019,Telangana,36,Nalgonda,514.0,Net Irrigated Area,Tank,Tank,2856.0,Nalgonda,2018,4080.0,9822.333333333334,-1224.0,-30.0
151059,2019-2020,Telangana,36,Nalgonda,514.0,Gross Irrigated Area,Tank,Tank,7724.0,Nalgonda,2019,2856.0,9125.7,4868.0,170.44817927170868
151065,2019-2020,Telangana,36,Nalgonda,514.0,Net Irrigated Area,Tank,Tank,4789.0,Nalgonda,2019,7724.0,8998.272727272728,-2935.0,-37.998446400828584
158823,2020-2021,Telangana,36,Nalgonda,514.0,Gross Irrigated Area,Tank,Tank,9993.0,Nalgonda,2020,4789.0,8647.5,5204.0,108.6656922113176
158829,2020-2021,Telangana,36,Nalgonda,514.0,Net Irrigated Area,Tank,Tank,6696.0,Nalgonda,2020,9993.0,8751.0,-3297.0,-32.993095166616634
164415,2021-2022,Telangana,36,Nalgonda,514.0,Gross Irrigated Area,Tank,Tank,13950.0,Nalgonda,2021,6696.0,8604.214285714286,7254.0,108.33333333333333
164421,2021-2022,Telangana,36,Nalgonda,514.0,Net Irrigated Area,Tank,Tank,8649.0,Nalgonda,2021,13950.0,8960.6,-5301.0,-38.0
170979,2022-2023,Telangana,36,Nalgonda,514.0,Gross Irrigated Area,Tank,Tank,6427.0,Nalgonda,2022,8649.0,8941.125,-2222.0,-25.69083130997803
170985,2022-2023,Telangana,36,Nalgonda,514.0,Net Irrigated Area,Tank,Tank,3921.0,Nalgonda,2022,6427.0,8793.235294117647,-2506.0,-38.991753539754164
113788,2014-2015,Telangana,36,Nalgonda,514.0,Gross Irrigated Area,Well,Other Well,31156.0,Nalgonda,2014,,,,
113794,2014-2015,Telangana,36,Nalgonda,514.0,Net Irrigated Area,Well,Other Well,20300.0,Nalgonda,2014,31156.0,31156.0,-10856.0,-34.8440107844396
121000,2015-2016,Telangana,36,Nalgonda,514.0,Gross Irrigated Area,Well,Other Well,53510.0,Nalgonda,2015,20300.0,25728.0,33210.0,163.5960591133005
121006,2015-2016,Telangana,36,Nalgonda,514.0,Net Irrigated Area,Well,Other Well,36952.0,Nalgonda,2015,53510.0,34988.666666666664,-16558.0,-30.94374883199402
128356,2016-2017,Telangana,36,Nalgonda,514.0,Gross Irrigated Area,Well,Other Well,1505.0,Nalgonda,2016,36952.0,35479.5,-35447.0,-95.92714873349209
128362,2016-2017,Telangana,36,Nalgonda,514.0,Net Irrigated Area,Well,Other Well,1249.0,Nalgonda,2016,1505.0,28684.6,-256.0,-17.00996677740864
135856,2017-2018,Telangana,36,Nalgonda,514.0,Gross Irrigated Area,Well,Other Well,1152.0,Nalgonda,2017,1249.0,24112.0,-97.0,-7.766212970376301
135862,2017-2018,Telangana,36,Nalgonda,514.0,Net Irrigated Area,Well,Other Well,852.0,Nalgonda,2017,1152.0,20832.0,-300.0,-26.041666666666668
143416,2018-2019,Telangana,36,Nalgonda,514.0,Gross Irrigated Area,Well,Other Well,373.0,Nalgonda,2018,852.0,18334.5,-479.0,-56.2206572769953
143422,2018-2019,Telangana,36,Nalgonda,514.0,Net Irrigated Area,Well,Other Well,272.0,Nalgonda,2018,373.0,16338.777777777777,-101.0,-27.07774798927614
151060,2019-2020,Telangana,36,Nalgonda,514.0,Gross Irrigated Area,Well,Other Well,1212.0,Nalgonda,2019,272.0,14732.1,940.0,345.5882352941177
151066,2019-2020,Telangana,36,Nalgonda,514.0,Net Irrigated Area,Well,Other Well,1030.0,Nalgonda,2019,1212.0,13503.0,-182.0,-15.016501650165019
158824,2020-2021,Telangana,36,Nalgonda,514.0,Gross Irrigated Area,Well,Other Well,175.0,Nalgonda,2020,1030.0,12463.583333333334,-855.0,-83.00970873786407
158830,2020-2021,Telangana,36,Nalgonda,514.0,Net Irrigated Area,Well,Other Well,106.0,Nalgonda,2020,175.0,11518.307692307691,-69.0,-39.42857142857143
164416,2021-2022,Telangana,36,Nalgonda,514.0,Gross Irrigated Area,Well,Other Well,79.0,Nalgonda,2021,106.0,10703.142857142857,-27.0,-25.471698113207548
164422,2021-2022,Telangana,36,Nalgonda,514.0,Net Irrigated Area,Well,Other Well,47.0,Nalgonda,2021,79.0,9994.866666666667,-32.0,-40.50632911392405
170980,2022-2023,Telangana,36,Nalgonda,514.0,Gross Irrigated Area,Well,Other Well,4652.0,Nalgonda,2022,47.0,9373.125,4605.0,9797.872340425532
170986,2022-2023,Telangana,36,Nalgonda,514.0,Net Irrigated Area,Well,Other Well,2703.0,Nalgonda,2022,4652.0,9095.411764705883,-1949.0,-41.89595872742906
113789,2014-2015,Telangana,36,Nalgonda,514.0,Gross Irrigated Area,Well,Tubewell,203162.0,Nalgonda,2014,,,,
113795,2014-2015,Telangana,36,Nalgonda,514.0,Net Irrigated Area,Well,Tubewell,142382.0,Nalgonda,2014,203162.0,203162.0,-60780.0,-29.917012039653084
121001,2015-2016,Telangana,36,Nalgonda,514.0,Gross Irrigated Area,Well,Tubewell,197605.0,Nalgonda,2015,142382.0,172772.0,55223.0,38.785099240072476
121007,2015-2016,Telangana,36,Nalgonda,514.0,Net Irrigated Area,Well,Tubewell,136237.0,Nalgonda,2015,197605.0,181049.66666666666,-61368.0,-31.055894334657523
128357,2016-2017,Telangana,36,Nalgonda,514.0,Gross Irrigated Area,Well,Tubewell,36130.0,Nalgonda,2016,136237.0,169846.5,-100107.0,-73.4800384623854
128363,2016-2017,Telangana,36,Nalgonda,514.0,Net Irrigated Area,Well,Tubewell,27097.0,Nalgonda,2016,36130.0,143103.2,-9033.0,-25.001383891502904
135857,2017-2018,Telangana,36,Nalgonda,514.0,Gross Irrigated Area,Well,Tubewell,56461.0,Nalgonda,2017,27097.0,123768.83333333333,29364.0,108.36623980514449
135863,2017-2018,Telangana,36,Nalgonda,514.0,Net Irrigated Area,Well,Tubewell,40087.0,Nalgonda,2017,56461.0,114153.42857142857,-16374.0,-29.000549051557712
143417,2018-2019,Telangana,36,Nalgonda,514.0,Gross Irrigated Area,Well,Tubewell,12076.0,Nalgonda,2018,40087.0,104895.125,-28011.0,-69.8755207423853
143423,2018-2019,Telangana,36,Nalgonda,514.0,Net Irrigated Area,Well,Tubewell,8453.0,Nalgonda,2018,12076.0,94581.88888888889,-3623.0,-30.001656177542234
151061,2019-2020,Telangana,36,Nalgonda,514.0,Gross Irrigated Area,Well,Tubewell,59410.0,Nalgonda,2019,8453.0,85969.0,50957.0,602.8273985567254
151067,2019-2020,Telangana,36,Nalgonda,514.0,Net Irrigated Area,Well,Tubewell,36834.0,Nalgonda,2019,59410.0,83554.54545454546,-22576.0,-38.000336643662685
158825,2020-2021,Telangana,36,Nalgonda,514.0,Gross Irrigated Area,Well,Tubewell,8560.0,Nalgonda,2020,36834.0,79661.16666666667,-28274.0,-76.76060161807025
158831,2020-2021,Telangana,36,Nalgonda,514.0,Net Irrigated Area,Well,Tubewell,4910.0,Nalgonda,2020,8560.0,74191.84615384616,-3650.0,-42.64018691588785
164417,2021-2022,Telangana,36,Nalgonda,514.0,Gross Irrigated Area,Well,Tubewell,3792.0,Nalgonda,2021,4910.0,69243.14285714286,-1118.0,-22.769857433808554
164423,2021-2022,Telangana,36,Nalgonda,514.0,Net Irrigated Area,Well,Tubewell,2119.0,Nalgonda,2021,3792.0,64879.73333333333,-1673.0,-44.119198312236286
170981,2022-2023,Telangana,36,Nalgonda,514.0,Gross Irrigated Area,Well,Tubewell,148578.0,Nalgonda,2022,2119.0,60957.1875,146459.0,6911.703633789522
170987,2022-2023,Telangana,36,Nalgonda,514.0,Net Irrigated Area,Well,Tubewell,86652.0,Nalgonda,2022,148578.0,66111.35294117648,-61926.0,-41.67911803900981
151068,2019-2020,Telangana,36,Narayanpet,721.0,Gross Irrigated Area,Canal,Government,44000.0,Mahabubnagar,2019,,,,
151074,2019-2020,Telangana,36,Narayanpet,721.0,Net Irrigated Area,Canal,Government,28358.0,Mahabubnagar,2019,44000.0,44000.0,-15642.0,-35.55
158832,2020-2021,Telangana,36,Narayanpet,721.0,Gross Irrigated Area,Canal,Government,56438.0,Mahabubnagar,2020,28358.0,36179.0,28080.0,99.01967698709359
158838,2020-2021,Telangana,36,Narayanpet,721.0,Net Irrigated Area,Canal,Government,31995.0,Mahabubnagar,2020,56438.0,42932.0,-24443.0,-43.309472341330306
164424,2021-2022,Telangana,36,Narayanpet,721.0,Gross Irrigated Area,Canal,Government,49481.0,Mahabubnagar,2021,31995.0,40197.75,17486.0,54.65228942022191
164430,2021-2022,Telangana,36,Narayanpet,721.0,Net Irrigated Area,Canal,Government,27709.0,Mahabubnagar,2021,49481.0,42054.4,-21772.0,-44.000727551989655
170988,2022-2023,Telangana,36,Narayanpet,721.0,Gross Irrigated Area,Canal,Government,10183.0,Mahabubnagar,2022,27709.0,39663.5,-17526.0,-63.25020751380418
170994,2022-2023,Telangana,36,Narayanpet,721.0,Net Irrigated Area,Canal,Government,6008.0,Mahabubnagar,2022,10183.0,35452.0,-4175.0,-40.9997053913385
151069,2019-2020,Telangana,36,Narayanpet,721.0,Gross Irrigated Area,Canal,Private,30176.5,Mahabubnagar,2019,,,,
151075,2019-2020,Telangana,36,Narayanpet,721.0,Net Irrigated Area,Canal,Private,30176.5,Mahabubnagar,2019,30176.5,30176.5,0.0,0.0
158833,2020-2021,Telangana,36,Narayanpet,721.0,Gross Irrigated Area,Canal,Private,30176.5,Mahabubnagar,2020,30176.5,30176.5,0.0,0.0
158839,2020-2021,Telangana,36,Narayanpet,721.0,Net Irrigated Area,Canal,Private,30176.5,Mahabubnagar,2020,30176.5,30176.5,0.0,0.0
164425,2021-2022,Telangana,36,Narayanpet,721.0,Gross Irrigated Area,Canal,Private,30176.5,Mahabubnagar,2021,30176.5,30176.5,0.0,0.0
164431,2021-2022,Telangana,36,Narayanpet,721.0,Net Irrigated Area,Canal,Private,30176.5,Mahabubnagar,2021,30176.5,30176.5,0.0,0.0
170989,2022-2023,Telangana,36,Narayanpet,721.0,Gross Irrigated Area,Canal,Private,30176.5,Mahabubnagar,2022,30176.5,30176.5,0.0,0.0
170995,2022-2023,Telangana,36,Narayanpet,721.0,Net Irrigated Area,Canal,Private,30176.5,Mahabubnagar,2022,30176.5,30176.5,0.0,0.0
151070,2019-2020,Telangana,36,Narayanpet,721.0,Gross Irrigated Area,Other Source,Other Source,2731.0,Mahabubnagar,2019,,,,
151076,2019-2020,Telangana,36,Narayanpet,721.0,Net Irrigated Area,Other Source,Other Source,1939.0,Mahabubnagar,2019,2731.0,2731.0,-792.0,-29.000366166239473
158834,2020-2021,Telangana,36,Narayanpet,721.0,Gross Irrigated Area,Other Source,Other Source,5264.0,Mahabubnagar,2020,1939.0,2335.0,3325.0,171.48014440433212
158840,2020-2021,Telangana,36,Narayanpet,721.0,Net Irrigated Area,Other Source,Other Source,3685.0,Mahabubnagar,2020,5264.0,3311.3333333333335,-1579.0,-29.996200607902736
164426,2021-2022,Telangana,36,Narayanpet,721.0,Gross Irrigated Area,Other Source,Other Source,3098.0,Mahabubnagar,2021,3685.0,3404.75,-587.0,-15.92944369063772
164432,2021-2022,Telangana,36,Narayanpet,721.0,Net Irrigated Area,Other Source,Other Source,1921.0,Mahabubnagar,2021,3098.0,3343.4,-1177.0,-37.99225306649451
170990,2022-2023,Telangana,36,Narayanpet,721.0,Gross Irrigated Area,Other Source,Other Source,7617.0,Mahabubnagar,2022,1921.0,3106.3333333333335,5696.0,296.5122332118688
170996,2022-2023,Telangana,36,Narayanpet,721.0,Net Irrigated Area,Other Source,Other Source,5103.0,Mahabubnagar,2022,7617.0,3750.714285714286,-2514.0,-33.00512012603387
151071,2019-2020,Telangana,36,Narayanpet,721.0,Gross Irrigated Area,Tank,Tank,723.0,Mahabubnagar,2019,,,,
151077,2019-2020,Telangana,36,Narayanpet,721.0,Net Irrigated Area,Tank,Tank,564.0,Mahabubnagar,2019,723.0,723.0,-159.0,-21.991701244813278
158835,2020-2021,Telangana,36,Narayanpet,721.0,Gross Irrigated Area,Tank,Tank,821.0,Mahabubnagar,2020,564.0,643.5,257.0,45.56737588652482
158841,2020-2021,Telangana,36,Narayanpet,721.0,Net Irrigated Area,Tank,Tank,599.0,Mahabubnagar,2020,821.0,702.6666666666666,-222.0,-27.040194884287455
164427,2021-2022,Telangana,36,Narayanpet,721.0,Gross Irrigated Area,Tank,Tank,1691.0,Mahabubnagar,2021,599.0,676.75,1092.0,182.30383973288815
164433,2021-2022,Telangana,36,Narayanpet,721.0,Net Irrigated Area,Tank,Tank,1251.0,Mahabubnagar,2021,1691.0,879.6,-440.0,-26.020106445890008
170991,2022-2023,Telangana,36,Narayanpet,721.0,Gross Irrigated Area,Tank,Tank,4194.0,Mahabubnagar,2022,1251.0,941.5,2943.0,235.25179856115108
170997,2022-2023,Telangana,36,Narayanpet,721.0,Net Irrigated Area,Tank,Tank,2977.0,Mahabubnagar,2022,4194.0,1406.142857142857,-1217.0,-29.017644253695757
151072,2019-2020,Telangana,36,Narayanpet,721.0,Gross Irrigated Area,Well,Other Well,24730.5,Mahabubnagar,2019,,,,
151078,2019-2020,Telangana,36,Narayanpet,721.0,Net Irrigated Area,Well,Other Well,24730.5,Mahabubnagar,2019,24730.5,24730.5,0.0,0.0
158836,2020-2021,Telangana,36,Narayanpet,721.0,Gross Irrigated Area,Well,Other Well,24730.5,Mahabubnagar,2020,24730.5,24730.5,0.0,0.0
158842,2020-2021,Telangana,36,Narayanpet,721.0,Net Irrigated Area,Well,Other Well,24730.5,Mahabubnagar,2020,24730.5,24730.5,0.0,0.0
164428,2021-2022,Telangana,36,Narayanpet,721.0,Gross Irrigated Area,Well,Other Well,24730.5,Mahabubnagar,2021,24730.5,24730.5,0.0,0.0
164434,2021-2022,Telangana,36,Narayanpet,721.0,Net Irrigated Area,Well,Other Well,24730.5,Mahabubnagar,2021,24730.5,24730.5,0.0,0.0
170992,2022-2023,Telangana,36,Narayanpet,721.0,Gross Irrigated Area,Well,Other Well,24730.5,Mahabubnagar,2022,24730.5,24730.5,0.0,0.0
170998,2022-2023,Telangana,36,Narayanpet,721.0,Net Irrigated Area,Well,Other Well,24730.5,Mahabubnagar,2022,24730.5,24730.5,0.0,0.0
151073,2019-2020,Telangana,36,Narayanpet,721.0,Gross Irrigated Area,Well,Tubewell,18748.0,Mahabubnagar,2019,,,,
151079,2019-2020,Telangana,36,Narayanpet,721.0,Net Irrigated Area,Well,Tubewell,10680.0,Mahabubnagar,2019,18748.0,18748.0,-8068.0,-43.03392361851931
158837,2020-2021,Telangana,36,Narayanpet,721.0,Gross Irrigated Area,Well,Tubewell,26443.0,Mahabubnagar,2020,10680.0,14714.0,15763.0,147.5936329588015
158843,2020-2021,Telangana,36,Narayanpet,721.0,Net Irrigated Area,Well,Tubewell,13315.0,Mahabubnagar,2020,26443.0,18623.666666666668,-13128.0,-49.64640925764853
164429,2021-2022,Telangana,36,Narayanpet,721.0,Gross Irrigated Area,Well,Tubewell,39001.0,Mahabubnagar,2021,13315.0,17296.5,25686.0,192.9102515959444
164435,2021-2022,Telangana,36,Narayanpet,721.0,Net Irrigated Area,Well,Tubewell,23018.0,Mahabubnagar,2021,39001.0,21637.4,-15983.0,-40.981000487166995
170993,2022-2023,Telangana,36,Narayanpet,721.0,Gross Irrigated Area,Well,Tubewell,111643.0,Mahabubnagar,2022,23018.0,21867.5,88625.0,385.0247632287775
170999,2022-2023,Telangana,36,Narayanpet,721.0,Net Irrigated Area,Well,Tubewell,71449.0,Mahabubnagar,2022,111643.0,34692.57142857143,-40194.0,-36.00225719480845
128364,2016-2017,Telangana,36,Nirmal,680.0,Gross Irrigated Area,Canal,Government,78535.0,Adilabad,2016,,,,
128370,2016-2017,Telangana,36,Nirmal,680.0,Net Irrigated Area,Canal,Government,63606.0,Adilabad,2016,78535.0,78535.0,-14929.0,-19.009358884573757
135864,2017-2018,Telangana,36,Nirmal,680.0,Gross Irrigated Area,Canal,Government,46372.0,Adilabad,2017,63606.0,71070.5,-17234.0,-27.094928151432256
135870,2017-2018,Telangana,36,Nirmal,680.0,Net Irrigated Area,Canal,Government,35372.0,Adilabad,2017,46372.0,62837.666666666664,-11000.0,-23.721211075649098
143424,2018-2019,Telangana,36,Nirmal,680.0,Gross Irrigated Area,Canal,Government,73667.0,Adilabad,2018,35372.0,55971.25,38295.0,108.26359832635984
143430,2018-2019,Telangana,36,Nirmal,680.0,Net Irrigated Area,Canal,Government,49523.0,Adilabad,2018,73667.0,59510.4,-24144.0,-32.77451233252338
151080,2019-2020,Telangana,36,Nirmal,680.0,Gross Irrigated Area,Canal,Government,84472.0,Adilabad,2019,49523.0,57845.833333333336,34949.0,70.57124972235123
151086,2019-2020,Telangana,36,Nirmal,680.0,Net Irrigated Area,Canal,Government,34362.0,Adilabad,2019,84472.0,61649.57142857143,-50110.0,-59.3214319537835
158844,2020-2021,Telangana,36,Nirmal,680.0,Gross Irrigated Area,Canal,Government,84728.0,Adilabad,2020,34362.0,58238.625,50366.0,146.5747046155637
158850,2020-2021,Telangana,36,Nirmal,680.0,Net Irrigated Area,Canal,Government,41728.0,Adilabad,2020,84728.0,61181.88888888889,-43000.0,-50.750637333585125
164436,2021-2022,Telangana,36,Nirmal,680.0,Gross Irrigated Area,Canal,Government,124542.0,Adilabad,2021,41728.0,59236.5,82814.0,198.46146472392638
164442,2021-2022,Telangana,36,Nirmal,680.0,Net Irrigated Area,Canal,Government,71629.0,Adilabad,2021,124542.0,65173.36363636364,-52913.0,-42.48606895665719
171000,2022-2023,Telangana,36,Nirmal,680.0,Gross Irrigated Area,Canal,Government,26324.0,Adilabad,2022,71629.0,65711.33333333333,-45305.0,-63.24952184171215
171006,2022-2023,Telangana,36,Nirmal,680.0,Net Irrigated Area,Canal,Government,12587.0,Adilabad,2022,26324.0,62681.53846153846,-13737.0,-52.1843184926303
128365,2016-2017,Telangana,36,Nirmal,680.0,Gross Irrigated Area,Canal,Private,56564.5,Adilabad,2016,,,,
128371,2016-2017,Telangana,36,Nirmal,680.0,Net Irrigated Area,Canal,Private,56564.5,Adilabad,2016,56564.5,56564.5,0.0,0.0
135865,2017-2018,Telangana,36,Nirmal,680.0,Gross Irrigated Area,Canal,Private,56564.5,Adilabad,2017,56564.5,56564.5,0.0,0.0
135871,2017-2018,Telangana,36,Nirmal,680.0,Net Irrigated Area,Canal,Private,56564.5,Adilabad,2017,56564.5,56564.5,0.0,0.0
143425,2018-2019,Telangana,36,Nirmal,680.0,Gross Irrigated Area,Canal,Private,56564.5,Adilabad,2018,56564.5,56564.5,0.0,0.0
143431,2018-2019,Telangana,36,Nirmal,680.0,Net Irrigated Area,Canal,Private,56564.5,Adilabad,2018,56564.5,56564.5,0.0,0.0
151081,2019-2020,Telangana,36,Nirmal,680.0,Gross Irrigated Area,Canal,Private,56564.5,Adilabad,2019,56564.5,56564.5,0.0,0.0
151087,2019-2020,Telangana,36,Nirmal,680.0,Net Irrigated Area,Canal,Private,56564.5,Adilabad,2019,56564.5,56564.5,0.0,0.0
158845,2020-2021,Telangana,36,Nirmal,680.0,Gross Irrigated Area,Canal,Private,56564.5,Adilabad,2020,56564.5,56564.5,0.0,0.0
158851,2020-2021,Telangana,36,Nirmal,680.0,Net Irrigated Area,Canal,Private,56564.5,Adilabad,2020,56564.5,56564.5,0.0,0.0
164437,2021-2022,Telangana,36,Nirmal,680.0,Gross Irrigated Area,Canal,Private,56564.5,Adilabad,2021,56564.5,56564.5,0.0,0.0
164443,2021-2022,Telangana,36,Nirmal,680.0,Net Irrigated Area,Canal,Private,56564.5,Adilabad,2021,56564.5,56564.5,0.0,0.0
171001,2022-2023,Telangana,36,Nirmal,680.0,Gross Irrigated Area,Canal,Private,56564.5,Adilabad,2022,56564.5,56564.5,0.0,0.0
171007,2022-2023,Telangana,36,Nirmal,680.0,Net Irrigated Area,Canal,Private,56564.5,Adilabad,2022,56564.5,56564.5,0.0,0.0
128366,2016-2017,Telangana,36,Nirmal,680.0,Gross Irrigated Area,Other Source,Other Source,697.0,Adilabad,2016,,,,
128372,2016-2017,Telangana,36,Nirmal,680.0,Net Irrigated Area,Other Source,Other Source,348.0,Adilabad,2016,697.0,697.0,-349.0,-50.07173601147776
135866,2017-2018,Telangana,36,Nirmal,680.0,Gross Irrigated Area,Other Source,Other Source,678.0,Adilabad,2017,348.0,522.5,330.0,94.82758620689656
135872,2017-2018,Telangana,36,Nirmal,680.0,Net Irrigated Area,Other Source,Other Source,305.0,Adilabad,2017,678.0,574.3333333333334,-373.0,-55.014749262536874
143426,2018-2019,Telangana,36,Nirmal,680.0,Gross Irrigated Area,Other Source,Other Source,368.0,Adilabad,2018,305.0,507.0,63.0,20.655737704918035
143432,2018-2019,Telangana,36,Nirmal,680.0,Net Irrigated Area,Other Source,Other Source,151.0,Adilabad,2018,368.0,479.2,-217.0,-58.96739130434783
151082,2019-2020,Telangana,36,Nirmal,680.0,Gross Irrigated Area,Other Source,Other Source,1420.0,Adilabad,2019,151.0,424.5,1269.0,840.3973509933774
151088,2019-2020,Telangana,36,Nirmal,680.0,Net Irrigated Area,Other Source,Other Source,710.0,Adilabad,2019,1420.0,566.7142857142857,-710.0,-50.0
158846,2020-2021,Telangana,36,Nirmal,680.0,Gross Irrigated Area,Other Source,Other Source,2040.0,Adilabad,2020,710.0,584.625,1330.0,187.32394366197184
158852,2020-2021,Telangana,36,Nirmal,680.0,Net Irrigated Area,Other Source,Other Source,1163.0,Adilabad,2020,2040.0,746.3333333333334,-877.0,-42.990196078431374
164438,2021-2022,Telangana,36,Nirmal,680.0,Gross Irrigated Area,Other Source,Other Source,830.0,Adilabad,2021,1163.0,788.0,-333.0,-28.632846087704213
164444,2021-2022,Telangana,36,Nirmal,680.0,Net Irrigated Area,Other Source,Other Source,697.0,Adilabad,2021,830.0,791.8181818181819,-133.0,-16.02409638554217
171002,2022-2023,Telangana,36,Nirmal,680.0,Gross Irrigated Area,Other Source,Other Source,870.0,Adilabad,2022,697.0,783.9166666666666,173.0,24.820659971305595
171008,2022-2023,Telangana,36,Nirmal,680.0,Net Irrigated Area,Other Source,Other Source,513.0,Adilabad,2022,870.0,790.5384615384615,-357.0,-41.03448275862069
128367,2016-2017,Telangana,36,Nirmal,680.0,Gross Irrigated Area,Tank,Tank,9703.0,Adilabad,2016,,,,
128373,2016-2017,Telangana,36,Nirmal,680.0,Net Irrigated Area,Tank,Tank,7374.0,Adilabad,2016,9703.0,9703.0,-2329.0,-24.002885705451924
135867,2017-2018,Telangana,36,Nirmal,680.0,Gross Irrigated Area,Tank,Tank,6783.0,Adilabad,2017,7374.0,8538.5,-591.0,-8.014646053702197
135873,2017-2018,Telangana,36,Nirmal,680.0,Net Irrigated Area,Tank,Tank,4545.0,Adilabad,2017,6783.0,7953.333333333333,-2238.0,-32.99425033171163
143427,2018-2019,Telangana,36,Nirmal,680.0,Gross Irrigated Area,Tank,Tank,6789.0,Adilabad,2018,4545.0,7101.25,2244.0,49.37293729372937
143433,2018-2019,Telangana,36,Nirmal,680.0,Net Irrigated Area,Tank,Tank,4752.0,Adilabad,2018,6789.0,7038.8,-2037.0,-30.00441891294742
151083,2019-2020,Telangana,36,Nirmal,680.0,Gross Irrigated Area,Tank,Tank,5838.0,Adilabad,2019,4752.0,6657.666666666667,1086.0,22.853535353535353
151089,2019-2020,Telangana,36,Nirmal,680.0,Net Irrigated Area,Tank,Tank,2510.0,Adilabad,2019,5838.0,6540.571428571428,-3328.0,-57.00582391229874
158847,2020-2021,Telangana,36,Nirmal,680.0,Gross Irrigated Area,Tank,Tank,9572.0,Adilabad,2020,2510.0,6036.75,7062.0,281.35458167330677
158853,2020-2021,Telangana,36,Nirmal,680.0,Net Irrigated Area,Tank,Tank,6413.0,Adilabad,2020,9572.0,6429.555555555556,-3159.0,-33.00250731299624
164439,2021-2022,Telangana,36,Nirmal,680.0,Gross Irrigated Area,Tank,Tank,8292.0,Adilabad,2021,6413.0,6427.9,1879.0,29.29985966006549
164445,2021-2022,Telangana,36,Nirmal,680.0,Net Irrigated Area,Tank,Tank,5804.0,Adilabad,2021,8292.0,6597.363636363636,-2488.0,-30.004823926676316
171003,2022-2023,Telangana,36,Nirmal,680.0,Gross Irrigated Area,Tank,Tank,23150.0,Adilabad,2022,5804.0,6531.25,17346.0,298.8628532046864
171009,2022-2023,Telangana,36,Nirmal,680.0,Net Irrigated Area,Tank,Tank,14628.0,Adilabad,2022,23150.0,7809.615384615385,-8522.0,-36.81209503239741
128368,2016-2017,Telangana,36,Nirmal,680.0,Gross Irrigated Area,Well,Other Well,127.0,Adilabad,2016,,,,
128374,2016-2017,Telangana,36,Nirmal,680.0,Net Irrigated Area,Well,Other Well,121.0,Adilabad,2016,127.0,127.0,-6.0,-4.724409448818897
135868,2017-2018,Telangana,36,Nirmal,680.0,Gross Irrigated Area,Well,Other Well,4602.0,Adilabad,2017,121.0,124.0,4481.0,3703.305785123967
135874,2017-2018,Telangana,36,Nirmal,680.0,Net Irrigated Area,Well,Other Well,3405.0,Adilabad,2017,4602.0,1616.6666666666667,-1197.0,-26.010430247718386
143428,2018-2019,Telangana,36,Nirmal,680.0,Gross Irrigated Area,Well,Other Well,3413.0,Adilabad,2018,3405.0,2063.75,8.0,0.23494860499265785
143434,2018-2019,Telangana,36,Nirmal,680.0,Net Irrigated Area,Well,Other Well,2457.0,Adilabad,2018,3413.0,2333.6,-956.0,-28.010547905068854
151084,2019-2020,Telangana,36,Nirmal,680.0,Gross Irrigated Area,Well,Other Well,10599.0,Adilabad,2019,2457.0,2354.1666666666665,8142.0,331.3797313797314
151090,2019-2020,Telangana,36,Nirmal,680.0,Net Irrigated Area,Well,Other Well,4020.0,Adilabad,2019,10599.0,3532.0,-6579.0,-62.071893574865555
158848,2020-2021,Telangana,36,Nirmal,680.0,Gross Irrigated Area,Well,Other Well,11226.0,Adilabad,2020,4020.0,3593.0,7206.0,179.25373134328356
158854,2020-2021,Telangana,36,Nirmal,680.0,Net Irrigated Area,Well,Other Well,6358.0,Adilabad,2020,11226.0,4441.111111111111,-4868.0,-43.363620167468376
164440,2021-2022,Telangana,36,Nirmal,680.0,Gross Irrigated Area,Well,Other Well,6146.0,Adilabad,2021,6358.0,4632.8,-212.0,-3.3343818810946844
164446,2021-2022,Telangana,36,Nirmal,680.0,Net Irrigated Area,Well,Other Well,3688.0,Adilabad,2021,6146.0,4770.363636363636,-2458.0,-39.99349170191995
171004,2022-2023,Telangana,36,Nirmal,680.0,Gross Irrigated Area,Well,Other Well,22840.0,Adilabad,2022,3688.0,4680.166666666667,19152.0,519.3058568329718
171010,2022-2023,Telangana,36,Nirmal,680.0,Net Irrigated Area,Well,Other Well,12153.0,Adilabad,2022,22840.0,6077.076923076923,-10687.0,-46.790718038528894
128369,2016-2017,Telangana,36,Nirmal,680.0,Gross Irrigated Area,Well,Tubewell,665.0,Adilabad,2016,,,,
128375,2016-2017,Telangana,36,Nirmal,680.0,Net Irrigated Area,Well,Tubewell,519.0,Adilabad,2016,665.0,665.0,-146.0,-21.954887218045112
135869,2017-2018,Telangana,36,Nirmal,680.0,Gross Irrigated Area,Well,Tubewell,30798.0,Adilabad,2017,519.0,592.0,30279.0,5834.1040462427745
135875,2017-2018,Telangana,36,Nirmal,680.0,Net Irrigated Area,Well,Tubewell,23714.0,Adilabad,2017,30798.0,10660.666666666666,-7084.0,-23.001493603480746
143429,2018-2019,Telangana,36,Nirmal,680.0,Gross Irrigated Area,Well,Tubewell,19331.0,Adilabad,2018,23714.0,13924.0,-4383.0,-18.482752804250655
143435,2018-2019,Telangana,36,Nirmal,680.0,Net Irrigated Area,Well,Tubewell,12372.0,Adilabad,2018,19331.0,15005.4,-6959.0,-35.999172313899955
151085,2019-2020,Telangana,36,Nirmal,680.0,Gross Irrigated Area,Well,Tubewell,70801.0,Adilabad,2019,12372.0,14566.5,58429.0,472.2680245716133
151091,2019-2020,Telangana,36,Nirmal,680.0,Net Irrigated Area,Well,Tubewell,31152.0,Adilabad,2019,70801.0,22600.0,-39649.0,-56.00062146014887
158849,2020-2021,Telangana,36,Nirmal,680.0,Gross Irrigated Area,Well,Tubewell,51130.0,Adilabad,2020,31152.0,23669.0,19978.0,64.13071391884951
158855,2020-2021,Telangana,36,Nirmal,680.0,Net Irrigated Area,Well,Tubewell,24948.0,Adilabad,2020,51130.0,26720.222222222223,-26182.0,-51.206727948366904
164441,2021-2022,Telangana,36,Nirmal,680.0,Gross Irrigated Area,Well,Tubewell,27938.0,Adilabad,2021,24948.0,26543.0,2990.0,11.984928651595318
164447,2021-2022,Telangana,36,Nirmal,680.0,Net Irrigated Area,Well,Tubewell,10918.0,Adilabad,2021,27938.0,26669.81818181818,-17020.0,-60.92060992197008
171005,2022-2023,Telangana,36,Nirmal,680.0,Gross Irrigated Area,Well,Tubewell,119433.0,Adilabad,2022,10918.0,25357.166666666668,108515.0,993.9091408682909
171011,2022-2023,Telangana,36,Nirmal,680.0,Net Irrigated Area,Well,Tubewell,47290.0,Adilabad,2022,119433.0,32593.76923076923,-72143.0,-60.40457829913005
113796,2014-2015,Telangana,36,Nizamabad,516.0,Gross Irrigated Area,Canal,Government,10850.0,Nizamabad,2014,,,,
113802,2014-2015,Telangana,36,Nizamabad,516.0,Net Irrigated Area,Canal,Government,10711.0,Nizamabad,2014,10850.0,10850.0,-139.0,-1.2811059907834101
121008,2015-2016,Telangana,36,Nizamabad,516.0,Gross Irrigated Area,Canal,Government,103401.5,Nizamabad,2015,10711.0,10780.5,92690.5,865.3767155260947
121014,2015-2016,Telangana,36,Nizamabad,516.0,Net Irrigated Area,Canal,Government,103401.5,Nizamabad,2015,103401.5,41654.166666666664,0.0,0.0
128376,2016-2017,Telangana,36,Nizamabad,516.0,Gross Irrigated Area,Canal,Government,119398.0,Nizamabad,2016,103401.5,57091.0,15996.5,15.470278477584948
128382,2016-2017,Telangana,36,Nizamabad,516.0,Net Irrigated Area,Canal,Government,61749.0,Nizamabad,2016,119398.0,69552.4,-57649.0,-48.283053317476
135876,2017-2018,Telangana,36,Nizamabad,516.0,Gross Irrigated Area,Canal,Government,137432.0,Nizamabad,2017,61749.0,68251.83333333333,75683.0,122.56554762020437
135882,2017-2018,Telangana,36,Nizamabad,516.0,Net Irrigated Area,Canal,Government,88776.0,Nizamabad,2017,137432.0,78134.71428571429,-48656.0,-35.403690552418645
143436,2018-2019,Telangana,36,Nizamabad,516.0,Gross Irrigated Area,Canal,Government,85864.0,Nizamabad,2018,88776.0,79464.875,-2912.0,-3.280165810579436
143442,2018-2019,Telangana,36,Nizamabad,516.0,Net Irrigated Area,Canal,Government,54671.0,Nizamabad,2018,85864.0,80175.88888888889,-31193.0,-36.32837976334669
151092,2019-2020,Telangana,36,Nizamabad,516.0,Gross Irrigated Area,Canal,Government,175091.0,Nizamabad,2019,54671.0,77625.4,120420.0,220.2630279307128
151098,2019-2020,Telangana,36,Nizamabad,516.0,Net Irrigated Area,Canal,Government,95645.0,Nizamabad,2019,175091.0,86485.90909090909,-79446.0,-45.37411974344769
158856,2020-2021,Telangana,36,Nizamabad,516.0,Gross Irrigated Area,Canal,Government,200028.0,Nizamabad,2020,95645.0,87249.16666666667,104383.0,109.13586700820743
158862,2020-2021,Telangana,36,Nizamabad,516.0,Net Irrigated Area,Canal,Government,111158.0,Nizamabad,2020,200028.0,95924.46153846153,-88870.0,-44.42877997080409
164448,2021-2022,Telangana,36,Nizamabad,516.0,Gross Irrigated Area,Canal,Government,242779.0,Nizamabad,2021,111158.0,97012.57142857143,131621.0,118.40893143093614
164454,2021-2022,Telangana,36,Nizamabad,516.0,Net Irrigated Area,Canal,Government,128698.0,Nizamabad,2021,242779.0,106730.33333333333,-114081.0,-46.9896490223619
171012,2022-2023,Telangana,36,Nizamabad,516.0,Gross Irrigated Area,Canal,Government,125591.0,Nizamabad,2022,128698.0,108103.3125,-3107.0,-2.414178930519511
171018,2022-2023,Telangana,36,Nizamabad,516.0,Net Irrigated Area,Canal,Government,65799.0,Nizamabad,2022,125591.0,109132.0,-59792.0,-47.60850697900327
113797,2014-2015,Telangana,36,Nizamabad,516.0,Gross Irrigated Area,Canal,Private,103401.5,Nizamabad,2014,,,,
113803,2014-2015,Telangana,36,Nizamabad,516.0,Net Irrigated Area,Canal,Private,103401.5,Nizamabad,2014,103401.5,103401.5,0.0,0.0
121009,2015-2016,Telangana,36,Nizamabad,516.0,Gross Irrigated Area,Canal,Private,103401.5,Nizamabad,2015,103401.5,103401.5,0.0,0.0
121015,2015-2016,Telangana,36,Nizamabad,516.0,Net Irrigated Area,Canal,Private,103401.5,Nizamabad,2015,103401.5,103401.5,0.0,0.0
128377,2016-2017,Telangana,36,Nizamabad,516.0,Gross Irrigated Area,Canal,Private,103401.5,Nizamabad,2016,103401.5,103401.5,0.0,0.0
128383,2016-2017,Telangana,36,Nizamabad,516.0,Net Irrigated Area,Canal,Private,103401.5,Nizamabad,2016,103401.5,103401.5,0.0,0.0
135877,2017-2018,Telangana,36,Nizamabad,516.0,Gross Irrigated Area,Canal,Private,103401.5,Nizamabad,2017,103401.5,103401.5,0.0,0.0
135883,2017-2018,Telangana,36,Nizamabad,516.0,Net Irrigated Area,Canal,Private,103401.5,Nizamabad,2017,103401.5,103401.5,0.0,0.0
143437,2018-2019,Telangana,36,Nizamabad,516.0,Gross Irrigated Area,Canal,Private,103401.5,Nizamabad,2018,103401.5,103401.5,0.0,0.0
143443,2018-2019,Telangana,36,Nizamabad,516.0,Net Irrigated Area,Canal,Private,103401.5,Nizamabad,2018,103401.5,103401.5,0.0,0.0
151093,2019-2020,Telangana,36,Nizamabad,516.0,Gross Irrigated Area,Canal,Private,103401.5,Nizamabad,2019,103401.5,103401.5,0.0,0.0
151099,2019-2020,Telangana,36,Nizamabad,516.0,Net Irrigated Area,Canal,Private,103401.5,Nizamabad,2019,103401.5,103401.5,0.0,0.0
158857,2020-2021,Telangana,36,Nizamabad,516.0,Gross Irrigated Area,Canal,Private,103401.5,Nizamabad,2020,103401.5,103401.5,0.0,0.0
158863,2020-2021,Telangana,36,Nizamabad,516.0,Net Irrigated Area,Canal,Private,103401.5,Nizamabad,2020,103401.5,103401.5,0.0,0.0
164449,2021-2022,Telangana,36,Nizamabad,516.0,Gross Irrigated Area,Canal,Private,103401.5,Nizamabad,2021,103401.5,103401.5,0.0,0.0
164455,2021-2022,Telangana,36,Nizamabad,516.0,Net Irrigated Area,Canal,Private,103401.5,Nizamabad,2021,103401.5,103401.5,0.0,0.0
171013,2022-2023,Telangana,36,Nizamabad,516.0,Gross Irrigated Area,Canal,Private,103401.5,Nizamabad,2022,103401.5,103401.5,0.0,0.0
171019,2022-2023,Telangana,36,Nizamabad,516.0,Net Irrigated Area,Canal,Private,103401.5,Nizamabad,2022,103401.5,103401.5,0.0,0.0
113798,2014-2015,Telangana,36,Nizamabad,516.0,Gross Irrigated Area,Other Source,Other Source,4827.0,Nizamabad,2014,,,,
113804,2014-2015,Telangana,36,Nizamabad,516.0,Net Irrigated Area,Other Source,Other Source,3119.0,Nizamabad,2014,4827.0,4827.0,-1708.0,-35.38429666459499
121010,2015-2016,Telangana,36,Nizamabad,516.0,Gross Irrigated Area,Other Source,Other Source,804.0,Nizamabad,2015,3119.0,3973.0,-2315.0,-74.22250721385059
121016,2015-2016,Telangana,36,Nizamabad,516.0,Net Irrigated Area,Other Source,Other Source,723.0,Nizamabad,2015,804.0,2916.6666666666665,-81.0,-10.074626865671641
128378,2016-2017,Telangana,36,Nizamabad,516.0,Gross Irrigated Area,Other Source,Other Source,8274.0,Nizamabad,2016,723.0,2368.25,7551.0,1044.3983402489628
128384,2016-2017,Telangana,36,Nizamabad,516.0,Net Irrigated Area,Other Source,Other Source,3889.0,Nizamabad,2016,8274.0,3549.4,-4385.0,-52.99734106840705
135878,2017-2018,Telangana,36,Nizamabad,516.0,Gross Irrigated Area,Other Source,Other Source,4937.0,Nizamabad,2017,3889.0,3606.0,1048.0,26.94780149138596
135884,2017-2018,Telangana,36,Nizamabad,516.0,Net Irrigated Area,Other Source,Other Source,2913.0,Nizamabad,2017,4937.0,3796.1428571428573,-2024.0,-40.99655661332793
143438,2018-2019,Telangana,36,Nizamabad,516.0,Gross Irrigated Area,Other Source,Other Source,7921.0,Nizamabad,2018,2913.0,3685.75,5008.0,171.91898386543082
143444,2018-2019,Telangana,36,Nizamabad,516.0,Net Irrigated Area,Other Source,Other Source,4119.0,Nizamabad,2018,7921.0,4156.333333333333,-3802.0,-47.998990026511805
151094,2019-2020,Telangana,36,Nizamabad,516.0,Gross Irrigated Area,Other Source,Other Source,9596.0,Nizamabad,2019,4119.0,4152.6,5477.0,132.9691672736101
151100,2019-2020,Telangana,36,Nizamabad,516.0,Net Irrigated Area,Other Source,Other Source,4222.0,Nizamabad,2019,9596.0,4647.454545454545,-5374.0,-56.002501042100874
158858,2020-2021,Telangana,36,Nizamabad,516.0,Gross Irrigated Area,Other Source,Other Source,6985.0,Nizamabad,2020,4222.0,4612.0,2763.0,65.44291804831833
158864,2020-2021,Telangana,36,Nizamabad,516.0,Net Irrigated Area,Other Source,Other Source,3912.0,Nizamabad,2020,6985.0,4794.538461538462,-3073.0,-43.99427344309234
164450,2021-2022,Telangana,36,Nizamabad,516.0,Gross Irrigated Area,Other Source,Other Source,5124.0,Nizamabad,2021,3912.0,4731.5,1212.0,30.981595092024538
164456,2021-2022,Telangana,36,Nizamabad,516.0,Net Irrigated Area,Other Source,Other Source,2972.0,Nizamabad,2021,5124.0,4757.666666666667,-2152.0,-41.9984387197502
171014,2022-2023,Telangana,36,Nizamabad,516.0,Gross Irrigated Area,Other Source,Other Source,9430.0,Nizamabad,2022,2972.0,4646.0625,6458.0,217.29475100942128
171020,2022-2023,Telangana,36,Nizamabad,516.0,Net Irrigated Area,Other Source,Other Source,4805.0,Nizamabad,2022,9430.0,4927.470588235294,-4625.0,-49.04559915164369
113799,2014-2015,Telangana,36,Nizamabad,516.0,Gross Irrigated Area,Tank,Tank,738.0,Nizamabad,2014,,,,
113805,2014-2015,Telangana,36,Nizamabad,516.0,Net Irrigated Area,Tank,Tank,498.0,Nizamabad,2014,738.0,738.0,-240.0,-32.52032520325203
121011,2015-2016,Telangana,36,Nizamabad,516.0,Gross Irrigated Area,Tank,Tank,25.0,Nizamabad,2015,498.0,618.0,-473.0,-94.97991967871486
121017,2015-2016,Telangana,36,Nizamabad,516.0,Net Irrigated Area,Tank,Tank,25.0,Nizamabad,2015,25.0,420.3333333333333,0.0,0.0
128379,2016-2017,Telangana,36,Nizamabad,516.0,Gross Irrigated Area,Tank,Tank,11945.0,Nizamabad,2016,25.0,321.5,11920.0,47680.0
128385,2016-2017,Telangana,36,Nizamabad,516.0,Net Irrigated Area,Tank,Tank,7884.0,Nizamabad,2016,11945.0,2646.2,-4061.0,-33.99748848890749
135879,2017-2018,Telangana,36,Nizamabad,516.0,Gross Irrigated Area,Tank,Tank,3600.0,Nizamabad,2017,7884.0,3519.1666666666665,-4284.0,-54.337899543378995
135885,2017-2018,Telangana,36,Nizamabad,516.0,Net Irrigated Area,Tank,Tank,3204.0,Nizamabad,2017,3600.0,3530.714285714286,-396.0,-11.0
143439,2018-2019,Telangana,36,Nizamabad,516.0,Gross Irrigated Area,Tank,Tank,4166.0,Nizamabad,2018,3204.0,3489.875,962.0,30.024968789013734
143445,2018-2019,Telangana,36,Nizamabad,516.0,Net Irrigated Area,Tank,Tank,2541.0,Nizamabad,2018,4166.0,3565.0,-1625.0,-39.00624099855977
151095,2019-2020,Telangana,36,Nizamabad,516.0,Gross Irrigated Area,Tank,Tank,6592.0,Nizamabad,2019,2541.0,3462.6,4051.0,159.42542306178672
151101,2019-2020,Telangana,36,Nizamabad,516.0,Net Irrigated Area,Tank,Tank,4087.0,Nizamabad,2019,6592.0,3747.090909090909,-2505.0,-38.00060679611651
158859,2020-2021,Telangana,36,Nizamabad,516.0,Gross Irrigated Area,Tank,Tank,5238.0,Nizamabad,2020,4087.0,3775.4166666666665,1151.0,28.162466356740882
158865,2020-2021,Telangana,36,Nizamabad,516.0,Net Irrigated Area,Tank,Tank,3509.0,Nizamabad,2020,5238.0,3887.923076923077,-1729.0,-33.00878197785414
164451,2021-2022,Telangana,36,Nizamabad,516.0,Gross Irrigated Area,Tank,Tank,9213.0,Nizamabad,2021,3509.0,3860.8571428571427,5704.0,162.55343402678827
164457,2021-2022,Telangana,36,Nizamabad,516.0,Net Irrigated Area,Tank,Tank,5344.0,Nizamabad,2021,9213.0,4217.666666666667,-3869.0,-41.99500705524802
171015,2022-2023,Telangana,36,Nizamabad,516.0,Gross Irrigated Area,Tank,Tank,13260.0,Nizamabad,2022,5344.0,4288.0625,7916.0,148.12874251497007
171021,2022-2023,Telangana,36,Nizamabad,516.0,Net Irrigated Area,Tank,Tank,8301.0,Nizamabad,2022,13260.0,4815.823529411765,-4959.0,-37.39819004524887
113800,2014-2015,Telangana,36,Nizamabad,516.0,Gross Irrigated Area,Well,Other Well,1509.0,Nizamabad,2014,,,,
113806,2014-2015,Telangana,36,Nizamabad,516.0,Net Irrigated Area,Well,Other Well,483.0,Nizamabad,2014,1509.0,1509.0,-1026.0,-67.9920477137177
121012,2015-2016,Telangana,36,Nizamabad,516.0,Gross Irrigated Area,Well,Other Well,221.0,Nizamabad,2015,483.0,996.0,-262.0,-54.24430641821946
121018,2015-2016,Telangana,36,Nizamabad,516.0,Net Irrigated Area,Well,Other Well,39.0,Nizamabad,2015,221.0,737.6666666666666,-182.0,-82.35294117647058
128380,2016-2017,Telangana,36,Nizamabad,516.0,Gross Irrigated Area,Well,Other Well,981.5,Nizamabad,2016,39.0,563.0,942.5,2416.666666666667
128386,2016-2017,Telangana,36,Nizamabad,516.0,Net Irrigated Area,Well,Other Well,981.5,Nizamabad,2016,981.5,646.7,0.0,0.0
135880,2017-2018,Telangana,36,Nizamabad,516.0,Gross Irrigated Area,Well,Other Well,981.5,Nizamabad,2017,981.5,702.5,0.0,0.0
135886,2017-2018,Telangana,36,Nizamabad,516.0,Net Irrigated Area,Well,Other Well,981.5,Nizamabad,2017,981.5,742.3571428571429,0.0,0.0
143440,2018-2019,Telangana,36,Nizamabad,516.0,Gross Irrigated Area,Well,Other Well,981.5,Nizamabad,2018,981.5,772.25,0.0,0.0
143446,2018-2019,Telangana,36,Nizamabad,516.0,Net Irrigated Area,Well,Other Well,981.5,Nizamabad,2018,981.5,795.5,0.0,0.0
151096,2019-2020,Telangana,36,Nizamabad,516.0,Gross Irrigated Area,Well,Other Well,1830.0,Nizamabad,2019,981.5,814.1,848.5,86.44931227712685
151102,2019-2020,Telangana,36,Nizamabad,516.0,Net Irrigated Area,Well,Other Well,1166.0,Nizamabad,2019,1830.0,906.4545454545455,-664.0,-36.28415300546448
158860,2020-2021,Telangana,36,Nizamabad,516.0,Gross Irrigated Area,Well,Other Well,1813.0,Nizamabad,2020,1166.0,928.0833333333334,647.0,55.488850771869636
158866,2020-2021,Telangana,36,Nizamabad,516.0,Net Irrigated Area,Well,Other Well,1152.0,Nizamabad,2020,1813.0,996.1538461538462,-661.0,-36.45890788747931
164452,2021-2022,Telangana,36,Nizamabad,516.0,Gross Irrigated Area,Well,Other Well,1229.0,Nizamabad,2021,1152.0,1007.2857142857143,77.0,6.684027777777778
164458,2021-2022,Telangana,36,Nizamabad,516.0,Net Irrigated Area,Well,Other Well,811.0,Nizamabad,2021,1229.0,1022.0666666666667,-418.0,-34.01139137510171
171016,2022-2023,Telangana,36,Nizamabad,516.0,Gross Irrigated Area,Well,Other Well,486.0,Nizamabad,2022,811.0,1008.875,-325.0,-40.07398273736128
171022,2022-2023,Telangana,36,Nizamabad,516.0,Net Irrigated Area,Well,Other Well,275.0,Nizamabad,2022,486.0,978.1176470588235,-211.0,-43.415637860082306
113801,2014-2015,Telangana,36,Nizamabad,516.0,Gross Irrigated Area,Well,Tubewell,286080.0,Nizamabad,2014,,,,
113807,2014-2015,Telangana,36,Nizamabad,516.0,Net Irrigated Area,Well,Tubewell,150674.0,Nizamabad,2014,286080.0,286080.0,-135406.0,-47.33151565995526
121013,2015-2016,Telangana,36,Nizamabad,516.0,Gross Irrigated Area,Well,Tubewell,198028.0,Nizamabad,2015,150674.0,218377.0,47354.0,31.428116330621076
121019,2015-2016,Telangana,36,Nizamabad,516.0,Net Irrigated Area,Well,Tubewell,126838.0,Nizamabad,2015,198028.0,211594.0,-71190.0,-35.94946169228594
128381,2016-2017,Telangana,36,Nizamabad,516.0,Gross Irrigated Area,Well,Tubewell,144528.0,Nizamabad,2016,126838.0,190405.0,17690.0,13.946924423280088
128387,2016-2017,Telangana,36,Nizamabad,516.0,Net Irrigated Area,Well,Tubewell,85272.0,Nizamabad,2016,144528.0,181229.6,-59256.0,-40.99966788442378
135881,2017-2018,Telangana,36,Nizamabad,516.0,Gross Irrigated Area,Well,Tubewell,121760.0,Nizamabad,2017,85272.0,165236.66666666666,36488.0,42.79013040622948
135887,2017-2018,Telangana,36,Nizamabad,516.0,Net Irrigated Area,Well,Tubewell,75491.0,Nizamabad,2017,121760.0,159025.7142857143,-46269.0,-38.000164257555845
143441,2018-2019,Telangana,36,Nizamabad,516.0,Gross Irrigated Area,Well,Tubewell,162814.0,Nizamabad,2018,75491.0,148583.875,87323.0,115.67339153011618
143447,2018-2019,Telangana,36,Nizamabad,516.0,Net Irrigated Area,Well,Tubewell,81407.0,Nizamabad,2018,162814.0,150165.0,-81407.0,-50.0
151097,2019-2020,Telangana,36,Nizamabad,516.0,Gross Irrigated Area,Well,Tubewell,177832.0,Nizamabad,2019,81407.0,143289.2,96425.0,118.44804500841451
151103,2019-2020,Telangana,36,Nizamabad,516.0,Net Irrigated Area,Well,Tubewell,103143.0,Nizamabad,2019,177832.0,146429.45454545456,-74689.0,-41.999752575464484
158861,2020-2021,Telangana,36,Nizamabad,516.0,Gross Irrigated Area,Well,Tubewell,179430.0,Nizamabad,2020,103143.0,142822.25,76287.0,73.96236293301533
158867,2020-2021,Telangana,36,Nizamabad,516.0,Net Irrigated Area,Well,Tubewell,98015.0,Nizamabad,2020,179430.0,145638.23076923078,-81415.0,-45.374240650950235
164453,2021-2022,Telangana,36,Nizamabad,516.0,Gross Irrigated Area,Well,Tubewell,121583.0,Nizamabad,2021,98015.0,142236.57142857142,23568.0,24.04529918889966
164459,2021-2022,Telangana,36,Nizamabad,516.0,Net Irrigated Area,Well,Tubewell,64477.0,Nizamabad,2021,121583.0,140859.66666666666,-57106.0,-46.96873740572284
171017,2022-2023,Telangana,36,Nizamabad,516.0,Gross Irrigated Area,Well,Tubewell,262821.0,Nizamabad,2022,64477.0,136085.75,198344.0,307.6197713913488
171023,2022-2023,Telangana,36,Nizamabad,516.0,Net Irrigated Area,Well,Tubewell,141243.0,Nizamabad,2022,262821.0,143540.76470588235,-121578.0,-46.25886059333158
128388,2016-2017,Telangana,36,Peddapalli,682.0,Gross Irrigated Area,Canal,Government,64017.0,Karimnagar,2016,,,,
128394,2016-2017,Telangana,36,Peddapalli,682.0,Net Irrigated Area,Canal,Government,47344.0,Karimnagar,2016,64017.0,64017.0,-16673.0,-26.044644391333556
135888,2017-2018,Telangana,36,Peddapalli,682.0,Gross Irrigated Area,Canal,Government,40532.0,Karimnagar,2017,47344.0,55680.5,-6812.0,-14.38830686042582
135894,2017-2018,Telangana,36,Peddapalli,682.0,Net Irrigated Area,Canal,Government,23089.0,Karimnagar,2017,40532.0,50631.0,-17443.0,-43.03513273462943
143448,2018-2019,Telangana,36,Peddapalli,682.0,Gross Irrigated Area,Canal,Government,80997.0,Karimnagar,2018,23089.0,43745.5,57908.0,250.8034128805925
143454,2018-2019,Telangana,36,Peddapalli,682.0,Net Irrigated Area,Canal,Government,60211.0,Karimnagar,2018,80997.0,51195.8,-20786.0,-25.66267886464931
151104,2019-2020,Telangana,36,Peddapalli,682.0,Gross Irrigated Area,Canal,Government,87497.0,Karimnagar,2019,60211.0,52698.333333333336,27286.0,45.317300825430564
151110,2019-2020,Telangana,36,Peddapalli,682.0,Net Irrigated Area,Canal,Government,37211.0,Karimnagar,2019,87497.0,57669.57142857143,-50286.0,-57.471684743476914
158868,2020-2021,Telangana,36,Peddapalli,682.0,Gross Irrigated Area,Canal,Government,160804.0,Karimnagar,2020,37211.0,55112.25,123593.0,332.1410335653436
158874,2020-2021,Telangana,36,Peddapalli,682.0,Net Irrigated Area,Canal,Government,75578.0,Karimnagar,2020,160804.0,66855.77777777778,-85226.0,-52.999925374990674
164460,2021-2022,Telangana,36,Peddapalli,682.0,Gross Irrigated Area,Canal,Government,159747.0,Karimnagar,2021,75578.0,67728.0,84169.0,111.36706448966632
164466,2021-2022,Telangana,36,Peddapalli,682.0,Net Irrigated Area,Canal,Government,93107.0,Karimnagar,2021,159747.0,76093.36363636363,-66640.0,-41.71596336707419
171024,2022-2023,Telangana,36,Peddapalli,682.0,Gross Irrigated Area,Canal,Government,115267.0,Karimnagar,2022,93107.0,77511.16666666667,22160.0,23.80057353367631
171030,2022-2023,Telangana,36,Peddapalli,682.0,Net Irrigated Area,Canal,Government,62202.0,Karimnagar,2022,115267.0,80415.46153846153,-53065.0,-46.03659330077125
128389,2016-2017,Telangana,36,Peddapalli,682.0,Gross Irrigated Area,Canal,Private,69797.5,Karimnagar,2016,,,,
128395,2016-2017,Telangana,36,Peddapalli,682.0,Net Irrigated Area,Canal,Private,69797.5,Karimnagar,2016,69797.5,69797.5,0.0,0.0
135889,2017-2018,Telangana,36,Peddapalli,682.0,Gross Irrigated Area,Canal,Private,69797.5,Karimnagar,2017,69797.5,69797.5,0.0,0.0
135895,2017-2018,Telangana,36,Peddapalli,682.0,Net Irrigated Area,Canal,Private,69797.5,Karimnagar,2017,69797.5,69797.5,0.0,0.0
143449,2018-2019,Telangana,36,Peddapalli,682.0,Gross Irrigated Area,Canal,Private,69797.5,Karimnagar,2018,69797.5,69797.5,0.0,0.0
143455,2018-2019,Telangana,36,Peddapalli,682.0,Net Irrigated Area,Canal,Private,69797.5,Karimnagar,2018,69797.5,69797.5,0.0,0.0
151105,2019-2020,Telangana,36,Peddapalli,682.0,Gross Irrigated Area,Canal,Private,69797.5,Karimnagar,2019,69797.5,69797.5,0.0,0.0
151111,2019-2020,Telangana,36,Peddapalli,682.0,Net Irrigated Area,Canal,Private,69797.5,Karimnagar,2019,69797.5,69797.5,0.0,0.0
158869,2020-2021,Telangana,36,Peddapalli,682.0,Gross Irrigated Area,Canal,Private,69797.5,Karimnagar,2020,69797.5,69797.5,0.0,0.0
158875,2020-2021,Telangana,36,Peddapalli,682.0,Net Irrigated Area,Canal,Private,69797.5,Karimnagar,2020,69797.5,69797.5,0.0,0.0
164461,2021-2022,Telangana,36,Peddapalli,682.0,Gross Irrigated Area,Canal,Private,69797.5,Karimnagar,2021,69797.5,69797.5,0.0,0.0
164467,2021-2022,Telangana,36,Peddapalli,682.0,Net Irrigated Area,Canal,Private,69797.5,Karimnagar,2021,69797.5,69797.5,0.0,0.0
171025,2022-2023,Telangana,36,Peddapalli,682.0,Gross Irrigated Area,Canal,Private,69797.5,Karimnagar,2022,69797.5,69797.5,0.0,0.0
171031,2022-2023,Telangana,36,Peddapalli,682.0,Net Irrigated Area,Canal,Private,69797.5,Karimnagar,2022,69797.5,69797.5,0.0,0.0
128390,2016-2017,Telangana,36,Peddapalli,682.0,Gross Irrigated Area,Other Source,Other Source,14.0,Karimnagar,2016,,,,
128396,2016-2017,Telangana,36,Peddapalli,682.0,Net Irrigated Area,Other Source,Other Source,14.0,Karimnagar,2016,14.0,14.0,0.0,0.0
135890,2017-2018,Telangana,36,Peddapalli,682.0,Gross Irrigated Area,Other Source,Other Source,1227.0,Karimnagar,2017,14.0,14.0,1213.0,8664.285714285714
135896,2017-2018,Telangana,36,Peddapalli,682.0,Net Irrigated Area,Other Source,Other Source,1215.0,Karimnagar,2017,1227.0,418.3333333333333,-12.0,-0.9779951100244498
143450,2018-2019,Telangana,36,Peddapalli,682.0,Gross Irrigated Area,Other Source,Other Source,474.0,Karimnagar,2018,1215.0,617.5,-741.0,-60.98765432098765
143456,2018-2019,Telangana,36,Peddapalli,682.0,Net Irrigated Area,Other Source,Other Source,474.0,Karimnagar,2018,474.0,588.8,0.0,0.0
151106,2019-2020,Telangana,36,Peddapalli,682.0,Gross Irrigated Area,Other Source,Other Source,495.0,Karimnagar,2019,474.0,569.6666666666666,21.0,4.430379746835443
151112,2019-2020,Telangana,36,Peddapalli,682.0,Net Irrigated Area,Other Source,Other Source,158.0,Karimnagar,2019,495.0,559.0,-337.0,-68.08080808080808
158870,2020-2021,Telangana,36,Peddapalli,682.0,Gross Irrigated Area,Other Source,Other Source,341.0,Karimnagar,2020,158.0,508.875,183.0,115.82278481012658
158876,2020-2021,Telangana,36,Peddapalli,682.0,Net Irrigated Area,Other Source,Other Source,184.0,Karimnagar,2020,341.0,490.22222222222223,-157.0,-46.04105571847507
164462,2021-2022,Telangana,36,Peddapalli,682.0,Gross Irrigated Area,Other Source,Other Source,3051.0,Karimnagar,2021,184.0,459.6,2867.0,1558.1521739130435
164468,2021-2022,Telangana,36,Peddapalli,682.0,Net Irrigated Area,Other Source,Other Source,2807.0,Karimnagar,2021,3051.0,695.1818181818181,-244.0,-7.997377908882333
171026,2022-2023,Telangana,36,Peddapalli,682.0,Gross Irrigated Area,Other Source,Other Source,987.0,Karimnagar,2022,2807.0,871.1666666666666,-1820.0,-64.83790523690773
171032,2022-2023,Telangana,36,Peddapalli,682.0,Net Irrigated Area,Other Source,Other Source,851.0,Karimnagar,2022,987.0,880.0769230769231,-136.0,-13.779128672745694
128391,2016-2017,Telangana,36,Peddapalli,682.0,Gross Irrigated Area,Tank,Tank,8628.0,Karimnagar,2016,,,,
128397,2016-2017,Telangana,36,Peddapalli,682.0,Net Irrigated Area,Tank,Tank,6989.0,Karimnagar,2016,8628.0,8628.0,-1639.0,-18.99629114510895
135891,2017-2018,Telangana,36,Peddapalli,682.0,Gross Irrigated Area,Tank,Tank,5418.0,Karimnagar,2017,6989.0,7808.5,-1571.0,-22.47817999713836
135897,2017-2018,Telangana,36,Peddapalli,682.0,Net Irrigated Area,Tank,Tank,4714.0,Karimnagar,2017,5418.0,7011.666666666667,-704.0,-12.993724621631596
143451,2018-2019,Telangana,36,Peddapalli,682.0,Gross Irrigated Area,Tank,Tank,10680.0,Karimnagar,2018,4714.0,6437.25,5966.0,126.55918540517608
143457,2018-2019,Telangana,36,Peddapalli,682.0,Net Irrigated Area,Tank,Tank,8758.0,Karimnagar,2018,10680.0,7285.8,-1922.0,-17.99625468164794
151107,2019-2020,Telangana,36,Peddapalli,682.0,Gross Irrigated Area,Tank,Tank,10379.0,Karimnagar,2019,8758.0,7531.166666666667,1621.0,18.508791961635076
151113,2019-2020,Telangana,36,Peddapalli,682.0,Net Irrigated Area,Tank,Tank,6539.0,Karimnagar,2019,10379.0,7938.0,-3840.0,-36.99778398689662
158871,2020-2021,Telangana,36,Peddapalli,682.0,Gross Irrigated Area,Tank,Tank,16733.0,Karimnagar,2020,6539.0,7763.125,10194.0,155.8953968496712
158877,2020-2021,Telangana,36,Peddapalli,682.0,Net Irrigated Area,Tank,Tank,10039.0,Karimnagar,2020,16733.0,8759.777777777777,-6694.0,-40.00478097173251
164463,2021-2022,Telangana,36,Peddapalli,682.0,Gross Irrigated Area,Tank,Tank,14611.0,Karimnagar,2021,10039.0,8887.7,4572.0,45.54238469967128
164469,2021-2022,Telangana,36,Peddapalli,682.0,Net Irrigated Area,Tank,Tank,9643.0,Karimnagar,2021,14611.0,9408.0,-4968.0,-34.001779481212786
171027,2022-2023,Telangana,36,Peddapalli,682.0,Gross Irrigated Area,Tank,Tank,30737.0,Karimnagar,2022,9643.0,9427.583333333334,21094.0,218.74935186145393
171033,2022-2023,Telangana,36,Peddapalli,682.0,Net Irrigated Area,Tank,Tank,17687.0,Karimnagar,2022,30737.0,11066.76923076923,-13050.0,-42.456973679929725
128392,2016-2017,Telangana,36,Peddapalli,682.0,Gross Irrigated Area,Well,Other Well,55270.0,Karimnagar,2016,,,,
128398,2016-2017,Telangana,36,Peddapalli,682.0,Net Irrigated Area,Well,Other Well,38136.0,Karimnagar,2016,55270.0,55270.0,-17134.0,-31.000542789940294
135892,2017-2018,Telangana,36,Peddapalli,682.0,Gross Irrigated Area,Well,Other Well,56202.0,Karimnagar,2017,38136.0,46703.0,18066.0,47.3725613593455
135898,2017-2018,Telangana,36,Peddapalli,682.0,Net Irrigated Area,Well,Other Well,43838.0,Karimnagar,2017,56202.0,49869.333333333336,-12364.0,-21.999217109711395
143452,2018-2019,Telangana,36,Peddapalli,682.0,Gross Irrigated Area,Well,Other Well,25043.0,Karimnagar,2018,43838.0,48361.5,-18795.0,-42.873762489164655
143458,2018-2019,Telangana,36,Peddapalli,682.0,Net Irrigated Area,Well,Other Well,16779.0,Karimnagar,2018,25043.0,43697.8,-8264.0,-32.999241304955476
151108,2019-2020,Telangana,36,Peddapalli,682.0,Gross Irrigated Area,Well,Other Well,65911.0,Karimnagar,2019,16779.0,39211.333333333336,49132.0,292.81840395732763
151114,2019-2020,Telangana,36,Peddapalli,682.0,Net Irrigated Area,Well,Other Well,44802.0,Karimnagar,2019,65911.0,43025.57142857143,-21109.0,-32.026520611127125
158872,2020-2021,Telangana,36,Peddapalli,682.0,Gross Irrigated Area,Well,Other Well,5954.0,Karimnagar,2020,44802.0,43247.625,-38848.0,-86.71041471362886
158878,2020-2021,Telangana,36,Peddapalli,682.0,Net Irrigated Area,Well,Other Well,3993.0,Karimnagar,2020,5954.0,39103.88888888889,-1961.0,-32.93584145112529
164464,2021-2022,Telangana,36,Peddapalli,682.0,Gross Irrigated Area,Well,Other Well,3870.0,Karimnagar,2021,3993.0,35592.8,-123.0,-3.0803906836964687
164470,2021-2022,Telangana,36,Peddapalli,682.0,Net Irrigated Area,Well,Other Well,2515.0,Karimnagar,2021,3870.0,32708.909090909092,-1355.0,-35.012919896640824
171028,2022-2023,Telangana,36,Peddapalli,682.0,Gross Irrigated Area,Well,Other Well,37796.0,Karimnagar,2022,2515.0,30192.75,35281.0,1402.8230616302187
171034,2022-2023,Telangana,36,Peddapalli,682.0,Net Irrigated Area,Well,Other Well,24122.0,Karimnagar,2022,37796.0,30777.615384615383,-13674.0,-36.178431580061385
128393,2016-2017,Telangana,36,Peddapalli,682.0,Gross Irrigated Area,Well,Tubewell,3528.0,Karimnagar,2016,,,,
128399,2016-2017,Telangana,36,Peddapalli,682.0,Net Irrigated Area,Well,Tubewell,1341.0,Karimnagar,2016,3528.0,3528.0,-2187.0,-61.98979591836735
135893,2017-2018,Telangana,36,Peddapalli,682.0,Gross Irrigated Area,Well,Tubewell,12337.0,Karimnagar,2017,1341.0,2434.5,10996.0,819.9850857568979
135899,2017-2018,Telangana,36,Peddapalli,682.0,Net Irrigated Area,Well,Tubewell,7279.0,Karimnagar,2017,12337.0,5735.333333333333,-5058.0,-40.998622031287994
143453,2018-2019,Telangana,36,Peddapalli,682.0,Gross Irrigated Area,Well,Tubewell,6657.0,Karimnagar,2018,7279.0,6121.25,-622.0,-8.545129825525484
143459,2018-2019,Telangana,36,Peddapalli,682.0,Net Irrigated Area,Well,Tubewell,4327.0,Karimnagar,2018,6657.0,6228.4,-2330.0,-35.00075108907916
151109,2019-2020,Telangana,36,Peddapalli,682.0,Gross Irrigated Area,Well,Tubewell,14463.0,Karimnagar,2019,4327.0,5911.5,10136.0,234.25005777675065
151115,2019-2020,Telangana,36,Peddapalli,682.0,Net Irrigated Area,Well,Tubewell,9979.0,Karimnagar,2019,14463.0,7133.142857142857,-4484.0,-31.003249671575745
158873,2020-2021,Telangana,36,Peddapalli,682.0,Gross Irrigated Area,Well,Tubewell,1537.0,Karimnagar,2020,9979.0,7488.875,-8442.0,-84.59765507565888
158879,2020-2021,Telangana,36,Peddapalli,682.0,Net Irrigated Area,Well,Tubewell,993.0,Karimnagar,2020,1537.0,6827.555555555556,-544.0,-35.393623942745606
164465,2021-2022,Telangana,36,Peddapalli,682.0,Gross Irrigated Area,Well,Tubewell,971.0,Karimnagar,2021,993.0,6244.1,-22.0,-2.2155085599194364
164471,2021-2022,Telangana,36,Peddapalli,682.0,Net Irrigated Area,Well,Tubewell,638.0,Karimnagar,2021,971.0,5764.727272727273,-333.0,-34.29454170957775
171029,2022-2023,Telangana,36,Peddapalli,682.0,Gross Irrigated Area,Well,Tubewell,16057.0,Karimnagar,2022,638.0,5337.5,15419.0,2416.771159874608
171035,2022-2023,Telangana,36,Peddapalli,682.0,Net Irrigated Area,Well,Tubewell,11270.0,Karimnagar,2022,16057.0,6162.076923076923,-4787.0,-29.812542816217224
128400,2016-2017,Telangana,36,Rajanna Sircilla,683.0,Gross Irrigated Area,Canal,Government,2226.0,Karimnagar,2016,,,,
128406,2016-2017,Telangana,36,Rajanna Sircilla,683.0,Net Irrigated Area,Canal,Government,2226.0,Karimnagar,2016,2226.0,2226.0,0.0,0.0
135900,2017-2018,Telangana,36,Rajanna Sircilla,683.0,Gross Irrigated Area,Canal,Government,5660.5,Karimnagar,2017,2226.0,2226.0,3434.5,154.29020664869722
135906,2017-2018,Telangana,36,Rajanna Sircilla,683.0,Net Irrigated Area,Canal,Government,5660.5,Karimnagar,2017,5660.5,3370.8333333333335,0.0,0.0
143460,2018-2019,Telangana,36,Rajanna Sircilla,683.0,Gross Irrigated Area,Canal,Government,7537.0,Karimnagar,2018,5660.5,3943.25,1876.5,33.15078173306245
143466,2018-2019,Telangana,36,Rajanna Sircilla,683.0,Net Irrigated Area,Canal,Government,7537.0,Karimnagar,2018,7537.0,4662.0,0.0,0.0
151116,2019-2020,Telangana,36,Rajanna Sircilla,683.0,Gross Irrigated Area,Canal,Government,2684.0,Karimnagar,2019,7537.0,5141.166666666667,-4853.0,-64.38901419662996
151122,2019-2020,Telangana,36,Rajanna Sircilla,683.0,Net Irrigated Area,Canal,Government,2684.0,Karimnagar,2019,2684.0,4790.142857142857,0.0,0.0
158880,2020-2021,Telangana,36,Rajanna Sircilla,683.0,Gross Irrigated Area,Canal,Government,31204.0,Karimnagar,2020,2684.0,4526.875,28520.0,1062.5931445603576
158886,2020-2021,Telangana,36,Rajanna Sircilla,683.0,Net Irrigated Area,Canal,Government,29670.0,Karimnagar,2020,31204.0,7491.0,-1534.0,-4.916036405589027
164472,2021-2022,Telangana,36,Rajanna Sircilla,683.0,Gross Irrigated Area,Canal,Government,64975.0,Karimnagar,2021,29670.0,9708.9,35305.0,118.99224806201549
164478,2021-2022,Telangana,36,Rajanna Sircilla,683.0,Net Irrigated Area,Canal,Government,27442.0,Karimnagar,2021,64975.0,14733.09090909091,-37533.0,-57.765294343978454
171036,2022-2023,Telangana,36,Rajanna Sircilla,683.0,Gross Irrigated Area,Canal,Government,3784.0,Karimnagar,2022,27442.0,15792.166666666666,-23658.0,-86.21091757160558
171042,2022-2023,Telangana,36,Rajanna Sircilla,683.0,Net Irrigated Area,Canal,Government,1853.0,Karimnagar,2022,3784.0,14868.461538461539,-1931.0,-51.030655391120504
128401,2016-2017,Telangana,36,Rajanna Sircilla,683.0,Gross Irrigated Area,Canal,Private,5660.5,Karimnagar,2016,,,,
128407,2016-2017,Telangana,36,Rajanna Sircilla,683.0,Net Irrigated Area,Canal,Private,5660.5,Karimnagar,2016,5660.5,5660.5,0.0,0.0
135901,2017-2018,Telangana,36,Rajanna Sircilla,683.0,Gross Irrigated Area,Canal,Private,5660.5,Karimnagar,2017,5660.5,5660.5,0.0,0.0
135907,2017-2018,Telangana,36,Rajanna Sircilla,683.0,Net Irrigated Area,Canal,Private,5660.5,Karimnagar,2017,5660.5,5660.5,0.0,0.0
143461,2018-2019,Telangana,36,Rajanna Sircilla,683.0,Gross Irrigated Area,Canal,Private,5660.5,Karimnagar,2018,5660.5,5660.5,0.0,0.0
143467,2018-2019,Telangana,36,Rajanna Sircilla,683.0,Net Irrigated Area,Canal,Private,5660.5,Karimnagar,2018,5660.5,5660.5,0.0,0.0
151117,2019-2020,Telangana,36,Rajanna Sircilla,683.0,Gross Irrigated Area,Canal,Private,5660.5,Karimnagar,2019,5660.5,5660.5,0.0,0.0
151123,2019-2020,Telangana,36,Rajanna Sircilla,683.0,Net Irrigated Area,Canal,Private,5660.5,Karimnagar,2019,5660.5,5660.5,0.0,0.0
158881,2020-2021,Telangana,36,Rajanna Sircilla,683.0,Gross Irrigated Area,Canal,Private,5660.5,Karimnagar,2020,5660.5,5660.5,0.0,0.0
158887,2020-2021,Telangana,36,Rajanna Sircilla,683.0,Net Irrigated Area,Canal,Private,5660.5,Karimnagar,2020,5660.5,5660.5,0.0,0.0
164473,2021-2022,Telangana,36,Rajanna Sircilla,683.0,Gross Irrigated Area,Canal,Private,5660.5,Karimnagar,2021,5660.5,5660.5,0.0,0.0
164479,2021-2022,Telangana,36,Rajanna Sircilla,683.0,Net Irrigated Area,Canal,Private,5660.5,Karimnagar,2021,5660.5,5660.5,0.0,0.0
171037,2022-2023,Telangana,36,Rajanna Sircilla,683.0,Gross Irrigated Area,Canal,Private,5660.5,Karimnagar,2022,5660.5,5660.5,0.0,0.0
171043,2022-2023,Telangana,36,Rajanna Sircilla,683.0,Net Irrigated Area,Canal,Private,5660.5,Karimnagar,2022,5660.5,5660.5,0.0,0.0
128402,2016-2017,Telangana,36,Rajanna Sircilla,683.0,Gross Irrigated Area,Other Source,Other Source,341.5,Karimnagar,2016,,,,
128408,2016-2017,Telangana,36,Rajanna Sircilla,683.0,Net Irrigated Area,Other Source,Other Source,341.5,Karimnagar,2016,341.5,341.5,0.0,0.0
135902,2017-2018,Telangana,36,Rajanna Sircilla,683.0,Gross Irrigated Area,Other Source,Other Source,341.5,Karimnagar,2017,341.5,341.5,0.0,0.0
135908,2017-2018,Telangana,36,Rajanna Sircilla,683.0,Net Irrigated Area,Other Source,Other Source,341.5,Karimnagar,2017,341.5,341.5,0.0,0.0
143462,2018-2019,Telangana,36,Rajanna Sircilla,683.0,Gross Irrigated Area,Other Source,Other Source,341.5,Karimnagar,2018,341.5,341.5,0.0,0.0
143468,2018-2019,Telangana,36,Rajanna Sircilla,683.0,Net Irrigated Area,Other Source,Other Source,341.5,Karimnagar,2018,341.5,341.5,0.0,0.0
151118,2019-2020,Telangana,36,Rajanna Sircilla,683.0,Gross Irrigated Area,Other Source,Other Source,48.0,Karimnagar,2019,341.5,341.5,-293.5,-85.94436310395315
151124,2019-2020,Telangana,36,Rajanna Sircilla,683.0,Net Irrigated Area,Other Source,Other Source,48.0,Karimnagar,2019,48.0,299.57142857142856,0.0,0.0
158882,2020-2021,Telangana,36,Rajanna Sircilla,683.0,Gross Irrigated Area,Other Source,Other Source,948.0,Karimnagar,2020,48.0,268.125,900.0,1875.0
158888,2020-2021,Telangana,36,Rajanna Sircilla,683.0,Net Irrigated Area,Other Source,Other Source,635.0,Karimnagar,2020,948.0,343.6666666666667,-313.0,-33.016877637130804
164474,2021-2022,Telangana,36,Rajanna Sircilla,683.0,Gross Irrigated Area,Other Source,Other Source,341.5,Karimnagar,2021,635.0,372.8,-293.5,-46.22047244094488
164480,2021-2022,Telangana,36,Rajanna Sircilla,683.0,Net Irrigated Area,Other Source,Other Source,341.5,Karimnagar,2021,341.5,369.95454545454544,0.0,0.0
171038,2022-2023,Telangana,36,Rajanna Sircilla,683.0,Gross Irrigated Area,Other Source,Other Source,341.5,Karimnagar,2022,341.5,367.5833333333333,0.0,0.0
171044,2022-2023,Telangana,36,Rajanna Sircilla,683.0,Net Irrigated Area,Other Source,Other Source,341.5,Karimnagar,2022,341.5,365.5769230769231,0.0,0.0
128403,2016-2017,Telangana,36,Rajanna Sircilla,683.0,Gross Irrigated Area,Tank,Tank,13733.0,Karimnagar,2016,,,,
128409,2016-2017,Telangana,36,Rajanna Sircilla,683.0,Net Irrigated Area,Tank,Tank,10701.0,Karimnagar,2016,13733.0,13733.0,-3032.0,-22.07820578169373
135903,2017-2018,Telangana,36,Rajanna Sircilla,683.0,Gross Irrigated Area,Tank,Tank,5592.0,Karimnagar,2017,10701.0,12217.0,-5109.0,-47.743201569946734
135909,2017-2018,Telangana,36,Rajanna Sircilla,683.0,Net Irrigated Area,Tank,Tank,5592.0,Karimnagar,2017,5592.0,10008.666666666666,0.0,0.0
143463,2018-2019,Telangana,36,Rajanna Sircilla,683.0,Gross Irrigated Area,Tank,Tank,7730.0,Karimnagar,2018,5592.0,8904.5,2138.0,38.23319027181688
143469,2018-2019,Telangana,36,Rajanna Sircilla,683.0,Net Irrigated Area,Tank,Tank,1082.0,Karimnagar,2018,7730.0,8669.6,-6648.0,-86.0025873221216
151119,2019-2020,Telangana,36,Rajanna Sircilla,683.0,Gross Irrigated Area,Tank,Tank,9065.0,Karimnagar,2019,1082.0,7405.0,7983.0,737.8003696857671
151125,2019-2020,Telangana,36,Rajanna Sircilla,683.0,Net Irrigated Area,Tank,Tank,8521.0,Karimnagar,2019,9065.0,7642.142857142857,-544.0,-6.001103143960287
158883,2020-2021,Telangana,36,Rajanna Sircilla,683.0,Gross Irrigated Area,Tank,Tank,8320.0,Karimnagar,2020,8521.0,7752.0,-201.0,-2.3588780659547
158889,2020-2021,Telangana,36,Rajanna Sircilla,683.0,Net Irrigated Area,Tank,Tank,7904.0,Karimnagar,2020,8320.0,7815.111111111111,-416.0,-5.0
164475,2021-2022,Telangana,36,Rajanna Sircilla,683.0,Gross Irrigated Area,Tank,Tank,9845.0,Karimnagar,2021,7904.0,7824.0,1941.0,24.557186234817813
164481,2021-2022,Telangana,36,Rajanna Sircilla,683.0,Net Irrigated Area,Tank,Tank,8073.0,Karimnagar,2021,9845.0,8007.727272727273,-1772.0,-17.998984255967496
171039,2022-2023,Telangana,36,Rajanna Sircilla,683.0,Gross Irrigated Area,Tank,Tank,8250.0,Karimnagar,2022,8073.0,8013.166666666667,177.0,2.192493496841323
171045,2022-2023,Telangana,36,Rajanna Sircilla,683.0,Net Irrigated Area,Tank,Tank,6828.0,Karimnagar,2022,8250.0,8031.384615384615,-1422.0,-17.236363636363635
128404,2016-2017,Telangana,36,Rajanna Sircilla,683.0,Gross Irrigated Area,Well,Other Well,28024.0,Karimnagar,2016,,,,
128410,2016-2017,Telangana,36,Rajanna Sircilla,683.0,Net Irrigated Area,Well,Other Well,23820.0,Karimnagar,2016,28024.0,28024.0,-4204.0,-15.00142734798744
135904,2017-2018,Telangana,36,Rajanna Sircilla,683.0,Gross Irrigated Area,Well,Other Well,23193.0,Karimnagar,2017,23820.0,25922.0,-627.0,-2.632241813602015
135910,2017-2018,Telangana,36,Rajanna Sircilla,683.0,Net Irrigated Area,Well,Other Well,18091.0,Karimnagar,2017,23193.0,25012.333333333332,-5102.0,-21.998016642952614
143464,2018-2019,Telangana,36,Rajanna Sircilla,683.0,Gross Irrigated Area,Well,Other Well,11865.0,Karimnagar,2018,18091.0,23282.0,-6226.0,-34.41490243767619
143470,2018-2019,Telangana,36,Rajanna Sircilla,683.0,Net Irrigated Area,Well,Other Well,6170.0,Karimnagar,2018,11865.0,20998.6,-5695.0,-47.99831436999579
151120,2019-2020,Telangana,36,Rajanna Sircilla,683.0,Gross Irrigated Area,Well,Other Well,27069.0,Karimnagar,2019,6170.0,18527.166666666668,20899.0,338.7196110210697
151126,2019-2020,Telangana,36,Rajanna Sircilla,683.0,Net Irrigated Area,Well,Other Well,15684.0,Karimnagar,2019,27069.0,19747.428571428572,-11385.0,-42.059182090213895
158884,2020-2021,Telangana,36,Rajanna Sircilla,683.0,Gross Irrigated Area,Well,Other Well,31912.0,Karimnagar,2020,15684.0,19239.5,16228.0,103.46850293292526
158890,2020-2021,Telangana,36,Rajanna Sircilla,683.0,Net Irrigated Area,Well,Other Well,19033.0,Karimnagar,2020,31912.0,20647.555555555555,-12879.0,-40.35785911255954
164476,2021-2022,Telangana,36,Rajanna Sircilla,683.0,Gross Irrigated Area,Well,Other Well,17529.0,Karimnagar,2021,19033.0,20486.1,-1504.0,-7.902064834760679
164482,2021-2022,Telangana,36,Rajanna Sircilla,683.0,Net Irrigated Area,Well,Other Well,9991.0,Karimnagar,2021,17529.0,20217.272727272728,-7538.0,-43.00302356095613
171040,2022-2023,Telangana,36,Rajanna Sircilla,683.0,Gross Irrigated Area,Well,Other Well,44866.0,Karimnagar,2022,9991.0,19365.083333333332,34875.0,349.06415774196773
171046,2022-2023,Telangana,36,Rajanna Sircilla,683.0,Net Irrigated Area,Well,Other Well,27111.0,Karimnagar,2022,44866.0,21326.69230769231,-17755.0,-39.57339633575536
128405,2016-2017,Telangana,36,Rajanna Sircilla,683.0,Gross Irrigated Area,Well,Tubewell,17917.0,Karimnagar,2016,,,,
128411,2016-2017,Telangana,36,Rajanna Sircilla,683.0,Net Irrigated Area,Well,Tubewell,10929.0,Karimnagar,2016,17917.0,17917.0,-6988.0,-39.002065077859015
135905,2017-2018,Telangana,36,Rajanna Sircilla,683.0,Gross Irrigated Area,Well,Tubewell,22283.0,Karimnagar,2017,10929.0,14423.0,11354.0,103.88873638942265
135911,2017-2018,Telangana,36,Rajanna Sircilla,683.0,Net Irrigated Area,Well,Tubewell,11522.0,Karimnagar,2017,22283.0,17043.0,-10761.0,-48.29242023066912
143465,2018-2019,Telangana,36,Rajanna Sircilla,683.0,Gross Irrigated Area,Well,Tubewell,21094.0,Karimnagar,2018,11522.0,15662.75,9572.0,83.07585488630446
143471,2018-2019,Telangana,36,Rajanna Sircilla,683.0,Net Irrigated Area,Well,Tubewell,13762.0,Karimnagar,2018,21094.0,16749.0,-7332.0,-34.75869915615815
151121,2019-2020,Telangana,36,Rajanna Sircilla,683.0,Gross Irrigated Area,Well,Tubewell,60189.0,Karimnagar,2019,13762.0,16251.166666666666,46427.0,337.35648888242986
151127,2019-2020,Telangana,36,Rajanna Sircilla,683.0,Net Irrigated Area,Well,Tubewell,29978.0,Karimnagar,2019,60189.0,22528.0,-30211.0,-50.19355696223562
158885,2020-2021,Telangana,36,Rajanna Sircilla,683.0,Gross Irrigated Area,Well,Tubewell,61896.0,Karimnagar,2020,29978.0,23459.25,31918.0,106.47141236907065
158891,2020-2021,Telangana,36,Rajanna Sircilla,683.0,Net Irrigated Area,Well,Tubewell,34729.0,Karimnagar,2020,61896.0,27730.0,-27167.0,-43.89136616259532
164477,2021-2022,Telangana,36,Rajanna Sircilla,683.0,Gross Irrigated Area,Well,Tubewell,33991.0,Karimnagar,2021,34729.0,28429.9,-738.0,-2.12502519508192
164483,2021-2022,Telangana,36,Rajanna Sircilla,683.0,Net Irrigated Area,Well,Tubewell,20075.0,Karimnagar,2021,33991.0,28935.454545454544,-13916.0,-40.940248889411905
171041,2022-2023,Telangana,36,Rajanna Sircilla,683.0,Gross Irrigated Area,Well,Tubewell,92721.0,Karimnagar,2022,20075.0,28197.083333333332,72646.0,361.87297633872976
171047,2022-2023,Telangana,36,Rajanna Sircilla,683.0,Net Irrigated Area,Well,Tubewell,56536.0,Karimnagar,2022,92721.0,33160.46153846154,-36185.0,-39.02567918810194
113808,2014-2015,Telangana,36,Ranga Reddy,518.0,Gross Irrigated Area,Canal,Government,505.0,Ranga Reddy,2014,,,,
113814,2014-2015,Telangana,36,Ranga Reddy,518.0,Net Irrigated Area,Canal,Government,294.0,Ranga Reddy,2014,505.0,505.0,-211.0,-41.78217821782178
121020,2015-2016,Telangana,36,Ranga Reddy,518.0,Gross Irrigated Area,Canal,Government,1671.0,Ranga Reddy,2015,294.0,399.5,1377.0,468.3673469387755
121026,2015-2016,Telangana,36,Ranga Reddy,518.0,Net Irrigated Area,Canal,Government,1671.0,Ranga Reddy,2015,1671.0,823.3333333333334,0.0,0.0
128412,2016-2017,Telangana,36,Ranga Reddy,518.0,Gross Irrigated Area,Canal,Government,1671.0,Ranga Reddy,2016,1671.0,1035.25,0.0,0.0
128418,2016-2017,Telangana,36,Ranga Reddy,518.0,Net Irrigated Area,Canal,Government,1671.0,Ranga Reddy,2016,1671.0,1162.4,0.0,0.0
135912,2017-2018,Telangana,36,Ranga Reddy,518.0,Gross Irrigated Area,Canal,Government,2640.0,Ranga Reddy,2017,1671.0,1247.1666666666667,969.0,57.989228007181325
135918,2017-2018,Telangana,36,Ranga Reddy,518.0,Net Irrigated Area,Canal,Government,2640.0,Ranga Reddy,2017,2640.0,1446.142857142857,0.0,0.0
143472,2018-2019,Telangana,36,Ranga Reddy,518.0,Gross Irrigated Area,Canal,Government,702.0,Ranga Reddy,2018,2640.0,1595.375,-1938.0,-73.4090909090909
143478,2018-2019,Telangana,36,Ranga Reddy,518.0,Net Irrigated Area,Canal,Government,702.0,Ranga Reddy,2018,702.0,1496.111111111111,0.0,0.0
151128,2019-2020,Telangana,36,Ranga Reddy,518.0,Gross Irrigated Area,Canal,Government,3176.0,Ranga Reddy,2019,702.0,1416.7,2474.0,352.4216524216524
151134,2019-2020,Telangana,36,Ranga Reddy,518.0,Net Irrigated Area,Canal,Government,3176.0,Ranga Reddy,2019,3176.0,1576.6363636363637,0.0,0.0
158892,2020-2021,Telangana,36,Ranga Reddy,518.0,Gross Irrigated Area,Canal,Government,1671.0,Ranga Reddy,2020,3176.0,1709.9166666666667,-1505.0,-47.386649874055415
158898,2020-2021,Telangana,36,Ranga Reddy,518.0,Net Irrigated Area,Canal,Government,1671.0,Ranga Reddy,2020,1671.0,1706.923076923077,0.0,0.0
164484,2021-2022,Telangana,36,Ranga Reddy,518.0,Gross Irrigated Area,Canal,Government,1671.0,Ranga Reddy,2021,1671.0,1704.357142857143,0.0,0.0
164490,2021-2022,Telangana,36,Ranga Reddy,518.0,Net Irrigated Area,Canal,Government,1671.0,Ranga Reddy,2021,1671.0,1702.1333333333334,0.0,0.0
171048,2022-2023,Telangana,36,Ranga Reddy,518.0,Gross Irrigated Area,Canal,Government,1671.0,Ranga Reddy,2022,1671.0,1700.1875,0.0,0.0
171054,2022-2023,Telangana,36,Ranga Reddy,518.0,Net Irrigated Area,Canal,Government,1671.0,Ranga Reddy,2022,1671.0,1698.4705882352941,0.0,0.0
113809,2014-2015,Telangana,36,Ranga Reddy,518.0,Gross Irrigated Area,Canal,Private,1671.0,Ranga Reddy,2014,,,,
113815,2014-2015,Telangana,36,Ranga Reddy,518.0,Net Irrigated Area,Canal,Private,1671.0,Ranga Reddy,2014,1671.0,1671.0,0.0,0.0
121021,2015-2016,Telangana,36,Ranga Reddy,518.0,Gross Irrigated Area,Canal,Private,1671.0,Ranga Reddy,2015,1671.0,1671.0,0.0,0.0
121027,2015-2016,Telangana,36,Ranga Reddy,518.0,Net Irrigated Area,Canal,Private,1671.0,Ranga Reddy,2015,1671.0,1671.0,0.0,0.0
128413,2016-2017,Telangana,36,Ranga Reddy,518.0,Gross Irrigated Area,Canal,Private,1671.0,Ranga Reddy,2016,1671.0,1671.0,0.0,0.0
128419,2016-2017,Telangana,36,Ranga Reddy,518.0,Net Irrigated Area,Canal,Private,1671.0,Ranga Reddy,2016,1671.0,1671.0,0.0,0.0
135913,2017-2018,Telangana,36,Ranga Reddy,518.0,Gross Irrigated Area,Canal,Private,1671.0,Ranga Reddy,2017,1671.0,1671.0,0.0,0.0
135919,2017-2018,Telangana,36,Ranga Reddy,518.0,Net Irrigated Area,Canal,Private,1671.0,Ranga Reddy,2017,1671.0,1671.0,0.0,0.0
143473,2018-2019,Telangana,36,Ranga Reddy,518.0,Gross Irrigated Area,Canal,Private,1671.0,Ranga Reddy,2018,1671.0,1671.0,0.0,0.0
143479,2018-2019,Telangana,36,Ranga Reddy,518.0,Net Irrigated Area,Canal,Private,1671.0,Ranga Reddy,2018,1671.0,1671.0,0.0,0.0
151129,2019-2020,Telangana,36,Ranga Reddy,518.0,Gross Irrigated Area,Canal,Private,1671.0,Ranga Reddy,2019,1671.0,1671.0,0.0,0.0
151135,2019-2020,Telangana,36,Ranga Reddy,518.0,Net Irrigated Area,Canal,Private,1671.0,Ranga Reddy,2019,1671.0,1671.0,0.0,0.0
158893,2020-2021,Telangana,36,Ranga Reddy,518.0,Gross Irrigated Area,Canal,Private,1671.0,Ranga Reddy,2020,1671.0,1671.0,0.0,0.0
158899,2020-2021,Telangana,36,Ranga Reddy,518.0,Net Irrigated Area,Canal,Private,1671.0,Ranga Reddy,2020,1671.0,1671.0,0.0,0.0
164485,2021-2022,Telangana,36,Ranga Reddy,518.0,Gross Irrigated Area,Canal,Private,1671.0,Ranga Reddy,2021,1671.0,1671.0,0.0,0.0
164491,2021-2022,Telangana,36,Ranga Reddy,518.0,Net Irrigated Area,Canal,Private,1671.0,Ranga Reddy,2021,1671.0,1671.0,0.0,0.0
171049,2022-2023,Telangana,36,Ranga Reddy,518.0,Gross Irrigated Area,Canal,Private,1671.0,Ranga Reddy,2022,1671.0,1671.0,0.0,0.0
171055,2022-2023,Telangana,36,Ranga Reddy,518.0,Net Irrigated Area,Canal,Private,1671.0,Ranga Reddy,2022,1671.0,1671.0,0.0,0.0
113810,2014-2015,Telangana,36,Ranga Reddy,518.0,Gross Irrigated Area,Other Source,Other Source,2835.0,Ranga Reddy,2014,,,,
113816,2014-2015,Telangana,36,Ranga Reddy,518.0,Net Irrigated Area,Other Source,Other Source,2266.0,Ranga Reddy,2014,2835.0,2835.0,-569.0,-20.070546737213405
121022,2015-2016,Telangana,36,Ranga Reddy,518.0,Gross Irrigated Area,Other Source,Other Source,2404.0,Ranga Reddy,2015,2266.0,2550.5,138.0,6.090026478375993
121028,2015-2016,Telangana,36,Ranga Reddy,518.0,Net Irrigated Area,Other Source,Other Source,1336.0,Ranga Reddy,2015,2404.0,2501.6666666666665,-1068.0,-44.42595673876872
128414,2016-2017,Telangana,36,Ranga Reddy,518.0,Gross Irrigated Area,Other Source,Other Source,1074.0,Ranga Reddy,2016,1336.0,2210.25,-262.0,-19.610778443113773
128420,2016-2017,Telangana,36,Ranga Reddy,518.0,Net Irrigated Area,Other Source,Other Source,956.0,Ranga Reddy,2016,1074.0,1983.0,-118.0,-10.986964618249534
135914,2017-2018,Telangana,36,Ranga Reddy,518.0,Gross Irrigated Area,Other Source,Other Source,334.0,Ranga Reddy,2017,956.0,1811.8333333333333,-622.0,-65.06276150627615
135920,2017-2018,Telangana,36,Ranga Reddy,518.0,Net Irrigated Area,Other Source,Other Source,30.0,Ranga Reddy,2017,334.0,1600.7142857142858,-304.0,-91.01796407185628
143474,2018-2019,Telangana,36,Ranga Reddy,518.0,Gross Irrigated Area,Other Source,Other Source,204.0,Ranga Reddy,2018,30.0,1404.375,174.0,580.0
143480,2018-2019,Telangana,36,Ranga Reddy,518.0,Net Irrigated Area,Other Source,Other Source,149.0,Ranga Reddy,2018,204.0,1271.0,-55.0,-26.96078431372549
151130,2019-2020,Telangana,36,Ranga Reddy,518.0,Gross Irrigated Area,Other Source,Other Source,790.0,Ranga Reddy,2019,149.0,1158.8,641.0,430.2013422818792
151136,2019-2020,Telangana,36,Ranga Reddy,518.0,Net Irrigated Area,Other Source,Other Source,434.0,Ranga Reddy,2019,790.0,1125.2727272727273,-356.0,-45.063291139240505
158894,2020-2021,Telangana,36,Ranga Reddy,518.0,Gross Irrigated Area,Other Source,Other Source,3125.0,Ranga Reddy,2020,434.0,1067.6666666666667,2691.0,620.0460829493087
158900,2020-2021,Telangana,36,Ranga Reddy,518.0,Net Irrigated Area,Other Source,Other Source,2218.0,Ranga Reddy,2020,3125.0,1225.923076923077,-907.0,-29.024
164486,2021-2022,Telangana,36,Ranga Reddy,518.0,Gross Irrigated Area,Other Source,Other Source,960.0,Ranga Reddy,2021,2218.0,1296.7857142857142,-1258.0,-56.71776375112714
164492,2021-2022,Telangana,36,Ranga Reddy,518.0,Net Irrigated Area,Other Source,Other Source,672.0,Ranga Reddy,2021,960.0,1274.3333333333333,-288.0,-30.0
171050,2022-2023,Telangana,36,Ranga Reddy,518.0,Gross Irrigated Area,Other Source,Other Source,1804.0,Ranga Reddy,2022,672.0,1236.6875,1132.0,168.45238095238096
171056,2022-2023,Telangana,36,Ranga Reddy,518.0,Net Irrigated Area,Other Source,Other Source,893.0,Ranga Reddy,2022,1804.0,1270.0588235294117,-911.0,-50.49889135254989
113811,2014-2015,Telangana,36,Ranga Reddy,518.0,Gross Irrigated Area,Tank,Tank,751.0,Ranga Reddy,2014,,,,
113817,2014-2015,Telangana,36,Ranga Reddy,518.0,Net Irrigated Area,Tank,Tank,488.0,Ranga Reddy,2014,751.0,751.0,-263.0,-35.01997336884155
121023,2015-2016,Telangana,36,Ranga Reddy,518.0,Gross Irrigated Area,Tank,Tank,483.0,Ranga Reddy,2015,488.0,619.5,-5.0,-1.0245901639344261
121029,2015-2016,Telangana,36,Ranga Reddy,518.0,Net Irrigated Area,Tank,Tank,483.0,Ranga Reddy,2015,483.0,574.0,0.0,0.0
128415,2016-2017,Telangana,36,Ranga Reddy,518.0,Gross Irrigated Area,Tank,Tank,1590.0,Ranga Reddy,2016,483.0,551.25,1107.0,229.19254658385094
128421,2016-2017,Telangana,36,Ranga Reddy,518.0,Net Irrigated Area,Tank,Tank,1124.0,Ranga Reddy,2016,1590.0,759.0,-466.0,-29.30817610062893
135915,2017-2018,Telangana,36,Ranga Reddy,518.0,Gross Irrigated Area,Tank,Tank,2035.0,Ranga Reddy,2017,1124.0,819.8333333333334,911.0,81.04982206405694
135921,2017-2018,Telangana,36,Ranga Reddy,518.0,Net Irrigated Area,Tank,Tank,2035.0,Ranga Reddy,2017,2035.0,993.4285714285714,0.0,0.0
143475,2018-2019,Telangana,36,Ranga Reddy,518.0,Gross Irrigated Area,Tank,Tank,1934.0,Ranga Reddy,2018,2035.0,1123.625,-101.0,-4.963144963144963
143481,2018-2019,Telangana,36,Ranga Reddy,518.0,Net Irrigated Area,Tank,Tank,1002.0,Ranga Reddy,2018,1934.0,1213.6666666666667,-932.0,-48.19027921406411
151131,2019-2020,Telangana,36,Ranga Reddy,518.0,Gross Irrigated Area,Tank,Tank,1002.0,Ranga Reddy,2019,1002.0,1192.5,0.0,0.0
151137,2019-2020,Telangana,36,Ranga Reddy,518.0,Net Irrigated Area,Tank,Tank,1002.0,Ranga Reddy,2019,1002.0,1175.1818181818182,0.0,0.0
158895,2020-2021,Telangana,36,Ranga Reddy,518.0,Gross Irrigated Area,Tank,Tank,796.0,Ranga Reddy,2020,1002.0,1160.75,-206.0,-20.55888223552894
158901,2020-2021,Telangana,36,Ranga Reddy,518.0,Net Irrigated Area,Tank,Tank,1002.0,Ranga Reddy,2020,796.0,1132.6923076923076,206.0,25.879396984924625
164487,2021-2022,Telangana,36,Ranga Reddy,518.0,Gross Irrigated Area,Tank,Tank,3507.0,Ranga Reddy,2021,1002.0,1123.357142857143,2505.0,250.0
164493,2021-2022,Telangana,36,Ranga Reddy,518.0,Net Irrigated Area,Tank,Tank,1754.0,Ranga Reddy,2021,3507.0,1282.2666666666667,-1753.0,-49.98574280011406
171051,2022-2023,Telangana,36,Ranga Reddy,518.0,Gross Irrigated Area,Tank,Tank,178.0,Ranga Reddy,2022,1754.0,1311.75,-1576.0,-89.85176738882555
171057,2022-2023,Telangana,36,Ranga Reddy,518.0,Net Irrigated Area,Tank,Tank,89.0,Ranga Reddy,2022,178.0,1245.0588235294117,-89.0,-50.0
113812,2014-2015,Telangana,36,Ranga Reddy,518.0,Gross Irrigated Area,Well,Other Well,1378.0,Ranga Reddy,2014,,,,
113818,2014-2015,Telangana,36,Ranga Reddy,518.0,Net Irrigated Area,Well,Other Well,1092.0,Ranga Reddy,2014,1378.0,1378.0,-286.0,-20.754716981132077
121024,2015-2016,Telangana,36,Ranga Reddy,518.0,Gross Irrigated Area,Well,Other Well,1204.0,Ranga Reddy,2015,1092.0,1235.0,112.0,10.256410256410255
121030,2015-2016,Telangana,36,Ranga Reddy,518.0,Net Irrigated Area,Well,Other Well,930.0,Ranga Reddy,2015,1204.0,1224.6666666666667,-274.0,-22.757475083056477
128416,2016-2017,Telangana,36,Ranga Reddy,518.0,Gross Irrigated Area,Well,Other Well,1148.0,Ranga Reddy,2016,930.0,1151.0,218.0,23.440860215053764
128422,2016-2017,Telangana,36,Ranga Reddy,518.0,Net Irrigated Area,Well,Other Well,1148.0,Ranga Reddy,2016,1148.0,1150.4,0.0,0.0
135916,2017-2018,Telangana,36,Ranga Reddy,518.0,Gross Irrigated Area,Well,Other Well,1148.0,Ranga Reddy,2017,1148.0,1150.0,0.0,0.0
135922,2017-2018,Telangana,36,Ranga Reddy,518.0,Net Irrigated Area,Well,Other Well,1148.0,Ranga Reddy,2017,1148.0,1149.7142857142858,0.0,0.0
143476,2018-2019,Telangana,36,Ranga Reddy,518.0,Gross Irrigated Area,Well,Other Well,1148.0,Ranga Reddy,2018,1148.0,1149.5,0.0,0.0
143482,2018-2019,Telangana,36,Ranga Reddy,518.0,Net Irrigated Area,Well,Other Well,1148.0,Ranga Reddy,2018,1148.0,1149.3333333333333,0.0,0.0
151132,2019-2020,Telangana,36,Ranga Reddy,518.0,Gross Irrigated Area,Well,Other Well,1148.0,Ranga Reddy,2019,1148.0,1149.2,0.0,0.0
151138,2019-2020,Telangana,36,Ranga Reddy,518.0,Net Irrigated Area,Well,Other Well,1148.0,Ranga Reddy,2019,1148.0,1149.090909090909,0.0,0.0
158896,2020-2021,Telangana,36,Ranga Reddy,518.0,Gross Irrigated Area,Well,Other Well,1148.0,Ranga Reddy,2020,1148.0,1149.0,0.0,0.0
158902,2020-2021,Telangana,36,Ranga Reddy,518.0,Net Irrigated Area,Well,Other Well,1148.0,Ranga Reddy,2020,1148.0,1148.923076923077,0.0,0.0
164488,2021-2022,Telangana,36,Ranga Reddy,518.0,Gross Irrigated Area,Well,Other Well,1148.0,Ranga Reddy,2021,1148.0,1148.857142857143,0.0,0.0
164494,2021-2022,Telangana,36,Ranga Reddy,518.0,Net Irrigated Area,Well,Other Well,1148.0,Ranga Reddy,2021,1148.0,1148.8,0.0,0.0
171052,2022-2023,Telangana,36,Ranga Reddy,518.0,Gross Irrigated Area,Well,Other Well,1148.0,Ranga Reddy,2022,1148.0,1148.75,0.0,0.0
171058,2022-2023,Telangana,36,Ranga Reddy,518.0,Net Irrigated Area,Well,Other Well,1148.0,Ranga Reddy,2022,1148.0,1148.7058823529412,0.0,0.0
113813,2014-2015,Telangana,36,Ranga Reddy,518.0,Gross Irrigated Area,Well,Tubewell,79064.0,Ranga Reddy,2014,,,,
113819,2014-2015,Telangana,36,Ranga Reddy,518.0,Net Irrigated Area,Well,Tubewell,59193.0,Ranga Reddy,2014,79064.0,79064.0,-19871.0,-25.1328038045128
121025,2015-2016,Telangana,36,Ranga Reddy,518.0,Gross Irrigated Area,Well,Tubewell,62026.0,Ranga Reddy,2015,59193.0,69128.5,2833.0,4.786038889733583
121031,2015-2016,Telangana,36,Ranga Reddy,518.0,Net Irrigated Area,Well,Tubewell,44563.0,Ranga Reddy,2015,62026.0,66761.0,-17463.0,-28.154322380937025
128417,2016-2017,Telangana,36,Ranga Reddy,518.0,Gross Irrigated Area,Well,Tubewell,48749.0,Ranga Reddy,2016,44563.0,61211.5,4186.0,9.393442990821981
128423,2016-2017,Telangana,36,Ranga Reddy,518.0,Net Irrigated Area,Well,Tubewell,36562.0,Ranga Reddy,2016,48749.0,58719.0,-12187.0,-24.99948716896757
135917,2017-2018,Telangana,36,Ranga Reddy,518.0,Gross Irrigated Area,Well,Tubewell,54705.0,Ranga Reddy,2017,36562.0,55026.166666666664,18143.0,49.622558940976965
135923,2017-2018,Telangana,36,Ranga Reddy,518.0,Net Irrigated Area,Well,Tubewell,38555.0,Ranga Reddy,2017,54705.0,54980.28571428572,-16150.0,-29.52198153733662
143477,2018-2019,Telangana,36,Ranga Reddy,518.0,Gross Irrigated Area,Well,Tubewell,51716.0,Ranga Reddy,2018,38555.0,52927.125,13161.0,34.13565036960187
143483,2018-2019,Telangana,36,Ranga Reddy,518.0,Net Irrigated Area,Well,Tubewell,39860.0,Ranga Reddy,2018,51716.0,52792.555555555555,-11856.0,-22.92520689921881
151133,2019-2020,Telangana,36,Ranga Reddy,518.0,Gross Irrigated Area,Well,Tubewell,63747.0,Ranga Reddy,2019,39860.0,51499.3,23887.0,59.92724535875564
151139,2019-2020,Telangana,36,Ranga Reddy,518.0,Net Irrigated Area,Well,Tubewell,42214.0,Ranga Reddy,2019,63747.0,52612.72727272727,-21533.0,-33.77884449464288
158897,2020-2021,Telangana,36,Ranga Reddy,518.0,Gross Irrigated Area,Well,Tubewell,98410.0,Ranga Reddy,2020,42214.0,51746.166666666664,56196.0,133.1217131757237
158903,2020-2021,Telangana,36,Ranga Reddy,518.0,Net Irrigated Area,Well,Tubewell,59996.0,Ranga Reddy,2020,98410.0,55335.692307692305,-38414.0,-39.034650950106695
164489,2021-2022,Telangana,36,Ranga Reddy,518.0,Gross Irrigated Area,Well,Tubewell,96009.0,Ranga Reddy,2021,59996.0,55668.57142857143,36013.0,60.02566837789186
164495,2021-2022,Telangana,36,Ranga Reddy,518.0,Net Irrigated Area,Well,Tubewell,69206.0,Ranga Reddy,2021,96009.0,58357.933333333334,-26803.0,-27.91717443156371
171053,2022-2023,Telangana,36,Ranga Reddy,518.0,Gross Irrigated Area,Well,Tubewell,129606.0,Ranga Reddy,2022,69206.0,59035.9375,60400.0,87.27566973961795
171059,2022-2023,Telangana,36,Ranga Reddy,518.0,Net Irrigated Area,Well,Tubewell,88242.0,Ranga Reddy,2022,129606.0,63187.117647058825,-41364.0,-31.915189111615206
128424,2016-2017,Telangana,36,Sangareddy,691.0,Gross Irrigated Area,Canal,Government,23186.0,Medak,2016,,,,
128430,2016-2017,Telangana,36,Sangareddy,691.0,Net Irrigated Area,Canal,Government,20624.0,Medak,2016,23186.0,23186.0,-2562.0,-11.04977141378418
135924,2017-2018,Telangana,36,Sangareddy,691.0,Gross Irrigated Area,Canal,Government,61187.0,Medak,2017,20624.0,21905.0,40563.0,196.67862684251358
135930,2017-2018,Telangana,36,Sangareddy,691.0,Net Irrigated Area,Canal,Government,48980.0,Medak,2017,61187.0,34999.0,-12207.0,-19.950316243646526
143484,2018-2019,Telangana,36,Sangareddy,691.0,Gross Irrigated Area,Canal,Government,25253.0,Medak,2018,48980.0,38494.25,-23727.0,-48.442221314822376
143490,2018-2019,Telangana,36,Sangareddy,691.0,Net Irrigated Area,Canal,Government,19755.0,Medak,2018,25253.0,35846.0,-5498.0,-21.77167069259098
151140,2019-2020,Telangana,36,Sangareddy,691.0,Gross Irrigated Area,Canal,Government,7110.0,Medak,2019,19755.0,33164.166666666664,-12645.0,-64.00911161731207
151146,2019-2020,Telangana,36,Sangareddy,691.0,Net Irrigated Area,Canal,Government,5122.0,Medak,2019,7110.0,29442.14285714286,-1988.0,-27.960618846694796
158904,2020-2021,Telangana,36,Sangareddy,691.0,Gross Irrigated Area,Canal,Government,34693.0,Medak,2020,5122.0,26402.125,29571.0,577.3330730183523
158910,2020-2021,Telangana,36,Sangareddy,691.0,Net Irrigated Area,Canal,Government,17463.0,Medak,2020,34693.0,27323.333333333332,-17230.0,-49.66419738852218
164496,2021-2022,Telangana,36,Sangareddy,691.0,Gross Irrigated Area,Canal,Government,87556.0,Medak,2021,17463.0,26337.3,70093.0,401.3800606997652
164502,2021-2022,Telangana,36,Sangareddy,691.0,Net Irrigated Area,Canal,Government,55011.0,Medak,2021,87556.0,31902.636363636364,-32545.0,-37.17049659646398
171060,2022-2023,Telangana,36,Sangareddy,691.0,Gross Irrigated Area,Canal,Government,15331.0,Medak,2022,55011.0,33828.333333333336,-39680.0,-72.13102833978658
171066,2022-2023,Telangana,36,Sangareddy,691.0,Net Irrigated Area,Canal,Government,8398.0,Medak,2022,15331.0,32405.46153846154,-6933.0,-45.22209901506751
128425,2016-2017,Telangana,36,Sangareddy,691.0,Gross Irrigated Area,Canal,Private,21905.0,Medak,2016,,,,
128431,2016-2017,Telangana,36,Sangareddy,691.0,Net Irrigated Area,Canal,Private,21905.0,Medak,2016,21905.0,21905.0,0.0,0.0
135925,2017-2018,Telangana,36,Sangareddy,691.0,Gross Irrigated Area,Canal,Private,21905.0,Medak,2017,21905.0,21905.0,0.0,0.0
135931,2017-2018,Telangana,36,Sangareddy,691.0,Net Irrigated Area,Canal,Private,21905.0,Medak,2017,21905.0,21905.0,0.0,0.0
143485,2018-2019,Telangana,36,Sangareddy,691.0,Gross Irrigated Area,Canal,Private,21905.0,Medak,2018,21905.0,21905.0,0.0,0.0
143491,2018-2019,Telangana,36,Sangareddy,691.0,Net Irrigated Area,Canal,Private,21905.0,Medak,2018,21905.0,21905.0,0.0,0.0
151141,2019-2020,Telangana,36,Sangareddy,691.0,Gross Irrigated Area,Canal,Private,21905.0,Medak,2019,21905.0,21905.0,0.0,0.0
151147,2019-2020,Telangana,36,Sangareddy,691.0,Net Irrigated Area,Canal,Private,21905.0,Medak,2019,21905.0,21905.0,0.0,0.0
158905,2020-2021,Telangana,36,Sangareddy,691.0,Gross Irrigated Area,Canal,Private,21905.0,Medak,2020,21905.0,21905.0,0.0,0.0
158911,2020-2021,Telangana,36,Sangareddy,691.0,Net Irrigated Area,Canal,Private,21905.0,Medak,2020,21905.0,21905.0,0.0,0.0
164497,2021-2022,Telangana,36,Sangareddy,691.0,Gross Irrigated Area,Canal,Private,21905.0,Medak,2021,21905.0,21905.0,0.0,0.0
164503,2021-2022,Telangana,36,Sangareddy,691.0,Net Irrigated Area,Canal,Private,21905.0,Medak,2021,21905.0,21905.0,0.0,0.0
171061,2022-2023,Telangana,36,Sangareddy,691.0,Gross Irrigated Area,Canal,Private,21905.0,Medak,2022,21905.0,21905.0,0.0,0.0
171067,2022-2023,Telangana,36,Sangareddy,691.0,Net Irrigated Area,Canal,Private,21905.0,Medak,2022,21905.0,21905.0,0.0,0.0
128426,2016-2017,Telangana,36,Sangareddy,691.0,Gross Irrigated Area,Other Source,Other Source,46.0,Medak,2016,,,,
128432,2016-2017,Telangana,36,Sangareddy,691.0,Net Irrigated Area,Other Source,Other Source,46.0,Medak,2016,46.0,46.0,0.0,0.0
135926,2017-2018,Telangana,36,Sangareddy,691.0,Gross Irrigated Area,Other Source,Other Source,50.0,Medak,2017,46.0,46.0,4.0,8.695652173913043
135932,2017-2018,Telangana,36,Sangareddy,691.0,Net Irrigated Area,Other Source,Other Source,50.0,Medak,2017,50.0,47.333333333333336,0.0,0.0
143486,2018-2019,Telangana,36,Sangareddy,691.0,Gross Irrigated Area,Other Source,Other Source,21.0,Medak,2018,50.0,48.0,-29.0,-57.99999999999999
143492,2018-2019,Telangana,36,Sangareddy,691.0,Net Irrigated Area,Other Source,Other Source,21.0,Medak,2018,21.0,42.6,0.0,0.0
151142,2019-2020,Telangana,36,Sangareddy,691.0,Gross Irrigated Area,Other Source,Other Source,25.0,Medak,2019,21.0,39.0,4.0,19.047619047619047
151148,2019-2020,Telangana,36,Sangareddy,691.0,Net Irrigated Area,Other Source,Other Source,25.0,Medak,2019,25.0,37.0,0.0,0.0
158906,2020-2021,Telangana,36,Sangareddy,691.0,Gross Irrigated Area,Other Source,Other Source,126.0,Medak,2020,25.0,35.5,101.0,404.0
158912,2020-2021,Telangana,36,Sangareddy,691.0,Net Irrigated Area,Other Source,Other Source,38.0,Medak,2020,126.0,45.55555555555556,-88.0,-69.84126984126983
164498,2021-2022,Telangana,36,Sangareddy,691.0,Gross Irrigated Area,Other Source,Other Source,128.0,Medak,2021,38.0,44.8,90.0,236.84210526315786
164504,2021-2022,Telangana,36,Sangareddy,691.0,Net Irrigated Area,Other Source,Other Source,127.0,Medak,2021,128.0,52.36363636363637,-1.0,-0.78125
171062,2022-2023,Telangana,36,Sangareddy,691.0,Gross Irrigated Area,Other Source,Other Source,236.0,Medak,2022,127.0,58.583333333333336,109.0,85.8267716535433
171068,2022-2023,Telangana,36,Sangareddy,691.0,Net Irrigated Area,Other Source,Other Source,163.0,Medak,2022,236.0,72.23076923076923,-73.0,-30.93220338983051
128427,2016-2017,Telangana,36,Sangareddy,691.0,Gross Irrigated Area,Tank,Tank,5464.0,Medak,2016,,,,
128433,2016-2017,Telangana,36,Sangareddy,691.0,Net Irrigated Area,Tank,Tank,5136.0,Medak,2016,5464.0,5464.0,-328.0,-6.002928257686676
135927,2017-2018,Telangana,36,Sangareddy,691.0,Gross Irrigated Area,Tank,Tank,3959.0,Medak,2017,5136.0,5300.0,-1177.0,-22.916666666666664
135933,2017-2018,Telangana,36,Sangareddy,691.0,Net Irrigated Area,Tank,Tank,3365.0,Medak,2017,3959.0,4853.0,-594.0,-15.003788835564535
143487,2018-2019,Telangana,36,Sangareddy,691.0,Gross Irrigated Area,Tank,Tank,2433.0,Medak,2018,3365.0,4481.0,-932.0,-27.696879643387817
143493,2018-2019,Telangana,36,Sangareddy,691.0,Net Irrigated Area,Tank,Tank,2409.0,Medak,2018,2433.0,4071.4,-24.0,-0.9864364981504316
151143,2019-2020,Telangana,36,Sangareddy,691.0,Gross Irrigated Area,Tank,Tank,5024.0,Medak,2019,2409.0,3794.3333333333335,2615.0,108.55126608551267
151149,2019-2020,Telangana,36,Sangareddy,691.0,Net Irrigated Area,Tank,Tank,4924.0,Medak,2019,5024.0,3970.0,-100.0,-1.9904458598726114
158907,2020-2021,Telangana,36,Sangareddy,691.0,Gross Irrigated Area,Tank,Tank,5150.0,Medak,2020,4924.0,4089.25,226.0,4.589764419171406
158913,2020-2021,Telangana,36,Sangareddy,691.0,Net Irrigated Area,Tank,Tank,3811.0,Medak,2020,5150.0,4207.111111111111,-1339.0,-26.0
164499,2021-2022,Telangana,36,Sangareddy,691.0,Gross Irrigated Area,Tank,Tank,6403.0,Medak,2021,3811.0,4167.5,2592.0,68.01364471267384
164505,2021-2022,Telangana,36,Sangareddy,691.0,Net Irrigated Area,Tank,Tank,4738.0,Medak,2021,6403.0,4370.727272727273,-1665.0,-26.00343588942683
171063,2022-2023,Telangana,36,Sangareddy,691.0,Gross Irrigated Area,Tank,Tank,16625.0,Medak,2022,4738.0,4401.333333333333,11887.0,250.88644997889403
171069,2022-2023,Telangana,36,Sangareddy,691.0,Net Irrigated Area,Tank,Tank,10688.0,Medak,2022,16625.0,5341.615384615385,-5937.0,-35.711278195488724
128428,2016-2017,Telangana,36,Sangareddy,691.0,Gross Irrigated Area,Well,Other Well,509.5,Medak,2016,,,,
128434,2016-2017,Telangana,36,Sangareddy,691.0,Net Irrigated Area,Well,Other Well,509.5,Medak,2016,509.5,509.5,0.0,0.0
135928,2017-2018,Telangana,36,Sangareddy,691.0,Gross Irrigated Area,Well,Other Well,755.0,Medak,2017,509.5,509.5,245.5,48.18449460255152
135934,2017-2018,Telangana,36,Sangareddy,691.0,Net Irrigated Area,Well,Other Well,755.0,Medak,2017,755.0,591.3333333333334,0.0,0.0
143488,2018-2019,Telangana,36,Sangareddy,691.0,Gross Irrigated Area,Well,Other Well,435.0,Medak,2018,755.0,632.25,-320.0,-42.384105960264904
143494,2018-2019,Telangana,36,Sangareddy,691.0,Net Irrigated Area,Well,Other Well,435.0,Medak,2018,435.0,592.8,0.0,0.0
151144,2019-2020,Telangana,36,Sangareddy,691.0,Gross Irrigated Area,Well,Other Well,509.5,Medak,2019,435.0,566.5,74.5,17.126436781609193
151150,2019-2020,Telangana,36,Sangareddy,691.0,Net Irrigated Area,Well,Other Well,509.5,Medak,2019,509.5,558.3571428571429,0.0,0.0
158908,2020-2021,Telangana,36,Sangareddy,691.0,Gross Irrigated Area,Well,Other Well,601.0,Medak,2020,509.5,552.25,91.5,17.958783120706574
158914,2020-2021,Telangana,36,Sangareddy,691.0,Net Irrigated Area,Well,Other Well,584.0,Medak,2020,601.0,557.6666666666666,-17.0,-2.828618968386023
164500,2021-2022,Telangana,36,Sangareddy,691.0,Gross Irrigated Area,Well,Other Well,126.0,Medak,2021,584.0,560.3,-458.0,-78.42465753424658
164506,2021-2022,Telangana,36,Sangareddy,691.0,Net Irrigated Area,Well,Other Well,82.0,Medak,2021,126.0,520.8181818181819,-44.0,-34.92063492063492
171064,2022-2023,Telangana,36,Sangareddy,691.0,Gross Irrigated Area,Well,Other Well,509.5,Medak,2022,82.0,484.25,427.5,521.3414634146342
171070,2022-2023,Telangana,36,Sangareddy,691.0,Net Irrigated Area,Well,Other Well,509.5,Medak,2022,509.5,486.1923076923077,0.0,0.0
128429,2016-2017,Telangana,36,Sangareddy,691.0,Gross Irrigated Area,Well,Tubewell,44807.0,Medak,2016,,,,
128435,2016-2017,Telangana,36,Sangareddy,691.0,Net Irrigated Area,Well,Tubewell,39878.0,Medak,2016,44807.0,44807.0,-4929.0,-11.000513312652041
135929,2017-2018,Telangana,36,Sangareddy,691.0,Gross Irrigated Area,Well,Tubewell,36974.0,Medak,2017,39878.0,42342.5,-2904.0,-7.282210742765434
135935,2017-2018,Telangana,36,Sangareddy,691.0,Net Irrigated Area,Well,Tubewell,29579.0,Medak,2017,36974.0,40553.0,-7395.0,-20.00054092064694
143489,2018-2019,Telangana,36,Sangareddy,691.0,Gross Irrigated Area,Well,Tubewell,43110.0,Medak,2018,29579.0,37809.5,13531.0,45.745292268163226
143495,2018-2019,Telangana,36,Sangareddy,691.0,Net Irrigated Area,Well,Tubewell,34057.0,Medak,2018,43110.0,38869.6,-9053.0,-20.99976803525864
151145,2019-2020,Telangana,36,Sangareddy,691.0,Gross Irrigated Area,Well,Tubewell,59172.0,Medak,2019,34057.0,38067.5,25115.0,73.74401738262326
151151,2019-2020,Telangana,36,Sangareddy,691.0,Net Irrigated Area,Well,Tubewell,47911.0,Medak,2019,59172.0,41082.42857142857,-11261.0,-19.03096058946799
158909,2020-2021,Telangana,36,Sangareddy,691.0,Gross Irrigated Area,Well,Tubewell,59544.0,Medak,2020,47911.0,41936.0,11633.0,24.28043664294212
158915,2020-2021,Telangana,36,Sangareddy,691.0,Net Irrigated Area,Well,Tubewell,43903.0,Medak,2020,59544.0,43892.444444444445,-15641.0,-26.267969904608357
164501,2021-2022,Telangana,36,Sangareddy,691.0,Gross Irrigated Area,Well,Tubewell,12395.0,Medak,2021,43903.0,43893.5,-31508.0,-71.76730519554472
164507,2021-2022,Telangana,36,Sangareddy,691.0,Net Irrigated Area,Well,Tubewell,9133.0,Medak,2021,12395.0,41030.0,-3262.0,-26.317063331988706
171065,2022-2023,Telangana,36,Sangareddy,691.0,Gross Irrigated Area,Well,Tubewell,116998.0,Medak,2022,9133.0,38371.916666666664,107865.0,1181.046753531151
171071,2022-2023,Telangana,36,Sangareddy,691.0,Net Irrigated Area,Well,Tubewell,72803.0,Medak,2022,116998.0,44420.07692307692,-44195.0,-37.77414998546983
128436,2016-2017,Telangana,36,Siddipet,692.0,Gross Irrigated Area,Canal,Government,30672.0,Medak,2016,,,,
128442,2016-2017,Telangana,36,Siddipet,692.0,Net Irrigated Area,Canal,Government,20274.0,Medak,2016,30672.0,30672.0,-10398.0,-33.900625978090765
135936,2017-2018,Telangana,36,Siddipet,692.0,Gross Irrigated Area,Canal,Government,60761.0,Medak,2017,20274.0,25473.0,40487.0,199.69912202821348
135942,2017-2018,Telangana,36,Siddipet,692.0,Net Irrigated Area,Canal,Government,58262.0,Medak,2017,60761.0,37235.666666666664,-2499.0,-4.112835535952338
143496,2018-2019,Telangana,36,Siddipet,692.0,Gross Irrigated Area,Canal,Government,39338.0,Medak,2018,58262.0,42492.25,-18924.0,-32.480862311626794
143502,2018-2019,Telangana,36,Siddipet,692.0,Net Irrigated Area,Canal,Government,30200.0,Medak,2018,39338.0,41861.4,-9138.0,-23.229447353703797
151152,2019-2020,Telangana,36,Siddipet,692.0,Gross Irrigated Area,Canal,Government,83203.0,Medak,2019,30200.0,39917.833333333336,53003.0,175.5066225165563
151158,2019-2020,Telangana,36,Siddipet,692.0,Net Irrigated Area,Canal,Government,52590.0,Medak,2019,83203.0,46101.42857142857,-30613.0,-36.79314447796354
158916,2020-2021,Telangana,36,Siddipet,692.0,Gross Irrigated Area,Canal,Government,104400.0,Medak,2020,52590.0,46912.5,51810.0,98.51682829435255
158922,2020-2021,Telangana,36,Siddipet,692.0,Net Irrigated Area,Canal,Government,62688.0,Medak,2020,104400.0,53300.0,-41712.0,-39.95402298850575
164508,2021-2022,Telangana,36,Siddipet,692.0,Gross Irrigated Area,Canal,Government,81923.0,Medak,2021,62688.0,54238.8,19235.0,30.683703420112302
164514,2021-2022,Telangana,36,Siddipet,692.0,Net Irrigated Area,Canal,Government,44772.0,Medak,2021,81923.0,56755.545454545456,-37151.0,-45.34868107857378
171072,2022-2023,Telangana,36,Siddipet,692.0,Gross Irrigated Area,Canal,Government,5131.0,Medak,2022,44772.0,55756.916666666664,-39641.0,-88.53971232020012
171078,2022-2023,Telangana,36,Siddipet,692.0,Net Irrigated Area,Canal,Government,2823.0,Medak,2022,5131.0,51862.61538461538,-2308.0,-44.98148509062561
128437,2016-2017,Telangana,36,Siddipet,692.0,Gross Irrigated Area,Canal,Private,48681.0,Medak,2016,,,,
128443,2016-2017,Telangana,36,Siddipet,692.0,Net Irrigated Area,Canal,Private,48681.0,Medak,2016,48681.0,48681.0,0.0,0.0
135937,2017-2018,Telangana,36,Siddipet,692.0,Gross Irrigated Area,Canal,Private,48681.0,Medak,2017,48681.0,48681.0,0.0,0.0
135943,2017-2018,Telangana,36,Siddipet,692.0,Net Irrigated Area,Canal,Private,48681.0,Medak,2017,48681.0,48681.0,0.0,0.0
143497,2018-2019,Telangana,36,Siddipet,692.0,Gross Irrigated Area,Canal,Private,48681.0,Medak,2018,48681.0,48681.0,0.0,0.0
143503,2018-2019,Telangana,36,Siddipet,692.0,Net Irrigated Area,Canal,Private,48681.0,Medak,2018,48681.0,48681.0,0.0,0.0
151153,2019-2020,Telangana,36,Siddipet,692.0,Gross Irrigated Area,Canal,Private,48681.0,Medak,2019,48681.0,48681.0,0.0,0.0
151159,2019-2020,Telangana,36,Siddipet,692.0,Net Irrigated Area,Canal,Private,48681.0,Medak,2019,48681.0,48681.0,0.0,0.0
158917,2020-2021,Telangana,36,Siddipet,692.0,Gross Irrigated Area,Canal,Private,48681.0,Medak,2020,48681.0,48681.0,0.0,0.0
158923,2020-2021,Telangana,36,Siddipet,692.0,Net Irrigated Area,Canal,Private,48681.0,Medak,2020,48681.0,48681.0,0.0,0.0
164509,2021-2022,Telangana,36,Siddipet,692.0,Gross Irrigated Area,Canal,Private,48681.0,Medak,2021,48681.0,48681.0,0.0,0.0
164515,2021-2022,Telangana,36,Siddipet,692.0,Net Irrigated Area,Canal,Private,48681.0,Medak,2021,48681.0,48681.0,0.0,0.0
171073,2022-2023,Telangana,36,Siddipet,692.0,Gross Irrigated Area,Canal,Private,48681.0,Medak,2022,48681.0,48681.0,0.0,0.0
171079,2022-2023,Telangana,36,Siddipet,692.0,Net Irrigated Area,Canal,Private,48681.0,Medak,2022,48681.0,48681.0,0.0,0.0
128438,2016-2017,Telangana,36,Siddipet,692.0,Gross Irrigated Area,Other Source,Other Source,37.0,Medak,2016,,,,
128444,2016-2017,Telangana,36,Siddipet,692.0,Net Irrigated Area,Other Source,Other Source,37.0,Medak,2016,37.0,37.0,0.0,0.0
135938,2017-2018,Telangana,36,Siddipet,692.0,Gross Irrigated Area,Other Source,Other Source,31.0,Medak,2017,37.0,37.0,-6.0,-16.216216216216218
135944,2017-2018,Telangana,36,Siddipet,692.0,Net Irrigated Area,Other Source,Other Source,31.0,Medak,2017,31.0,35.0,0.0,0.0
143498,2018-2019,Telangana,36,Siddipet,692.0,Gross Irrigated Area,Other Source,Other Source,31.0,Medak,2018,31.0,34.0,0.0,0.0
143504,2018-2019,Telangana,36,Siddipet,692.0,Net Irrigated Area,Other Source,Other Source,31.0,Medak,2018,31.0,33.4,0.0,0.0
151154,2019-2020,Telangana,36,Siddipet,692.0,Gross Irrigated Area,Other Source,Other Source,24.0,Medak,2019,31.0,33.0,-7.0,-22.58064516129032
151160,2019-2020,Telangana,36,Siddipet,692.0,Net Irrigated Area,Other Source,Other Source,24.0,Medak,2019,24.0,31.714285714285715,0.0,0.0
158918,2020-2021,Telangana,36,Siddipet,692.0,Gross Irrigated Area,Other Source,Other Source,31.0,Medak,2020,24.0,30.75,7.0,29.166666666666668
158924,2020-2021,Telangana,36,Siddipet,692.0,Net Irrigated Area,Other Source,Other Source,31.0,Medak,2020,31.0,30.77777777777778,0.0,0.0
164510,2021-2022,Telangana,36,Siddipet,692.0,Gross Irrigated Area,Other Source,Other Source,31.0,Medak,2021,31.0,30.8,0.0,0.0
164516,2021-2022,Telangana,36,Siddipet,692.0,Net Irrigated Area,Other Source,Other Source,31.0,Medak,2021,31.0,30.818181818181817,0.0,0.0
171074,2022-2023,Telangana,36,Siddipet,692.0,Gross Irrigated Area,Other Source,Other Source,37.0,Medak,2022,31.0,30.833333333333332,6.0,19.35483870967742
171080,2022-2023,Telangana,36,Siddipet,692.0,Net Irrigated Area,Other Source,Other Source,31.0,Medak,2022,37.0,31.307692307692307,-6.0,-16.216216216216218
128439,2016-2017,Telangana,36,Siddipet,692.0,Gross Irrigated Area,Tank,Tank,4468.0,Medak,2016,,,,
128445,2016-2017,Telangana,36,Siddipet,692.0,Net Irrigated Area,Tank,Tank,4468.0,Medak,2016,4468.0,4468.0,0.0,0.0
135939,2017-2018,Telangana,36,Siddipet,692.0,Gross Irrigated Area,Tank,Tank,3510.0,Medak,2017,4468.0,4468.0,-958.0,-21.44136078782453
135945,2017-2018,Telangana,36,Siddipet,692.0,Net Irrigated Area,Tank,Tank,3510.0,Medak,2017,3510.0,4148.666666666667,0.0,0.0
143499,2018-2019,Telangana,36,Siddipet,692.0,Gross Irrigated Area,Tank,Tank,2644.0,Medak,2018,3510.0,3989.0,-866.0,-24.672364672364672
143505,2018-2019,Telangana,36,Siddipet,692.0,Net Irrigated Area,Tank,Tank,1904.0,Medak,2018,2644.0,3720.0,-740.0,-27.987897125567322
151155,2019-2020,Telangana,36,Siddipet,692.0,Gross Irrigated Area,Tank,Tank,5097.0,Medak,2019,1904.0,3417.3333333333335,3193.0,167.69957983193277
151161,2019-2020,Telangana,36,Siddipet,692.0,Net Irrigated Area,Tank,Tank,4485.0,Medak,2019,5097.0,3657.285714285714,-612.0,-12.007062978222484
158919,2020-2021,Telangana,36,Siddipet,692.0,Gross Irrigated Area,Tank,Tank,6789.0,Medak,2020,4485.0,3760.75,2304.0,51.371237458193974
158925,2020-2021,Telangana,36,Siddipet,692.0,Net Irrigated Area,Tank,Tank,5634.0,Medak,2020,6789.0,4097.222222222223,-1155.0,-17.012814847547503
164511,2021-2022,Telangana,36,Siddipet,692.0,Gross Irrigated Area,Tank,Tank,7502.0,Medak,2021,5634.0,4250.9,1868.0,33.155839545615905
164517,2021-2022,Telangana,36,Siddipet,692.0,Net Irrigated Area,Tank,Tank,4352.0,Medak,2021,7502.0,4546.454545454545,-3150.0,-41.988802985870436
171075,2022-2023,Telangana,36,Siddipet,692.0,Gross Irrigated Area,Tank,Tank,24917.0,Medak,2022,4352.0,4530.25,20565.0,472.5413602941177
171081,2022-2023,Telangana,36,Siddipet,692.0,Net Irrigated Area,Tank,Tank,14530.0,Medak,2022,24917.0,6098.461538461538,-10387.0,-41.68639884416262
128440,2016-2017,Telangana,36,Siddipet,692.0,Gross Irrigated Area,Well,Other Well,15268.0,Medak,2016,,,,
128446,2016-2017,Telangana,36,Siddipet,692.0,Net Irrigated Area,Well,Other Well,10382.0,Medak,2016,15268.0,15268.0,-4886.0,-32.001571915116585
135940,2017-2018,Telangana,36,Siddipet,692.0,Gross Irrigated Area,Well,Other Well,8673.0,Medak,2017,10382.0,12825.0,-1709.0,-16.46118281641302
135946,2017-2018,Telangana,36,Siddipet,692.0,Net Irrigated Area,Well,Other Well,8413.0,Medak,2017,8673.0,11441.0,-260.0,-2.997809293208809
143500,2018-2019,Telangana,36,Siddipet,692.0,Gross Irrigated Area,Well,Other Well,9029.0,Medak,2018,8413.0,10684.0,616.0,7.322001664091288
143506,2018-2019,Telangana,36,Siddipet,692.0,Net Irrigated Area,Well,Other Well,5147.0,Medak,2018,9029.0,10353.0,-3882.0,-42.99479455089158
151156,2019-2020,Telangana,36,Siddipet,692.0,Gross Irrigated Area,Well,Other Well,11965.0,Medak,2019,5147.0,9485.333333333334,6818.0,132.46551389158734
151162,2019-2020,Telangana,36,Siddipet,692.0,Net Irrigated Area,Well,Other Well,7897.0,Medak,2019,11965.0,9839.57142857143,-4068.0,-33.99916422900125
158920,2020-2021,Telangana,36,Siddipet,692.0,Gross Irrigated Area,Well,Other Well,25017.0,Medak,2020,7897.0,9596.75,17120.0,216.79118652652906
158926,2020-2021,Telangana,36,Siddipet,692.0,Net Irrigated Area,Well,Other Well,18378.0,Medak,2020,25017.0,11310.111111111111,-6639.0,-26.53795419115002
164512,2021-2022,Telangana,36,Siddipet,692.0,Gross Irrigated Area,Well,Other Well,36981.0,Medak,2021,18378.0,12016.9,18603.0,101.22428991185113
164518,2021-2022,Telangana,36,Siddipet,692.0,Net Irrigated Area,Well,Other Well,18860.0,Medak,2021,36981.0,14286.363636363636,-18121.0,-49.00083826829994
171076,2022-2023,Telangana,36,Siddipet,692.0,Gross Irrigated Area,Well,Other Well,55285.0,Medak,2022,18860.0,14667.5,36425.0,193.13361611876988
171082,2022-2023,Telangana,36,Siddipet,692.0,Net Irrigated Area,Well,Other Well,27744.0,Medak,2022,55285.0,17791.923076923078,-27541.0,-49.816405896717015
128441,2016-2017,Telangana,36,Siddipet,692.0,Gross Irrigated Area,Well,Tubewell,61072.0,Medak,2016,,,,
128447,2016-2017,Telangana,36,Siddipet,692.0,Net Irrigated Area,Well,Tubewell,41529.0,Medak,2016,61072.0,61072.0,-19543.0,-31.99993450353681
135941,2017-2018,Telangana,36,Siddipet,692.0,Gross Irrigated Area,Well,Tubewell,39510.0,Medak,2017,41529.0,51300.5,-2019.0,-4.861662934335043
135947,2017-2018,Telangana,36,Siddipet,692.0,Net Irrigated Area,Well,Tubewell,36744.0,Medak,2017,39510.0,47370.333333333336,-2766.0,-7.000759301442673
143501,2018-2019,Telangana,36,Siddipet,692.0,Gross Irrigated Area,Well,Tubewell,44085.0,Medak,2018,36744.0,44713.75,7341.0,19.978772044415415
143507,2018-2019,Telangana,36,Siddipet,692.0,Net Irrigated Area,Well,Tubewell,19232.0,Medak,2018,44085.0,44588.0,-24853.0,-56.37518430305093
151157,2019-2020,Telangana,36,Siddipet,692.0,Gross Irrigated Area,Well,Tubewell,44919.0,Medak,2019,19232.0,40362.0,25687.0,133.56385191347752
151163,2019-2020,Telangana,36,Siddipet,692.0,Net Irrigated Area,Well,Tubewell,27833.0,Medak,2019,44919.0,41013.0,-17086.0,-38.03735612992275
158921,2020-2021,Telangana,36,Siddipet,692.0,Gross Irrigated Area,Well,Tubewell,88666.0,Medak,2020,27833.0,39365.5,60833.0,218.56429418316387
158927,2020-2021,Telangana,36,Siddipet,692.0,Net Irrigated Area,Well,Tubewell,69348.0,Medak,2020,88666.0,44843.333333333336,-19318.0,-21.787381860013983
164513,2021-2022,Telangana,36,Siddipet,692.0,Gross Irrigated Area,Well,Tubewell,131046.0,Medak,2021,69348.0,47293.8,61698.0,88.96867970237065
164519,2021-2022,Telangana,36,Siddipet,692.0,Net Irrigated Area,Well,Tubewell,70801.0,Medak,2021,131046.0,54907.63636363636,-60245.0,-45.9724066358378
171077,2022-2023,Telangana,36,Siddipet,692.0,Gross Irrigated Area,Well,Tubewell,233595.0,Medak,2022,70801.0,56232.083333333336,162794.0,229.93178062456744
171083,2022-2023,Telangana,36,Siddipet,692.0,Net Irrigated Area,Well,Tubewell,124124.0,Medak,2022,233595.0,69875.38461538461,-109471.0,-46.86358868982641
128448,2016-2017,Telangana,36,Suryapet,696.0,Gross Irrigated Area,Canal,Government,160630.0,Nalgonda,2016,,,,
128454,2016-2017,Telangana,36,Suryapet,696.0,Net Irrigated Area,Canal,Government,105245.0,Nalgonda,2016,160630.0,160630.0,-55385.0,-34.47986054908797
135948,2017-2018,Telangana,36,Suryapet,696.0,Gross Irrigated Area,Canal,Government,184073.0,Nalgonda,2017,105245.0,132937.5,78828.0,74.89952016722884
135954,2017-2018,Telangana,36,Suryapet,696.0,Net Irrigated Area,Canal,Government,95872.0,Nalgonda,2017,184073.0,149982.66666666666,-88201.0,-47.91631580948862
143508,2018-2019,Telangana,36,Suryapet,696.0,Gross Irrigated Area,Canal,Government,195699.0,Nalgonda,2018,95872.0,136455.0,99827.0,104.12529205607477
143514,2018-2019,Telangana,36,Suryapet,696.0,Net Irrigated Area,Canal,Government,107730.0,Nalgonda,2018,195699.0,148303.8,-87969.0,-44.95117501877884
151164,2019-2020,Telangana,36,Suryapet,696.0,Gross Irrigated Area,Canal,Government,283341.0,Nalgonda,2019,107730.0,141541.5,175611.0,163.01030353661932
151170,2019-2020,Telangana,36,Suryapet,696.0,Net Irrigated Area,Canal,Government,159820.0,Nalgonda,2019,283341.0,161798.57142857142,-123521.0,-43.59446744382211
158928,2020-2021,Telangana,36,Suryapet,696.0,Gross Irrigated Area,Canal,Government,314719.0,Nalgonda,2020,159820.0,161551.25,154899.0,96.920911024903
158934,2020-2021,Telangana,36,Suryapet,696.0,Net Irrigated Area,Canal,Government,165564.0,Nalgonda,2020,314719.0,178569.88888888888,-149155.0,-47.39307127945882
164520,2021-2022,Telangana,36,Suryapet,696.0,Gross Irrigated Area,Canal,Government,367470.0,Nalgonda,2021,165564.0,177269.3,201906.0,121.95042400521852
164526,2021-2022,Telangana,36,Suryapet,696.0,Net Irrigated Area,Canal,Government,194541.0,Nalgonda,2021,367470.0,194560.27272727274,-172929.0,-47.05935178381909
171084,2022-2023,Telangana,36,Suryapet,696.0,Gross Irrigated Area,Canal,Government,260015.0,Nalgonda,2022,194541.0,194558.66666666666,65474.0,33.655630432659436
171090,2022-2023,Telangana,36,Suryapet,696.0,Net Irrigated Area,Canal,Government,135208.0,Nalgonda,2022,260015.0,199593.76923076922,-124807.0,-47.99992308136069
128449,2016-2017,Telangana,36,Suryapet,696.0,Gross Irrigated Area,Canal,Private,174818.5,Nalgonda,2016,,,,
128455,2016-2017,Telangana,36,Suryapet,696.0,Net Irrigated Area,Canal,Private,174818.5,Nalgonda,2016,174818.5,174818.5,0.0,0.0
135949,2017-2018,Telangana,36,Suryapet,696.0,Gross Irrigated Area,Canal,Private,174818.5,Nalgonda,2017,174818.5,174818.5,0.0,0.0
135955,2017-2018,Telangana,36,Suryapet,696.0,Net Irrigated Area,Canal,Private,174818.5,Nalgonda,2017,174818.5,174818.5,0.0,0.0
143509,2018-2019,Telangana,36,Suryapet,696.0,Gross Irrigated Area,Canal,Private,174818.5,Nalgonda,2018,174818.5,174818.5,0.0,0.0
143515,2018-2019,Telangana,36,Suryapet,696.0,Net Irrigated Area,Canal,Private,174818.5,Nalgonda,2018,174818.5,174818.5,0.0,0.0
151165,2019-2020,Telangana,36,Suryapet,696.0,Gross Irrigated Area,Canal,Private,174818.5,Nalgonda,2019,174818.5,174818.5,0.0,0.0
151171,2019-2020,Telangana,36,Suryapet,696.0,Net Irrigated Area,Canal,Private,174818.5,Nalgonda,2019,174818.5,174818.5,0.0,0.0
158929,2020-2021,Telangana,36,Suryapet,696.0,Gross Irrigated Area,Canal,Private,174818.5,Nalgonda,2020,174818.5,174818.5,0.0,0.0
158935,2020-2021,Telangana,36,Suryapet,696.0,Net Irrigated Area,Canal,Private,174818.5,Nalgonda,2020,174818.5,174818.5,0.0,0.0
164521,2021-2022,Telangana,36,Suryapet,696.0,Gross Irrigated Area,Canal,Private,174818.5,Nalgonda,2021,174818.5,174818.5,0.0,0.0
164527,2021-2022,Telangana,36,Suryapet,696.0,Net Irrigated Area,Canal,Private,174818.5,Nalgonda,2021,174818.5,174818.5,0.0,0.0
171085,2022-2023,Telangana,36,Suryapet,696.0,Gross Irrigated Area,Canal,Private,174818.5,Nalgonda,2022,174818.5,174818.5,0.0,0.0
171091,2022-2023,Telangana,36,Suryapet,696.0,Net Irrigated Area,Canal,Private,174818.5,Nalgonda,2022,174818.5,174818.5,0.0,0.0
128450,2016-2017,Telangana,36,Suryapet,696.0,Gross Irrigated Area,Other Source,Other Source,5842.0,Nalgonda,2016,,,,
128456,2016-2017,Telangana,36,Suryapet,696.0,Net Irrigated Area,Other Source,Other Source,4089.0,Nalgonda,2016,5842.0,5842.0,-1753.0,-30.00684697021568
135950,2017-2018,Telangana,36,Suryapet,696.0,Gross Irrigated Area,Other Source,Other Source,2271.0,Nalgonda,2017,4089.0,4965.5,-1818.0,-44.46074834922964
135956,2017-2018,Telangana,36,Suryapet,696.0,Net Irrigated Area,Other Source,Other Source,1113.0,Nalgonda,2017,2271.0,4067.3333333333335,-1158.0,-50.99075297225891
143510,2018-2019,Telangana,36,Suryapet,696.0,Gross Irrigated Area,Other Source,Other Source,5077.0,Nalgonda,2018,1113.0,3328.75,3964.0,356.15453728661277
143516,2018-2019,Telangana,36,Suryapet,696.0,Net Irrigated Area,Other Source,Other Source,3452.0,Nalgonda,2018,5077.0,3678.4,-1625.0,-32.00709080165452
151166,2019-2020,Telangana,36,Suryapet,696.0,Gross Irrigated Area,Other Source,Other Source,8997.0,Nalgonda,2019,3452.0,3640.6666666666665,5545.0,160.63151796060257
151172,2019-2020,Telangana,36,Suryapet,696.0,Net Irrigated Area,Other Source,Other Source,4768.0,Nalgonda,2019,8997.0,4405.857142857143,-4229.0,-47.00455707458042
158930,2020-2021,Telangana,36,Suryapet,696.0,Gross Irrigated Area,Other Source,Other Source,5193.0,Nalgonda,2020,4768.0,4451.125,425.0,8.913590604026846
158936,2020-2021,Telangana,36,Suryapet,696.0,Net Irrigated Area,Other Source,Other Source,2908.0,Nalgonda,2020,5193.0,4533.555555555556,-2285.0,-44.001540535336034
164522,2021-2022,Telangana,36,Suryapet,696.0,Gross Irrigated Area,Other Source,Other Source,6009.0,Nalgonda,2021,2908.0,4371.0,3101.0,106.63686382393398
164528,2021-2022,Telangana,36,Suryapet,696.0,Net Irrigated Area,Other Source,Other Source,3425.0,Nalgonda,2021,6009.0,4519.909090909091,-2584.0,-43.00216342153437
171086,2022-2023,Telangana,36,Suryapet,696.0,Gross Irrigated Area,Other Source,Other Source,9510.0,Nalgonda,2022,3425.0,4428.666666666667,6085.0,177.66423357664235
171092,2022-2023,Telangana,36,Suryapet,696.0,Net Irrigated Area,Other Source,Other Source,4850.0,Nalgonda,2022,9510.0,4819.538461538462,-4660.0,-49.00105152471083
128451,2016-2017,Telangana,36,Suryapet,696.0,Gross Irrigated Area,Tank,Tank,2620.0,Nalgonda,2016,,,,
128457,2016-2017,Telangana,36,Suryapet,696.0,Net Irrigated Area,Tank,Tank,1572.0,Nalgonda,2016,2620.0,2620.0,-1048.0,-40.0
135951,2017-2018,Telangana,36,Suryapet,696.0,Gross Irrigated Area,Tank,Tank,789.0,Nalgonda,2017,1572.0,2096.0,-783.0,-49.80916030534351
135957,2017-2018,Telangana,36,Suryapet,696.0,Net Irrigated Area,Tank,Tank,497.0,Nalgonda,2017,789.0,1660.3333333333333,-292.0,-37.00887198986058
143511,2018-2019,Telangana,36,Suryapet,696.0,Gross Irrigated Area,Tank,Tank,1816.0,Nalgonda,2018,497.0,1369.5,1319.0,265.39235412474846
143517,2018-2019,Telangana,36,Suryapet,696.0,Net Irrigated Area,Tank,Tank,1126.0,Nalgonda,2018,1816.0,1458.8,-690.0,-37.99559471365639
151167,2019-2020,Telangana,36,Suryapet,696.0,Gross Irrigated Area,Tank,Tank,4543.0,Nalgonda,2019,1126.0,1403.3333333333333,3417.0,303.46358792184725
151173,2019-2020,Telangana,36,Suryapet,696.0,Net Irrigated Area,Tank,Tank,2090.0,Nalgonda,2019,4543.0,1851.857142857143,-2453.0,-53.99515738498789
158931,2020-2021,Telangana,36,Suryapet,696.0,Gross Irrigated Area,Tank,Tank,3628.0,Nalgonda,2020,2090.0,1881.625,1538.0,73.58851674641149
158937,2020-2021,Telangana,36,Suryapet,696.0,Net Irrigated Area,Tank,Tank,2213.0,Nalgonda,2020,3628.0,2075.6666666666665,-1415.0,-39.00220507166483
164523,2021-2022,Telangana,36,Suryapet,696.0,Gross Irrigated Area,Tank,Tank,3679.0,Nalgonda,2021,2213.0,2089.4,1466.0,66.24491640307275
164529,2021-2022,Telangana,36,Suryapet,696.0,Net Irrigated Area,Tank,Tank,2060.0,Nalgonda,2021,3679.0,2233.909090909091,-1619.0,-44.006523511823865
171087,2022-2023,Telangana,36,Suryapet,696.0,Gross Irrigated Area,Tank,Tank,5993.0,Nalgonda,2022,2060.0,2219.4166666666665,3933.0,190.92233009708738
171093,2022-2023,Telangana,36,Suryapet,696.0,Net Irrigated Area,Tank,Tank,3236.0,Nalgonda,2022,5993.0,2509.6923076923076,-2757.0,-46.003670949441016
128452,2016-2017,Telangana,36,Suryapet,696.0,Gross Irrigated Area,Well,Other Well,276.0,Nalgonda,2016,,,,
128458,2016-2017,Telangana,36,Suryapet,696.0,Net Irrigated Area,Well,Other Well,199.0,Nalgonda,2016,276.0,276.0,-77.0,-27.898550724637683
135952,2017-2018,Telangana,36,Suryapet,696.0,Gross Irrigated Area,Well,Other Well,6225.0,Nalgonda,2017,199.0,237.5,6026.0,3028.140703517588
135958,2017-2018,Telangana,36,Suryapet,696.0,Net Irrigated Area,Well,Other Well,4855.0,Nalgonda,2017,6225.0,2233.3333333333335,-1370.0,-22.008032128514056
143512,2018-2019,Telangana,36,Suryapet,696.0,Gross Irrigated Area,Well,Other Well,2802.0,Nalgonda,2018,4855.0,2888.75,-2053.0,-42.28630278063852
143518,2018-2019,Telangana,36,Suryapet,696.0,Net Irrigated Area,Well,Other Well,1849.0,Nalgonda,2018,2802.0,2871.4,-953.0,-34.01142041399001
151168,2019-2020,Telangana,36,Suryapet,696.0,Gross Irrigated Area,Well,Other Well,699.0,Nalgonda,2019,1849.0,2701.0,-1150.0,-62.19578150351541
151174,2019-2020,Telangana,36,Suryapet,696.0,Net Irrigated Area,Well,Other Well,360.0,Nalgonda,2019,699.0,2415.0,-339.0,-48.497854077253216
158932,2020-2021,Telangana,36,Suryapet,696.0,Gross Irrigated Area,Well,Other Well,7698.0,Nalgonda,2020,360.0,2158.125,7338.0,2038.3333333333333
158938,2020-2021,Telangana,36,Suryapet,696.0,Net Irrigated Area,Well,Other Well,4050.0,Nalgonda,2020,7698.0,2773.6666666666665,-3648.0,-47.38893219017927
164524,2021-2022,Telangana,36,Suryapet,696.0,Gross Irrigated Area,Well,Other Well,2694.0,Nalgonda,2021,4050.0,2901.3,-1356.0,-33.48148148148148
164530,2021-2022,Telangana,36,Suryapet,696.0,Net Irrigated Area,Well,Other Well,1347.0,Nalgonda,2021,2694.0,2882.4545454545455,-1347.0,-50.0
171088,2022-2023,Telangana,36,Suryapet,696.0,Gross Irrigated Area,Well,Other Well,30263.0,Nalgonda,2022,1347.0,2754.5,28916.0,2146.696362286563
171094,2022-2023,Telangana,36,Suryapet,696.0,Net Irrigated Area,Well,Other Well,15859.0,Nalgonda,2022,30263.0,4870.538461538462,-14404.0,-47.59607441430129
128453,2016-2017,Telangana,36,Suryapet,696.0,Gross Irrigated Area,Well,Tubewell,926.0,Nalgonda,2016,,,,
128459,2016-2017,Telangana,36,Suryapet,696.0,Net Irrigated Area,Well,Tubewell,639.0,Nalgonda,2016,926.0,926.0,-287.0,-30.99352051835853
135953,2017-2018,Telangana,36,Suryapet,696.0,Gross Irrigated Area,Well,Tubewell,13856.0,Nalgonda,2017,639.0,782.5,13217.0,2068.3881064162756
135959,2017-2018,Telangana,36,Suryapet,696.0,Net Irrigated Area,Well,Tubewell,10253.0,Nalgonda,2017,13856.0,5140.333333333333,-3603.0,-26.003175519630485
143513,2018-2019,Telangana,36,Suryapet,696.0,Gross Irrigated Area,Well,Tubewell,8876.0,Nalgonda,2018,10253.0,6418.5,-1377.0,-13.430215546669267
143519,2018-2019,Telangana,36,Suryapet,696.0,Net Irrigated Area,Well,Tubewell,6392.0,Nalgonda,2018,8876.0,6910.0,-2484.0,-27.985579089680034
151169,2019-2020,Telangana,36,Suryapet,696.0,Gross Irrigated Area,Well,Tubewell,2714.0,Nalgonda,2019,6392.0,6823.666666666667,-3678.0,-57.54067584480601
151175,2019-2020,Telangana,36,Suryapet,696.0,Net Irrigated Area,Well,Tubewell,1791.0,Nalgonda,2019,2714.0,6236.571428571428,-923.0,-34.00884303610906
158933,2020-2021,Telangana,36,Suryapet,696.0,Gross Irrigated Area,Well,Tubewell,21873.0,Nalgonda,2020,1791.0,5680.875,20082.0,1121.2730318257957
158939,2020-2021,Telangana,36,Suryapet,696.0,Net Irrigated Area,Well,Tubewell,12677.0,Nalgonda,2020,21873.0,7480.0,-9196.0,-42.042701046952864
164525,2021-2022,Telangana,36,Suryapet,696.0,Gross Irrigated Area,Well,Tubewell,7607.0,Nalgonda,2021,12677.0,7999.7,-5070.0,-39.99368935868108
164531,2021-2022,Telangana,36,Suryapet,696.0,Net Irrigated Area,Well,Tubewell,4371.0,Nalgonda,2021,7607.0,7964.0,-3236.0,-42.5397660049954
171089,2022-2023,Telangana,36,Suryapet,696.0,Gross Irrigated Area,Well,Tubewell,95250.0,Nalgonda,2022,4371.0,7664.583333333333,90879.0,2079.1352093342484
171095,2022-2023,Telangana,36,Suryapet,696.0,Net Irrigated Area,Well,Tubewell,53843.0,Nalgonda,2022,95250.0,14401.923076923076,-41407.0,-43.47191601049869
128460,2016-2017,Telangana,36,Vikarabad,698.0,Gross Irrigated Area,Canal,Government,5886.0,Ranga Reddy,2016,,,,
128466,2016-2017,Telangana,36,Vikarabad,698.0,Net Irrigated Area,Canal,Government,4912.0,Ranga Reddy,2016,5886.0,5886.0,-974.0,-16.54774040095141
135960,2017-2018,Telangana,36,Vikarabad,698.0,Gross Irrigated Area,Canal,Government,366.0,Ranga Reddy,2017,4912.0,5399.0,-4546.0,-92.54885993485343
135966,2017-2018,Telangana,36,Vikarabad,698.0,Net Irrigated Area,Canal,Government,366.0,Ranga Reddy,2017,366.0,3721.3333333333335,0.0,0.0
143520,2018-2019,Telangana,36,Vikarabad,698.0,Gross Irrigated Area,Canal,Government,3407.0,Ranga Reddy,2018,366.0,2882.5,3041.0,830.8743169398907
143526,2018-2019,Telangana,36,Vikarabad,698.0,Net Irrigated Area,Canal,Government,3407.0,Ranga Reddy,2018,3407.0,2987.4,0.0,0.0
151176,2019-2020,Telangana,36,Vikarabad,698.0,Gross Irrigated Area,Canal,Government,3407.0,Ranga Reddy,2019,3407.0,3057.3333333333335,0.0,0.0
151182,2019-2020,Telangana,36,Vikarabad,698.0,Net Irrigated Area,Canal,Government,3407.0,Ranga Reddy,2019,3407.0,3107.285714285714,0.0,0.0
158940,2020-2021,Telangana,36,Vikarabad,698.0,Gross Irrigated Area,Canal,Government,9790.0,Ranga Reddy,2020,3407.0,3144.75,6383.0,187.34957440563548
158946,2020-2021,Telangana,36,Vikarabad,698.0,Net Irrigated Area,Canal,Government,979.0,Ranga Reddy,2020,9790.0,3883.1111111111113,-8811.0,-90.0
164532,2021-2022,Telangana,36,Vikarabad,698.0,Gross Irrigated Area,Canal,Government,10518.0,Ranga Reddy,2021,979.0,3592.7,9539.0,974.361593462717
164538,2021-2022,Telangana,36,Vikarabad,698.0,Net Irrigated Area,Canal,Government,7678.0,Ranga Reddy,2021,10518.0,4222.272727272727,-2840.0,-27.00133105153071
171096,2022-2023,Telangana,36,Vikarabad,698.0,Gross Irrigated Area,Canal,Government,1902.0,Ranga Reddy,2022,7678.0,4510.25,-5776.0,-75.22792393852565
171102,2022-2023,Telangana,36,Vikarabad,698.0,Net Irrigated Area,Canal,Government,1122.0,Ranga Reddy,2022,1902.0,4309.615384615385,-780.0,-41.00946372239748
128461,2016-2017,Telangana,36,Vikarabad,698.0,Gross Irrigated Area,Canal,Private,3407.0,Ranga Reddy,2016,,,,
128467,2016-2017,Telangana,36,Vikarabad,698.0,Net Irrigated Area,Canal,Private,3407.0,Ranga Reddy,2016,3407.0,3407.0,0.0,0.0
135961,2017-2018,Telangana,36,Vikarabad,698.0,Gross Irrigated Area,Canal,Private,3407.0,Ranga Reddy,2017,3407.0,3407.0,0.0,0.0
135967,2017-2018,Telangana,36,Vikarabad,698.0,Net Irrigated Area,Canal,Private,3407.0,Ranga Reddy,2017,3407.0,3407.0,0.0,0.0
143521,2018-2019,Telangana,36,Vikarabad,698.0,Gross Irrigated Area,Canal,Private,3407.0,Ranga Reddy,2018,3407.0,3407.0,0.0,0.0
143527,2018-2019,Telangana,36,Vikarabad,698.0,Net Irrigated Area,Canal,Private,3407.0,Ranga Reddy,2018,3407.0,3407.0,0.0,0.0
151177,2019-2020,Telangana,36,Vikarabad,698.0,Gross Irrigated Area,Canal,Private,3407.0,Ranga Reddy,2019,3407.0,3407.0,0.0,0.0
151183,2019-2020,Telangana,36,Vikarabad,698.0,Net Irrigated Area,Canal,Private,3407.0,Ranga Reddy,2019,3407.0,3407.0,0.0,0.0
158941,2020-2021,Telangana,36,Vikarabad,698.0,Gross Irrigated Area,Canal,Private,3407.0,Ranga Reddy,2020,3407.0,3407.0,0.0,0.0
158947,2020-2021,Telangana,36,Vikarabad,698.0,Net Irrigated Area,Canal,Private,3407.0,Ranga Reddy,2020,3407.0,3407.0,0.0,0.0
164533,2021-2022,Telangana,36,Vikarabad,698.0,Gross Irrigated Area,Canal,Private,3407.0,Ranga Reddy,2021,3407.0,3407.0,0.0,0.0
164539,2021-2022,Telangana,36,Vikarabad,698.0,Net Irrigated Area,Canal,Private,3407.0,Ranga Reddy,2021,3407.0,3407.0,0.0,0.0
171097,2022-2023,Telangana,36,Vikarabad,698.0,Gross Irrigated Area,Canal,Private,3407.0,Ranga Reddy,2022,3407.0,3407.0,0.0,0.0
171103,2022-2023,Telangana,36,Vikarabad,698.0,Net Irrigated Area,Canal,Private,3407.0,Ranga Reddy,2022,3407.0,3407.0,0.0,0.0
128462,2016-2017,Telangana,36,Vikarabad,698.0,Gross Irrigated Area,Other Source,Other Source,2.0,Ranga Reddy,2016,,,,
128468,2016-2017,Telangana,36,Vikarabad,698.0,Net Irrigated Area,Other Source,Other Source,2.0,Ranga Reddy,2016,2.0,2.0,0.0,0.0
135962,2017-2018,Telangana,36,Vikarabad,698.0,Gross Irrigated Area,Other Source,Other Source,4.0,Ranga Reddy,2017,2.0,2.0,2.0,100.0
135968,2017-2018,Telangana,36,Vikarabad,698.0,Net Irrigated Area,Other Source,Other Source,4.0,Ranga Reddy,2017,4.0,2.6666666666666665,0.0,0.0
143522,2018-2019,Telangana,36,Vikarabad,698.0,Gross Irrigated Area,Other Source,Other Source,183.0,Ranga Reddy,2018,4.0,3.0,179.0,4475.0
143528,2018-2019,Telangana,36,Vikarabad,698.0,Net Irrigated Area,Other Source,Other Source,183.0,Ranga Reddy,2018,183.0,39.0,0.0,0.0
151178,2019-2020,Telangana,36,Vikarabad,698.0,Gross Irrigated Area,Other Source,Other Source,152.0,Ranga Reddy,2019,183.0,63.0,-31.0,-16.939890710382514
151184,2019-2020,Telangana,36,Vikarabad,698.0,Net Irrigated Area,Other Source,Other Source,152.0,Ranga Reddy,2019,152.0,75.71428571428571,0.0,0.0
158942,2020-2021,Telangana,36,Vikarabad,698.0,Gross Irrigated Area,Other Source,Other Source,320.0,Ranga Reddy,2020,152.0,85.25,168.0,110.5263157894737
158948,2020-2021,Telangana,36,Vikarabad,698.0,Net Irrigated Area,Other Source,Other Source,320.0,Ranga Reddy,2020,320.0,111.33333333333333,0.0,0.0
164534,2021-2022,Telangana,36,Vikarabad,698.0,Gross Irrigated Area,Other Source,Other Source,152.0,Ranga Reddy,2021,320.0,132.2,-168.0,-52.5
164540,2021-2022,Telangana,36,Vikarabad,698.0,Net Irrigated Area,Other Source,Other Source,152.0,Ranga Reddy,2021,152.0,134.0,0.0,0.0
171098,2022-2023,Telangana,36,Vikarabad,698.0,Gross Irrigated Area,Other Source,Other Source,152.0,Ranga Reddy,2022,152.0,135.5,0.0,0.0
171104,2022-2023,Telangana,36,Vikarabad,698.0,Net Irrigated Area,Other Source,Other Source,152.0,Ranga Reddy,2022,152.0,136.76923076923077,0.0,0.0
128463,2016-2017,Telangana,36,Vikarabad,698.0,Gross Irrigated Area,Tank,Tank,3050.0,Ranga Reddy,2016,,,,
128469,2016-2017,Telangana,36,Vikarabad,698.0,Net Irrigated Area,Tank,Tank,2257.0,Ranga Reddy,2016,3050.0,3050.0,-793.0,-26.0
135963,2017-2018,Telangana,36,Vikarabad,698.0,Gross Irrigated Area,Tank,Tank,2431.0,Ranga Reddy,2017,2257.0,2653.5,174.0,7.709348692955251
135969,2017-2018,Telangana,36,Vikarabad,698.0,Net Irrigated Area,Tank,Tank,1896.0,Ranga Reddy,2017,2431.0,2579.3333333333335,-535.0,-22.007404360345536
143523,2018-2019,Telangana,36,Vikarabad,698.0,Gross Irrigated Area,Tank,Tank,1712.0,Ranga Reddy,2018,1896.0,2408.5,-184.0,-9.70464135021097
143529,2018-2019,Telangana,36,Vikarabad,698.0,Net Irrigated Area,Tank,Tank,1712.0,Ranga Reddy,2018,1712.0,2269.2,0.0,0.0
151179,2019-2020,Telangana,36,Vikarabad,698.0,Gross Irrigated Area,Tank,Tank,1678.0,Ranga Reddy,2019,1712.0,2176.3333333333335,-34.0,-1.9859813084112148
151185,2019-2020,Telangana,36,Vikarabad,698.0,Net Irrigated Area,Tank,Tank,1460.0,Ranga Reddy,2019,1678.0,2105.1428571428573,-218.0,-12.99165673420739
158943,2020-2021,Telangana,36,Vikarabad,698.0,Gross Irrigated Area,Tank,Tank,3466.0,Ranga Reddy,2020,1460.0,2024.5,2006.0,137.39726027397262
158949,2020-2021,Telangana,36,Vikarabad,698.0,Net Irrigated Area,Tank,Tank,2253.0,Ranga Reddy,2020,3466.0,2184.6666666666665,-1213.0,-34.99711482977496
164535,2021-2022,Telangana,36,Vikarabad,698.0,Gross Irrigated Area,Tank,Tank,4179.0,Ranga Reddy,2021,2253.0,2191.5,1926.0,85.48601864181093
164541,2021-2022,Telangana,36,Vikarabad,698.0,Net Irrigated Area,Tank,Tank,3051.0,Ranga Reddy,2021,4179.0,2372.181818181818,-1128.0,-26.99210337401292
171099,2022-2023,Telangana,36,Vikarabad,698.0,Gross Irrigated Area,Tank,Tank,2255.0,Ranga Reddy,2022,3051.0,2428.75,-796.0,-26.08980662078007
171105,2022-2023,Telangana,36,Vikarabad,698.0,Net Irrigated Area,Tank,Tank,2255.0,Ranga Reddy,2022,2255.0,2415.3846153846152,0.0,0.0
128464,2016-2017,Telangana,36,Vikarabad,698.0,Gross Irrigated Area,Well,Other Well,1004.0,Ranga Reddy,2016,,,,
128470,2016-2017,Telangana,36,Vikarabad,698.0,Net Irrigated Area,Well,Other Well,863.0,Ranga Reddy,2016,1004.0,1004.0,-141.0,-14.043824701195218
135964,2017-2018,Telangana,36,Vikarabad,698.0,Gross Irrigated Area,Well,Other Well,399.0,Ranga Reddy,2017,863.0,933.5,-464.0,-53.76593279258402
135970,2017-2018,Telangana,36,Vikarabad,698.0,Net Irrigated Area,Well,Other Well,399.0,Ranga Reddy,2017,399.0,755.3333333333334,0.0,0.0
143524,2018-2019,Telangana,36,Vikarabad,698.0,Gross Irrigated Area,Well,Other Well,378.0,Ranga Reddy,2018,399.0,666.25,-21.0,-5.263157894736842
143530,2018-2019,Telangana,36,Vikarabad,698.0,Net Irrigated Area,Well,Other Well,378.0,Ranga Reddy,2018,378.0,608.6,0.0,0.0
151180,2019-2020,Telangana,36,Vikarabad,698.0,Gross Irrigated Area,Well,Other Well,1566.0,Ranga Reddy,2019,378.0,570.1666666666666,1188.0,314.2857142857143
151186,2019-2020,Telangana,36,Vikarabad,698.0,Net Irrigated Area,Well,Other Well,668.0,Ranga Reddy,2019,1566.0,712.4285714285714,-898.0,-57.34355044699873
158944,2020-2021,Telangana,36,Vikarabad,698.0,Gross Irrigated Area,Well,Other Well,1518.0,Ranga Reddy,2020,668.0,706.875,850.0,127.24550898203593
158950,2020-2021,Telangana,36,Vikarabad,698.0,Net Irrigated Area,Well,Other Well,1171.0,Ranga Reddy,2020,1518.0,797.0,-347.0,-22.859025032938078
164536,2021-2022,Telangana,36,Vikarabad,698.0,Gross Irrigated Area,Well,Other Well,1514.0,Ranga Reddy,2021,1171.0,834.4,343.0,29.29120409906063
164542,2021-2022,Telangana,36,Vikarabad,698.0,Net Irrigated Area,Well,Other Well,439.0,Ranga Reddy,2021,1514.0,896.1818181818181,-1075.0,-71.00396301188904
171100,2022-2023,Telangana,36,Vikarabad,698.0,Gross Irrigated Area,Well,Other Well,100.0,Ranga Reddy,2022,439.0,858.0833333333334,-339.0,-77.22095671981776
171106,2022-2023,Telangana,36,Vikarabad,698.0,Net Irrigated Area,Well,Other Well,100.0,Ranga Reddy,2022,100.0,799.7692307692307,0.0,0.0
128465,2016-2017,Telangana,36,Vikarabad,698.0,Gross Irrigated Area,Well,Tubewell,32470.0,Ranga Reddy,2016,,,,
128471,2016-2017,Telangana,36,Vikarabad,698.0,Net Irrigated Area,Well,Tubewell,26625.0,Ranga Reddy,2016,32470.0,32470.0,-5845.0,-18.001231906375114
135965,2017-2018,Telangana,36,Vikarabad,698.0,Gross Irrigated Area,Well,Tubewell,39537.0,Ranga Reddy,2017,26625.0,29547.5,12912.0,48.49577464788732
135971,2017-2018,Telangana,36,Vikarabad,698.0,Net Irrigated Area,Well,Tubewell,33735.0,Ranga Reddy,2017,39537.0,32877.333333333336,-5802.0,-14.67486152211852
143525,2018-2019,Telangana,36,Vikarabad,698.0,Gross Irrigated Area,Well,Tubewell,37452.0,Ranga Reddy,2018,33735.0,33091.75,3717.0,11.018230324588705
143531,2018-2019,Telangana,36,Vikarabad,698.0,Net Irrigated Area,Well,Tubewell,35429.0,Ranga Reddy,2018,37452.0,33963.8,-2023.0,-5.401580689949802
151181,2019-2020,Telangana,36,Vikarabad,698.0,Gross Irrigated Area,Well,Tubewell,50254.0,Ranga Reddy,2019,35429.0,34208.0,14825.0,41.84425188404979
151187,2019-2020,Telangana,36,Vikarabad,698.0,Net Irrigated Area,Well,Tubewell,37617.0,Ranga Reddy,2019,50254.0,36500.28571428572,-12637.0,-25.14625701436702
158945,2020-2021,Telangana,36,Vikarabad,698.0,Gross Irrigated Area,Well,Tubewell,74331.0,Ranga Reddy,2020,37617.0,36639.875,36714.0,97.59948959247149
158951,2020-2021,Telangana,36,Vikarabad,698.0,Net Irrigated Area,Well,Tubewell,49652.0,Ranga Reddy,2020,74331.0,40827.77777777778,-24679.0,-33.20149062975071
164537,2021-2022,Telangana,36,Vikarabad,698.0,Gross Irrigated Area,Well,Tubewell,74117.0,Ranga Reddy,2021,49652.0,41710.2,24465.0,49.272939660033835
164543,2021-2022,Telangana,36,Vikarabad,698.0,Net Irrigated Area,Well,Tubewell,49708.0,Ranga Reddy,2021,74117.0,44656.27272727273,-24409.0,-32.93306528866522
171101,2022-2023,Telangana,36,Vikarabad,698.0,Gross Irrigated Area,Well,Tubewell,122449.0,Ranga Reddy,2022,49708.0,45077.25,72741.0,146.33660577774202
171107,2022-2023,Telangana,36,Vikarabad,698.0,Net Irrigated Area,Well,Tubewell,71149.0,Ranga Reddy,2022,122449.0,51028.92307692308,-51300.0,-41.894993017501164
128472,2016-2017,Telangana,36,Wanaparthy,693.0,Gross Irrigated Area,Canal,Government,69944.0,Mahabubnagar,2016,,,,
128478,2016-2017,Telangana,36,Wanaparthy,693.0,Net Irrigated Area,Canal,Government,56831.0,Mahabubnagar,2016,69944.0,69944.0,-13113.0,-18.7478554271989
135972,2017-2018,Telangana,36,Wanaparthy,693.0,Gross Irrigated Area,Canal,Government,104360.0,Mahabubnagar,2017,56831.0,63387.5,47529.0,83.63217258186553
135978,2017-2018,Telangana,36,Wanaparthy,693.0,Net Irrigated Area,Canal,Government,74431.0,Mahabubnagar,2017,104360.0,77045.0,-29929.0,-28.678612495208895
143532,2018-2019,Telangana,36,Wanaparthy,693.0,Gross Irrigated Area,Canal,Government,78131.0,Mahabubnagar,2018,74431.0,76391.5,3700.0,4.971047009982399
143538,2018-2019,Telangana,36,Wanaparthy,693.0,Net Irrigated Area,Canal,Government,60297.0,Mahabubnagar,2018,78131.0,76739.4,-17834.0,-22.825766981095853
151188,2019-2020,Telangana,36,Wanaparthy,693.0,Gross Irrigated Area,Canal,Government,99587.0,Mahabubnagar,2019,60297.0,73999.0,39290.0,65.16078743552747
151194,2019-2020,Telangana,36,Wanaparthy,693.0,Net Irrigated Area,Canal,Government,73292.0,Mahabubnagar,2019,99587.0,77654.42857142857,-26295.0,-26.404048721218633
158952,2020-2021,Telangana,36,Wanaparthy,693.0,Gross Irrigated Area,Canal,Government,132785.0,Mahabubnagar,2020,73292.0,77109.125,59493.0,81.17256999399662
158958,2020-2021,Telangana,36,Wanaparthy,693.0,Net Irrigated Area,Canal,Government,86303.0,Mahabubnagar,2020,132785.0,83295.33333333333,-46482.0,-35.005459954061074
164544,2021-2022,Telangana,36,Wanaparthy,693.0,Gross Irrigated Area,Canal,Government,119989.0,Mahabubnagar,2021,86303.0,83596.1,33686.0,39.032246851210274
164550,2021-2022,Telangana,36,Wanaparthy,693.0,Net Irrigated Area,Canal,Government,85707.0,Mahabubnagar,2021,119989.0,86904.54545454546,-34282.0,-28.570952337297584
171108,2022-2023,Telangana,36,Wanaparthy,693.0,Gross Irrigated Area,Canal,Government,115082.0,Mahabubnagar,2022,85707.0,86804.75,29375.0,34.273746601794485
171114,2022-2023,Telangana,36,Wanaparthy,693.0,Net Irrigated Area,Canal,Government,75954.0,Mahabubnagar,2022,115082.0,88979.92307692308,-39128.0,-34.00010427347457
128473,2016-2017,Telangana,36,Wanaparthy,693.0,Gross Irrigated Area,Canal,Private,81919.0,Mahabubnagar,2016,,,,
128479,2016-2017,Telangana,36,Wanaparthy,693.0,Net Irrigated Area,Canal,Private,81919.0,Mahabubnagar,2016,81919.0,81919.0,0.0,0.0
135973,2017-2018,Telangana,36,Wanaparthy,693.0,Gross Irrigated Area,Canal,Private,81919.0,Mahabubnagar,2017,81919.0,81919.0,0.0,0.0
135979,2017-2018,Telangana,36,Wanaparthy,693.0,Net Irrigated Area,Canal,Private,81919.0,Mahabubnagar,2017,81919.0,81919.0,0.0,0.0
143533,2018-2019,Telangana,36,Wanaparthy,693.0,Gross Irrigated Area,Canal,Private,81919.0,Mahabubnagar,2018,81919.0,81919.0,0.0,0.0
143539,2018-2019,Telangana,36,Wanaparthy,693.0,Net Irrigated Area,Canal,Private,81919.0,Mahabubnagar,2018,81919.0,81919.0,0.0,0.0
151189,2019-2020,Telangana,36,Wanaparthy,693.0,Gross Irrigated Area,Canal,Private,81919.0,Mahabubnagar,2019,81919.0,81919.0,0.0,0.0
151195,2019-2020,Telangana,36,Wanaparthy,693.0,Net Irrigated Area,Canal,Private,81919.0,Mahabubnagar,2019,81919.0,81919.0,0.0,0.0
158953,2020-2021,Telangana,36,Wanaparthy,693.0,Gross Irrigated Area,Canal,Private,81919.0,Mahabubnagar,2020,81919.0,81919.0,0.0,0.0
158959,2020-2021,Telangana,36,Wanaparthy,693.0,Net Irrigated Area,Canal,Private,81919.0,Mahabubnagar,2020,81919.0,81919.0,0.0,0.0
164545,2021-2022,Telangana,36,Wanaparthy,693.0,Gross Irrigated Area,Canal,Private,81919.0,Mahabubnagar,2021,81919.0,81919.0,0.0,0.0
164551,2021-2022,Telangana,36,Wanaparthy,693.0,Net Irrigated Area,Canal,Private,81919.0,Mahabubnagar,2021,81919.0,81919.0,0.0,0.0
171109,2022-2023,Telangana,36,Wanaparthy,693.0,Gross Irrigated Area,Canal,Private,81919.0,Mahabubnagar,2022,81919.0,81919.0,0.0,0.0
171115,2022-2023,Telangana,36,Wanaparthy,693.0,Net Irrigated Area,Canal,Private,81919.0,Mahabubnagar,2022,81919.0,81919.0,0.0,0.0
128474,2016-2017,Telangana,36,Wanaparthy,693.0,Gross Irrigated Area,Other Source,Other Source,3399.0,Mahabubnagar,2016,,,,
128480,2016-2017,Telangana,36,Wanaparthy,693.0,Net Irrigated Area,Other Source,Other Source,3195.0,Mahabubnagar,2016,3399.0,3399.0,-204.0,-6.001765225066196
135974,2017-2018,Telangana,36,Wanaparthy,693.0,Gross Irrigated Area,Other Source,Other Source,2427.0,Mahabubnagar,2017,3195.0,3297.0,-768.0,-24.037558685446008
135980,2017-2018,Telangana,36,Wanaparthy,693.0,Net Irrigated Area,Other Source,Other Source,2427.0,Mahabubnagar,2017,2427.0,3007.0,0.0,0.0
143534,2018-2019,Telangana,36,Wanaparthy,693.0,Gross Irrigated Area,Other Source,Other Source,2076.0,Mahabubnagar,2018,2427.0,2862.0,-351.0,-14.462299134734241
143540,2018-2019,Telangana,36,Wanaparthy,693.0,Net Irrigated Area,Other Source,Other Source,1619.0,Mahabubnagar,2018,2076.0,2704.8,-457.0,-22.013487475915223
151190,2019-2020,Telangana,36,Wanaparthy,693.0,Gross Irrigated Area,Other Source,Other Source,3985.0,Mahabubnagar,2019,1619.0,2523.8333333333335,2366.0,146.1395923409512
151196,2019-2020,Telangana,36,Wanaparthy,693.0,Net Irrigated Area,Other Source,Other Source,2869.0,Mahabubnagar,2019,3985.0,2732.5714285714284,-1116.0,-28.005018820577167
158954,2020-2021,Telangana,36,Wanaparthy,693.0,Gross Irrigated Area,Other Source,Other Source,2743.0,Mahabubnagar,2020,2869.0,2749.625,-126.0,-4.3917741373300805
158960,2020-2021,Telangana,36,Wanaparthy,693.0,Net Irrigated Area,Other Source,Other Source,1947.0,Mahabubnagar,2020,2743.0,2748.8888888888887,-796.0,-29.01932191031717
164546,2021-2022,Telangana,36,Wanaparthy,693.0,Gross Irrigated Area,Other Source,Other Source,2111.0,Mahabubnagar,2021,1947.0,2668.7,164.0,8.42321520287622
164552,2021-2022,Telangana,36,Wanaparthy,693.0,Net Irrigated Area,Other Source,Other Source,1541.0,Mahabubnagar,2021,2111.0,2618.0,-570.0,-27.00142112742776
171110,2022-2023,Telangana,36,Wanaparthy,693.0,Gross Irrigated Area,Other Source,Other Source,2877.0,Mahabubnagar,2022,1541.0,2528.25,1336.0,86.69695003244647
171116,2022-2023,Telangana,36,Wanaparthy,693.0,Net Irrigated Area,Other Source,Other Source,263.0,Mahabubnagar,2022,2877.0,2555.076923076923,-2614.0,-90.85853319429961
128475,2016-2017,Telangana,36,Wanaparthy,693.0,Gross Irrigated Area,Tank,Tank,1916.0,Mahabubnagar,2016,,,,
128481,2016-2017,Telangana,36,Wanaparthy,693.0,Net Irrigated Area,Tank,Tank,1782.0,Mahabubnagar,2016,1916.0,1916.0,-134.0,-6.993736951983298
135975,2017-2018,Telangana,36,Wanaparthy,693.0,Gross Irrigated Area,Tank,Tank,4488.0,Mahabubnagar,2017,1782.0,1849.0,2706.0,151.85185185185185
135981,2017-2018,Telangana,36,Wanaparthy,693.0,Net Irrigated Area,Tank,Tank,3905.0,Mahabubnagar,2017,4488.0,2728.6666666666665,-583.0,-12.990196078431374
143535,2018-2019,Telangana,36,Wanaparthy,693.0,Gross Irrigated Area,Tank,Tank,1129.0,Mahabubnagar,2018,3905.0,3022.75,-2776.0,-71.08834827144686
143541,2018-2019,Telangana,36,Wanaparthy,693.0,Net Irrigated Area,Tank,Tank,892.0,Mahabubnagar,2018,1129.0,2644.0,-237.0,-20.992028343666963
151191,2019-2020,Telangana,36,Wanaparthy,693.0,Gross Irrigated Area,Tank,Tank,1685.0,Mahabubnagar,2019,892.0,2352.0,793.0,88.90134529147981
151197,2019-2020,Telangana,36,Wanaparthy,693.0,Net Irrigated Area,Tank,Tank,1230.0,Mahabubnagar,2019,1685.0,2256.714285714286,-455.0,-27.002967359050444
158955,2020-2021,Telangana,36,Wanaparthy,693.0,Gross Irrigated Area,Tank,Tank,1590.0,Mahabubnagar,2020,1230.0,2128.375,360.0,29.268292682926827
158961,2020-2021,Telangana,36,Wanaparthy,693.0,Net Irrigated Area,Tank,Tank,954.0,Mahabubnagar,2020,1590.0,2068.5555555555557,-636.0,-40.0
164547,2021-2022,Telangana,36,Wanaparthy,693.0,Gross Irrigated Area,Tank,Tank,2260.0,Mahabubnagar,2021,954.0,1957.1,1306.0,136.8972746331237
164553,2021-2022,Telangana,36,Wanaparthy,693.0,Net Irrigated Area,Tank,Tank,1740.0,Mahabubnagar,2021,2260.0,1984.6363636363637,-520.0,-23.008849557522122
171111,2022-2023,Telangana,36,Wanaparthy,693.0,Gross Irrigated Area,Tank,Tank,3080.0,Mahabubnagar,2022,1740.0,1964.25,1340.0,77.01149425287356
171117,2022-2023,Telangana,36,Wanaparthy,693.0,Net Irrigated Area,Tank,Tank,2094.0,Mahabubnagar,2022,3080.0,2050.076923076923,-986.0,-32.01298701298702
128476,2016-2017,Telangana,36,Wanaparthy,693.0,Gross Irrigated Area,Well,Other Well,571.0,Mahabubnagar,2016,,,,
128482,2016-2017,Telangana,36,Wanaparthy,693.0,Net Irrigated Area,Well,Other Well,520.0,Mahabubnagar,2016,571.0,571.0,-51.0,-8.93169877408056
135976,2017-2018,Telangana,36,Wanaparthy,693.0,Gross Irrigated Area,Well,Other Well,148.0,Mahabubnagar,2017,520.0,545.5,-372.0,-71.53846153846153
135982,2017-2018,Telangana,36,Wanaparthy,693.0,Net Irrigated Area,Well,Other Well,133.0,Mahabubnagar,2017,148.0,413.0,-15.0,-10.135135135135135
143536,2018-2019,Telangana,36,Wanaparthy,693.0,Gross Irrigated Area,Well,Other Well,634.0,Mahabubnagar,2018,133.0,343.0,501.0,376.69172932330827
143542,2018-2019,Telangana,36,Wanaparthy,693.0,Net Irrigated Area,Well,Other Well,552.0,Mahabubnagar,2018,634.0,401.2,-82.0,-12.933753943217665
151192,2019-2020,Telangana,36,Wanaparthy,693.0,Gross Irrigated Area,Well,Other Well,1329.0,Mahabubnagar,2019,552.0,426.3333333333333,777.0,140.76086956521738
151198,2019-2020,Telangana,36,Wanaparthy,693.0,Net Irrigated Area,Well,Other Well,1157.0,Mahabubnagar,2019,1329.0,555.2857142857143,-172.0,-12.942061700526711
158956,2020-2021,Telangana,36,Wanaparthy,693.0,Gross Irrigated Area,Well,Other Well,1152.0,Mahabubnagar,2020,1157.0,630.5,-5.0,-0.432152117545376
158962,2020-2021,Telangana,36,Wanaparthy,693.0,Net Irrigated Area,Well,Other Well,771.0,Mahabubnagar,2020,1152.0,688.4444444444445,-381.0,-33.07291666666667
164548,2021-2022,Telangana,36,Wanaparthy,693.0,Gross Irrigated Area,Well,Other Well,403.0,Mahabubnagar,2021,771.0,696.7,-368.0,-47.73022049286641
164554,2021-2022,Telangana,36,Wanaparthy,693.0,Net Irrigated Area,Well,Other Well,327.0,Mahabubnagar,2021,403.0,670.0,-76.0,-18.858560794044664
171112,2022-2023,Telangana,36,Wanaparthy,693.0,Gross Irrigated Area,Well,Other Well,1999.0,Mahabubnagar,2022,327.0,641.4166666666666,1672.0,511.31498470948014
171118,2022-2023,Telangana,36,Wanaparthy,693.0,Net Irrigated Area,Well,Other Well,1458.0,Mahabubnagar,2022,1999.0,745.8461538461538,-541.0,-27.063531765882942
128477,2016-2017,Telangana,36,Wanaparthy,693.0,Gross Irrigated Area,Well,Tubewell,5776.0,Mahabubnagar,2016,,,,
128483,2016-2017,Telangana,36,Wanaparthy,693.0,Net Irrigated Area,Well,Tubewell,4101.0,Mahabubnagar,2016,5776.0,5776.0,-1675.0,-28.999307479224377
135977,2017-2018,Telangana,36,Wanaparthy,693.0,Gross Irrigated Area,Well,Tubewell,4778.0,Mahabubnagar,2017,4101.0,4938.5,677.0,16.50816873933187
135983,2017-2018,Telangana,36,Wanaparthy,693.0,Net Irrigated Area,Well,Tubewell,3870.0,Mahabubnagar,2017,4778.0,4885.0,-908.0,-19.00376726663876
143537,2018-2019,Telangana,36,Wanaparthy,693.0,Gross Irrigated Area,Well,Tubewell,20447.0,Mahabubnagar,2018,3870.0,4631.25,16577.0,428.34625322997414
143543,2018-2019,Telangana,36,Wanaparthy,693.0,Net Irrigated Area,Well,Tubewell,15335.0,Mahabubnagar,2018,20447.0,7794.4,-5112.0,-25.001222673252798
151193,2019-2020,Telangana,36,Wanaparthy,693.0,Gross Irrigated Area,Well,Tubewell,31558.0,Mahabubnagar,2019,15335.0,9051.166666666666,16223.0,105.7906749266384
151199,2019-2020,Telangana,36,Wanaparthy,693.0,Net Irrigated Area,Well,Tubewell,21459.0,Mahabubnagar,2019,31558.0,12266.42857142857,-10099.0,-32.00139425819127
158957,2020-2021,Telangana,36,Wanaparthy,693.0,Gross Irrigated Area,Well,Tubewell,27616.0,Mahabubnagar,2020,21459.0,13415.5,6157.0,28.691924134395823
158963,2020-2021,Telangana,36,Wanaparthy,693.0,Net Irrigated Area,Well,Tubewell,17982.0,Mahabubnagar,2020,27616.0,14993.333333333334,-9634.0,-34.88557358053303
164549,2021-2022,Telangana,36,Wanaparthy,693.0,Gross Irrigated Area,Well,Tubewell,9641.0,Mahabubnagar,2021,17982.0,15292.2,-8341.0,-46.385274163051946
164555,2021-2022,Telangana,36,Wanaparthy,693.0,Net Irrigated Area,Well,Tubewell,6387.0,Mahabubnagar,2021,9641.0,14778.454545454546,-3254.0,-33.75168550980189
171113,2022-2023,Telangana,36,Wanaparthy,693.0,Gross Irrigated Area,Well,Tubewell,57235.0,Mahabubnagar,2022,6387.0,14079.166666666666,50848.0,796.1171128855487
171119,2022-2023,Telangana,36,Wanaparthy,693.0,Net Irrigated Area,Well,Tubewell,37109.0,Mahabubnagar,2022,57235.0,17398.846153846152,-20126.0,-35.16379837512012
113820,2014-2015,Telangana,36,Warangal,522.0,Gross Irrigated Area,Canal,Government,10101.0,Warangal,2014,,,,
113826,2014-2015,Telangana,36,Warangal,522.0,Net Irrigated Area,Canal,Government,7817.0,Warangal,2014,10101.0,10101.0,-2284.0,-22.61162261162261
121032,2015-2016,Telangana,36,Warangal,522.0,Gross Irrigated Area,Canal,Government,19084.0,Warangal,2015,7817.0,8959.0,11267.0,144.13457848279393
121038,2015-2016,Telangana,36,Warangal,522.0,Net Irrigated Area,Canal,Government,12827.0,Warangal,2015,19084.0,12334.0,-6257.0,-32.78662754139594
128484,2016-2017,Telangana,36,Warangal,522.0,Gross Irrigated Area,Canal,Government,39113.0,Warangal,2016,12827.0,12457.25,26286.0,204.92710688391674
128490,2016-2017,Telangana,36,Warangal,522.0,Net Irrigated Area,Canal,Government,24256.0,Warangal,2016,39113.0,17788.4,-14857.0,-37.98481323345179
135984,2017-2018,Telangana,36,Warangal,522.0,Gross Irrigated Area,Canal,Government,19745.0,Warangal,2017,24256.0,18866.333333333332,-4511.0,-18.59746042216359
135990,2017-2018,Telangana,36,Warangal,522.0,Net Irrigated Area,Canal,Government,13936.0,Warangal,2017,19745.0,18991.85714285714,-5809.0,-29.420106356039504
143544,2018-2019,Telangana,36,Warangal,522.0,Gross Irrigated Area,Canal,Government,63991.0,Warangal,2018,13936.0,18359.875,50055.0,359.1776693455798
143550,2018-2019,Telangana,36,Warangal,522.0,Net Irrigated Area,Canal,Government,46748.0,Warangal,2018,63991.0,23430.0,-17243.0,-26.945976777984406
151200,2019-2020,Telangana,36,Warangal,522.0,Gross Irrigated Area,Canal,Government,79876.0,Warangal,2019,46748.0,25761.8,33128.0,70.86506374604261
151206,2019-2020,Telangana,36,Warangal,522.0,Net Irrigated Area,Canal,Government,32929.0,Warangal,2019,79876.0,30681.272727272728,-46947.0,-58.77485101907958
158964,2020-2021,Telangana,36,Warangal,522.0,Gross Irrigated Area,Canal,Government,97823.0,Warangal,2020,32929.0,30868.583333333332,64894.0,197.07248929515018
158970,2020-2021,Telangana,36,Warangal,522.0,Net Irrigated Area,Canal,Government,31982.0,Warangal,2020,97823.0,36018.92307692308,-65841.0,-67.30625721967226
164556,2021-2022,Telangana,36,Warangal,522.0,Gross Irrigated Area,Canal,Government,134963.0,Warangal,2021,31982.0,35730.57142857143,102981.0,321.9967481708461
164562,2021-2022,Telangana,36,Warangal,522.0,Net Irrigated Area,Canal,Government,45089.0,Warangal,2021,134963.0,42346.066666666666,-89874.0,-66.59158436015798
171120,2022-2023,Telangana,36,Warangal,522.0,Gross Irrigated Area,Canal,Government,41898.0,Warangal,2022,45089.0,42517.5,-3191.0,-7.077114152010468
171126,2022-2023,Telangana,36,Warangal,522.0,Net Irrigated Area,Canal,Government,16759.0,Warangal,2022,41898.0,42481.05882352941,-25139.0,-60.00047734975416
113821,2014-2015,Telangana,36,Warangal,522.0,Gross Irrigated Area,Canal,Private,32455.5,Warangal,2014,,,,
113827,2014-2015,Telangana,36,Warangal,522.0,Net Irrigated Area,Canal,Private,32455.5,Warangal,2014,32455.5,32455.5,0.0,0.0
121033,2015-2016,Telangana,36,Warangal,522.0,Gross Irrigated Area,Canal,Private,32455.5,Warangal,2015,32455.5,32455.5,0.0,0.0
121039,2015-2016,Telangana,36,Warangal,522.0,Net Irrigated Area,Canal,Private,32455.5,Warangal,2015,32455.5,32455.5,0.0,0.0
128485,2016-2017,Telangana,36,Warangal,522.0,Gross Irrigated Area,Canal,Private,32455.5,Warangal,2016,32455.5,32455.5,0.0,0.0
128491,2016-2017,Telangana,36,Warangal,522.0,Net Irrigated Area,Canal,Private,32455.5,Warangal,2016,32455.5,32455.5,0.0,0.0
135985,2017-2018,Telangana,36,Warangal,522.0,Gross Irrigated Area,Canal,Private,32455.5,Warangal,2017,32455.5,32455.5,0.0,0.0
135991,2017-2018,Telangana,36,Warangal,522.0,Net Irrigated Area,Canal,Private,32455.5,Warangal,2017,32455.5,32455.5,0.0,0.0
143545,2018-2019,Telangana,36,Warangal,522.0,Gross Irrigated Area,Canal,Private,32455.5,Warangal,2018,32455.5,32455.5,0.0,0.0
143551,2018-2019,Telangana,36,Warangal,522.0,Net Irrigated Area,Canal,Private,32455.5,Warangal,2018,32455.5,32455.5,0.0,0.0
151201,2019-2020,Telangana,36,Warangal,522.0,Gross Irrigated Area,Canal,Private,32455.5,Warangal,2019,32455.5,32455.5,0.0,0.0
151207,2019-2020,Telangana,36,Warangal,522.0,Net Irrigated Area,Canal,Private,32455.5,Warangal,2019,32455.5,32455.5,0.0,0.0
158965,2020-2021,Telangana,36,Warangal,522.0,Gross Irrigated Area,Canal,Private,32455.5,Warangal,2020,32455.5,32455.5,0.0,0.0
158971,2020-2021,Telangana,36,Warangal,522.0,Net Irrigated Area,Canal,Private,32455.5,Warangal,2020,32455.5,32455.5,0.0,0.0
164557,2021-2022,Telangana,36,Warangal,522.0,Gross Irrigated Area,Canal,Private,32455.5,Warangal,2021,32455.5,32455.5,0.0,0.0
164563,2021-2022,Telangana,36,Warangal,522.0,Net Irrigated Area,Canal,Private,32455.5,Warangal,2021,32455.5,32455.5,0.0,0.0
171121,2022-2023,Telangana,36,Warangal,522.0,Gross Irrigated Area,Canal,Private,32455.5,Warangal,2022,32455.5,32455.5,0.0,0.0
171127,2022-2023,Telangana,36,Warangal,522.0,Net Irrigated Area,Canal,Private,32455.5,Warangal,2022,32455.5,32455.5,0.0,0.0
113822,2014-2015,Telangana,36,Warangal,522.0,Gross Irrigated Area,Other Source,Other Source,2109.0,Warangal,2014,,,,
113828,2014-2015,Telangana,36,Warangal,522.0,Net Irrigated Area,Other Source,Other Source,1916.0,Warangal,2014,2109.0,2109.0,-193.0,-9.151256519677572
121034,2015-2016,Telangana,36,Warangal,522.0,Gross Irrigated Area,Other Source,Other Source,7861.0,Warangal,2015,1916.0,2012.5,5945.0,310.28183716075154
121040,2015-2016,Telangana,36,Warangal,522.0,Net Irrigated Area,Other Source,Other Source,3976.0,Warangal,2015,7861.0,3962.0,-3885.0,-49.42119323241318
128486,2016-2017,Telangana,36,Warangal,522.0,Gross Irrigated Area,Other Source,Other Source,731.0,Warangal,2016,3976.0,3965.5,-3245.0,-81.61468812877264
128492,2016-2017,Telangana,36,Warangal,522.0,Net Irrigated Area,Other Source,Other Source,475.0,Warangal,2016,731.0,3318.6,-256.0,-35.02051983584131
135986,2017-2018,Telangana,36,Warangal,522.0,Gross Irrigated Area,Other Source,Other Source,489.0,Warangal,2017,475.0,2844.6666666666665,14.0,2.9473684210526314
135992,2017-2018,Telangana,36,Warangal,522.0,Net Irrigated Area,Other Source,Other Source,421.0,Warangal,2017,489.0,2508.1428571428573,-68.0,-13.905930470347649
143546,2018-2019,Telangana,36,Warangal,522.0,Gross Irrigated Area,Other Source,Other Source,733.0,Warangal,2018,421.0,2247.25,312.0,74.10926365795724
143552,2018-2019,Telangana,36,Warangal,522.0,Net Irrigated Area,Other Source,Other Source,528.0,Warangal,2018,733.0,2079.0,-205.0,-27.967257844474762
151202,2019-2020,Telangana,36,Warangal,522.0,Gross Irrigated Area,Other Source,Other Source,280.0,Warangal,2019,528.0,1923.9,-248.0,-46.96969696969697
151208,2019-2020,Telangana,36,Warangal,522.0,Net Irrigated Area,Other Source,Other Source,106.0,Warangal,2019,280.0,1774.4545454545455,-174.0,-62.142857142857146
158966,2020-2021,Telangana,36,Warangal,522.0,Gross Irrigated Area,Other Source,Other Source,238.0,Warangal,2020,106.0,1635.4166666666667,132.0,124.52830188679245
158972,2020-2021,Telangana,36,Warangal,522.0,Net Irrigated Area,Other Source,Other Source,126.0,Warangal,2020,238.0,1527.923076923077,-112.0,-47.05882352941176
164558,2021-2022,Telangana,36,Warangal,522.0,Gross Irrigated Area,Other Source,Other Source,340.0,Warangal,2021,126.0,1427.7857142857142,214.0,169.84126984126985
164564,2021-2022,Telangana,36,Warangal,522.0,Net Irrigated Area,Other Source,Other Source,184.0,Warangal,2021,340.0,1355.2666666666667,-156.0,-45.88235294117647
171122,2022-2023,Telangana,36,Warangal,522.0,Gross Irrigated Area,Other Source,Other Source,366.0,Warangal,2022,184.0,1282.0625,182.0,98.91304347826086
171128,2022-2023,Telangana,36,Warangal,522.0,Net Irrigated Area,Other Source,Other Source,253.0,Warangal,2022,366.0,1228.1764705882354,-113.0,-30.87431693989071
113823,2014-2015,Telangana,36,Warangal,522.0,Gross Irrigated Area,Tank,Tank,19398.0,Warangal,2014,,,,
113829,2014-2015,Telangana,36,Warangal,522.0,Net Irrigated Area,Tank,Tank,17616.0,Warangal,2014,19398.0,19398.0,-1782.0,-9.186514073615836
121035,2015-2016,Telangana,36,Warangal,522.0,Gross Irrigated Area,Tank,Tank,46056.0,Warangal,2015,17616.0,18507.0,28440.0,161.44414168937328
121041,2015-2016,Telangana,36,Warangal,522.0,Net Irrigated Area,Tank,Tank,46056.0,Warangal,2015,46056.0,27690.0,0.0,0.0
128487,2016-2017,Telangana,36,Warangal,522.0,Gross Irrigated Area,Tank,Tank,17971.0,Warangal,2016,46056.0,32281.5,-28085.0,-60.98011116901164
128493,2016-2017,Telangana,36,Warangal,522.0,Net Irrigated Area,Tank,Tank,9704.0,Warangal,2016,17971.0,29419.4,-8267.0,-46.001891937009624
135987,2017-2018,Telangana,36,Warangal,522.0,Gross Irrigated Area,Tank,Tank,15964.0,Warangal,2017,9704.0,26133.5,6260.0,64.50948062654575
135993,2017-2018,Telangana,36,Warangal,522.0,Net Irrigated Area,Tank,Tank,13090.0,Warangal,2017,15964.0,24680.714285714286,-2874.0,-18.00300676522175
143547,2018-2019,Telangana,36,Warangal,522.0,Gross Irrigated Area,Tank,Tank,10198.0,Warangal,2018,13090.0,23231.875,-2892.0,-22.09320091673033
143553,2018-2019,Telangana,36,Warangal,522.0,Net Irrigated Area,Tank,Tank,9076.0,Warangal,2018,10198.0,21783.666666666668,-1122.0,-11.002157285742301
151203,2019-2020,Telangana,36,Warangal,522.0,Gross Irrigated Area,Tank,Tank,11536.0,Warangal,2019,9076.0,20512.9,2460.0,27.104451300132215
151209,2019-2020,Telangana,36,Warangal,522.0,Net Irrigated Area,Tank,Tank,7383.0,Warangal,2019,11536.0,19696.81818181818,-4153.0,-36.000346740638
158967,2020-2021,Telangana,36,Warangal,522.0,Gross Irrigated Area,Tank,Tank,15967.0,Warangal,2020,7383.0,18670.666666666668,8584.0,116.2671000948124
158973,2020-2021,Telangana,36,Warangal,522.0,Net Irrigated Area,Tank,Tank,9581.0,Warangal,2020,15967.0,18462.69230769231,-6386.0,-39.99498966618651
164559,2021-2022,Telangana,36,Warangal,522.0,Gross Irrigated Area,Tank,Tank,13569.0,Warangal,2021,9581.0,17828.285714285714,3988.0,41.62404759419685
164565,2021-2022,Telangana,36,Warangal,522.0,Net Irrigated Area,Tank,Tank,9227.0,Warangal,2021,13569.0,17544.333333333332,-4342.0,-31.999410420812147
171123,2022-2023,Telangana,36,Warangal,522.0,Gross Irrigated Area,Tank,Tank,14614.0,Warangal,2022,9227.0,17024.5,5387.0,58.38300639427766
171129,2022-2023,Telangana,36,Warangal,522.0,Net Irrigated Area,Tank,Tank,9061.0,Warangal,2022,14614.0,16882.70588235294,-5553.0,-37.99781031887232
113824,2014-2015,Telangana,36,Warangal,522.0,Gross Irrigated Area,Well,Other Well,184439.0,Warangal,2014,,,,
113830,2014-2015,Telangana,36,Warangal,522.0,Net Irrigated Area,Well,Other Well,135026.0,Warangal,2014,184439.0,184439.0,-49413.0,-26.7909715407262
121036,2015-2016,Telangana,36,Warangal,522.0,Gross Irrigated Area,Well,Other Well,196638.0,Warangal,2015,135026.0,159732.5,61612.0,45.62973057040866
121042,2015-2016,Telangana,36,Warangal,522.0,Net Irrigated Area,Well,Other Well,148135.0,Warangal,2015,196638.0,172034.33333333334,-48503.0,-24.66613777601481
128488,2016-2017,Telangana,36,Warangal,522.0,Gross Irrigated Area,Well,Other Well,65738.0,Warangal,2016,148135.0,166059.5,-82397.0,-55.622911533398586
128494,2016-2017,Telangana,36,Warangal,522.0,Net Irrigated Area,Well,Other Well,43387.0,Warangal,2016,65738.0,145995.2,-22351.0,-34.00012169521433
135988,2017-2018,Telangana,36,Warangal,522.0,Gross Irrigated Area,Well,Other Well,89505.0,Warangal,2017,43387.0,128893.83333333333,46118.0,106.29451218106807
135994,2017-2018,Telangana,36,Warangal,522.0,Net Irrigated Area,Well,Other Well,61758.0,Warangal,2017,89505.0,123266.85714285714,-27747.0,-31.000502765208648
143548,2018-2019,Telangana,36,Warangal,522.0,Gross Irrigated Area,Well,Other Well,64782.0,Warangal,2018,61758.0,115578.25,3024.0,4.896531623433401
143554,2018-2019,Telangana,36,Warangal,522.0,Net Irrigated Area,Well,Other Well,47939.0,Warangal,2018,64782.0,109934.22222222222,-16843.0,-25.999506035627178
151204,2019-2020,Telangana,36,Warangal,522.0,Gross Irrigated Area,Well,Other Well,85541.0,Warangal,2019,47939.0,103734.7,37602.0,78.43718058365839
151210,2019-2020,Telangana,36,Warangal,522.0,Net Irrigated Area,Well,Other Well,60714.0,Warangal,2019,85541.0,102080.72727272728,-24827.0,-29.023509194421386
158968,2020-2021,Telangana,36,Warangal,522.0,Gross Irrigated Area,Well,Other Well,81545.0,Warangal,2020,60714.0,98633.5,20831.0,34.31004381197088
158974,2020-2021,Telangana,36,Warangal,522.0,Net Irrigated Area,Well,Other Well,51019.0,Warangal,2020,81545.0,97319.0,-30526.0,-37.43454534306211
164560,2021-2022,Telangana,36,Warangal,522.0,Gross Irrigated Area,Well,Other Well,16312.0,Warangal,2021,51019.0,94011.85714285714,-34707.0,-68.0275975616927
164566,2021-2022,Telangana,36,Warangal,522.0,Net Irrigated Area,Well,Other Well,10113.0,Warangal,2021,16312.0,88831.86666666667,-6199.0,-38.002697400686614
171124,2022-2023,Telangana,36,Warangal,522.0,Gross Irrigated Area,Well,Other Well,80655.0,Warangal,2022,10113.0,83911.9375,70542.0,697.5378226045683
171130,2022-2023,Telangana,36,Warangal,522.0,Net Irrigated Area,Well,Other Well,45133.0,Warangal,2022,80655.0,83720.35294117648,-35522.0,-44.041906887359744
113825,2014-2015,Telangana,36,Warangal,522.0,Gross Irrigated Area,Well,Tubewell,161763.0,Warangal,2014,,,,
113831,2014-2015,Telangana,36,Warangal,522.0,Net Irrigated Area,Well,Tubewell,113662.0,Warangal,2014,161763.0,161763.0,-48101.0,-29.73547721048695
121037,2015-2016,Telangana,36,Warangal,522.0,Gross Irrigated Area,Well,Tubewell,141293.0,Warangal,2015,113662.0,137712.5,27631.0,24.309795710087805
121043,2015-2016,Telangana,36,Warangal,522.0,Net Irrigated Area,Well,Tubewell,96958.0,Warangal,2015,141293.0,138906.0,-44335.0,-31.378058360994533
128489,2016-2017,Telangana,36,Warangal,522.0,Gross Irrigated Area,Well,Tubewell,26851.0,Warangal,2016,96958.0,128419.0,-70107.0,-72.30656572949113
128495,2016-2017,Telangana,36,Warangal,522.0,Net Irrigated Area,Well,Tubewell,16916.0,Warangal,2016,26851.0,108105.4,-9935.0,-37.00048415329038
135989,2017-2018,Telangana,36,Warangal,522.0,Gross Irrigated Area,Well,Tubewell,29835.0,Warangal,2017,16916.0,92907.16666666667,12919.0,76.37148262000473
135995,2017-2018,Telangana,36,Warangal,522.0,Net Irrigated Area,Well,Tubewell,19094.0,Warangal,2017,29835.0,83896.85714285714,-10741.0,-36.001340707223065
143549,2018-2019,Telangana,36,Warangal,522.0,Gross Irrigated Area,Well,Tubewell,20457.0,Warangal,2018,19094.0,75796.5,1363.0,7.138368073740442
143555,2018-2019,Telangana,36,Warangal,522.0,Net Irrigated Area,Well,Tubewell,13706.0,Warangal,2018,20457.0,69647.66666666667,-6751.0,-33.0009287774356
151205,2019-2020,Telangana,36,Warangal,522.0,Gross Irrigated Area,Well,Tubewell,33255.0,Warangal,2019,13706.0,64053.5,19549.0,142.6309645410769
151211,2019-2020,Telangana,36,Warangal,522.0,Net Irrigated Area,Well,Tubewell,21283.0,Warangal,2019,33255.0,61253.63636363636,-11972.0,-36.000601413321306
158969,2020-2021,Telangana,36,Warangal,522.0,Gross Irrigated Area,Well,Tubewell,31672.0,Warangal,2020,21283.0,57922.75,10389.0,48.81360710426162
158975,2020-2021,Telangana,36,Warangal,522.0,Net Irrigated Area,Well,Tubewell,19361.0,Warangal,2020,31672.0,55903.46153846154,-12311.0,-38.87029552917403
164561,2021-2022,Telangana,36,Warangal,522.0,Gross Irrigated Area,Well,Tubewell,6308.0,Warangal,2021,19361.0,53293.28571428572,-13053.0,-67.4190382728165
164567,2021-2022,Telangana,36,Warangal,522.0,Net Irrigated Area,Well,Tubewell,3743.0,Warangal,2021,6308.0,50160.933333333334,-2565.0,-40.66265060240964
171125,2022-2023,Telangana,36,Warangal,522.0,Gross Irrigated Area,Well,Tubewell,56352.0,Warangal,2022,3743.0,47259.8125,52609.0,1405.5303232701042
171131,2022-2023,Telangana,36,Warangal,522.0,Net Irrigated Area,Well,Tubewell,36283.0,Warangal,2022,56352.0,47794.64705882353,-20069.0,-35.61364281658149
128496,2016-2017,Telangana,36,Yadadri Bhuvanagiri,697.0,Gross Irrigated Area,Canal,Government,17864.0,Nalgonda,2016,,,,
128502,2016-2017,Telangana,36,Yadadri Bhuvanagiri,697.0,Net Irrigated Area,Canal,Government,17864.0,Nalgonda,2016,17864.0,17864.0,0.0,0.0
135996,2017-2018,Telangana,36,Yadadri Bhuvanagiri,697.0,Gross Irrigated Area,Canal,Government,5367.0,Nalgonda,2017,17864.0,17864.0,-12497.0,-69.95633676668159
136002,2017-2018,Telangana,36,Yadadri Bhuvanagiri,697.0,Net Irrigated Area,Canal,Government,4186.0,Nalgonda,2017,5367.0,13698.333333333334,-1181.0,-22.004844419601266
143556,2018-2019,Telangana,36,Yadadri Bhuvanagiri,697.0,Gross Irrigated Area,Canal,Government,37901.0,Nalgonda,2018,4186.0,11320.25,33715.0,805.4228380315337
143562,2018-2019,Telangana,36,Yadadri Bhuvanagiri,697.0,Net Irrigated Area,Canal,Government,22384.0,Nalgonda,2018,37901.0,16636.4,-15517.0,-40.940872272499405
151212,2019-2020,Telangana,36,Yadadri Bhuvanagiri,697.0,Gross Irrigated Area,Canal,Government,30457.0,Nalgonda,2019,22384.0,17594.333333333332,8073.0,36.06593995711223
151218,2019-2020,Telangana,36,Yadadri Bhuvanagiri,697.0,Net Irrigated Area,Canal,Government,18491.0,Nalgonda,2019,30457.0,19431.85714285714,-11966.0,-39.28817677381226
158976,2020-2021,Telangana,36,Yadadri Bhuvanagiri,697.0,Gross Irrigated Area,Canal,Government,17237.0,Nalgonda,2020,18491.0,19314.25,-1254.0,-6.78167757287329
158982,2020-2021,Telangana,36,Yadadri Bhuvanagiri,697.0,Net Irrigated Area,Canal,Government,10599.0,Nalgonda,2020,17237.0,19083.444444444445,-6638.0,-38.510181586122876
164568,2021-2022,Telangana,36,Yadadri Bhuvanagiri,697.0,Gross Irrigated Area,Canal,Government,28909.0,Nalgonda,2021,10599.0,18235.0,18310.0,172.7521464289084
164574,2021-2022,Telangana,36,Yadadri Bhuvanagiri,697.0,Net Irrigated Area,Canal,Government,16189.0,Nalgonda,2021,28909.0,19205.363636363636,-12720.0,-44.00013836521499
171132,2022-2023,Telangana,36,Yadadri Bhuvanagiri,697.0,Gross Irrigated Area,Canal,Government,17864.0,Nalgonda,2022,16189.0,18954.0,1675.0,10.346531595527827
171138,2022-2023,Telangana,36,Yadadri Bhuvanagiri,697.0,Net Irrigated Area,Canal,Government,17864.0,Nalgonda,2022,17864.0,18870.153846153848,0.0,0.0
128497,2016-2017,Telangana,36,Yadadri Bhuvanagiri,697.0,Gross Irrigated Area,Canal,Private,17864.0,Nalgonda,2016,,,,
128503,2016-2017,Telangana,36,Yadadri Bhuvanagiri,697.0,Net Irrigated Area,Canal,Private,17864.0,Nalgonda,2016,17864.0,17864.0,0.0,0.0
135997,2017-2018,Telangana,36,Yadadri Bhuvanagiri,697.0,Gross Irrigated Area,Canal,Private,17864.0,Nalgonda,2017,17864.0,17864.0,0.0,0.0
136003,2017-2018,Telangana,36,Yadadri Bhuvanagiri,697.0,Net Irrigated Area,Canal,Private,17864.0,Nalgonda,2017,17864.0,17864.0,0.0,0.0
143557,2018-2019,Telangana,36,Yadadri Bhuvanagiri,697.0,Gross Irrigated Area,Canal,Private,17864.0,Nalgonda,2018,17864.0,17864.0,0.0,0.0
143563,2018-2019,Telangana,36,Yadadri Bhuvanagiri,697.0,Net Irrigated Area,Canal,Private,17864.0,Nalgonda,2018,17864.0,17864.0,0.0,0.0
151213,2019-2020,Telangana,36,Yadadri Bhuvanagiri,697.0,Gross Irrigated Area,Canal,Private,17864.0,Nalgonda,2019,17864.0,17864.0,0.0,0.0
151219,2019-2020,Telangana,36,Yadadri Bhuvanagiri,697.0,Net Irrigated Area,Canal,Private,17864.0,Nalgonda,2019,17864.0,17864.0,0.0,0.0
158977,2020-2021,Telangana,36,Yadadri Bhuvanagiri,697.0,Gross Irrigated Area,Canal,Private,17864.0,Nalgonda,2020,17864.0,17864.0,0.0,0.0
158983,2020-2021,Telangana,36,Yadadri Bhuvanagiri,697.0,Net Irrigated Area,Canal,Private,17864.0,Nalgonda,2020,17864.0,17864.0,0.0,0.0
164569,2021-2022,Telangana,36,Yadadri Bhuvanagiri,697.0,Gross Irrigated Area,Canal,Private,17864.0,Nalgonda,2021,17864.0,17864.0,0.0,0.0
164575,2021-2022,Telangana,36,Yadadri Bhuvanagiri,697.0,Net Irrigated Area,Canal,Private,17864.0,Nalgonda,2021,17864.0,17864.0,0.0,0.0
171133,2022-2023,Telangana,36,Yadadri Bhuvanagiri,697.0,Gross Irrigated Area,Canal,Private,17864.0,Nalgonda,2022,17864.0,17864.0,0.0,0.0
171139,2022-2023,Telangana,36,Yadadri Bhuvanagiri,697.0,Net Irrigated Area,Canal,Private,17864.0,Nalgonda,2022,17864.0,17864.0,0.0,0.0
128498,2016-2017,Telangana,36,Yadadri Bhuvanagiri,697.0,Gross Irrigated Area,Other Source,Other Source,3247.0,Nalgonda,2016,,,,
128504,2016-2017,Telangana,36,Yadadri Bhuvanagiri,697.0,Net Irrigated Area,Other Source,Other Source,2046.0,Nalgonda,2016,3247.0,3247.0,-1201.0,-36.987988912842624
135998,2017-2018,Telangana,36,Yadadri Bhuvanagiri,697.0,Gross Irrigated Area,Other Source,Other Source,7045.0,Nalgonda,2017,2046.0,2646.5,4999.0,244.3304007820137
136004,2017-2018,Telangana,36,Yadadri Bhuvanagiri,697.0,Net Irrigated Area,Other Source,Other Source,4368.0,Nalgonda,2017,7045.0,4112.666666666667,-2677.0,-37.998580553584105
143558,2018-2019,Telangana,36,Yadadri Bhuvanagiri,697.0,Gross Irrigated Area,Other Source,Other Source,2646.5,Nalgonda,2018,4368.0,4176.5,-1721.5,-39.41163003663004
143564,2018-2019,Telangana,36,Yadadri Bhuvanagiri,697.0,Net Irrigated Area,Other Source,Other Source,2646.5,Nalgonda,2018,2646.5,3870.5,0.0,0.0
151214,2019-2020,Telangana,36,Yadadri Bhuvanagiri,697.0,Gross Irrigated Area,Other Source,Other Source,2646.5,Nalgonda,2019,2646.5,3666.5,0.0,0.0
151220,2019-2020,Telangana,36,Yadadri Bhuvanagiri,697.0,Net Irrigated Area,Other Source,Other Source,2646.5,Nalgonda,2019,2646.5,3520.785714285714,0.0,0.0
158978,2020-2021,Telangana,36,Yadadri Bhuvanagiri,697.0,Gross Irrigated Area,Other Source,Other Source,2646.5,Nalgonda,2020,2646.5,3411.5,0.0,0.0
158984,2020-2021,Telangana,36,Yadadri Bhuvanagiri,697.0,Net Irrigated Area,Other Source,Other Source,2646.5,Nalgonda,2020,2646.5,3326.5,0.0,0.0
164570,2021-2022,Telangana,36,Yadadri Bhuvanagiri,697.0,Gross Irrigated Area,Other Source,Other Source,2646.5,Nalgonda,2021,2646.5,3258.5,0.0,0.0
164576,2021-2022,Telangana,36,Yadadri Bhuvanagiri,697.0,Net Irrigated Area,Other Source,Other Source,2646.5,Nalgonda,2021,2646.5,3202.8636363636365,0.0,0.0
171134,2022-2023,Telangana,36,Yadadri Bhuvanagiri,697.0,Gross Irrigated Area,Other Source,Other Source,959.0,Nalgonda,2022,2646.5,3156.5,-1687.5,-63.76346117513697
171140,2022-2023,Telangana,36,Yadadri Bhuvanagiri,697.0,Net Irrigated Area,Other Source,Other Source,556.0,Nalgonda,2022,959.0,2987.4615384615386,-403.0,-42.02294056308655
128499,2016-2017,Telangana,36,Yadadri Bhuvanagiri,697.0,Gross Irrigated Area,Tank,Tank,7000.0,Nalgonda,2016,,,,
128505,2016-2017,Telangana,36,Yadadri Bhuvanagiri,697.0,Net Irrigated Area,Tank,Tank,4444.0,Nalgonda,2016,7000.0,7000.0,-2556.0,-36.51428571428571
135999,2017-2018,Telangana,36,Yadadri Bhuvanagiri,697.0,Gross Irrigated Area,Tank,Tank,6157.0,Nalgonda,2017,4444.0,5722.0,1713.0,38.54635463546355
136005,2017-2018,Telangana,36,Yadadri Bhuvanagiri,697.0,Net Irrigated Area,Tank,Tank,3571.0,Nalgonda,2017,6157.0,5867.0,-2586.0,-42.00097450056846
143559,2018-2019,Telangana,36,Yadadri Bhuvanagiri,697.0,Gross Irrigated Area,Tank,Tank,4775.0,Nalgonda,2018,3571.0,5293.0,1204.0,33.71604592551106
143565,2018-2019,Telangana,36,Yadadri Bhuvanagiri,697.0,Net Irrigated Area,Tank,Tank,3151.0,Nalgonda,2018,4775.0,5189.4,-1624.0,-34.010471204188484
151215,2019-2020,Telangana,36,Yadadri Bhuvanagiri,697.0,Gross Irrigated Area,Tank,Tank,6607.0,Nalgonda,2019,3151.0,4849.666666666667,3456.0,109.67946683592511
151221,2019-2020,Telangana,36,Yadadri Bhuvanagiri,697.0,Net Irrigated Area,Tank,Tank,4096.0,Nalgonda,2019,6607.0,5100.714285714285,-2511.0,-38.005146057212045
158979,2020-2021,Telangana,36,Yadadri Bhuvanagiri,697.0,Gross Irrigated Area,Tank,Tank,7590.0,Nalgonda,2020,4096.0,4975.125,3494.0,85.302734375
158985,2020-2021,Telangana,36,Yadadri Bhuvanagiri,697.0,Net Irrigated Area,Tank,Tank,4882.0,Nalgonda,2020,7590.0,5265.666666666667,-2708.0,-35.67852437417655
164571,2021-2022,Telangana,36,Yadadri Bhuvanagiri,697.0,Gross Irrigated Area,Tank,Tank,7590.0,Nalgonda,2021,4882.0,5227.3,2708.0,55.469070053256864
164577,2021-2022,Telangana,36,Yadadri Bhuvanagiri,697.0,Net Irrigated Area,Tank,Tank,6585.0,Nalgonda,2021,7590.0,5442.090909090909,-1005.0,-13.24110671936759
171135,2022-2023,Telangana,36,Yadadri Bhuvanagiri,697.0,Gross Irrigated Area,Tank,Tank,9981.0,Nalgonda,2022,6585.0,5537.333333333333,3396.0,51.57175398633257
171141,2022-2023,Telangana,36,Yadadri Bhuvanagiri,697.0,Net Irrigated Area,Tank,Tank,6188.0,Nalgonda,2022,9981.0,5879.153846153846,-3793.0,-38.00220418795712
128500,2016-2017,Telangana,36,Yadadri Bhuvanagiri,697.0,Gross Irrigated Area,Well,Other Well,9570.0,Nalgonda,2016,,,,
128506,2016-2017,Telangana,36,Yadadri Bhuvanagiri,697.0,Net Irrigated Area,Well,Other Well,6316.0,Nalgonda,2016,9570.0,9570.0,-3254.0,-34.00208986415883
136000,2017-2018,Telangana,36,Yadadri Bhuvanagiri,697.0,Gross Irrigated Area,Well,Other Well,11982.0,Nalgonda,2017,6316.0,7943.0,5666.0,89.70867637745408
136006,2017-2018,Telangana,36,Yadadri Bhuvanagiri,697.0,Net Irrigated Area,Well,Other Well,7429.0,Nalgonda,2017,11982.0,9289.333333333334,-4553.0,-37.998664663662154
143560,2018-2019,Telangana,36,Yadadri Bhuvanagiri,697.0,Gross Irrigated Area,Well,Other Well,7880.0,Nalgonda,2018,7429.0,8824.25,451.0,6.070803607484184
143566,2018-2019,Telangana,36,Yadadri Bhuvanagiri,697.0,Net Irrigated Area,Well,Other Well,4807.0,Nalgonda,2018,7880.0,8635.4,-3073.0,-38.99746192893401
151216,2019-2020,Telangana,36,Yadadri Bhuvanagiri,697.0,Gross Irrigated Area,Well,Other Well,10718.0,Nalgonda,2019,4807.0,7997.333333333333,5911.0,122.9665071770335
151222,2019-2020,Telangana,36,Yadadri Bhuvanagiri,697.0,Net Irrigated Area,Well,Other Well,7074.0,Nalgonda,2019,10718.0,8386.0,-3644.0,-33.998880388132115
158980,2020-2021,Telangana,36,Yadadri Bhuvanagiri,697.0,Gross Irrigated Area,Well,Other Well,18287.0,Nalgonda,2020,7074.0,8222.0,11213.0,158.51003675431156
158986,2020-2021,Telangana,36,Yadadri Bhuvanagiri,697.0,Net Irrigated Area,Well,Other Well,12643.0,Nalgonda,2020,18287.0,9340.333333333334,-5644.0,-30.863454913326404
164572,2021-2022,Telangana,36,Yadadri Bhuvanagiri,697.0,Gross Irrigated Area,Well,Other Well,15894.0,Nalgonda,2021,12643.0,9670.6,3251.0,25.713833741991614
164578,2021-2022,Telangana,36,Yadadri Bhuvanagiri,697.0,Net Irrigated Area,Well,Other Well,10490.0,Nalgonda,2021,15894.0,10236.363636363636,-5404.0,-34.000251667295835
171136,2022-2023,Telangana,36,Yadadri Bhuvanagiri,697.0,Gross Irrigated Area,Well,Other Well,20436.0,Nalgonda,2022,10490.0,10257.5,9946.0,94.8141086749285
171142,2022-2023,Telangana,36,Yadadri Bhuvanagiri,697.0,Net Irrigated Area,Well,Other Well,10899.0,Nalgonda,2022,20436.0,11040.461538461539,-9537.0,-46.667645331767474
128501,2016-2017,Telangana,36,Yadadri Bhuvanagiri,697.0,Gross Irrigated Area,Well,Tubewell,70177.0,Nalgonda,2016,,,,
128507,2016-2017,Telangana,36,Yadadri Bhuvanagiri,697.0,Net Irrigated Area,Well,Tubewell,42106.0,Nalgonda,2016,70177.0,70177.0,-28071.0,-40.000284993658894
136001,2017-2018,Telangana,36,Yadadri Bhuvanagiri,697.0,Gross Irrigated Area,Well,Tubewell,80188.0,Nalgonda,2017,42106.0,56141.5,38082.0,90.44316724457322
136007,2017-2018,Telangana,36,Yadadri Bhuvanagiri,697.0,Net Irrigated Area,Well,Tubewell,43669.0,Nalgonda,2017,80188.0,64157.0,-36519.0,-45.54172694168703
143561,2018-2019,Telangana,36,Yadadri Bhuvanagiri,697.0,Gross Irrigated Area,Well,Tubewell,48399.0,Nalgonda,2018,43669.0,59035.0,4730.0,10.831482287206027
143567,2018-2019,Telangana,36,Yadadri Bhuvanagiri,697.0,Net Irrigated Area,Well,Tubewell,28555.0,Nalgonda,2018,48399.0,56907.8,-19844.0,-41.0008471249406
151217,2019-2020,Telangana,36,Yadadri Bhuvanagiri,697.0,Gross Irrigated Area,Well,Tubewell,96307.0,Nalgonda,2019,28555.0,52182.333333333336,67752.0,237.26842934687446
151223,2019-2020,Telangana,36,Yadadri Bhuvanagiri,697.0,Net Irrigated Area,Well,Tubewell,55847.0,Nalgonda,2019,96307.0,58485.857142857145,-40460.0,-42.0114841081126
158981,2020-2021,Telangana,36,Yadadri Bhuvanagiri,697.0,Gross Irrigated Area,Well,Tubewell,147953.0,Nalgonda,2020,55847.0,58156.0,92106.0,164.92560030082188
158987,2020-2021,Telangana,36,Yadadri Bhuvanagiri,697.0,Net Irrigated Area,Well,Tubewell,78957.0,Nalgonda,2020,147953.0,68133.44444444444,-68996.0,-46.63372827857496
164573,2021-2022,Telangana,36,Yadadri Bhuvanagiri,697.0,Gross Irrigated Area,Well,Tubewell,130227.0,Nalgonda,2021,78957.0,69215.8,51270.0,64.93407804247882
164579,2021-2022,Telangana,36,Yadadri Bhuvanagiri,697.0,Net Irrigated Area,Well,Tubewell,86163.0,Nalgonda,2021,130227.0,74762.27272727272,-44064.0,-33.83630122785598
171137,2022-2023,Telangana,36,Yadadri Bhuvanagiri,697.0,Gross Irrigated Area,Well,Tubewell,217507.0,Nalgonda,2022,86163.0,75712.33333333333,131344.0,152.4366607476527
171143,2022-2023,Telangana,36,Yadadri Bhuvanagiri,697.0,Net Irrigated Area,Well,Tubewell,121278.0,Nalgonda,2022,217507.0,86619.61538461539,-96229.0,-44.24179451695808
