id,year,state_name,state_code,district_name,district_code,irrigated_area_type,area_classification,area_sub_classification,irrigated_area,old_district_name
113712,2014-2015,Telangana,36,Adilabad,501.0,Gross Irrigated Area,Canal,Government,4987.0,Adilabad
113713,2014-2015,Telangana,36,Adilabad,501.0,Gross Irrigated Area,Canal,Private,,Adilabad
113714,2014-2015,Telangana,36,Adilabad,501.0,Gross Irrigated Area,Other Source,Other Source,2615.0,Adilabad
113715,2014-2015,Telangana,36,Adilabad,501.0,Gross Irrigated Area,Tank,Tank,8673.0,Adilabad
113716,2014-2015,Telangana,36,Adilabad,501.0,Gross Irrigated Area,Well,Other Well,17632.0,Adilabad
113717,2014-2015,Telangana,36,Adilabad,501.0,Gross Irrigated Area,Well,Tubewell,77584.0,Adilabad
113718,2014-2015,Telangana,36,Adilabad,501.0,Net Irrigated Area,Canal,Government,4920.0,Adilabad
113719,2014-2015,Telangana,36,Adilabad,501.0,Net Irrigated Area,Canal,Private,,Adilabad
113720,2014-2015,Telangana,36,Adilabad,501.0,Net Irrigated Area,Other Source,Other Source,1937.0,Adilabad
113721,2014-2015,Telangana,36,Adilabad,501.0,Net Irrigated Area,Tank,Tank,8331.0,Adilabad
113722,2014-2015,Telangana,36,Adilabad,501.0,Net Irrigated Area,Well,Other Well,15447.0,Adilabad
113723,2014-2015,Telangana,36,Adilabad,501.0,Net Irrigated Area,Well,Tubewell,50776.0,Adilabad
113736,2014-2015,Telangana,36,Karimnagar,508.0,Gross Irrigated Area,Canal,Government,1111.0,Karimnagar
113737,2014-2015,Telangana,36,Karimnagar,508.0,Gross Irrigated Area,Canal,Private,,Karimnagar
113738,2014-2015,Telangana,36,Karimnagar,508.0,Gross Irrigated Area,Other Source,Other Source,496.0,Karimnagar
113739,2014-2015,Telangana,36,Karimnagar,508.0,Gross Irrigated Area,Tank,Tank,19810.0,Karimnagar
113740,2014-2015,Telangana,36,Karimnagar,508.0,Gross Irrigated Area,Well,Other Well,401671.0,Karimnagar
113741,2014-2015,Telangana,36,Karimnagar,508.0,Gross Irrigated Area,Well,Tubewell,78352.0,Karimnagar
113742,2014-2015,Telangana,36,Karimnagar,508.0,Net Irrigated Area,Canal,Government,810.0,Karimnagar
113743,2014-2015,Telangana,36,Karimnagar,508.0,Net Irrigated Area,Canal,Private,,Karimnagar
113744,2014-2015,Telangana,36,Karimnagar,508.0,Net Irrigated Area,Other Source,Other Source,59.0,Karimnagar
113745,2014-2015,Telangana,36,Karimnagar,508.0,Net Irrigated Area,Tank,Tank,18451.0,Karimnagar
113746,2014-2015,Telangana,36,Karimnagar,508.0,Net Irrigated Area,Well,Other Well,244984.0,Karimnagar
113747,2014-2015,Telangana,36,Karimnagar,508.0,Net Irrigated Area,Well,Tubewell,51354.0,Karimnagar
113748,2014-2015,Telangana,36,Khammam,509.0,Gross Irrigated Area,Canal,Government,64629.0,Khammam
113749,2014-2015,Telangana,36,Khammam,509.0,Gross Irrigated Area,Canal,Private,,Khammam
113750,2014-2015,Telangana,36,Khammam,509.0,Gross Irrigated Area,Other Source,Other Source,9841.0,Khammam
113751,2014-2015,Telangana,36,Khammam,509.0,Gross Irrigated Area,Tank,Tank,37208.0,Khammam
113752,2014-2015,Telangana,36,Khammam,509.0,Gross Irrigated Area,Well,Other Well,44331.0,Khammam
113753,2014-2015,Telangana,36,Khammam,509.0,Gross Irrigated Area,Well,Tubewell,62777.0,Khammam
113754,2014-2015,Telangana,36,Khammam,509.0,Net Irrigated Area,Canal,Government,51127.0,Khammam
113755,2014-2015,Telangana,36,Khammam,509.0,Net Irrigated Area,Canal,Private,,Khammam
113756,2014-2015,Telangana,36,Khammam,509.0,Net Irrigated Area,Other Source,Other Source,8127.0,Khammam
113757,2014-2015,Telangana,36,Khammam,509.0,Net Irrigated Area,Tank,Tank,33383.0,Khammam
113758,2014-2015,Telangana,36,Khammam,509.0,Net Irrigated Area,Well,Other Well,36493.0,Khammam
113759,2014-2015,Telangana,36,Khammam,509.0,Net Irrigated Area,Well,Tubewell,48575.0,Khammam
113760,2014-2015,Telangana,36,Mahabubnagar,512.0,Gross Irrigated Area,Canal,Government,36294.0,Mahabubnagar
113761,2014-2015,Telangana,36,Mahabubnagar,512.0,Gross Irrigated Area,Canal,Private,,Mahabubnagar
113762,2014-2015,Telangana,36,Mahabubnagar,512.0,Gross Irrigated Area,Other Source,Other Source,15991.0,Mahabubnagar
113763,2014-2015,Telangana,36,Mahabubnagar,512.0,Gross Irrigated Area,Tank,Tank,3751.0,Mahabubnagar
113764,2014-2015,Telangana,36,Mahabubnagar,512.0,Gross Irrigated Area,Well,Other Well,5332.0,Mahabubnagar
113765,2014-2015,Telangana,36,Mahabubnagar,512.0,Gross Irrigated Area,Well,Tubewell,270391.0,Mahabubnagar
113766,2014-2015,Telangana,36,Mahabubnagar,512.0,Net Irrigated Area,Canal,Government,29579.0,Mahabubnagar
113767,2014-2015,Telangana,36,Mahabubnagar,512.0,Net Irrigated Area,Canal,Private,,Mahabubnagar
113768,2014-2015,Telangana,36,Mahabubnagar,512.0,Net Irrigated Area,Other Source,Other Source,12951.0,Mahabubnagar
113769,2014-2015,Telangana,36,Mahabubnagar,512.0,Net Irrigated Area,Tank,Tank,3727.0,Mahabubnagar
113770,2014-2015,Telangana,36,Mahabubnagar,512.0,Net Irrigated Area,Well,Other Well,4472.0,Mahabubnagar
113771,2014-2015,Telangana,36,Mahabubnagar,512.0,Net Irrigated Area,Well,Tubewell,197940.0,Mahabubnagar
113772,2014-2015,Telangana,36,Medak,513.0,Gross Irrigated Area,Canal,Government,1371.0,Medak
113773,2014-2015,Telangana,36,Medak,513.0,Gross Irrigated Area,Canal,Private,,Medak
113774,2014-2015,Telangana,36,Medak,513.0,Gross Irrigated Area,Other Source,Other Source,1108.0,Medak
113775,2014-2015,Telangana,36,Medak,513.0,Gross Irrigated Area,Tank,Tank,1481.0,Medak
113776,2014-2015,Telangana,36,Medak,513.0,Gross Irrigated Area,Well,Other Well,9186.0,Medak
113777,2014-2015,Telangana,36,Medak,513.0,Gross Irrigated Area,Well,Tubewell,199974.0,Medak
113778,2014-2015,Telangana,36,Medak,513.0,Net Irrigated Area,Canal,Government,1371.0,Medak
113779,2014-2015,Telangana,36,Medak,513.0,Net Irrigated Area,Canal,Private,,Medak
113780,2014-2015,Telangana,36,Medak,513.0,Net Irrigated Area,Other Source,Other Source,1108.0,Medak
113781,2014-2015,Telangana,36,Medak,513.0,Net Irrigated Area,Tank,Tank,1481.0,Medak
113782,2014-2015,Telangana,36,Medak,513.0,Net Irrigated Area,Well,Other Well,6798.0,Medak
113783,2014-2015,Telangana,36,Medak,513.0,Net Irrigated Area,Well,Tubewell,133445.0,Medak
113784,2014-2015,Telangana,36,Nalgonda,514.0,Gross Irrigated Area,Canal,Government,113204.0,Nalgonda
113785,2014-2015,Telangana,36,Nalgonda,514.0,Gross Irrigated Area,Canal,Private,,Nalgonda
113786,2014-2015,Telangana,36,Nalgonda,514.0,Gross Irrigated Area,Other Source,Other Source,17162.0,Nalgonda
113787,2014-2015,Telangana,36,Nalgonda,514.0,Gross Irrigated Area,Tank,Tank,21329.0,Nalgonda
113788,2014-2015,Telangana,36,Nalgonda,514.0,Gross Irrigated Area,Well,Other Well,31156.0,Nalgonda
113789,2014-2015,Telangana,36,Nalgonda,514.0,Gross Irrigated Area,Well,Tubewell,203162.0,Nalgonda
113790,2014-2015,Telangana,36,Nalgonda,514.0,Net Irrigated Area,Canal,Government,67059.0,Nalgonda
113791,2014-2015,Telangana,36,Nalgonda,514.0,Net Irrigated Area,Canal,Private,,Nalgonda
113792,2014-2015,Telangana,36,Nalgonda,514.0,Net Irrigated Area,Other Source,Other Source,11256.0,Nalgonda
113793,2014-2015,Telangana,36,Nalgonda,514.0,Net Irrigated Area,Tank,Tank,12805.0,Nalgonda
113794,2014-2015,Telangana,36,Nalgonda,514.0,Net Irrigated Area,Well,Other Well,20300.0,Nalgonda
113795,2014-2015,Telangana,36,Nalgonda,514.0,Net Irrigated Area,Well,Tubewell,142382.0,Nalgonda
113796,2014-2015,Telangana,36,Nizamabad,516.0,Gross Irrigated Area,Canal,Government,10850.0,Nizamabad
113797,2014-2015,Telangana,36,Nizamabad,516.0,Gross Irrigated Area,Canal,Private,,Nizamabad
113798,2014-2015,Telangana,36,Nizamabad,516.0,Gross Irrigated Area,Other Source,Other Source,4827.0,Nizamabad
113799,2014-2015,Telangana,36,Nizamabad,516.0,Gross Irrigated Area,Tank,Tank,738.0,Nizamabad
113800,2014-2015,Telangana,36,Nizamabad,516.0,Gross Irrigated Area,Well,Other Well,1509.0,Nizamabad
113801,2014-2015,Telangana,36,Nizamabad,516.0,Gross Irrigated Area,Well,Tubewell,286080.0,Nizamabad
113802,2014-2015,Telangana,36,Nizamabad,516.0,Net Irrigated Area,Canal,Government,10711.0,Nizamabad
113803,2014-2015,Telangana,36,Nizamabad,516.0,Net Irrigated Area,Canal,Private,,Nizamabad
113804,2014-2015,Telangana,36,Nizamabad,516.0,Net Irrigated Area,Other Source,Other Source,3119.0,Nizamabad
113805,2014-2015,Telangana,36,Nizamabad,516.0,Net Irrigated Area,Tank,Tank,498.0,Nizamabad
113806,2014-2015,Telangana,36,Nizamabad,516.0,Net Irrigated Area,Well,Other Well,483.0,Nizamabad
113807,2014-2015,Telangana,36,Nizamabad,516.0,Net Irrigated Area,Well,Tubewell,150674.0,Nizamabad
113808,2014-2015,Telangana,36,Ranga Reddy,518.0,Gross Irrigated Area,Canal,Government,505.0,Ranga Reddy
113809,2014-2015,Telangana,36,Ranga Reddy,518.0,Gross Irrigated Area,Canal,Private,,Ranga Reddy
113810,2014-2015,Telangana,36,Ranga Reddy,518.0,Gross Irrigated Area,Other Source,Other Source,2835.0,Ranga Reddy
113811,2014-2015,Telangana,36,Ranga Reddy,518.0,Gross Irrigated Area,Tank,Tank,751.0,Ranga Reddy
113812,2014-2015,Telangana,36,Ranga Reddy,518.0,Gross Irrigated Area,Well,Other Well,1378.0,Ranga Reddy
113813,2014-2015,Telangana,36,Ranga Reddy,518.0,Gross Irrigated Area,Well,Tubewell,79064.0,Ranga Reddy
113814,2014-2015,Telangana,36,Ranga Reddy,518.0,Net Irrigated Area,Canal,Government,294.0,Ranga Reddy
113815,2014-2015,Telangana,36,Ranga Reddy,518.0,Net Irrigated Area,Canal,Private,,Ranga Reddy
113816,2014-2015,Telangana,36,Ranga Reddy,518.0,Net Irrigated Area,Other Source,Other Source,2266.0,Ranga Reddy
113817,2014-2015,Telangana,36,Ranga Reddy,518.0,Net Irrigated Area,Tank,Tank,488.0,Ranga Reddy
113818,2014-2015,Telangana,36,Ranga Reddy,518.0,Net Irrigated Area,Well,Other Well,1092.0,Ranga Reddy
113819,2014-2015,Telangana,36,Ranga Reddy,518.0,Net Irrigated Area,Well,Tubewell,59193.0,Ranga Reddy
113820,2014-2015,Telangana,36,Warangal,522.0,Gross Irrigated Area,Canal,Government,10101.0,Warangal
113821,2014-2015,Telangana,36,Warangal,522.0,Gross Irrigated Area,Canal,Private,,Warangal
113822,2014-2015,Telangana,36,Warangal,522.0,Gross Irrigated Area,Other Source,Other Source,2109.0,Warangal
113823,2014-2015,Telangana,36,Warangal,522.0,Gross Irrigated Area,Tank,Tank,19398.0,Warangal
113824,2014-2015,Telangana,36,Warangal,522.0,Gross Irrigated Area,Well,Other Well,184439.0,Warangal
113825,2014-2015,Telangana,36,Warangal,522.0,Gross Irrigated Area,Well,Tubewell,161763.0,Warangal
113826,2014-2015,Telangana,36,Warangal,522.0,Net Irrigated Area,Canal,Government,7817.0,Warangal
113827,2014-2015,Telangana,36,Warangal,522.0,Net Irrigated Area,Canal,Private,,Warangal
113828,2014-2015,Telangana,36,Warangal,522.0,Net Irrigated Area,Other Source,Other Source,1916.0,Warangal
113829,2014-2015,Telangana,36,Warangal,522.0,Net Irrigated Area,Tank,Tank,17616.0,Warangal
113830,2014-2015,Telangana,36,Warangal,522.0,Net Irrigated Area,Well,Other Well,135026.0,Warangal
113831,2014-2015,Telangana,36,Warangal,522.0,Net Irrigated Area,Well,Tubewell,113662.0,Warangal
120924,2015-2016,Telangana,36,Adilabad,501.0,Gross Irrigated Area,Canal,Government,4930.0,Adilabad
120925,2015-2016,Telangana,36,Adilabad,501.0,Gross Irrigated Area,Canal,Private,,Adilabad
120926,2015-2016,Telangana,36,Adilabad,501.0,Gross Irrigated Area,Other Source,Other Source,3270.0,Adilabad
120927,2015-2016,Telangana,36,Adilabad,501.0,Gross Irrigated Area,Tank,Tank,9042.0,Adilabad
120928,2015-2016,Telangana,36,Adilabad,501.0,Gross Irrigated Area,Well,Other Well,22566.0,Adilabad
120929,2015-2016,Telangana,36,Adilabad,501.0,Gross Irrigated Area,Well,Tubewell,80166.0,Adilabad
120930,2015-2016,Telangana,36,Adilabad,501.0,Net Irrigated Area,Canal,Government,4773.0,Adilabad
120931,2015-2016,Telangana,36,Adilabad,501.0,Net Irrigated Area,Canal,Private,,Adilabad
120932,2015-2016,Telangana,36,Adilabad,501.0,Net Irrigated Area,Other Source,Other Source,1542.0,Adilabad
120933,2015-2016,Telangana,36,Adilabad,501.0,Net Irrigated Area,Tank,Tank,9042.0,Adilabad
120934,2015-2016,Telangana,36,Adilabad,501.0,Net Irrigated Area,Well,Other Well,13162.0,Adilabad
120935,2015-2016,Telangana,36,Adilabad,501.0,Net Irrigated Area,Well,Tubewell,54819.0,Adilabad
120948,2015-2016,Telangana,36,Karimnagar,508.0,Gross Irrigated Area,Canal,Government,122.0,Karimnagar
120949,2015-2016,Telangana,36,Karimnagar,508.0,Gross Irrigated Area,Canal,Private,,Karimnagar
120950,2015-2016,Telangana,36,Karimnagar,508.0,Gross Irrigated Area,Other Source,Other Source,1071.0,Karimnagar
120951,2015-2016,Telangana,36,Karimnagar,508.0,Gross Irrigated Area,Tank,Tank,6866.0,Karimnagar
120952,2015-2016,Telangana,36,Karimnagar,508.0,Gross Irrigated Area,Well,Other Well,279472.0,Karimnagar
120953,2015-2016,Telangana,36,Karimnagar,508.0,Gross Irrigated Area,Well,Tubewell,68947.0,Karimnagar
120954,2015-2016,Telangana,36,Karimnagar,508.0,Net Irrigated Area,Canal,Government,122.0,Karimnagar
120955,2015-2016,Telangana,36,Karimnagar,508.0,Net Irrigated Area,Canal,Private,,Karimnagar
120956,2015-2016,Telangana,36,Karimnagar,508.0,Net Irrigated Area,Other Source,Other Source,434.0,Karimnagar
120957,2015-2016,Telangana,36,Karimnagar,508.0,Net Irrigated Area,Tank,Tank,6866.0,Karimnagar
120958,2015-2016,Telangana,36,Karimnagar,508.0,Net Irrigated Area,Well,Other Well,191446.0,Karimnagar
120959,2015-2016,Telangana,36,Karimnagar,508.0,Net Irrigated Area,Well,Tubewell,44334.0,Karimnagar
120960,2015-2016,Telangana,36,Khammam,509.0,Gross Irrigated Area,Canal,Government,20373.0,Khammam
120961,2015-2016,Telangana,36,Khammam,509.0,Gross Irrigated Area,Canal,Private,,Khammam
120962,2015-2016,Telangana,36,Khammam,509.0,Gross Irrigated Area,Other Source,Other Source,10908.0,Khammam
120963,2015-2016,Telangana,36,Khammam,509.0,Gross Irrigated Area,Tank,Tank,40516.0,Khammam
120964,2015-2016,Telangana,36,Khammam,509.0,Gross Irrigated Area,Well,Other Well,46343.0,Khammam
120965,2015-2016,Telangana,36,Khammam,509.0,Gross Irrigated Area,Well,Tubewell,68960.0,Khammam
120966,2015-2016,Telangana,36,Khammam,509.0,Net Irrigated Area,Canal,Government,19821.0,Khammam
120967,2015-2016,Telangana,36,Khammam,509.0,Net Irrigated Area,Canal,Private,,Khammam
120968,2015-2016,Telangana,36,Khammam,509.0,Net Irrigated Area,Other Source,Other Source,8419.0,Khammam
120969,2015-2016,Telangana,36,Khammam,509.0,Net Irrigated Area,Tank,Tank,40516.0,Khammam
120970,2015-2016,Telangana,36,Khammam,509.0,Net Irrigated Area,Well,Other Well,38904.0,Khammam
120971,2015-2016,Telangana,36,Khammam,509.0,Net Irrigated Area,Well,Tubewell,54147.0,Khammam
120972,2015-2016,Telangana,36,Mahabubnagar,512.0,Gross Irrigated Area,Canal,Government,11415.0,Mahabubnagar
120973,2015-2016,Telangana,36,Mahabubnagar,512.0,Gross Irrigated Area,Canal,Private,,Mahabubnagar
120974,2015-2016,Telangana,36,Mahabubnagar,512.0,Gross Irrigated Area,Other Source,Other Source,12329.0,Mahabubnagar
120975,2015-2016,Telangana,36,Mahabubnagar,512.0,Gross Irrigated Area,Tank,Tank,1885.0,Mahabubnagar
120976,2015-2016,Telangana,36,Mahabubnagar,512.0,Gross Irrigated Area,Well,Other Well,6666.0,Mahabubnagar
120977,2015-2016,Telangana,36,Mahabubnagar,512.0,Gross Irrigated Area,Well,Tubewell,210943.0,Mahabubnagar
120978,2015-2016,Telangana,36,Mahabubnagar,512.0,Net Irrigated Area,Canal,Government,11415.0,Mahabubnagar
120979,2015-2016,Telangana,36,Mahabubnagar,512.0,Net Irrigated Area,Canal,Private,,Mahabubnagar
120980,2015-2016,Telangana,36,Mahabubnagar,512.0,Net Irrigated Area,Other Source,Other Source,12002.0,Mahabubnagar
120981,2015-2016,Telangana,36,Mahabubnagar,512.0,Net Irrigated Area,Tank,Tank,1885.0,Mahabubnagar
120982,2015-2016,Telangana,36,Mahabubnagar,512.0,Net Irrigated Area,Well,Other Well,6611.0,Mahabubnagar
120983,2015-2016,Telangana,36,Mahabubnagar,512.0,Net Irrigated Area,Well,Tubewell,180051.0,Mahabubnagar
120984,2015-2016,Telangana,36,Medak,513.0,Gross Irrigated Area,Canal,Government,,Medak
120985,2015-2016,Telangana,36,Medak,513.0,Gross Irrigated Area,Canal,Private,,Medak
120986,2015-2016,Telangana,36,Medak,513.0,Gross Irrigated Area,Other Source,Other Source,197.0,Medak
120987,2015-2016,Telangana,36,Medak,513.0,Gross Irrigated Area,Tank,Tank,108.0,Medak
120988,2015-2016,Telangana,36,Medak,513.0,Gross Irrigated Area,Well,Other Well,5788.0,Medak
120989,2015-2016,Telangana,36,Medak,513.0,Gross Irrigated Area,Well,Tubewell,165127.0,Medak
120990,2015-2016,Telangana,36,Medak,513.0,Net Irrigated Area,Canal,Government,,Medak
120991,2015-2016,Telangana,36,Medak,513.0,Net Irrigated Area,Canal,Private,,Medak
120992,2015-2016,Telangana,36,Medak,513.0,Net Irrigated Area,Other Source,Other Source,197.0,Medak
120993,2015-2016,Telangana,36,Medak,513.0,Net Irrigated Area,Tank,Tank,108.0,Medak
120994,2015-2016,Telangana,36,Medak,513.0,Net Irrigated Area,Well,Other Well,3915.0,Medak
120995,2015-2016,Telangana,36,Medak,513.0,Net Irrigated Area,Well,Tubewell,109516.0,Medak
120996,2015-2016,Telangana,36,Nalgonda,514.0,Gross Irrigated Area,Canal,Government,5259.0,Nalgonda
120997,2015-2016,Telangana,36,Nalgonda,514.0,Gross Irrigated Area,Canal,Private,,Nalgonda
120998,2015-2016,Telangana,36,Nalgonda,514.0,Gross Irrigated Area,Other Source,Other Source,9608.0,Nalgonda
120999,2015-2016,Telangana,36,Nalgonda,514.0,Gross Irrigated Area,Tank,Tank,7544.0,Nalgonda
121000,2015-2016,Telangana,36,Nalgonda,514.0,Gross Irrigated Area,Well,Other Well,53510.0,Nalgonda
121001,2015-2016,Telangana,36,Nalgonda,514.0,Gross Irrigated Area,Well,Tubewell,197605.0,Nalgonda
121002,2015-2016,Telangana,36,Nalgonda,514.0,Net Irrigated Area,Canal,Government,3743.0,Nalgonda
121003,2015-2016,Telangana,36,Nalgonda,514.0,Net Irrigated Area,Canal,Private,,Nalgonda
121004,2015-2016,Telangana,36,Nalgonda,514.0,Net Irrigated Area,Other Source,Other Source,4829.0,Nalgonda
121005,2015-2016,Telangana,36,Nalgonda,514.0,Net Irrigated Area,Tank,Tank,7544.0,Nalgonda
121006,2015-2016,Telangana,36,Nalgonda,514.0,Net Irrigated Area,Well,Other Well,36952.0,Nalgonda
121007,2015-2016,Telangana,36,Nalgonda,514.0,Net Irrigated Area,Well,Tubewell,136237.0,Nalgonda
121008,2015-2016,Telangana,36,Nizamabad,516.0,Gross Irrigated Area,Canal,Government,,Nizamabad
121009,2015-2016,Telangana,36,Nizamabad,516.0,Gross Irrigated Area,Canal,Private,,Nizamabad
121010,2015-2016,Telangana,36,Nizamabad,516.0,Gross Irrigated Area,Other Source,Other Source,804.0,Nizamabad
121011,2015-2016,Telangana,36,Nizamabad,516.0,Gross Irrigated Area,Tank,Tank,25.0,Nizamabad
121012,2015-2016,Telangana,36,Nizamabad,516.0,Gross Irrigated Area,Well,Other Well,221.0,Nizamabad
121013,2015-2016,Telangana,36,Nizamabad,516.0,Gross Irrigated Area,Well,Tubewell,198028.0,Nizamabad
121014,2015-2016,Telangana,36,Nizamabad,516.0,Net Irrigated Area,Canal,Government,,Nizamabad
121015,2015-2016,Telangana,36,Nizamabad,516.0,Net Irrigated Area,Canal,Private,,Nizamabad
121016,2015-2016,Telangana,36,Nizamabad,516.0,Net Irrigated Area,Other Source,Other Source,723.0,Nizamabad
121017,2015-2016,Telangana,36,Nizamabad,516.0,Net Irrigated Area,Tank,Tank,25.0,Nizamabad
121018,2015-2016,Telangana,36,Nizamabad,516.0,Net Irrigated Area,Well,Other Well,39.0,Nizamabad
121019,2015-2016,Telangana,36,Nizamabad,516.0,Net Irrigated Area,Well,Tubewell,126838.0,Nizamabad
121020,2015-2016,Telangana,36,Ranga Reddy,518.0,Gross Irrigated Area,Canal,Government,,Ranga Reddy
121021,2015-2016,Telangana,36,Ranga Reddy,518.0,Gross Irrigated Area,Canal,Private,,Ranga Reddy
121022,2015-2016,Telangana,36,Ranga Reddy,518.0,Gross Irrigated Area,Other Source,Other Source,2404.0,Ranga Reddy
121023,2015-2016,Telangana,36,Ranga Reddy,518.0,Gross Irrigated Area,Tank,Tank,483.0,Ranga Reddy
121024,2015-2016,Telangana,36,Ranga Reddy,518.0,Gross Irrigated Area,Well,Other Well,1204.0,Ranga Reddy
121025,2015-2016,Telangana,36,Ranga Reddy,518.0,Gross Irrigated Area,Well,Tubewell,62026.0,Ranga Reddy
121026,2015-2016,Telangana,36,Ranga Reddy,518.0,Net Irrigated Area,Canal,Government,,Ranga Reddy
121027,2015-2016,Telangana,36,Ranga Reddy,518.0,Net Irrigated Area,Canal,Private,,Ranga Reddy
121028,2015-2016,Telangana,36,Ranga Reddy,518.0,Net Irrigated Area,Other Source,Other Source,1336.0,Ranga Reddy
121029,2015-2016,Telangana,36,Ranga Reddy,518.0,Net Irrigated Area,Tank,Tank,483.0,Ranga Reddy
121030,2015-2016,Telangana,36,Ranga Reddy,518.0,Net Irrigated Area,Well,Other Well,930.0,Ranga Reddy
121031,2015-2016,Telangana,36,Ranga Reddy,518.0,Net Irrigated Area,Well,Tubewell,44563.0,Ranga Reddy
121032,2015-2016,Telangana,36,Warangal,522.0,Gross Irrigated Area,Canal,Government,19084.0,Warangal
121033,2015-2016,Telangana,36,Warangal,522.0,Gross Irrigated Area,Canal,Private,,Warangal
121034,2015-2016,Telangana,36,Warangal,522.0,Gross Irrigated Area,Other Source,Other Source,7861.0,Warangal
121035,2015-2016,Telangana,36,Warangal,522.0,Gross Irrigated Area,Tank,Tank,46056.0,Warangal
121036,2015-2016,Telangana,36,Warangal,522.0,Gross Irrigated Area,Well,Other Well,196638.0,Warangal
121037,2015-2016,Telangana,36,Warangal,522.0,Gross Irrigated Area,Well,Tubewell,141293.0,Warangal
121038,2015-2016,Telangana,36,Warangal,522.0,Net Irrigated Area,Canal,Government,12827.0,Warangal
121039,2015-2016,Telangana,36,Warangal,522.0,Net Irrigated Area,Canal,Private,,Warangal
121040,2015-2016,Telangana,36,Warangal,522.0,Net Irrigated Area,Other Source,Other Source,3976.0,Warangal
121041,2015-2016,Telangana,36,Warangal,522.0,Net Irrigated Area,Tank,Tank,46056.0,Warangal
121042,2015-2016,Telangana,36,Warangal,522.0,Net Irrigated Area,Well,Other Well,148135.0,Warangal
121043,2015-2016,Telangana,36,Warangal,522.0,Net Irrigated Area,Well,Tubewell,96958.0,Warangal
128301,2016-2017,Telangana,36,Mahabubnagar,512.0,Net Irrigated Area,Tank,Tank,1246.0,Mahabubnagar
128136,2016-2017,Telangana,36,Adilabad,501.0,Gross Irrigated Area,Canal,Government,48726.0,Adilabad
128137,2016-2017,Telangana,36,Adilabad,501.0,Gross Irrigated Area,Canal,Private,,Adilabad
128138,2016-2017,Telangana,36,Adilabad,501.0,Gross Irrigated Area,Other Source,Other Source,8137.0,Adilabad
128139,2016-2017,Telangana,36,Adilabad,501.0,Gross Irrigated Area,Tank,Tank,2025.0,Adilabad
128140,2016-2017,Telangana,36,Adilabad,501.0,Gross Irrigated Area,Well,Other Well,96.0,Adilabad
128141,2016-2017,Telangana,36,Adilabad,501.0,Gross Irrigated Area,Well,Tubewell,9465.0,Adilabad
128142,2016-2017,Telangana,36,Adilabad,501.0,Net Irrigated Area,Canal,Government,16567.0,Adilabad
128143,2016-2017,Telangana,36,Adilabad,501.0,Net Irrigated Area,Canal,Private,,Adilabad
128144,2016-2017,Telangana,36,Adilabad,501.0,Net Irrigated Area,Other Source,Other Source,8137.0,Adilabad
128145,2016-2017,Telangana,36,Adilabad,501.0,Net Irrigated Area,Tank,Tank,2025.0,Adilabad
128146,2016-2017,Telangana,36,Adilabad,501.0,Net Irrigated Area,Well,Other Well,96.0,Adilabad
128147,2016-2017,Telangana,36,Adilabad,501.0,Net Irrigated Area,Well,Tubewell,5300.0,Adilabad
128148,2016-2017,Telangana,36,Bhadradri Kothagudem,690.0,Gross Irrigated Area,Canal,Government,17326.0,Khammam
128149,2016-2017,Telangana,36,Bhadradri Kothagudem,690.0,Gross Irrigated Area,Canal,Private,,Khammam
128150,2016-2017,Telangana,36,Bhadradri Kothagudem,690.0,Gross Irrigated Area,Other Source,Other Source,9006.0,Khammam
128151,2016-2017,Telangana,36,Bhadradri Kothagudem,690.0,Gross Irrigated Area,Tank,Tank,31863.0,Khammam
128152,2016-2017,Telangana,36,Bhadradri Kothagudem,690.0,Gross Irrigated Area,Well,Other Well,188.0,Khammam
128153,2016-2017,Telangana,36,Bhadradri Kothagudem,690.0,Gross Irrigated Area,Well,Tubewell,18587.0,Khammam
128154,2016-2017,Telangana,36,Bhadradri Kothagudem,690.0,Net Irrigated Area,Canal,Government,12689.0,Khammam
128155,2016-2017,Telangana,36,Bhadradri Kothagudem,690.0,Net Irrigated Area,Canal,Private,,Khammam
128156,2016-2017,Telangana,36,Bhadradri Kothagudem,690.0,Net Irrigated Area,Other Source,Other Source,6754.0,Khammam
128157,2016-2017,Telangana,36,Bhadradri Kothagudem,690.0,Net Irrigated Area,Tank,Tank,28995.0,Khammam
128158,2016-2017,Telangana,36,Bhadradri Kothagudem,690.0,Net Irrigated Area,Well,Other Well,124.0,Khammam
128159,2016-2017,Telangana,36,Bhadradri Kothagudem,690.0,Net Irrigated Area,Well,Tubewell,13383.0,Khammam
128160,2016-2017,Telangana,36,Hanumakonda,686.0,Gross Irrigated Area,Canal,Government,39058.0,Warangal
128161,2016-2017,Telangana,36,Hanumakonda,686.0,Gross Irrigated Area,Canal,Private,,Warangal
128162,2016-2017,Telangana,36,Hanumakonda,686.0,Gross Irrigated Area,Other Source,Other Source,,Warangal
128163,2016-2017,Telangana,36,Hanumakonda,686.0,Gross Irrigated Area,Tank,Tank,8235.0,Warangal
128164,2016-2017,Telangana,36,Hanumakonda,686.0,Gross Irrigated Area,Well,Other Well,26304.0,Warangal
128165,2016-2017,Telangana,36,Hanumakonda,686.0,Gross Irrigated Area,Well,Tubewell,6576.0,Warangal
128166,2016-2017,Telangana,36,Hanumakonda,686.0,Net Irrigated Area,Canal,Government,19029.0,Warangal
128167,2016-2017,Telangana,36,Hanumakonda,686.0,Net Irrigated Area,Canal,Private,,Warangal
128168,2016-2017,Telangana,36,Hanumakonda,686.0,Net Irrigated Area,Other Source,Other Source,,Warangal
128169,2016-2017,Telangana,36,Hanumakonda,686.0,Net Irrigated Area,Tank,Tank,3294.0,Warangal
128170,2016-2017,Telangana,36,Hanumakonda,686.0,Net Irrigated Area,Well,Other Well,16571.0,Warangal
128171,2016-2017,Telangana,36,Hanumakonda,686.0,Net Irrigated Area,Well,Tubewell,4340.0,Warangal
128184,2016-2017,Telangana,36,Jagitial,681.0,Gross Irrigated Area,Canal,Government,137517.0,Karimnagar
128185,2016-2017,Telangana,36,Jagitial,681.0,Gross Irrigated Area,Canal,Private,,Karimnagar
128186,2016-2017,Telangana,36,Jagitial,681.0,Gross Irrigated Area,Other Source,Other Source,23.0,Karimnagar
128187,2016-2017,Telangana,36,Jagitial,681.0,Gross Irrigated Area,Tank,Tank,15285.0,Karimnagar
128188,2016-2017,Telangana,36,Jagitial,681.0,Gross Irrigated Area,Well,Other Well,26375.0,Karimnagar
128189,2016-2017,Telangana,36,Jagitial,681.0,Gross Irrigated Area,Well,Tubewell,7439.0,Karimnagar
128190,2016-2017,Telangana,36,Jagitial,681.0,Net Irrigated Area,Canal,Government,101660.0,Karimnagar
128191,2016-2017,Telangana,36,Jagitial,681.0,Net Irrigated Area,Canal,Private,,Karimnagar
128192,2016-2017,Telangana,36,Jagitial,681.0,Net Irrigated Area,Other Source,Other Source,23.0,Karimnagar
128193,2016-2017,Telangana,36,Jagitial,681.0,Net Irrigated Area,Tank,Tank,11158.0,Karimnagar
128194,2016-2017,Telangana,36,Jagitial,681.0,Net Irrigated Area,Well,Other Well,18726.0,Karimnagar
128195,2016-2017,Telangana,36,Jagitial,681.0,Net Irrigated Area,Well,Tubewell,4612.0,Karimnagar
128196,2016-2017,Telangana,36,Jangoan,689.0,Gross Irrigated Area,Canal,Government,17055.0,Warangal
128197,2016-2017,Telangana,36,Jangoan,689.0,Gross Irrigated Area,Canal,Private,,Warangal
128198,2016-2017,Telangana,36,Jangoan,689.0,Gross Irrigated Area,Other Source,Other Source,,Warangal
128199,2016-2017,Telangana,36,Jangoan,689.0,Gross Irrigated Area,Tank,Tank,11821.0,Warangal
128200,2016-2017,Telangana,36,Jangoan,689.0,Gross Irrigated Area,Well,Other Well,12261.0,Warangal
128201,2016-2017,Telangana,36,Jangoan,689.0,Gross Irrigated Area,Well,Tubewell,38825.0,Warangal
128202,2016-2017,Telangana,36,Jangoan,689.0,Net Irrigated Area,Canal,Government,11732.0,Warangal
128203,2016-2017,Telangana,36,Jangoan,689.0,Net Irrigated Area,Canal,Private,,Warangal
128204,2016-2017,Telangana,36,Jangoan,689.0,Net Irrigated Area,Other Source,Other Source,,Warangal
128205,2016-2017,Telangana,36,Jangoan,689.0,Net Irrigated Area,Tank,Tank,10994.0,Warangal
128206,2016-2017,Telangana,36,Jangoan,689.0,Net Irrigated Area,Well,Other Well,11035.0,Warangal
128207,2016-2017,Telangana,36,Jangoan,689.0,Net Irrigated Area,Well,Tubewell,26013.0,Warangal
128208,2016-2017,Telangana,36,Jayashankar Bhupalapally,687.0,Gross Irrigated Area,Canal,Government,68534.0,Warangal
128209,2016-2017,Telangana,36,Jayashankar Bhupalapally,687.0,Gross Irrigated Area,Canal,Private,,Warangal
128210,2016-2017,Telangana,36,Jayashankar Bhupalapally,687.0,Gross Irrigated Area,Other Source,Other Source,2672.0,Warangal
128211,2016-2017,Telangana,36,Jayashankar Bhupalapally,687.0,Gross Irrigated Area,Tank,Tank,11370.0,Warangal
128212,2016-2017,Telangana,36,Jayashankar Bhupalapally,687.0,Gross Irrigated Area,Well,Other Well,11211.0,Warangal
128213,2016-2017,Telangana,36,Jayashankar Bhupalapally,687.0,Gross Irrigated Area,Well,Tubewell,33635.0,Warangal
128214,2016-2017,Telangana,36,Jayashankar Bhupalapally,687.0,Net Irrigated Area,Canal,Government,52068.0,Warangal
128215,2016-2017,Telangana,36,Jayashankar Bhupalapally,687.0,Net Irrigated Area,Canal,Private,,Warangal
128216,2016-2017,Telangana,36,Jayashankar Bhupalapally,687.0,Net Irrigated Area,Other Source,Other Source,1817.0,Warangal
128217,2016-2017,Telangana,36,Jayashankar Bhupalapally,687.0,Net Irrigated Area,Tank,Tank,9551.0,Warangal
128218,2016-2017,Telangana,36,Jayashankar Bhupalapally,687.0,Net Irrigated Area,Well,Other Well,9866.0,Warangal
128219,2016-2017,Telangana,36,Jayashankar Bhupalapally,687.0,Net Irrigated Area,Well,Tubewell,23881.0,Warangal
128220,2016-2017,Telangana,36,Jogulamba Gadwal,695.0,Gross Irrigated Area,Canal,Government,49630.0,Mahabubnagar
128221,2016-2017,Telangana,36,Jogulamba Gadwal,695.0,Gross Irrigated Area,Canal,Private,,Mahabubnagar
128222,2016-2017,Telangana,36,Jogulamba Gadwal,695.0,Gross Irrigated Area,Other Source,Other Source,1715.0,Mahabubnagar
128223,2016-2017,Telangana,36,Jogulamba Gadwal,695.0,Gross Irrigated Area,Tank,Tank,3187.0,Mahabubnagar
128224,2016-2017,Telangana,36,Jogulamba Gadwal,695.0,Gross Irrigated Area,Well,Other Well,1395.0,Mahabubnagar
128225,2016-2017,Telangana,36,Jogulamba Gadwal,695.0,Gross Irrigated Area,Well,Tubewell,21858.0,Mahabubnagar
128226,2016-2017,Telangana,36,Jogulamba Gadwal,695.0,Net Irrigated Area,Canal,Government,42886.0,Mahabubnagar
128227,2016-2017,Telangana,36,Jogulamba Gadwal,695.0,Net Irrigated Area,Canal,Private,,Mahabubnagar
128228,2016-2017,Telangana,36,Jogulamba Gadwal,695.0,Net Irrigated Area,Other Source,Other Source,1646.0,Mahabubnagar
128229,2016-2017,Telangana,36,Jogulamba Gadwal,695.0,Net Irrigated Area,Tank,Tank,2454.0,Mahabubnagar
128230,2016-2017,Telangana,36,Jogulamba Gadwal,695.0,Net Irrigated Area,Well,Other Well,1158.0,Mahabubnagar
128231,2016-2017,Telangana,36,Jogulamba Gadwal,695.0,Net Irrigated Area,Well,Tubewell,16612.0,Mahabubnagar
128232,2016-2017,Telangana,36,Kamareddy,685.0,Gross Irrigated Area,Canal,Government,10164.0,Nizamabad
128233,2016-2017,Telangana,36,Kamareddy,685.0,Gross Irrigated Area,Canal,Private,,Nizamabad
128234,2016-2017,Telangana,36,Kamareddy,685.0,Gross Irrigated Area,Other Source,Other Source,8357.0,Nizamabad
128235,2016-2017,Telangana,36,Kamareddy,685.0,Gross Irrigated Area,Tank,Tank,5634.0,Nizamabad
128236,2016-2017,Telangana,36,Kamareddy,685.0,Gross Irrigated Area,Well,Other Well,,Nizamabad
128237,2016-2017,Telangana,36,Kamareddy,685.0,Gross Irrigated Area,Well,Tubewell,88571.0,Nizamabad
128238,2016-2017,Telangana,36,Kamareddy,685.0,Net Irrigated Area,Canal,Government,3778.0,Nizamabad
128239,2016-2017,Telangana,36,Kamareddy,685.0,Net Irrigated Area,Canal,Private,,Nizamabad
128240,2016-2017,Telangana,36,Kamareddy,685.0,Net Irrigated Area,Other Source,Other Source,8357.0,Nizamabad
128241,2016-2017,Telangana,36,Kamareddy,685.0,Net Irrigated Area,Tank,Tank,5521.0,Nizamabad
128242,2016-2017,Telangana,36,Kamareddy,685.0,Net Irrigated Area,Well,Other Well,,Nizamabad
128243,2016-2017,Telangana,36,Kamareddy,685.0,Net Irrigated Area,Well,Tubewell,56685.0,Nizamabad
128244,2016-2017,Telangana,36,Karimnagar,508.0,Gross Irrigated Area,Canal,Government,142417.0,Karimnagar
128245,2016-2017,Telangana,36,Karimnagar,508.0,Gross Irrigated Area,Canal,Private,,Karimnagar
128246,2016-2017,Telangana,36,Karimnagar,508.0,Gross Irrigated Area,Other Source,Other Source,352.0,Karimnagar
128247,2016-2017,Telangana,36,Karimnagar,508.0,Gross Irrigated Area,Tank,Tank,9635.0,Karimnagar
128248,2016-2017,Telangana,36,Karimnagar,508.0,Gross Irrigated Area,Well,Other Well,14633.0,Karimnagar
128249,2016-2017,Telangana,36,Karimnagar,508.0,Gross Irrigated Area,Well,Tubewell,1272.0,Karimnagar
128250,2016-2017,Telangana,36,Karimnagar,508.0,Net Irrigated Area,Canal,Government,91105.0,Karimnagar
128251,2016-2017,Telangana,36,Karimnagar,508.0,Net Irrigated Area,Canal,Private,,Karimnagar
128252,2016-2017,Telangana,36,Karimnagar,508.0,Net Irrigated Area,Other Source,Other Source,352.0,Karimnagar
128253,2016-2017,Telangana,36,Karimnagar,508.0,Net Irrigated Area,Tank,Tank,8671.0,Karimnagar
128254,2016-2017,Telangana,36,Karimnagar,508.0,Net Irrigated Area,Well,Other Well,6374.0,Karimnagar
128255,2016-2017,Telangana,36,Karimnagar,508.0,Net Irrigated Area,Well,Tubewell,713.0,Karimnagar
128256,2016-2017,Telangana,36,Khammam,509.0,Gross Irrigated Area,Canal,Government,122032.0,Khammam
128257,2016-2017,Telangana,36,Khammam,509.0,Gross Irrigated Area,Canal,Private,,Khammam
128258,2016-2017,Telangana,36,Khammam,509.0,Gross Irrigated Area,Other Source,Other Source,781.0,Khammam
128259,2016-2017,Telangana,36,Khammam,509.0,Gross Irrigated Area,Tank,Tank,16567.0,Khammam
128260,2016-2017,Telangana,36,Khammam,509.0,Gross Irrigated Area,Well,Other Well,3692.0,Khammam
128261,2016-2017,Telangana,36,Khammam,509.0,Gross Irrigated Area,Well,Tubewell,6857.0,Khammam
128262,2016-2017,Telangana,36,Khammam,509.0,Net Irrigated Area,Canal,Government,89046.0,Khammam
128263,2016-2017,Telangana,36,Khammam,509.0,Net Irrigated Area,Canal,Private,,Khammam
128264,2016-2017,Telangana,36,Khammam,509.0,Net Irrigated Area,Other Source,Other Source,601.0,Khammam
128265,2016-2017,Telangana,36,Khammam,509.0,Net Irrigated Area,Tank,Tank,13254.0,Khammam
128266,2016-2017,Telangana,36,Khammam,509.0,Net Irrigated Area,Well,Other Well,3249.0,Khammam
128267,2016-2017,Telangana,36,Khammam,509.0,Net Irrigated Area,Well,Tubewell,5897.0,Khammam
128268,2016-2017,Telangana,36,Kumuram Bheem Asifabad,699.0,Gross Irrigated Area,Canal,Government,41175.0,Adilabad
128269,2016-2017,Telangana,36,Kumuram Bheem Asifabad,699.0,Gross Irrigated Area,Canal,Private,,Adilabad
128270,2016-2017,Telangana,36,Kumuram Bheem Asifabad,699.0,Gross Irrigated Area,Other Source,Other Source,3433.0,Adilabad
128271,2016-2017,Telangana,36,Kumuram Bheem Asifabad,699.0,Gross Irrigated Area,Tank,Tank,7112.0,Adilabad
128272,2016-2017,Telangana,36,Kumuram Bheem Asifabad,699.0,Gross Irrigated Area,Well,Other Well,1868.0,Adilabad
128273,2016-2017,Telangana,36,Kumuram Bheem Asifabad,699.0,Gross Irrigated Area,Well,Tubewell,5317.0,Adilabad
128274,2016-2017,Telangana,36,Kumuram Bheem Asifabad,699.0,Net Irrigated Area,Canal,Government,26352.0,Adilabad
128275,2016-2017,Telangana,36,Kumuram Bheem Asifabad,699.0,Net Irrigated Area,Canal,Private,,Adilabad
128276,2016-2017,Telangana,36,Kumuram Bheem Asifabad,699.0,Net Irrigated Area,Other Source,Other Source,1511.0,Adilabad
128277,2016-2017,Telangana,36,Kumuram Bheem Asifabad,699.0,Net Irrigated Area,Tank,Tank,6259.0,Adilabad
128278,2016-2017,Telangana,36,Kumuram Bheem Asifabad,699.0,Net Irrigated Area,Well,Other Well,953.0,Adilabad
128279,2016-2017,Telangana,36,Kumuram Bheem Asifabad,699.0,Net Irrigated Area,Well,Tubewell,2393.0,Adilabad
128280,2016-2017,Telangana,36,Mahabubabad,688.0,Gross Irrigated Area,Canal,Government,57614.0,Warangal
128281,2016-2017,Telangana,36,Mahabubabad,688.0,Gross Irrigated Area,Canal,Private,,Warangal
128282,2016-2017,Telangana,36,Mahabubabad,688.0,Gross Irrigated Area,Other Source,Other Source,1048.0,Warangal
128283,2016-2017,Telangana,36,Mahabubabad,688.0,Gross Irrigated Area,Tank,Tank,10863.0,Warangal
128284,2016-2017,Telangana,36,Mahabubabad,688.0,Gross Irrigated Area,Well,Other Well,34193.0,Warangal
128285,2016-2017,Telangana,36,Mahabubabad,688.0,Gross Irrigated Area,Well,Tubewell,12014.0,Warangal
128286,2016-2017,Telangana,36,Mahabubabad,688.0,Net Irrigated Area,Canal,Government,49643.0,Warangal
128287,2016-2017,Telangana,36,Mahabubabad,688.0,Net Irrigated Area,Canal,Private,,Warangal
128288,2016-2017,Telangana,36,Mahabubabad,688.0,Net Irrigated Area,Other Source,Other Source,964.0,Warangal
128289,2016-2017,Telangana,36,Mahabubabad,688.0,Net Irrigated Area,Tank,Tank,7170.0,Warangal
128290,2016-2017,Telangana,36,Mahabubabad,688.0,Net Irrigated Area,Well,Other Well,30432.0,Warangal
128291,2016-2017,Telangana,36,Mahabubabad,688.0,Net Irrigated Area,Well,Tubewell,9731.0,Warangal
128292,2016-2017,Telangana,36,Mahabubnagar,512.0,Gross Irrigated Area,Canal,Government,47816.0,Mahabubnagar
128293,2016-2017,Telangana,36,Mahabubnagar,512.0,Gross Irrigated Area,Canal,Private,,Mahabubnagar
128294,2016-2017,Telangana,36,Mahabubnagar,512.0,Gross Irrigated Area,Other Source,Other Source,2033.0,Mahabubnagar
128295,2016-2017,Telangana,36,Mahabubnagar,512.0,Gross Irrigated Area,Tank,Tank,1340.0,Mahabubnagar
128296,2016-2017,Telangana,36,Mahabubnagar,512.0,Gross Irrigated Area,Well,Other Well,,Mahabubnagar
128297,2016-2017,Telangana,36,Mahabubnagar,512.0,Gross Irrigated Area,Well,Tubewell,31354.0,Mahabubnagar
128298,2016-2017,Telangana,36,Mahabubnagar,512.0,Net Irrigated Area,Canal,Government,34360.0,Mahabubnagar
128299,2016-2017,Telangana,36,Mahabubnagar,512.0,Net Irrigated Area,Canal,Private,,Mahabubnagar
128300,2016-2017,Telangana,36,Mahabubnagar,512.0,Net Irrigated Area,Other Source,Other Source,1911.0,Mahabubnagar
128302,2016-2017,Telangana,36,Mahabubnagar,512.0,Net Irrigated Area,Well,Other Well,,Mahabubnagar
128303,2016-2017,Telangana,36,Mahabubnagar,512.0,Net Irrigated Area,Well,Tubewell,22575.0,Mahabubnagar
128304,2016-2017,Telangana,36,Mancherial,684.0,Gross Irrigated Area,Canal,Government,62010.0,Adilabad
128305,2016-2017,Telangana,36,Mancherial,684.0,Gross Irrigated Area,Canal,Private,,Adilabad
128306,2016-2017,Telangana,36,Mancherial,684.0,Gross Irrigated Area,Other Source,Other Source,2265.0,Adilabad
128307,2016-2017,Telangana,36,Mancherial,684.0,Gross Irrigated Area,Tank,Tank,9357.0,Adilabad
128308,2016-2017,Telangana,36,Mancherial,684.0,Gross Irrigated Area,Well,Other Well,2857.0,Adilabad
128309,2016-2017,Telangana,36,Mancherial,684.0,Gross Irrigated Area,Well,Tubewell,4111.0,Adilabad
128310,2016-2017,Telangana,36,Mancherial,684.0,Net Irrigated Area,Canal,Government,18033.0,Adilabad
128311,2016-2017,Telangana,36,Mancherial,684.0,Net Irrigated Area,Canal,Private,,Adilabad
128312,2016-2017,Telangana,36,Mancherial,684.0,Net Irrigated Area,Other Source,Other Source,317.0,Adilabad
128313,2016-2017,Telangana,36,Mancherial,684.0,Net Irrigated Area,Tank,Tank,6643.0,Adilabad
128314,2016-2017,Telangana,36,Mancherial,684.0,Net Irrigated Area,Well,Other Well,2028.0,Adilabad
128315,2016-2017,Telangana,36,Mancherial,684.0,Net Irrigated Area,Well,Tubewell,3083.0,Adilabad
128316,2016-2017,Telangana,36,Medak,513.0,Gross Irrigated Area,Canal,Government,36389.0,Medak
128317,2016-2017,Telangana,36,Medak,513.0,Gross Irrigated Area,Canal,Private,,Medak
128318,2016-2017,Telangana,36,Medak,513.0,Gross Irrigated Area,Other Source,Other Source,2549.0,Medak
128319,2016-2017,Telangana,36,Medak,513.0,Gross Irrigated Area,Tank,Tank,1666.0,Medak
128320,2016-2017,Telangana,36,Medak,513.0,Gross Irrigated Area,Well,Other Well,,Medak
128321,2016-2017,Telangana,36,Medak,513.0,Gross Irrigated Area,Well,Tubewell,55321.0,Medak
128322,2016-2017,Telangana,36,Medak,513.0,Net Irrigated Area,Canal,Government,24270.0,Medak
128323,2016-2017,Telangana,36,Medak,513.0,Net Irrigated Area,Canal,Private,,Medak
128324,2016-2017,Telangana,36,Medak,513.0,Net Irrigated Area,Other Source,Other Source,2549.0,Medak
128325,2016-2017,Telangana,36,Medak,513.0,Net Irrigated Area,Tank,Tank,1666.0,Medak
128326,2016-2017,Telangana,36,Medak,513.0,Net Irrigated Area,Well,Other Well,,Medak
128327,2016-2017,Telangana,36,Medak,513.0,Net Irrigated Area,Well,Tubewell,35959.0,Medak
128328,2016-2017,Telangana,36,Medchal Malkajgiri,700.0,Gross Irrigated Area,Canal,Government,,Ranga Reddy
128329,2016-2017,Telangana,36,Medchal Malkajgiri,700.0,Gross Irrigated Area,Canal,Private,,Ranga Reddy
128330,2016-2017,Telangana,36,Medchal Malkajgiri,700.0,Gross Irrigated Area,Other Source,Other Source,474.0,Ranga Reddy
128331,2016-2017,Telangana,36,Medchal Malkajgiri,700.0,Gross Irrigated Area,Tank,Tank,318.0,Ranga Reddy
128332,2016-2017,Telangana,36,Medchal Malkajgiri,700.0,Gross Irrigated Area,Well,Other Well,,Ranga Reddy
128333,2016-2017,Telangana,36,Medchal Malkajgiri,700.0,Gross Irrigated Area,Well,Tubewell,9802.0,Ranga Reddy
128334,2016-2017,Telangana,36,Medchal Malkajgiri,700.0,Net Irrigated Area,Canal,Government,,Ranga Reddy
128335,2016-2017,Telangana,36,Medchal Malkajgiri,700.0,Net Irrigated Area,Canal,Private,,Ranga Reddy
128336,2016-2017,Telangana,36,Medchal Malkajgiri,700.0,Net Irrigated Area,Other Source,Other Source,265.0,Ranga Reddy
128337,2016-2017,Telangana,36,Medchal Malkajgiri,700.0,Net Irrigated Area,Tank,Tank,162.0,Ranga Reddy
128338,2016-2017,Telangana,36,Medchal Malkajgiri,700.0,Net Irrigated Area,Well,Other Well,,Ranga Reddy
128339,2016-2017,Telangana,36,Medchal Malkajgiri,700.0,Net Irrigated Area,Well,Tubewell,7646.0,Ranga Reddy
128340,2016-2017,Telangana,36,Nagarkurnool,694.0,Gross Irrigated Area,Canal,Government,70162.0,Mahabubnagar
128341,2016-2017,Telangana,36,Nagarkurnool,694.0,Gross Irrigated Area,Canal,Private,,Mahabubnagar
128342,2016-2017,Telangana,36,Nagarkurnool,694.0,Gross Irrigated Area,Other Source,Other Source,64.0,Mahabubnagar
128343,2016-2017,Telangana,36,Nagarkurnool,694.0,Gross Irrigated Area,Tank,Tank,5174.0,Mahabubnagar
128344,2016-2017,Telangana,36,Nagarkurnool,694.0,Gross Irrigated Area,Well,Other Well,,Mahabubnagar
128345,2016-2017,Telangana,36,Nagarkurnool,694.0,Gross Irrigated Area,Well,Tubewell,17068.0,Mahabubnagar
128346,2016-2017,Telangana,36,Nagarkurnool,694.0,Net Irrigated Area,Canal,Government,45993.0,Mahabubnagar
128347,2016-2017,Telangana,36,Nagarkurnool,694.0,Net Irrigated Area,Canal,Private,,Mahabubnagar
128348,2016-2017,Telangana,36,Nagarkurnool,694.0,Net Irrigated Area,Other Source,Other Source,63.0,Mahabubnagar
128349,2016-2017,Telangana,36,Nagarkurnool,694.0,Net Irrigated Area,Tank,Tank,4657.0,Mahabubnagar
128350,2016-2017,Telangana,36,Nagarkurnool,694.0,Net Irrigated Area,Well,Other Well,,Mahabubnagar
128351,2016-2017,Telangana,36,Nagarkurnool,694.0,Net Irrigated Area,Well,Tubewell,15532.0,Mahabubnagar
128352,2016-2017,Telangana,36,Nalgonda,514.0,Gross Irrigated Area,Canal,Government,140525.0,Nalgonda
128353,2016-2017,Telangana,36,Nalgonda,514.0,Gross Irrigated Area,Canal,Private,,Nalgonda
128354,2016-2017,Telangana,36,Nalgonda,514.0,Gross Irrigated Area,Other Source,Other Source,1118.0,Nalgonda
128355,2016-2017,Telangana,36,Nalgonda,514.0,Gross Irrigated Area,Tank,Tank,9315.0,Nalgonda
128356,2016-2017,Telangana,36,Nalgonda,514.0,Gross Irrigated Area,Well,Other Well,1505.0,Nalgonda
128357,2016-2017,Telangana,36,Nalgonda,514.0,Gross Irrigated Area,Well,Tubewell,36130.0,Nalgonda
128358,2016-2017,Telangana,36,Nalgonda,514.0,Net Irrigated Area,Canal,Government,102407.0,Nalgonda
128359,2016-2017,Telangana,36,Nalgonda,514.0,Net Irrigated Area,Canal,Private,,Nalgonda
128360,2016-2017,Telangana,36,Nalgonda,514.0,Net Irrigated Area,Other Source,Other Source,1040.0,Nalgonda
128361,2016-2017,Telangana,36,Nalgonda,514.0,Net Irrigated Area,Tank,Tank,5962.0,Nalgonda
128362,2016-2017,Telangana,36,Nalgonda,514.0,Net Irrigated Area,Well,Other Well,1249.0,Nalgonda
128363,2016-2017,Telangana,36,Nalgonda,514.0,Net Irrigated Area,Well,Tubewell,27097.0,Nalgonda
128364,2016-2017,Telangana,36,Nirmal,680.0,Gross Irrigated Area,Canal,Government,78535.0,Adilabad
128365,2016-2017,Telangana,36,Nirmal,680.0,Gross Irrigated Area,Canal,Private,,Adilabad
128366,2016-2017,Telangana,36,Nirmal,680.0,Gross Irrigated Area,Other Source,Other Source,697.0,Adilabad
128367,2016-2017,Telangana,36,Nirmal,680.0,Gross Irrigated Area,Tank,Tank,9703.0,Adilabad
128368,2016-2017,Telangana,36,Nirmal,680.0,Gross Irrigated Area,Well,Other Well,127.0,Adilabad
128369,2016-2017,Telangana,36,Nirmal,680.0,Gross Irrigated Area,Well,Tubewell,665.0,Adilabad
128370,2016-2017,Telangana,36,Nirmal,680.0,Net Irrigated Area,Canal,Government,63606.0,Adilabad
128371,2016-2017,Telangana,36,Nirmal,680.0,Net Irrigated Area,Canal,Private,,Adilabad
128372,2016-2017,Telangana,36,Nirmal,680.0,Net Irrigated Area,Other Source,Other Source,348.0,Adilabad
128373,2016-2017,Telangana,36,Nirmal,680.0,Net Irrigated Area,Tank,Tank,7374.0,Adilabad
128374,2016-2017,Telangana,36,Nirmal,680.0,Net Irrigated Area,Well,Other Well,121.0,Adilabad
128375,2016-2017,Telangana,36,Nirmal,680.0,Net Irrigated Area,Well,Tubewell,519.0,Adilabad
128376,2016-2017,Telangana,36,Nizamabad,516.0,Gross Irrigated Area,Canal,Government,119398.0,Nizamabad
128377,2016-2017,Telangana,36,Nizamabad,516.0,Gross Irrigated Area,Canal,Private,,Nizamabad
128378,2016-2017,Telangana,36,Nizamabad,516.0,Gross Irrigated Area,Other Source,Other Source,8274.0,Nizamabad
128379,2016-2017,Telangana,36,Nizamabad,516.0,Gross Irrigated Area,Tank,Tank,11945.0,Nizamabad
128380,2016-2017,Telangana,36,Nizamabad,516.0,Gross Irrigated Area,Well,Other Well,,Nizamabad
128381,2016-2017,Telangana,36,Nizamabad,516.0,Gross Irrigated Area,Well,Tubewell,144528.0,Nizamabad
128382,2016-2017,Telangana,36,Nizamabad,516.0,Net Irrigated Area,Canal,Government,61749.0,Nizamabad
128383,2016-2017,Telangana,36,Nizamabad,516.0,Net Irrigated Area,Canal,Private,,Nizamabad
128384,2016-2017,Telangana,36,Nizamabad,516.0,Net Irrigated Area,Other Source,Other Source,3889.0,Nizamabad
128385,2016-2017,Telangana,36,Nizamabad,516.0,Net Irrigated Area,Tank,Tank,7884.0,Nizamabad
128386,2016-2017,Telangana,36,Nizamabad,516.0,Net Irrigated Area,Well,Other Well,,Nizamabad
128387,2016-2017,Telangana,36,Nizamabad,516.0,Net Irrigated Area,Well,Tubewell,85272.0,Nizamabad
128388,2016-2017,Telangana,36,Peddapalli,682.0,Gross Irrigated Area,Canal,Government,64017.0,Karimnagar
128389,2016-2017,Telangana,36,Peddapalli,682.0,Gross Irrigated Area,Canal,Private,,Karimnagar
128390,2016-2017,Telangana,36,Peddapalli,682.0,Gross Irrigated Area,Other Source,Other Source,14.0,Karimnagar
128391,2016-2017,Telangana,36,Peddapalli,682.0,Gross Irrigated Area,Tank,Tank,8628.0,Karimnagar
128392,2016-2017,Telangana,36,Peddapalli,682.0,Gross Irrigated Area,Well,Other Well,55270.0,Karimnagar
128393,2016-2017,Telangana,36,Peddapalli,682.0,Gross Irrigated Area,Well,Tubewell,3528.0,Karimnagar
128394,2016-2017,Telangana,36,Peddapalli,682.0,Net Irrigated Area,Canal,Government,47344.0,Karimnagar
128395,2016-2017,Telangana,36,Peddapalli,682.0,Net Irrigated Area,Canal,Private,,Karimnagar
128396,2016-2017,Telangana,36,Peddapalli,682.0,Net Irrigated Area,Other Source,Other Source,14.0,Karimnagar
128397,2016-2017,Telangana,36,Peddapalli,682.0,Net Irrigated Area,Tank,Tank,6989.0,Karimnagar
128398,2016-2017,Telangana,36,Peddapalli,682.0,Net Irrigated Area,Well,Other Well,38136.0,Karimnagar
128399,2016-2017,Telangana,36,Peddapalli,682.0,Net Irrigated Area,Well,Tubewell,1341.0,Karimnagar
128400,2016-2017,Telangana,36,Rajanna Sircilla,683.0,Gross Irrigated Area,Canal,Government,2226.0,Karimnagar
128401,2016-2017,Telangana,36,Rajanna Sircilla,683.0,Gross Irrigated Area,Canal,Private,,Karimnagar
128402,2016-2017,Telangana,36,Rajanna Sircilla,683.0,Gross Irrigated Area,Other Source,Other Source,,Karimnagar
128403,2016-2017,Telangana,36,Rajanna Sircilla,683.0,Gross Irrigated Area,Tank,Tank,13733.0,Karimnagar
128429,2016-2017,Telangana,36,Sangareddy,691.0,Gross Irrigated Area,Well,Tubewell,44807.0,Medak
128404,2016-2017,Telangana,36,Rajanna Sircilla,683.0,Gross Irrigated Area,Well,Other Well,28024.0,Karimnagar
128405,2016-2017,Telangana,36,Rajanna Sircilla,683.0,Gross Irrigated Area,Well,Tubewell,17917.0,Karimnagar
128406,2016-2017,Telangana,36,Rajanna Sircilla,683.0,Net Irrigated Area,Canal,Government,2226.0,Karimnagar
128407,2016-2017,Telangana,36,Rajanna Sircilla,683.0,Net Irrigated Area,Canal,Private,,Karimnagar
128408,2016-2017,Telangana,36,Rajanna Sircilla,683.0,Net Irrigated Area,Other Source,Other Source,,Karimnagar
128409,2016-2017,Telangana,36,Rajanna Sircilla,683.0,Net Irrigated Area,Tank,Tank,10701.0,Karimnagar
128410,2016-2017,Telangana,36,Rajanna Sircilla,683.0,Net Irrigated Area,Well,Other Well,23820.0,Karimnagar
128411,2016-2017,Telangana,36,Rajanna Sircilla,683.0,Net Irrigated Area,Well,Tubewell,10929.0,Karimnagar
128412,2016-2017,Telangana,36,Ranga Reddy,518.0,Gross Irrigated Area,Canal,Government,,Ranga Reddy
128413,2016-2017,Telangana,36,Ranga Reddy,518.0,Gross Irrigated Area,Canal,Private,,Ranga Reddy
128414,2016-2017,Telangana,36,Ranga Reddy,518.0,Gross Irrigated Area,Other Source,Other Source,1074.0,Ranga Reddy
128415,2016-2017,Telangana,36,Ranga Reddy,518.0,Gross Irrigated Area,Tank,Tank,1590.0,Ranga Reddy
128416,2016-2017,Telangana,36,Ranga Reddy,518.0,Gross Irrigated Area,Well,Other Well,,Ranga Reddy
128417,2016-2017,Telangana,36,Ranga Reddy,518.0,Gross Irrigated Area,Well,Tubewell,48749.0,Ranga Reddy
128418,2016-2017,Telangana,36,Ranga Reddy,518.0,Net Irrigated Area,Canal,Government,,Ranga Reddy
128419,2016-2017,Telangana,36,Ranga Reddy,518.0,Net Irrigated Area,Canal,Private,,Ranga Reddy
128420,2016-2017,Telangana,36,Ranga Reddy,518.0,Net Irrigated Area,Other Source,Other Source,956.0,Ranga Reddy
128421,2016-2017,Telangana,36,Ranga Reddy,518.0,Net Irrigated Area,Tank,Tank,1124.0,Ranga Reddy
128422,2016-2017,Telangana,36,Ranga Reddy,518.0,Net Irrigated Area,Well,Other Well,,Ranga Reddy
128423,2016-2017,Telangana,36,Ranga Reddy,518.0,Net Irrigated Area,Well,Tubewell,36562.0,Ranga Reddy
128424,2016-2017,Telangana,36,Sangareddy,691.0,Gross Irrigated Area,Canal,Government,23186.0,Medak
128425,2016-2017,Telangana,36,Sangareddy,691.0,Gross Irrigated Area,Canal,Private,,Medak
128426,2016-2017,Telangana,36,Sangareddy,691.0,Gross Irrigated Area,Other Source,Other Source,46.0,Medak
128427,2016-2017,Telangana,36,Sangareddy,691.0,Gross Irrigated Area,Tank,Tank,5464.0,Medak
128428,2016-2017,Telangana,36,Sangareddy,691.0,Gross Irrigated Area,Well,Other Well,,Medak
128430,2016-2017,Telangana,36,Sangareddy,691.0,Net Irrigated Area,Canal,Government,20624.0,Medak
128431,2016-2017,Telangana,36,Sangareddy,691.0,Net Irrigated Area,Canal,Private,,Medak
128432,2016-2017,Telangana,36,Sangareddy,691.0,Net Irrigated Area,Other Source,Other Source,46.0,Medak
128433,2016-2017,Telangana,36,Sangareddy,691.0,Net Irrigated Area,Tank,Tank,5136.0,Medak
128434,2016-2017,Telangana,36,Sangareddy,691.0,Net Irrigated Area,Well,Other Well,,Medak
128435,2016-2017,Telangana,36,Sangareddy,691.0,Net Irrigated Area,Well,Tubewell,39878.0,Medak
128436,2016-2017,Telangana,36,Siddipet,692.0,Gross Irrigated Area,Canal,Government,30672.0,Medak
128437,2016-2017,Telangana,36,Siddipet,692.0,Gross Irrigated Area,Canal,Private,,Medak
128438,2016-2017,Telangana,36,Siddipet,692.0,Gross Irrigated Area,Other Source,Other Source,37.0,Medak
128439,2016-2017,Telangana,36,Siddipet,692.0,Gross Irrigated Area,Tank,Tank,4468.0,Medak
128440,2016-2017,Telangana,36,Siddipet,692.0,Gross Irrigated Area,Well,Other Well,15268.0,Medak
128441,2016-2017,Telangana,36,Siddipet,692.0,Gross Irrigated Area,Well,Tubewell,61072.0,Medak
128442,2016-2017,Telangana,36,Siddipet,692.0,Net Irrigated Area,Canal,Government,20274.0,Medak
128443,2016-2017,Telangana,36,Siddipet,692.0,Net Irrigated Area,Canal,Private,,Medak
128444,2016-2017,Telangana,36,Siddipet,692.0,Net Irrigated Area,Other Source,Other Source,37.0,Medak
128445,2016-2017,Telangana,36,Siddipet,692.0,Net Irrigated Area,Tank,Tank,4468.0,Medak
128446,2016-2017,Telangana,36,Siddipet,692.0,Net Irrigated Area,Well,Other Well,10382.0,Medak
128447,2016-2017,Telangana,36,Siddipet,692.0,Net Irrigated Area,Well,Tubewell,41529.0,Medak
128448,2016-2017,Telangana,36,Suryapet,696.0,Gross Irrigated Area,Canal,Government,160630.0,Nalgonda
128449,2016-2017,Telangana,36,Suryapet,696.0,Gross Irrigated Area,Canal,Private,,Nalgonda
128450,2016-2017,Telangana,36,Suryapet,696.0,Gross Irrigated Area,Other Source,Other Source,5842.0,Nalgonda
128451,2016-2017,Telangana,36,Suryapet,696.0,Gross Irrigated Area,Tank,Tank,2620.0,Nalgonda
128452,2016-2017,Telangana,36,Suryapet,696.0,Gross Irrigated Area,Well,Other Well,276.0,Nalgonda
128453,2016-2017,Telangana,36,Suryapet,696.0,Gross Irrigated Area,Well,Tubewell,926.0,Nalgonda
128454,2016-2017,Telangana,36,Suryapet,696.0,Net Irrigated Area,Canal,Government,105245.0,Nalgonda
128455,2016-2017,Telangana,36,Suryapet,696.0,Net Irrigated Area,Canal,Private,,Nalgonda
128456,2016-2017,Telangana,36,Suryapet,696.0,Net Irrigated Area,Other Source,Other Source,4089.0,Nalgonda
128457,2016-2017,Telangana,36,Suryapet,696.0,Net Irrigated Area,Tank,Tank,1572.0,Nalgonda
128458,2016-2017,Telangana,36,Suryapet,696.0,Net Irrigated Area,Well,Other Well,199.0,Nalgonda
128459,2016-2017,Telangana,36,Suryapet,696.0,Net Irrigated Area,Well,Tubewell,639.0,Nalgonda
128460,2016-2017,Telangana,36,Vikarabad,698.0,Gross Irrigated Area,Canal,Government,5886.0,Ranga Reddy
128461,2016-2017,Telangana,36,Vikarabad,698.0,Gross Irrigated Area,Canal,Private,,Ranga Reddy
128462,2016-2017,Telangana,36,Vikarabad,698.0,Gross Irrigated Area,Other Source,Other Source,2.0,Ranga Reddy
128463,2016-2017,Telangana,36,Vikarabad,698.0,Gross Irrigated Area,Tank,Tank,3050.0,Ranga Reddy
128464,2016-2017,Telangana,36,Vikarabad,698.0,Gross Irrigated Area,Well,Other Well,1004.0,Ranga Reddy
128465,2016-2017,Telangana,36,Vikarabad,698.0,Gross Irrigated Area,Well,Tubewell,32470.0,Ranga Reddy
128466,2016-2017,Telangana,36,Vikarabad,698.0,Net Irrigated Area,Canal,Government,4912.0,Ranga Reddy
128467,2016-2017,Telangana,36,Vikarabad,698.0,Net Irrigated Area,Canal,Private,,Ranga Reddy
128468,2016-2017,Telangana,36,Vikarabad,698.0,Net Irrigated Area,Other Source,Other Source,2.0,Ranga Reddy
128469,2016-2017,Telangana,36,Vikarabad,698.0,Net Irrigated Area,Tank,Tank,2257.0,Ranga Reddy
128470,2016-2017,Telangana,36,Vikarabad,698.0,Net Irrigated Area,Well,Other Well,863.0,Ranga Reddy
128471,2016-2017,Telangana,36,Vikarabad,698.0,Net Irrigated Area,Well,Tubewell,26625.0,Ranga Reddy
128472,2016-2017,Telangana,36,Wanaparthy,693.0,Gross Irrigated Area,Canal,Government,69944.0,Mahabubnagar
128473,2016-2017,Telangana,36,Wanaparthy,693.0,Gross Irrigated Area,Canal,Private,,Mahabubnagar
128474,2016-2017,Telangana,36,Wanaparthy,693.0,Gross Irrigated Area,Other Source,Other Source,3399.0,Mahabubnagar
128475,2016-2017,Telangana,36,Wanaparthy,693.0,Gross Irrigated Area,Tank,Tank,1916.0,Mahabubnagar
128476,2016-2017,Telangana,36,Wanaparthy,693.0,Gross Irrigated Area,Well,Other Well,571.0,Mahabubnagar
128477,2016-2017,Telangana,36,Wanaparthy,693.0,Gross Irrigated Area,Well,Tubewell,5776.0,Mahabubnagar
128478,2016-2017,Telangana,36,Wanaparthy,693.0,Net Irrigated Area,Canal,Government,56831.0,Mahabubnagar
128479,2016-2017,Telangana,36,Wanaparthy,693.0,Net Irrigated Area,Canal,Private,,Mahabubnagar
128480,2016-2017,Telangana,36,Wanaparthy,693.0,Net Irrigated Area,Other Source,Other Source,3195.0,Mahabubnagar
128481,2016-2017,Telangana,36,Wanaparthy,693.0,Net Irrigated Area,Tank,Tank,1782.0,Mahabubnagar
128482,2016-2017,Telangana,36,Wanaparthy,693.0,Net Irrigated Area,Well,Other Well,520.0,Mahabubnagar
128483,2016-2017,Telangana,36,Wanaparthy,693.0,Net Irrigated Area,Well,Tubewell,4101.0,Mahabubnagar
128484,2016-2017,Telangana,36,Warangal,522.0,Gross Irrigated Area,Canal,Government,39113.0,Warangal
128485,2016-2017,Telangana,36,Warangal,522.0,Gross Irrigated Area,Canal,Private,,Warangal
128486,2016-2017,Telangana,36,Warangal,522.0,Gross Irrigated Area,Other Source,Other Source,731.0,Warangal
128487,2016-2017,Telangana,36,Warangal,522.0,Gross Irrigated Area,Tank,Tank,17971.0,Warangal
128488,2016-2017,Telangana,36,Warangal,522.0,Gross Irrigated Area,Well,Other Well,65738.0,Warangal
128489,2016-2017,Telangana,36,Warangal,522.0,Gross Irrigated Area,Well,Tubewell,26851.0,Warangal
128490,2016-2017,Telangana,36,Warangal,522.0,Net Irrigated Area,Canal,Government,24256.0,Warangal
128491,2016-2017,Telangana,36,Warangal,522.0,Net Irrigated Area,Canal,Private,,Warangal
128492,2016-2017,Telangana,36,Warangal,522.0,Net Irrigated Area,Other Source,Other Source,475.0,Warangal
128493,2016-2017,Telangana,36,Warangal,522.0,Net Irrigated Area,Tank,Tank,9704.0,Warangal
128494,2016-2017,Telangana,36,Warangal,522.0,Net Irrigated Area,Well,Other Well,43387.0,Warangal
128495,2016-2017,Telangana,36,Warangal,522.0,Net Irrigated Area,Well,Tubewell,16916.0,Warangal
128496,2016-2017,Telangana,36,Yadadri Bhuvanagiri,697.0,Gross Irrigated Area,Canal,Government,,Nalgonda
128497,2016-2017,Telangana,36,Yadadri Bhuvanagiri,697.0,Gross Irrigated Area,Canal,Private,,Nalgonda
128498,2016-2017,Telangana,36,Yadadri Bhuvanagiri,697.0,Gross Irrigated Area,Other Source,Other Source,3247.0,Nalgonda
128499,2016-2017,Telangana,36,Yadadri Bhuvanagiri,697.0,Gross Irrigated Area,Tank,Tank,7000.0,Nalgonda
128500,2016-2017,Telangana,36,Yadadri Bhuvanagiri,697.0,Gross Irrigated Area,Well,Other Well,9570.0,Nalgonda
128501,2016-2017,Telangana,36,Yadadri Bhuvanagiri,697.0,Gross Irrigated Area,Well,Tubewell,70177.0,Nalgonda
128502,2016-2017,Telangana,36,Yadadri Bhuvanagiri,697.0,Net Irrigated Area,Canal,Government,,Nalgonda
128503,2016-2017,Telangana,36,Yadadri Bhuvanagiri,697.0,Net Irrigated Area,Canal,Private,,Nalgonda
128504,2016-2017,Telangana,36,Yadadri Bhuvanagiri,697.0,Net Irrigated Area,Other Source,Other Source,2046.0,Nalgonda
128505,2016-2017,Telangana,36,Yadadri Bhuvanagiri,697.0,Net Irrigated Area,Tank,Tank,4444.0,Nalgonda
128506,2016-2017,Telangana,36,Yadadri Bhuvanagiri,697.0,Net Irrigated Area,Well,Other Well,6316.0,Nalgonda
128507,2016-2017,Telangana,36,Yadadri Bhuvanagiri,697.0,Net Irrigated Area,Well,Tubewell,42106.0,Nalgonda
135747,2017-2018,Telangana,36,Karimnagar,508.0,Gross Irrigated Area,Tank,Tank,6361.0,Karimnagar
135849,2017-2018,Telangana,36,Nagarkurnool,694.0,Net Irrigated Area,Tank,Tank,4521.0,Mahabubnagar
135927,2017-2018,Telangana,36,Sangareddy,691.0,Gross Irrigated Area,Tank,Tank,3959.0,Medak
135636,2017-2018,Telangana,36,Adilabad,501.0,Gross Irrigated Area,Canal,Government,56054.0,Adilabad
135637,2017-2018,Telangana,36,Adilabad,501.0,Gross Irrigated Area,Canal,Private,,Adilabad
135638,2017-2018,Telangana,36,Adilabad,501.0,Gross Irrigated Area,Other Source,Other Source,3374.0,Adilabad
135639,2017-2018,Telangana,36,Adilabad,501.0,Gross Irrigated Area,Tank,Tank,3668.0,Adilabad
135640,2017-2018,Telangana,36,Adilabad,501.0,Gross Irrigated Area,Well,Other Well,299.0,Adilabad
135641,2017-2018,Telangana,36,Adilabad,501.0,Gross Irrigated Area,Well,Tubewell,29562.0,Adilabad
135642,2017-2018,Telangana,36,Adilabad,501.0,Net Irrigated Area,Canal,Government,56054.0,Adilabad
135643,2017-2018,Telangana,36,Adilabad,501.0,Net Irrigated Area,Canal,Private,,Adilabad
135644,2017-2018,Telangana,36,Adilabad,501.0,Net Irrigated Area,Other Source,Other Source,3374.0,Adilabad
135645,2017-2018,Telangana,36,Adilabad,501.0,Net Irrigated Area,Tank,Tank,3668.0,Adilabad
135646,2017-2018,Telangana,36,Adilabad,501.0,Net Irrigated Area,Well,Other Well,299.0,Adilabad
135647,2017-2018,Telangana,36,Adilabad,501.0,Net Irrigated Area,Well,Tubewell,29562.0,Adilabad
135648,2017-2018,Telangana,36,Bhadradri Kothagudem,690.0,Gross Irrigated Area,Canal,Government,38142.0,Khammam
135649,2017-2018,Telangana,36,Bhadradri Kothagudem,690.0,Gross Irrigated Area,Canal,Private,,Khammam
135650,2017-2018,Telangana,36,Bhadradri Kothagudem,690.0,Gross Irrigated Area,Other Source,Other Source,1385.0,Khammam
135651,2017-2018,Telangana,36,Bhadradri Kothagudem,690.0,Gross Irrigated Area,Tank,Tank,27754.0,Khammam
135652,2017-2018,Telangana,36,Bhadradri Kothagudem,690.0,Gross Irrigated Area,Well,Other Well,83.0,Khammam
135653,2017-2018,Telangana,36,Bhadradri Kothagudem,690.0,Gross Irrigated Area,Well,Tubewell,8204.0,Khammam
135654,2017-2018,Telangana,36,Bhadradri Kothagudem,690.0,Net Irrigated Area,Canal,Government,31016.0,Khammam
135655,2017-2018,Telangana,36,Bhadradri Kothagudem,690.0,Net Irrigated Area,Canal,Private,,Khammam
135656,2017-2018,Telangana,36,Bhadradri Kothagudem,690.0,Net Irrigated Area,Other Source,Other Source,1039.0,Khammam
135657,2017-2018,Telangana,36,Bhadradri Kothagudem,690.0,Net Irrigated Area,Tank,Tank,25534.0,Khammam
135658,2017-2018,Telangana,36,Bhadradri Kothagudem,690.0,Net Irrigated Area,Well,Other Well,58.0,Khammam
135659,2017-2018,Telangana,36,Bhadradri Kothagudem,690.0,Net Irrigated Area,Well,Tubewell,6317.0,Khammam
135660,2017-2018,Telangana,36,Hanumakonda,686.0,Gross Irrigated Area,Canal,Government,28810.0,Warangal
135661,2017-2018,Telangana,36,Hanumakonda,686.0,Gross Irrigated Area,Canal,Private,,Warangal
135662,2017-2018,Telangana,36,Hanumakonda,686.0,Gross Irrigated Area,Other Source,Other Source,125.0,Warangal
135663,2017-2018,Telangana,36,Hanumakonda,686.0,Gross Irrigated Area,Tank,Tank,7422.0,Warangal
135664,2017-2018,Telangana,36,Hanumakonda,686.0,Gross Irrigated Area,Well,Other Well,36124.0,Warangal
135665,2017-2018,Telangana,36,Hanumakonda,686.0,Gross Irrigated Area,Well,Tubewell,9602.0,Warangal
135666,2017-2018,Telangana,36,Hanumakonda,686.0,Net Irrigated Area,Canal,Government,15024.0,Warangal
135667,2017-2018,Telangana,36,Hanumakonda,686.0,Net Irrigated Area,Canal,Private,,Warangal
135668,2017-2018,Telangana,36,Hanumakonda,686.0,Net Irrigated Area,Other Source,Other Source,67.0,Warangal
135669,2017-2018,Telangana,36,Hanumakonda,686.0,Net Irrigated Area,Tank,Tank,4750.0,Warangal
135670,2017-2018,Telangana,36,Hanumakonda,686.0,Net Irrigated Area,Well,Other Well,22036.0,Warangal
135671,2017-2018,Telangana,36,Hanumakonda,686.0,Net Irrigated Area,Well,Tubewell,5953.0,Warangal
135684,2017-2018,Telangana,36,Jagitial,681.0,Gross Irrigated Area,Canal,Government,53733.0,Karimnagar
135685,2017-2018,Telangana,36,Jagitial,681.0,Gross Irrigated Area,Canal,Private,,Karimnagar
135686,2017-2018,Telangana,36,Jagitial,681.0,Gross Irrigated Area,Other Source,Other Source,399.0,Karimnagar
135687,2017-2018,Telangana,36,Jagitial,681.0,Gross Irrigated Area,Tank,Tank,9572.0,Karimnagar
135688,2017-2018,Telangana,36,Jagitial,681.0,Gross Irrigated Area,Well,Other Well,77523.0,Karimnagar
135689,2017-2018,Telangana,36,Jagitial,681.0,Gross Irrigated Area,Well,Tubewell,25841.0,Karimnagar
135690,2017-2018,Telangana,36,Jagitial,681.0,Net Irrigated Area,Canal,Government,50472.0,Karimnagar
135691,2017-2018,Telangana,36,Jagitial,681.0,Net Irrigated Area,Canal,Private,,Karimnagar
135692,2017-2018,Telangana,36,Jagitial,681.0,Net Irrigated Area,Other Source,Other Source,399.0,Karimnagar
135693,2017-2018,Telangana,36,Jagitial,681.0,Net Irrigated Area,Tank,Tank,7658.0,Karimnagar
135694,2017-2018,Telangana,36,Jagitial,681.0,Net Irrigated Area,Well,Other Well,62794.0,Karimnagar
135695,2017-2018,Telangana,36,Jagitial,681.0,Net Irrigated Area,Well,Tubewell,20673.0,Karimnagar
135696,2017-2018,Telangana,36,Jangoan,689.0,Gross Irrigated Area,Canal,Government,18801.0,Warangal
135697,2017-2018,Telangana,36,Jangoan,689.0,Gross Irrigated Area,Canal,Private,,Warangal
135698,2017-2018,Telangana,36,Jangoan,689.0,Gross Irrigated Area,Other Source,Other Source,,Warangal
135699,2017-2018,Telangana,36,Jangoan,689.0,Gross Irrigated Area,Tank,Tank,7393.0,Warangal
135700,2017-2018,Telangana,36,Jangoan,689.0,Gross Irrigated Area,Well,Other Well,7845.0,Warangal
135701,2017-2018,Telangana,36,Jangoan,689.0,Gross Irrigated Area,Well,Tubewell,44455.0,Warangal
135702,2017-2018,Telangana,36,Jangoan,689.0,Net Irrigated Area,Canal,Government,11848.0,Warangal
135703,2017-2018,Telangana,36,Jangoan,689.0,Net Irrigated Area,Canal,Private,,Warangal
135704,2017-2018,Telangana,36,Jangoan,689.0,Net Irrigated Area,Other Source,Other Source,,Warangal
135705,2017-2018,Telangana,36,Jangoan,689.0,Net Irrigated Area,Tank,Tank,5693.0,Warangal
135706,2017-2018,Telangana,36,Jangoan,689.0,Net Irrigated Area,Well,Other Well,6668.0,Warangal
135707,2017-2018,Telangana,36,Jangoan,689.0,Net Irrigated Area,Well,Tubewell,25339.0,Warangal
135708,2017-2018,Telangana,36,Jayashankar Bhupalapally,687.0,Gross Irrigated Area,Canal,Government,51744.0,Warangal
135709,2017-2018,Telangana,36,Jayashankar Bhupalapally,687.0,Gross Irrigated Area,Canal,Private,,Warangal
135710,2017-2018,Telangana,36,Jayashankar Bhupalapally,687.0,Gross Irrigated Area,Other Source,Other Source,2402.0,Warangal
135711,2017-2018,Telangana,36,Jayashankar Bhupalapally,687.0,Gross Irrigated Area,Tank,Tank,9557.0,Warangal
135712,2017-2018,Telangana,36,Jayashankar Bhupalapally,687.0,Gross Irrigated Area,Well,Other Well,12403.0,Warangal
135713,2017-2018,Telangana,36,Jayashankar Bhupalapally,687.0,Gross Irrigated Area,Well,Tubewell,46660.0,Warangal
135714,2017-2018,Telangana,36,Jayashankar Bhupalapally,687.0,Net Irrigated Area,Canal,Government,38139.0,Warangal
135715,2017-2018,Telangana,36,Jayashankar Bhupalapally,687.0,Net Irrigated Area,Canal,Private,,Warangal
135716,2017-2018,Telangana,36,Jayashankar Bhupalapally,687.0,Net Irrigated Area,Other Source,Other Source,889.0,Warangal
135717,2017-2018,Telangana,36,Jayashankar Bhupalapally,687.0,Net Irrigated Area,Tank,Tank,8697.0,Warangal
135718,2017-2018,Telangana,36,Jayashankar Bhupalapally,687.0,Net Irrigated Area,Well,Other Well,10294.0,Warangal
135719,2017-2018,Telangana,36,Jayashankar Bhupalapally,687.0,Net Irrigated Area,Well,Tubewell,29396.0,Warangal
135720,2017-2018,Telangana,36,Jogulamba Gadwal,695.0,Gross Irrigated Area,Canal,Government,45891.0,Mahabubnagar
135721,2017-2018,Telangana,36,Jogulamba Gadwal,695.0,Gross Irrigated Area,Canal,Private,,Mahabubnagar
135722,2017-2018,Telangana,36,Jogulamba Gadwal,695.0,Gross Irrigated Area,Other Source,Other Source,2000.0,Mahabubnagar
135723,2017-2018,Telangana,36,Jogulamba Gadwal,695.0,Gross Irrigated Area,Tank,Tank,4783.0,Mahabubnagar
135724,2017-2018,Telangana,36,Jogulamba Gadwal,695.0,Gross Irrigated Area,Well,Other Well,1379.0,Mahabubnagar
135725,2017-2018,Telangana,36,Jogulamba Gadwal,695.0,Gross Irrigated Area,Well,Tubewell,33099.0,Mahabubnagar
135726,2017-2018,Telangana,36,Jogulamba Gadwal,695.0,Net Irrigated Area,Canal,Government,42543.0,Mahabubnagar
135727,2017-2018,Telangana,36,Jogulamba Gadwal,695.0,Net Irrigated Area,Canal,Private,,Mahabubnagar
135728,2017-2018,Telangana,36,Jogulamba Gadwal,695.0,Net Irrigated Area,Other Source,Other Source,1880.0,Mahabubnagar
135729,2017-2018,Telangana,36,Jogulamba Gadwal,695.0,Net Irrigated Area,Tank,Tank,4735.0,Mahabubnagar
135730,2017-2018,Telangana,36,Jogulamba Gadwal,695.0,Net Irrigated Area,Well,Other Well,1351.0,Mahabubnagar
135731,2017-2018,Telangana,36,Jogulamba Gadwal,695.0,Net Irrigated Area,Well,Tubewell,29789.0,Mahabubnagar
135732,2017-2018,Telangana,36,Kamareddy,685.0,Gross Irrigated Area,Canal,Government,34918.0,Nizamabad
135733,2017-2018,Telangana,36,Kamareddy,685.0,Gross Irrigated Area,Canal,Private,,Nizamabad
135734,2017-2018,Telangana,36,Kamareddy,685.0,Gross Irrigated Area,Other Source,Other Source,6417.0,Nizamabad
135735,2017-2018,Telangana,36,Kamareddy,685.0,Gross Irrigated Area,Tank,Tank,6379.0,Nizamabad
135736,2017-2018,Telangana,36,Kamareddy,685.0,Gross Irrigated Area,Well,Other Well,,Nizamabad
135737,2017-2018,Telangana,36,Kamareddy,685.0,Gross Irrigated Area,Well,Tubewell,79193.0,Nizamabad
135738,2017-2018,Telangana,36,Kamareddy,685.0,Net Irrigated Area,Canal,Government,15349.0,Nizamabad
135739,2017-2018,Telangana,36,Kamareddy,685.0,Net Irrigated Area,Canal,Private,,Nizamabad
135740,2017-2018,Telangana,36,Kamareddy,685.0,Net Irrigated Area,Other Source,Other Source,5198.0,Nizamabad
135741,2017-2018,Telangana,36,Kamareddy,685.0,Net Irrigated Area,Tank,Tank,4465.0,Nizamabad
135742,2017-2018,Telangana,36,Kamareddy,685.0,Net Irrigated Area,Well,Other Well,,Nizamabad
135743,2017-2018,Telangana,36,Kamareddy,685.0,Net Irrigated Area,Well,Tubewell,45932.0,Nizamabad
135744,2017-2018,Telangana,36,Karimnagar,508.0,Gross Irrigated Area,Canal,Government,28033.0,Karimnagar
135745,2017-2018,Telangana,36,Karimnagar,508.0,Gross Irrigated Area,Canal,Private,,Karimnagar
135746,2017-2018,Telangana,36,Karimnagar,508.0,Gross Irrigated Area,Other Source,Other Source,145.0,Karimnagar
135748,2017-2018,Telangana,36,Karimnagar,508.0,Gross Irrigated Area,Well,Other Well,99645.0,Karimnagar
135749,2017-2018,Telangana,36,Karimnagar,508.0,Gross Irrigated Area,Well,Tubewell,7500.0,Karimnagar
135750,2017-2018,Telangana,36,Karimnagar,508.0,Net Irrigated Area,Canal,Government,26396.0,Karimnagar
135751,2017-2018,Telangana,36,Karimnagar,508.0,Net Irrigated Area,Canal,Private,,Karimnagar
135752,2017-2018,Telangana,36,Karimnagar,508.0,Net Irrigated Area,Other Source,Other Source,145.0,Karimnagar
135753,2017-2018,Telangana,36,Karimnagar,508.0,Net Irrigated Area,Tank,Tank,4707.0,Karimnagar
135754,2017-2018,Telangana,36,Karimnagar,508.0,Net Irrigated Area,Well,Other Well,70748.0,Karimnagar
135755,2017-2018,Telangana,36,Karimnagar,508.0,Net Irrigated Area,Well,Tubewell,4650.0,Karimnagar
135756,2017-2018,Telangana,36,Khammam,509.0,Gross Irrigated Area,Canal,Government,205273.0,Khammam
135757,2017-2018,Telangana,36,Khammam,509.0,Gross Irrigated Area,Canal,Private,,Khammam
135758,2017-2018,Telangana,36,Khammam,509.0,Gross Irrigated Area,Other Source,Other Source,,Khammam
135759,2017-2018,Telangana,36,Khammam,509.0,Gross Irrigated Area,Tank,Tank,17650.0,Khammam
135760,2017-2018,Telangana,36,Khammam,509.0,Gross Irrigated Area,Well,Other Well,4929.0,Khammam
135761,2017-2018,Telangana,36,Khammam,509.0,Gross Irrigated Area,Well,Tubewell,8763.0,Khammam
135762,2017-2018,Telangana,36,Khammam,509.0,Net Irrigated Area,Canal,Government,106906.0,Khammam
135763,2017-2018,Telangana,36,Khammam,509.0,Net Irrigated Area,Canal,Private,,Khammam
135764,2017-2018,Telangana,36,Khammam,509.0,Net Irrigated Area,Other Source,Other Source,,Khammam
135765,2017-2018,Telangana,36,Khammam,509.0,Net Irrigated Area,Tank,Tank,13767.0,Khammam
135766,2017-2018,Telangana,36,Khammam,509.0,Net Irrigated Area,Well,Other Well,4338.0,Khammam
135767,2017-2018,Telangana,36,Khammam,509.0,Net Irrigated Area,Well,Tubewell,6660.0,Khammam
135768,2017-2018,Telangana,36,Kumuram Bheem Asifabad,699.0,Gross Irrigated Area,Canal,Government,52584.0,Adilabad
135769,2017-2018,Telangana,36,Kumuram Bheem Asifabad,699.0,Gross Irrigated Area,Canal,Private,,Adilabad
135770,2017-2018,Telangana,36,Kumuram Bheem Asifabad,699.0,Gross Irrigated Area,Other Source,Other Source,2540.0,Adilabad
135771,2017-2018,Telangana,36,Kumuram Bheem Asifabad,699.0,Gross Irrigated Area,Tank,Tank,3311.0,Adilabad
135772,2017-2018,Telangana,36,Kumuram Bheem Asifabad,699.0,Gross Irrigated Area,Well,Other Well,495.0,Adilabad
135773,2017-2018,Telangana,36,Kumuram Bheem Asifabad,699.0,Gross Irrigated Area,Well,Tubewell,4999.0,Adilabad
135774,2017-2018,Telangana,36,Kumuram Bheem Asifabad,699.0,Net Irrigated Area,Canal,Government,37860.0,Adilabad
135775,2017-2018,Telangana,36,Kumuram Bheem Asifabad,699.0,Net Irrigated Area,Canal,Private,,Adilabad
135776,2017-2018,Telangana,36,Kumuram Bheem Asifabad,699.0,Net Irrigated Area,Other Source,Other Source,1321.0,Adilabad
135777,2017-2018,Telangana,36,Kumuram Bheem Asifabad,699.0,Net Irrigated Area,Tank,Tank,3112.0,Adilabad
135778,2017-2018,Telangana,36,Kumuram Bheem Asifabad,699.0,Net Irrigated Area,Well,Other Well,267.0,Adilabad
135779,2017-2018,Telangana,36,Kumuram Bheem Asifabad,699.0,Net Irrigated Area,Well,Tubewell,2499.0,Adilabad
135780,2017-2018,Telangana,36,Mahabubabad,688.0,Gross Irrigated Area,Canal,Government,29828.0,Warangal
135781,2017-2018,Telangana,36,Mahabubabad,688.0,Gross Irrigated Area,Canal,Private,,Warangal
135782,2017-2018,Telangana,36,Mahabubabad,688.0,Gross Irrigated Area,Other Source,Other Source,46.0,Warangal
135783,2017-2018,Telangana,36,Mahabubabad,688.0,Gross Irrigated Area,Tank,Tank,8298.0,Warangal
135784,2017-2018,Telangana,36,Mahabubabad,688.0,Gross Irrigated Area,Well,Other Well,58027.0,Warangal
135785,2017-2018,Telangana,36,Mahabubabad,688.0,Gross Irrigated Area,Well,Tubewell,28581.0,Warangal
135786,2017-2018,Telangana,36,Mahabubabad,688.0,Net Irrigated Area,Canal,Government,25503.0,Warangal
135787,2017-2018,Telangana,36,Mahabubabad,688.0,Net Irrigated Area,Canal,Private,,Warangal
135788,2017-2018,Telangana,36,Mahabubabad,688.0,Net Irrigated Area,Other Source,Other Source,44.0,Warangal
135789,2017-2018,Telangana,36,Mahabubabad,688.0,Net Irrigated Area,Tank,Tank,7468.0,Warangal
135790,2017-2018,Telangana,36,Mahabubabad,688.0,Net Irrigated Area,Well,Other Well,47582.0,Warangal
135791,2017-2018,Telangana,36,Mahabubabad,688.0,Net Irrigated Area,Well,Tubewell,21150.0,Warangal
135792,2017-2018,Telangana,36,Mahabubnagar,512.0,Gross Irrigated Area,Canal,Government,45406.0,Mahabubnagar
135793,2017-2018,Telangana,36,Mahabubnagar,512.0,Gross Irrigated Area,Canal,Private,,Mahabubnagar
135794,2017-2018,Telangana,36,Mahabubnagar,512.0,Gross Irrigated Area,Other Source,Other Source,,Mahabubnagar
135795,2017-2018,Telangana,36,Mahabubnagar,512.0,Gross Irrigated Area,Tank,Tank,2618.0,Mahabubnagar
135796,2017-2018,Telangana,36,Mahabubnagar,512.0,Gross Irrigated Area,Well,Other Well,,Mahabubnagar
135797,2017-2018,Telangana,36,Mahabubnagar,512.0,Gross Irrigated Area,Well,Tubewell,45131.0,Mahabubnagar
135798,2017-2018,Telangana,36,Mahabubnagar,512.0,Net Irrigated Area,Canal,Government,32825.0,Mahabubnagar
135799,2017-2018,Telangana,36,Mahabubnagar,512.0,Net Irrigated Area,Canal,Private,,Mahabubnagar
135800,2017-2018,Telangana,36,Mahabubnagar,512.0,Net Irrigated Area,Other Source,Other Source,,Mahabubnagar
135801,2017-2018,Telangana,36,Mahabubnagar,512.0,Net Irrigated Area,Tank,Tank,2566.0,Mahabubnagar
135802,2017-2018,Telangana,36,Mahabubnagar,512.0,Net Irrigated Area,Well,Other Well,,Mahabubnagar
135803,2017-2018,Telangana,36,Mahabubnagar,512.0,Net Irrigated Area,Well,Tubewell,32494.0,Mahabubnagar
135804,2017-2018,Telangana,36,Mancherial,684.0,Gross Irrigated Area,Canal,Government,31973.0,Adilabad
135805,2017-2018,Telangana,36,Mancherial,684.0,Gross Irrigated Area,Canal,Private,,Adilabad
135806,2017-2018,Telangana,36,Mancherial,684.0,Gross Irrigated Area,Other Source,Other Source,1350.0,Adilabad
135807,2017-2018,Telangana,36,Mancherial,684.0,Gross Irrigated Area,Tank,Tank,5772.0,Adilabad
135808,2017-2018,Telangana,36,Mancherial,684.0,Gross Irrigated Area,Well,Other Well,6350.0,Adilabad
135809,2017-2018,Telangana,36,Mancherial,684.0,Gross Irrigated Area,Well,Tubewell,11792.0,Adilabad
135810,2017-2018,Telangana,36,Mancherial,684.0,Net Irrigated Area,Canal,Government,22554.0,Adilabad
135811,2017-2018,Telangana,36,Mancherial,684.0,Net Irrigated Area,Canal,Private,,Adilabad
135812,2017-2018,Telangana,36,Mancherial,684.0,Net Irrigated Area,Other Source,Other Source,1066.0,Adilabad
135813,2017-2018,Telangana,36,Mancherial,684.0,Net Irrigated Area,Tank,Tank,4271.0,Adilabad
135814,2017-2018,Telangana,36,Mancherial,684.0,Net Irrigated Area,Well,Other Well,3175.0,Adilabad
135815,2017-2018,Telangana,36,Mancherial,684.0,Net Irrigated Area,Well,Tubewell,6721.0,Adilabad
135816,2017-2018,Telangana,36,Medak,513.0,Gross Irrigated Area,Canal,Government,66832.0,Medak
135817,2017-2018,Telangana,36,Medak,513.0,Gross Irrigated Area,Canal,Private,,Medak
135818,2017-2018,Telangana,36,Medak,513.0,Gross Irrigated Area,Other Source,Other Source,788.0,Medak
135819,2017-2018,Telangana,36,Medak,513.0,Gross Irrigated Area,Tank,Tank,2523.0,Medak
135820,2017-2018,Telangana,36,Medak,513.0,Gross Irrigated Area,Well,Other Well,,Medak
135821,2017-2018,Telangana,36,Medak,513.0,Gross Irrigated Area,Well,Tubewell,22378.0,Medak
135822,2017-2018,Telangana,36,Medak,513.0,Net Irrigated Area,Canal,Government,40428.0,Medak
135823,2017-2018,Telangana,36,Medak,513.0,Net Irrigated Area,Canal,Private,,Medak
135824,2017-2018,Telangana,36,Medak,513.0,Net Irrigated Area,Other Source,Other Source,473.0,Medak
135825,2017-2018,Telangana,36,Medak,513.0,Net Irrigated Area,Tank,Tank,2094.0,Medak
135826,2017-2018,Telangana,36,Medak,513.0,Net Irrigated Area,Well,Other Well,,Medak
135827,2017-2018,Telangana,36,Medak,513.0,Net Irrigated Area,Well,Tubewell,13427.0,Medak
135828,2017-2018,Telangana,36,Medchal Malkajgiri,700.0,Gross Irrigated Area,Canal,Government,12.0,Ranga Reddy
135829,2017-2018,Telangana,36,Medchal Malkajgiri,700.0,Gross Irrigated Area,Canal,Private,,Ranga Reddy
135830,2017-2018,Telangana,36,Medchal Malkajgiri,700.0,Gross Irrigated Area,Other Source,Other Source,504.0,Ranga Reddy
135831,2017-2018,Telangana,36,Medchal Malkajgiri,700.0,Gross Irrigated Area,Tank,Tank,345.0,Ranga Reddy
135832,2017-2018,Telangana,36,Medchal Malkajgiri,700.0,Gross Irrigated Area,Well,Other Well,,Ranga Reddy
135833,2017-2018,Telangana,36,Medchal Malkajgiri,700.0,Gross Irrigated Area,Well,Tubewell,12468.0,Ranga Reddy
135834,2017-2018,Telangana,36,Medchal Malkajgiri,700.0,Net Irrigated Area,Canal,Government,12.0,Ranga Reddy
135835,2017-2018,Telangana,36,Medchal Malkajgiri,700.0,Net Irrigated Area,Canal,Private,,Ranga Reddy
135836,2017-2018,Telangana,36,Medchal Malkajgiri,700.0,Net Irrigated Area,Other Source,Other Source,358.0,Ranga Reddy
135837,2017-2018,Telangana,36,Medchal Malkajgiri,700.0,Net Irrigated Area,Tank,Tank,248.0,Ranga Reddy
135838,2017-2018,Telangana,36,Medchal Malkajgiri,700.0,Net Irrigated Area,Well,Other Well,,Ranga Reddy
135839,2017-2018,Telangana,36,Medchal Malkajgiri,700.0,Net Irrigated Area,Well,Tubewell,8621.0,Ranga Reddy
135840,2017-2018,Telangana,36,Nagarkurnool,694.0,Gross Irrigated Area,Canal,Government,66499.0,Mahabubnagar
135841,2017-2018,Telangana,36,Nagarkurnool,694.0,Gross Irrigated Area,Canal,Private,,Mahabubnagar
135842,2017-2018,Telangana,36,Nagarkurnool,694.0,Gross Irrigated Area,Other Source,Other Source,1477.0,Mahabubnagar
135843,2017-2018,Telangana,36,Nagarkurnool,694.0,Gross Irrigated Area,Tank,Tank,5023.0,Mahabubnagar
135844,2017-2018,Telangana,36,Nagarkurnool,694.0,Gross Irrigated Area,Well,Other Well,168.0,Mahabubnagar
135845,2017-2018,Telangana,36,Nagarkurnool,694.0,Gross Irrigated Area,Well,Tubewell,16608.0,Mahabubnagar
135846,2017-2018,Telangana,36,Nagarkurnool,694.0,Net Irrigated Area,Canal,Government,58915.0,Mahabubnagar
135847,2017-2018,Telangana,36,Nagarkurnool,694.0,Net Irrigated Area,Canal,Private,,Mahabubnagar
135848,2017-2018,Telangana,36,Nagarkurnool,694.0,Net Irrigated Area,Other Source,Other Source,1477.0,Mahabubnagar
135850,2017-2018,Telangana,36,Nagarkurnool,694.0,Net Irrigated Area,Well,Other Well,168.0,Mahabubnagar
135851,2017-2018,Telangana,36,Nagarkurnool,694.0,Net Irrigated Area,Well,Tubewell,14283.0,Mahabubnagar
135852,2017-2018,Telangana,36,Nalgonda,514.0,Gross Irrigated Area,Canal,Government,128247.0,Nalgonda
135853,2017-2018,Telangana,36,Nalgonda,514.0,Gross Irrigated Area,Canal,Private,,Nalgonda
135854,2017-2018,Telangana,36,Nalgonda,514.0,Gross Irrigated Area,Other Source,Other Source,2122.0,Nalgonda
135855,2017-2018,Telangana,36,Nalgonda,514.0,Gross Irrigated Area,Tank,Tank,10891.0,Nalgonda
135856,2017-2018,Telangana,36,Nalgonda,514.0,Gross Irrigated Area,Well,Other Well,1152.0,Nalgonda
135857,2017-2018,Telangana,36,Nalgonda,514.0,Gross Irrigated Area,Well,Tubewell,56461.0,Nalgonda
135858,2017-2018,Telangana,36,Nalgonda,514.0,Net Irrigated Area,Canal,Government,93412.0,Nalgonda
135859,2017-2018,Telangana,36,Nalgonda,514.0,Net Irrigated Area,Canal,Private,,Nalgonda
135860,2017-2018,Telangana,36,Nalgonda,514.0,Net Irrigated Area,Other Source,Other Source,2122.0,Nalgonda
135861,2017-2018,Telangana,36,Nalgonda,514.0,Net Irrigated Area,Tank,Tank,8931.0,Nalgonda
135862,2017-2018,Telangana,36,Nalgonda,514.0,Net Irrigated Area,Well,Other Well,852.0,Nalgonda
135863,2017-2018,Telangana,36,Nalgonda,514.0,Net Irrigated Area,Well,Tubewell,40087.0,Nalgonda
135864,2017-2018,Telangana,36,Nirmal,680.0,Gross Irrigated Area,Canal,Government,46372.0,Adilabad
135865,2017-2018,Telangana,36,Nirmal,680.0,Gross Irrigated Area,Canal,Private,,Adilabad
135866,2017-2018,Telangana,36,Nirmal,680.0,Gross Irrigated Area,Other Source,Other Source,678.0,Adilabad
135867,2017-2018,Telangana,36,Nirmal,680.0,Gross Irrigated Area,Tank,Tank,6783.0,Adilabad
135868,2017-2018,Telangana,36,Nirmal,680.0,Gross Irrigated Area,Well,Other Well,4602.0,Adilabad
135869,2017-2018,Telangana,36,Nirmal,680.0,Gross Irrigated Area,Well,Tubewell,30798.0,Adilabad
135870,2017-2018,Telangana,36,Nirmal,680.0,Net Irrigated Area,Canal,Government,35372.0,Adilabad
135871,2017-2018,Telangana,36,Nirmal,680.0,Net Irrigated Area,Canal,Private,,Adilabad
135872,2017-2018,Telangana,36,Nirmal,680.0,Net Irrigated Area,Other Source,Other Source,305.0,Adilabad
135873,2017-2018,Telangana,36,Nirmal,680.0,Net Irrigated Area,Tank,Tank,4545.0,Adilabad
135874,2017-2018,Telangana,36,Nirmal,680.0,Net Irrigated Area,Well,Other Well,3405.0,Adilabad
135875,2017-2018,Telangana,36,Nirmal,680.0,Net Irrigated Area,Well,Tubewell,23714.0,Adilabad
135876,2017-2018,Telangana,36,Nizamabad,516.0,Gross Irrigated Area,Canal,Government,137432.0,Nizamabad
135877,2017-2018,Telangana,36,Nizamabad,516.0,Gross Irrigated Area,Canal,Private,,Nizamabad
135878,2017-2018,Telangana,36,Nizamabad,516.0,Gross Irrigated Area,Other Source,Other Source,4937.0,Nizamabad
135879,2017-2018,Telangana,36,Nizamabad,516.0,Gross Irrigated Area,Tank,Tank,3600.0,Nizamabad
135880,2017-2018,Telangana,36,Nizamabad,516.0,Gross Irrigated Area,Well,Other Well,,Nizamabad
135881,2017-2018,Telangana,36,Nizamabad,516.0,Gross Irrigated Area,Well,Tubewell,121760.0,Nizamabad
135882,2017-2018,Telangana,36,Nizamabad,516.0,Net Irrigated Area,Canal,Government,88776.0,Nizamabad
135883,2017-2018,Telangana,36,Nizamabad,516.0,Net Irrigated Area,Canal,Private,,Nizamabad
135884,2017-2018,Telangana,36,Nizamabad,516.0,Net Irrigated Area,Other Source,Other Source,2913.0,Nizamabad
135885,2017-2018,Telangana,36,Nizamabad,516.0,Net Irrigated Area,Tank,Tank,3204.0,Nizamabad
135886,2017-2018,Telangana,36,Nizamabad,516.0,Net Irrigated Area,Well,Other Well,,Nizamabad
135887,2017-2018,Telangana,36,Nizamabad,516.0,Net Irrigated Area,Well,Tubewell,75491.0,Nizamabad
135888,2017-2018,Telangana,36,Peddapalli,682.0,Gross Irrigated Area,Canal,Government,40532.0,Karimnagar
135889,2017-2018,Telangana,36,Peddapalli,682.0,Gross Irrigated Area,Canal,Private,,Karimnagar
135890,2017-2018,Telangana,36,Peddapalli,682.0,Gross Irrigated Area,Other Source,Other Source,1227.0,Karimnagar
135891,2017-2018,Telangana,36,Peddapalli,682.0,Gross Irrigated Area,Tank,Tank,5418.0,Karimnagar
135892,2017-2018,Telangana,36,Peddapalli,682.0,Gross Irrigated Area,Well,Other Well,56202.0,Karimnagar
135893,2017-2018,Telangana,36,Peddapalli,682.0,Gross Irrigated Area,Well,Tubewell,12337.0,Karimnagar
135894,2017-2018,Telangana,36,Peddapalli,682.0,Net Irrigated Area,Canal,Government,23089.0,Karimnagar
135895,2017-2018,Telangana,36,Peddapalli,682.0,Net Irrigated Area,Canal,Private,,Karimnagar
135896,2017-2018,Telangana,36,Peddapalli,682.0,Net Irrigated Area,Other Source,Other Source,1215.0,Karimnagar
135897,2017-2018,Telangana,36,Peddapalli,682.0,Net Irrigated Area,Tank,Tank,4714.0,Karimnagar
135898,2017-2018,Telangana,36,Peddapalli,682.0,Net Irrigated Area,Well,Other Well,43838.0,Karimnagar
135899,2017-2018,Telangana,36,Peddapalli,682.0,Net Irrigated Area,Well,Tubewell,7279.0,Karimnagar
135900,2017-2018,Telangana,36,Rajanna Sircilla,683.0,Gross Irrigated Area,Canal,Government,,Karimnagar
135901,2017-2018,Telangana,36,Rajanna Sircilla,683.0,Gross Irrigated Area,Canal,Private,,Karimnagar
135902,2017-2018,Telangana,36,Rajanna Sircilla,683.0,Gross Irrigated Area,Other Source,Other Source,,Karimnagar
135903,2017-2018,Telangana,36,Rajanna Sircilla,683.0,Gross Irrigated Area,Tank,Tank,5592.0,Karimnagar
135904,2017-2018,Telangana,36,Rajanna Sircilla,683.0,Gross Irrigated Area,Well,Other Well,23193.0,Karimnagar
135905,2017-2018,Telangana,36,Rajanna Sircilla,683.0,Gross Irrigated Area,Well,Tubewell,22283.0,Karimnagar
135906,2017-2018,Telangana,36,Rajanna Sircilla,683.0,Net Irrigated Area,Canal,Government,,Karimnagar
135907,2017-2018,Telangana,36,Rajanna Sircilla,683.0,Net Irrigated Area,Canal,Private,,Karimnagar
135908,2017-2018,Telangana,36,Rajanna Sircilla,683.0,Net Irrigated Area,Other Source,Other Source,,Karimnagar
135909,2017-2018,Telangana,36,Rajanna Sircilla,683.0,Net Irrigated Area,Tank,Tank,5592.0,Karimnagar
135910,2017-2018,Telangana,36,Rajanna Sircilla,683.0,Net Irrigated Area,Well,Other Well,18091.0,Karimnagar
135911,2017-2018,Telangana,36,Rajanna Sircilla,683.0,Net Irrigated Area,Well,Tubewell,11522.0,Karimnagar
135912,2017-2018,Telangana,36,Ranga Reddy,518.0,Gross Irrigated Area,Canal,Government,2640.0,Ranga Reddy
135913,2017-2018,Telangana,36,Ranga Reddy,518.0,Gross Irrigated Area,Canal,Private,,Ranga Reddy
135914,2017-2018,Telangana,36,Ranga Reddy,518.0,Gross Irrigated Area,Other Source,Other Source,334.0,Ranga Reddy
135915,2017-2018,Telangana,36,Ranga Reddy,518.0,Gross Irrigated Area,Tank,Tank,2035.0,Ranga Reddy
135916,2017-2018,Telangana,36,Ranga Reddy,518.0,Gross Irrigated Area,Well,Other Well,,Ranga Reddy
135917,2017-2018,Telangana,36,Ranga Reddy,518.0,Gross Irrigated Area,Well,Tubewell,54705.0,Ranga Reddy
135918,2017-2018,Telangana,36,Ranga Reddy,518.0,Net Irrigated Area,Canal,Government,2640.0,Ranga Reddy
135919,2017-2018,Telangana,36,Ranga Reddy,518.0,Net Irrigated Area,Canal,Private,,Ranga Reddy
135920,2017-2018,Telangana,36,Ranga Reddy,518.0,Net Irrigated Area,Other Source,Other Source,30.0,Ranga Reddy
135921,2017-2018,Telangana,36,Ranga Reddy,518.0,Net Irrigated Area,Tank,Tank,2035.0,Ranga Reddy
135922,2017-2018,Telangana,36,Ranga Reddy,518.0,Net Irrigated Area,Well,Other Well,,Ranga Reddy
135923,2017-2018,Telangana,36,Ranga Reddy,518.0,Net Irrigated Area,Well,Tubewell,38555.0,Ranga Reddy
135924,2017-2018,Telangana,36,Sangareddy,691.0,Gross Irrigated Area,Canal,Government,61187.0,Medak
135925,2017-2018,Telangana,36,Sangareddy,691.0,Gross Irrigated Area,Canal,Private,,Medak
135926,2017-2018,Telangana,36,Sangareddy,691.0,Gross Irrigated Area,Other Source,Other Source,50.0,Medak
135928,2017-2018,Telangana,36,Sangareddy,691.0,Gross Irrigated Area,Well,Other Well,755.0,Medak
135929,2017-2018,Telangana,36,Sangareddy,691.0,Gross Irrigated Area,Well,Tubewell,36974.0,Medak
135930,2017-2018,Telangana,36,Sangareddy,691.0,Net Irrigated Area,Canal,Government,48980.0,Medak
135931,2017-2018,Telangana,36,Sangareddy,691.0,Net Irrigated Area,Canal,Private,,Medak
135932,2017-2018,Telangana,36,Sangareddy,691.0,Net Irrigated Area,Other Source,Other Source,50.0,Medak
135933,2017-2018,Telangana,36,Sangareddy,691.0,Net Irrigated Area,Tank,Tank,3365.0,Medak
135934,2017-2018,Telangana,36,Sangareddy,691.0,Net Irrigated Area,Well,Other Well,755.0,Medak
135935,2017-2018,Telangana,36,Sangareddy,691.0,Net Irrigated Area,Well,Tubewell,29579.0,Medak
135936,2017-2018,Telangana,36,Siddipet,692.0,Gross Irrigated Area,Canal,Government,60761.0,Medak
135937,2017-2018,Telangana,36,Siddipet,692.0,Gross Irrigated Area,Canal,Private,,Medak
135938,2017-2018,Telangana,36,Siddipet,692.0,Gross Irrigated Area,Other Source,Other Source,,Medak
135939,2017-2018,Telangana,36,Siddipet,692.0,Gross Irrigated Area,Tank,Tank,3510.0,Medak
135940,2017-2018,Telangana,36,Siddipet,692.0,Gross Irrigated Area,Well,Other Well,8673.0,Medak
135941,2017-2018,Telangana,36,Siddipet,692.0,Gross Irrigated Area,Well,Tubewell,39510.0,Medak
135942,2017-2018,Telangana,36,Siddipet,692.0,Net Irrigated Area,Canal,Government,58262.0,Medak
135943,2017-2018,Telangana,36,Siddipet,692.0,Net Irrigated Area,Canal,Private,,Medak
135944,2017-2018,Telangana,36,Siddipet,692.0,Net Irrigated Area,Other Source,Other Source,,Medak
135945,2017-2018,Telangana,36,Siddipet,692.0,Net Irrigated Area,Tank,Tank,3510.0,Medak
135946,2017-2018,Telangana,36,Siddipet,692.0,Net Irrigated Area,Well,Other Well,8413.0,Medak
135947,2017-2018,Telangana,36,Siddipet,692.0,Net Irrigated Area,Well,Tubewell,36744.0,Medak
135948,2017-2018,Telangana,36,Suryapet,696.0,Gross Irrigated Area,Canal,Government,184073.0,Nalgonda
135949,2017-2018,Telangana,36,Suryapet,696.0,Gross Irrigated Area,Canal,Private,,Nalgonda
135950,2017-2018,Telangana,36,Suryapet,696.0,Gross Irrigated Area,Other Source,Other Source,2271.0,Nalgonda
135951,2017-2018,Telangana,36,Suryapet,696.0,Gross Irrigated Area,Tank,Tank,789.0,Nalgonda
135952,2017-2018,Telangana,36,Suryapet,696.0,Gross Irrigated Area,Well,Other Well,6225.0,Nalgonda
135953,2017-2018,Telangana,36,Suryapet,696.0,Gross Irrigated Area,Well,Tubewell,13856.0,Nalgonda
135954,2017-2018,Telangana,36,Suryapet,696.0,Net Irrigated Area,Canal,Government,95872.0,Nalgonda
135955,2017-2018,Telangana,36,Suryapet,696.0,Net Irrigated Area,Canal,Private,,Nalgonda
135956,2017-2018,Telangana,36,Suryapet,696.0,Net Irrigated Area,Other Source,Other Source,1113.0,Nalgonda
135957,2017-2018,Telangana,36,Suryapet,696.0,Net Irrigated Area,Tank,Tank,497.0,Nalgonda
135958,2017-2018,Telangana,36,Suryapet,696.0,Net Irrigated Area,Well,Other Well,4855.0,Nalgonda
135959,2017-2018,Telangana,36,Suryapet,696.0,Net Irrigated Area,Well,Tubewell,10253.0,Nalgonda
135960,2017-2018,Telangana,36,Vikarabad,698.0,Gross Irrigated Area,Canal,Government,366.0,Ranga Reddy
135961,2017-2018,Telangana,36,Vikarabad,698.0,Gross Irrigated Area,Canal,Private,,Ranga Reddy
135962,2017-2018,Telangana,36,Vikarabad,698.0,Gross Irrigated Area,Other Source,Other Source,4.0,Ranga Reddy
135963,2017-2018,Telangana,36,Vikarabad,698.0,Gross Irrigated Area,Tank,Tank,2431.0,Ranga Reddy
135964,2017-2018,Telangana,36,Vikarabad,698.0,Gross Irrigated Area,Well,Other Well,399.0,Ranga Reddy
135965,2017-2018,Telangana,36,Vikarabad,698.0,Gross Irrigated Area,Well,Tubewell,39537.0,Ranga Reddy
135966,2017-2018,Telangana,36,Vikarabad,698.0,Net Irrigated Area,Canal,Government,366.0,Ranga Reddy
135967,2017-2018,Telangana,36,Vikarabad,698.0,Net Irrigated Area,Canal,Private,,Ranga Reddy
135968,2017-2018,Telangana,36,Vikarabad,698.0,Net Irrigated Area,Other Source,Other Source,4.0,Ranga Reddy
135969,2017-2018,Telangana,36,Vikarabad,698.0,Net Irrigated Area,Tank,Tank,1896.0,Ranga Reddy
135970,2017-2018,Telangana,36,Vikarabad,698.0,Net Irrigated Area,Well,Other Well,399.0,Ranga Reddy
135971,2017-2018,Telangana,36,Vikarabad,698.0,Net Irrigated Area,Well,Tubewell,33735.0,Ranga Reddy
135972,2017-2018,Telangana,36,Wanaparthy,693.0,Gross Irrigated Area,Canal,Government,104360.0,Mahabubnagar
135973,2017-2018,Telangana,36,Wanaparthy,693.0,Gross Irrigated Area,Canal,Private,,Mahabubnagar
135974,2017-2018,Telangana,36,Wanaparthy,693.0,Gross Irrigated Area,Other Source,Other Source,,Mahabubnagar
135975,2017-2018,Telangana,36,Wanaparthy,693.0,Gross Irrigated Area,Tank,Tank,4488.0,Mahabubnagar
135976,2017-2018,Telangana,36,Wanaparthy,693.0,Gross Irrigated Area,Well,Other Well,148.0,Mahabubnagar
135977,2017-2018,Telangana,36,Wanaparthy,693.0,Gross Irrigated Area,Well,Tubewell,4778.0,Mahabubnagar
135978,2017-2018,Telangana,36,Wanaparthy,693.0,Net Irrigated Area,Canal,Government,74431.0,Mahabubnagar
135979,2017-2018,Telangana,36,Wanaparthy,693.0,Net Irrigated Area,Canal,Private,,Mahabubnagar
135980,2017-2018,Telangana,36,Wanaparthy,693.0,Net Irrigated Area,Other Source,Other Source,,Mahabubnagar
135981,2017-2018,Telangana,36,Wanaparthy,693.0,Net Irrigated Area,Tank,Tank,3905.0,Mahabubnagar
135982,2017-2018,Telangana,36,Wanaparthy,693.0,Net Irrigated Area,Well,Other Well,133.0,Mahabubnagar
135983,2017-2018,Telangana,36,Wanaparthy,693.0,Net Irrigated Area,Well,Tubewell,3870.0,Mahabubnagar
135984,2017-2018,Telangana,36,Warangal,522.0,Gross Irrigated Area,Canal,Government,19745.0,Warangal
135985,2017-2018,Telangana,36,Warangal,522.0,Gross Irrigated Area,Canal,Private,,Warangal
135986,2017-2018,Telangana,36,Warangal,522.0,Gross Irrigated Area,Other Source,Other Source,489.0,Warangal
135987,2017-2018,Telangana,36,Warangal,522.0,Gross Irrigated Area,Tank,Tank,15964.0,Warangal
135988,2017-2018,Telangana,36,Warangal,522.0,Gross Irrigated Area,Well,Other Well,89505.0,Warangal
135989,2017-2018,Telangana,36,Warangal,522.0,Gross Irrigated Area,Well,Tubewell,29835.0,Warangal
135990,2017-2018,Telangana,36,Warangal,522.0,Net Irrigated Area,Canal,Government,13936.0,Warangal
135991,2017-2018,Telangana,36,Warangal,522.0,Net Irrigated Area,Canal,Private,,Warangal
135992,2017-2018,Telangana,36,Warangal,522.0,Net Irrigated Area,Other Source,Other Source,421.0,Warangal
135993,2017-2018,Telangana,36,Warangal,522.0,Net Irrigated Area,Tank,Tank,13090.0,Warangal
135994,2017-2018,Telangana,36,Warangal,522.0,Net Irrigated Area,Well,Other Well,61758.0,Warangal
135995,2017-2018,Telangana,36,Warangal,522.0,Net Irrigated Area,Well,Tubewell,19094.0,Warangal
135996,2017-2018,Telangana,36,Yadadri Bhuvanagiri,697.0,Gross Irrigated Area,Canal,Government,5367.0,Nalgonda
135997,2017-2018,Telangana,36,Yadadri Bhuvanagiri,697.0,Gross Irrigated Area,Canal,Private,,Nalgonda
135998,2017-2018,Telangana,36,Yadadri Bhuvanagiri,697.0,Gross Irrigated Area,Other Source,Other Source,7045.0,Nalgonda
135999,2017-2018,Telangana,36,Yadadri Bhuvanagiri,697.0,Gross Irrigated Area,Tank,Tank,6157.0,Nalgonda
136000,2017-2018,Telangana,36,Yadadri Bhuvanagiri,697.0,Gross Irrigated Area,Well,Other Well,11982.0,Nalgonda
136001,2017-2018,Telangana,36,Yadadri Bhuvanagiri,697.0,Gross Irrigated Area,Well,Tubewell,80188.0,Nalgonda
136002,2017-2018,Telangana,36,Yadadri Bhuvanagiri,697.0,Net Irrigated Area,Canal,Government,4186.0,Nalgonda
136003,2017-2018,Telangana,36,Yadadri Bhuvanagiri,697.0,Net Irrigated Area,Canal,Private,,Nalgonda
136004,2017-2018,Telangana,36,Yadadri Bhuvanagiri,697.0,Net Irrigated Area,Other Source,Other Source,4368.0,Nalgonda
136005,2017-2018,Telangana,36,Yadadri Bhuvanagiri,697.0,Net Irrigated Area,Tank,Tank,3571.0,Nalgonda
136006,2017-2018,Telangana,36,Yadadri Bhuvanagiri,697.0,Net Irrigated Area,Well,Other Well,7429.0,Nalgonda
136007,2017-2018,Telangana,36,Yadadri Bhuvanagiri,697.0,Net Irrigated Area,Well,Tubewell,43669.0,Nalgonda
143196,2018-2019,Telangana,36,Adilabad,501.0,Gross Irrigated Area,Canal,Government,40977.0,Adilabad
143197,2018-2019,Telangana,36,Adilabad,501.0,Gross Irrigated Area,Canal,Private,,Adilabad
143198,2018-2019,Telangana,36,Adilabad,501.0,Gross Irrigated Area,Other Source,Other Source,3188.0,Adilabad
143199,2018-2019,Telangana,36,Adilabad,501.0,Gross Irrigated Area,Tank,Tank,4291.0,Adilabad
143200,2018-2019,Telangana,36,Adilabad,501.0,Gross Irrigated Area,Well,Other Well,136.0,Adilabad
143201,2018-2019,Telangana,36,Adilabad,501.0,Gross Irrigated Area,Well,Tubewell,13466.0,Adilabad
143202,2018-2019,Telangana,36,Adilabad,501.0,Net Irrigated Area,Canal,Government,40977.0,Adilabad
143203,2018-2019,Telangana,36,Adilabad,501.0,Net Irrigated Area,Canal,Private,,Adilabad
143204,2018-2019,Telangana,36,Adilabad,501.0,Net Irrigated Area,Other Source,Other Source,3188.0,Adilabad
143205,2018-2019,Telangana,36,Adilabad,501.0,Net Irrigated Area,Tank,Tank,4291.0,Adilabad
143206,2018-2019,Telangana,36,Adilabad,501.0,Net Irrigated Area,Well,Other Well,136.0,Adilabad
143207,2018-2019,Telangana,36,Adilabad,501.0,Net Irrigated Area,Well,Tubewell,13466.0,Adilabad
143208,2018-2019,Telangana,36,Bhadradri Kothagudem,690.0,Gross Irrigated Area,Canal,Government,34997.0,Khammam
143209,2018-2019,Telangana,36,Bhadradri Kothagudem,690.0,Gross Irrigated Area,Canal,Private,,Khammam
143210,2018-2019,Telangana,36,Bhadradri Kothagudem,690.0,Gross Irrigated Area,Other Source,Other Source,4607.0,Khammam
143211,2018-2019,Telangana,36,Bhadradri Kothagudem,690.0,Gross Irrigated Area,Tank,Tank,30914.0,Khammam
143212,2018-2019,Telangana,36,Bhadradri Kothagudem,690.0,Gross Irrigated Area,Well,Other Well,363.0,Khammam
143213,2018-2019,Telangana,36,Bhadradri Kothagudem,690.0,Gross Irrigated Area,Well,Tubewell,17715.0,Khammam
143214,2018-2019,Telangana,36,Bhadradri Kothagudem,690.0,Net Irrigated Area,Canal,Government,32433.0,Khammam
143215,2018-2019,Telangana,36,Bhadradri Kothagudem,690.0,Net Irrigated Area,Canal,Private,,Khammam
143216,2018-2019,Telangana,36,Bhadradri Kothagudem,690.0,Net Irrigated Area,Other Source,Other Source,3501.0,Khammam
143217,2018-2019,Telangana,36,Bhadradri Kothagudem,690.0,Net Irrigated Area,Tank,Tank,29059.0,Khammam
143218,2018-2019,Telangana,36,Bhadradri Kothagudem,690.0,Net Irrigated Area,Well,Other Well,363.0,Khammam
143219,2018-2019,Telangana,36,Bhadradri Kothagudem,690.0,Net Irrigated Area,Well,Tubewell,15589.0,Khammam
143220,2018-2019,Telangana,36,Hanumakonda,686.0,Gross Irrigated Area,Canal,Government,42833.0,Warangal
143221,2018-2019,Telangana,36,Hanumakonda,686.0,Gross Irrigated Area,Canal,Private,,Warangal
143222,2018-2019,Telangana,36,Hanumakonda,686.0,Gross Irrigated Area,Other Source,Other Source,98.0,Warangal
143223,2018-2019,Telangana,36,Hanumakonda,686.0,Gross Irrigated Area,Tank,Tank,6638.0,Warangal
143224,2018-2019,Telangana,36,Hanumakonda,686.0,Gross Irrigated Area,Well,Other Well,17798.0,Warangal
143225,2018-2019,Telangana,36,Hanumakonda,686.0,Gross Irrigated Area,Well,Tubewell,4731.0,Warangal
143226,2018-2019,Telangana,36,Hanumakonda,686.0,Net Irrigated Area,Canal,Government,26234.0,Warangal
143227,2018-2019,Telangana,36,Hanumakonda,686.0,Net Irrigated Area,Canal,Private,,Warangal
143228,2018-2019,Telangana,36,Hanumakonda,686.0,Net Irrigated Area,Other Source,Other Source,,Warangal
143229,2018-2019,Telangana,36,Hanumakonda,686.0,Net Irrigated Area,Tank,Tank,5310.0,Warangal
143230,2018-2019,Telangana,36,Hanumakonda,686.0,Net Irrigated Area,Well,Other Well,11391.0,Warangal
143231,2018-2019,Telangana,36,Hanumakonda,686.0,Net Irrigated Area,Well,Tubewell,2886.0,Warangal
143244,2018-2019,Telangana,36,Jagitial,681.0,Gross Irrigated Area,Canal,Government,83537.0,Karimnagar
143245,2018-2019,Telangana,36,Jagitial,681.0,Gross Irrigated Area,Canal,Private,,Karimnagar
143246,2018-2019,Telangana,36,Jagitial,681.0,Gross Irrigated Area,Other Source,Other Source,427.0,Karimnagar
143247,2018-2019,Telangana,36,Jagitial,681.0,Gross Irrigated Area,Tank,Tank,12215.0,Karimnagar
143248,2018-2019,Telangana,36,Jagitial,681.0,Gross Irrigated Area,Well,Other Well,63203.0,Karimnagar
143249,2018-2019,Telangana,36,Jagitial,681.0,Gross Irrigated Area,Well,Tubewell,25815.0,Karimnagar
143250,2018-2019,Telangana,36,Jagitial,681.0,Net Irrigated Area,Canal,Government,52663.0,Karimnagar
143251,2018-2019,Telangana,36,Jagitial,681.0,Net Irrigated Area,Canal,Private,,Karimnagar
143252,2018-2019,Telangana,36,Jagitial,681.0,Net Irrigated Area,Other Source,Other Source,312.0,Karimnagar
143253,2018-2019,Telangana,36,Jagitial,681.0,Net Irrigated Area,Tank,Tank,9039.0,Karimnagar
143254,2018-2019,Telangana,36,Jagitial,681.0,Net Irrigated Area,Well,Other Well,43610.0,Karimnagar
143255,2018-2019,Telangana,36,Jagitial,681.0,Net Irrigated Area,Well,Tubewell,16522.0,Karimnagar
143256,2018-2019,Telangana,36,Jangoan,689.0,Gross Irrigated Area,Canal,Government,21614.0,Warangal
143257,2018-2019,Telangana,36,Jangoan,689.0,Gross Irrigated Area,Canal,Private,,Warangal
143258,2018-2019,Telangana,36,Jangoan,689.0,Gross Irrigated Area,Other Source,Other Source,,Warangal
143259,2018-2019,Telangana,36,Jangoan,689.0,Gross Irrigated Area,Tank,Tank,6661.0,Warangal
143260,2018-2019,Telangana,36,Jangoan,689.0,Gross Irrigated Area,Well,Other Well,4537.0,Warangal
143261,2018-2019,Telangana,36,Jangoan,689.0,Gross Irrigated Area,Well,Tubewell,27866.0,Warangal
143262,2018-2019,Telangana,36,Jangoan,689.0,Net Irrigated Area,Canal,Government,13469.0,Warangal
143263,2018-2019,Telangana,36,Jangoan,689.0,Net Irrigated Area,Canal,Private,,Warangal
143264,2018-2019,Telangana,36,Jangoan,689.0,Net Irrigated Area,Other Source,Other Source,,Warangal
143265,2018-2019,Telangana,36,Jangoan,689.0,Net Irrigated Area,Tank,Tank,3730.0,Warangal
143266,2018-2019,Telangana,36,Jangoan,689.0,Net Irrigated Area,Well,Other Well,3221.0,Warangal
143267,2018-2019,Telangana,36,Jangoan,689.0,Net Irrigated Area,Well,Tubewell,16720.0,Warangal
143268,2018-2019,Telangana,36,Jayashankar Bhupalapally,687.0,Gross Irrigated Area,Canal,Government,79677.0,Warangal
143269,2018-2019,Telangana,36,Jayashankar Bhupalapally,687.0,Gross Irrigated Area,Canal,Private,,Warangal
143270,2018-2019,Telangana,36,Jayashankar Bhupalapally,687.0,Gross Irrigated Area,Other Source,Other Source,2216.0,Warangal
143271,2018-2019,Telangana,36,Jayashankar Bhupalapally,687.0,Gross Irrigated Area,Tank,Tank,10870.0,Warangal
143272,2018-2019,Telangana,36,Jayashankar Bhupalapally,687.0,Gross Irrigated Area,Well,Other Well,1262.0,Warangal
143273,2018-2019,Telangana,36,Jayashankar Bhupalapally,687.0,Gross Irrigated Area,Well,Tubewell,3245.0,Warangal
143274,2018-2019,Telangana,36,Jayashankar Bhupalapally,687.0,Net Irrigated Area,Canal,Government,37575.0,Warangal
143275,2018-2019,Telangana,36,Jayashankar Bhupalapally,687.0,Net Irrigated Area,Canal,Private,,Warangal
143276,2018-2019,Telangana,36,Jayashankar Bhupalapally,687.0,Net Irrigated Area,Other Source,Other Source,1440.0,Warangal
143277,2018-2019,Telangana,36,Jayashankar Bhupalapally,687.0,Net Irrigated Area,Tank,Tank,9783.0,Warangal
143278,2018-2019,Telangana,36,Jayashankar Bhupalapally,687.0,Net Irrigated Area,Well,Other Well,1060.0,Warangal
143279,2018-2019,Telangana,36,Jayashankar Bhupalapally,687.0,Net Irrigated Area,Well,Tubewell,2401.0,Warangal
143280,2018-2019,Telangana,36,Jogulamba Gadwal,695.0,Gross Irrigated Area,Canal,Government,60222.0,Mahabubnagar
143281,2018-2019,Telangana,36,Jogulamba Gadwal,695.0,Gross Irrigated Area,Canal,Private,,Mahabubnagar
143282,2018-2019,Telangana,36,Jogulamba Gadwal,695.0,Gross Irrigated Area,Other Source,Other Source,1400.0,Mahabubnagar
143283,2018-2019,Telangana,36,Jogulamba Gadwal,695.0,Gross Irrigated Area,Tank,Tank,772.0,Mahabubnagar
143284,2018-2019,Telangana,36,Jogulamba Gadwal,695.0,Gross Irrigated Area,Well,Other Well,1102.0,Mahabubnagar
143285,2018-2019,Telangana,36,Jogulamba Gadwal,695.0,Gross Irrigated Area,Well,Tubewell,26452.0,Mahabubnagar
143286,2018-2019,Telangana,36,Jogulamba Gadwal,695.0,Net Irrigated Area,Canal,Government,56399.0,Mahabubnagar
143287,2018-2019,Telangana,36,Jogulamba Gadwal,695.0,Net Irrigated Area,Canal,Private,,Mahabubnagar
143288,2018-2019,Telangana,36,Jogulamba Gadwal,695.0,Net Irrigated Area,Other Source,Other Source,1358.0,Mahabubnagar
143289,2018-2019,Telangana,36,Jogulamba Gadwal,695.0,Net Irrigated Area,Tank,Tank,772.0,Mahabubnagar
143290,2018-2019,Telangana,36,Jogulamba Gadwal,695.0,Net Irrigated Area,Well,Other Well,1047.0,Mahabubnagar
143291,2018-2019,Telangana,36,Jogulamba Gadwal,695.0,Net Irrigated Area,Well,Tubewell,23278.0,Mahabubnagar
143292,2018-2019,Telangana,36,Kamareddy,685.0,Gross Irrigated Area,Canal,Government,13722.0,Nizamabad
143293,2018-2019,Telangana,36,Kamareddy,685.0,Gross Irrigated Area,Canal,Private,,Nizamabad
143294,2018-2019,Telangana,36,Kamareddy,685.0,Gross Irrigated Area,Other Source,Other Source,1369.0,Nizamabad
143295,2018-2019,Telangana,36,Kamareddy,685.0,Gross Irrigated Area,Tank,Tank,7490.0,Nizamabad
143296,2018-2019,Telangana,36,Kamareddy,685.0,Gross Irrigated Area,Well,Other Well,,Nizamabad
143297,2018-2019,Telangana,36,Kamareddy,685.0,Gross Irrigated Area,Well,Tubewell,80578.0,Nizamabad
143298,2018-2019,Telangana,36,Kamareddy,685.0,Net Irrigated Area,Canal,Government,11715.0,Nizamabad
143299,2018-2019,Telangana,36,Kamareddy,685.0,Net Irrigated Area,Canal,Private,,Nizamabad
143300,2018-2019,Telangana,36,Kamareddy,685.0,Net Irrigated Area,Other Source,Other Source,1328.0,Nizamabad
143301,2018-2019,Telangana,36,Kamareddy,685.0,Net Irrigated Area,Tank,Tank,5543.0,Nizamabad
143302,2018-2019,Telangana,36,Kamareddy,685.0,Net Irrigated Area,Well,Other Well,,Nizamabad
143303,2018-2019,Telangana,36,Kamareddy,685.0,Net Irrigated Area,Well,Tubewell,49958.0,Nizamabad
143304,2018-2019,Telangana,36,Karimnagar,508.0,Gross Irrigated Area,Canal,Government,66827.0,Karimnagar
143305,2018-2019,Telangana,36,Karimnagar,508.0,Gross Irrigated Area,Canal,Private,,Karimnagar
143306,2018-2019,Telangana,36,Karimnagar,508.0,Gross Irrigated Area,Other Source,Other Source,40.0,Karimnagar
143307,2018-2019,Telangana,36,Karimnagar,508.0,Gross Irrigated Area,Tank,Tank,7105.0,Karimnagar
143308,2018-2019,Telangana,36,Karimnagar,508.0,Gross Irrigated Area,Well,Other Well,64459.0,Karimnagar
143309,2018-2019,Telangana,36,Karimnagar,508.0,Gross Irrigated Area,Well,Tubewell,3392.0,Karimnagar
143310,2018-2019,Telangana,36,Karimnagar,508.0,Net Irrigated Area,Canal,Government,34672.0,Karimnagar
143311,2018-2019,Telangana,36,Karimnagar,508.0,Net Irrigated Area,Canal,Private,,Karimnagar
143312,2018-2019,Telangana,36,Karimnagar,508.0,Net Irrigated Area,Other Source,Other Source,40.0,Karimnagar
143313,2018-2019,Telangana,36,Karimnagar,508.0,Net Irrigated Area,Tank,Tank,4973.0,Karimnagar
143314,2018-2019,Telangana,36,Karimnagar,508.0,Net Irrigated Area,Well,Other Well,40609.0,Karimnagar
143315,2018-2019,Telangana,36,Karimnagar,508.0,Net Irrigated Area,Well,Tubewell,2340.0,Karimnagar
143316,2018-2019,Telangana,36,Khammam,509.0,Gross Irrigated Area,Canal,Government,191740.0,Khammam
143317,2018-2019,Telangana,36,Khammam,509.0,Gross Irrigated Area,Canal,Private,,Khammam
143318,2018-2019,Telangana,36,Khammam,509.0,Gross Irrigated Area,Other Source,Other Source,656.0,Khammam
143319,2018-2019,Telangana,36,Khammam,509.0,Gross Irrigated Area,Tank,Tank,18832.0,Khammam
143320,2018-2019,Telangana,36,Khammam,509.0,Gross Irrigated Area,Well,Other Well,2243.0,Khammam
143321,2018-2019,Telangana,36,Khammam,509.0,Gross Irrigated Area,Well,Tubewell,4994.0,Khammam
143322,2018-2019,Telangana,36,Khammam,509.0,Net Irrigated Area,Canal,Government,147339.0,Khammam
143323,2018-2019,Telangana,36,Khammam,509.0,Net Irrigated Area,Canal,Private,,Khammam
143324,2018-2019,Telangana,36,Khammam,509.0,Net Irrigated Area,Other Source,Other Source,459.0,Khammam
143325,2018-2019,Telangana,36,Khammam,509.0,Net Irrigated Area,Tank,Tank,15066.0,Khammam
143326,2018-2019,Telangana,36,Khammam,509.0,Net Irrigated Area,Well,Other Well,1839.0,Khammam
143327,2018-2019,Telangana,36,Khammam,509.0,Net Irrigated Area,Well,Tubewell,3995.0,Khammam
143328,2018-2019,Telangana,36,Kumuram Bheem Asifabad,699.0,Gross Irrigated Area,Canal,Government,71439.0,Adilabad
143329,2018-2019,Telangana,36,Kumuram Bheem Asifabad,699.0,Gross Irrigated Area,Canal,Private,,Adilabad
143330,2018-2019,Telangana,36,Kumuram Bheem Asifabad,699.0,Gross Irrigated Area,Other Source,Other Source,2866.0,Adilabad
143331,2018-2019,Telangana,36,Kumuram Bheem Asifabad,699.0,Gross Irrigated Area,Tank,Tank,5884.0,Adilabad
143332,2018-2019,Telangana,36,Kumuram Bheem Asifabad,699.0,Gross Irrigated Area,Well,Other Well,1318.0,Adilabad
143333,2018-2019,Telangana,36,Kumuram Bheem Asifabad,699.0,Gross Irrigated Area,Well,Tubewell,4173.0,Adilabad
143334,2018-2019,Telangana,36,Kumuram Bheem Asifabad,699.0,Net Irrigated Area,Canal,Government,52865.0,Adilabad
143335,2018-2019,Telangana,36,Kumuram Bheem Asifabad,699.0,Net Irrigated Area,Canal,Private,,Adilabad
143336,2018-2019,Telangana,36,Kumuram Bheem Asifabad,699.0,Net Irrigated Area,Other Source,Other Source,1347.0,Adilabad
143337,2018-2019,Telangana,36,Kumuram Bheem Asifabad,699.0,Net Irrigated Area,Tank,Tank,5649.0,Adilabad
143338,2018-2019,Telangana,36,Kumuram Bheem Asifabad,699.0,Net Irrigated Area,Well,Other Well,633.0,Adilabad
143339,2018-2019,Telangana,36,Kumuram Bheem Asifabad,699.0,Net Irrigated Area,Well,Tubewell,2212.0,Adilabad
143340,2018-2019,Telangana,36,Mahabubabad,688.0,Gross Irrigated Area,Canal,Government,10389.0,Warangal
143341,2018-2019,Telangana,36,Mahabubabad,688.0,Gross Irrigated Area,Canal,Private,,Warangal
143342,2018-2019,Telangana,36,Mahabubabad,688.0,Gross Irrigated Area,Other Source,Other Source,364.0,Warangal
143343,2018-2019,Telangana,36,Mahabubabad,688.0,Gross Irrigated Area,Tank,Tank,8097.0,Warangal
143344,2018-2019,Telangana,36,Mahabubabad,688.0,Gross Irrigated Area,Well,Other Well,59106.0,Warangal
143345,2018-2019,Telangana,36,Mahabubabad,688.0,Gross Irrigated Area,Well,Tubewell,34713.0,Warangal
143346,2018-2019,Telangana,36,Mahabubabad,688.0,Net Irrigated Area,Canal,Government,10198.0,Warangal
143347,2018-2019,Telangana,36,Mahabubabad,688.0,Net Irrigated Area,Canal,Private,,Warangal
143348,2018-2019,Telangana,36,Mahabubabad,688.0,Net Irrigated Area,Other Source,Other Source,342.0,Warangal
143349,2018-2019,Telangana,36,Mahabubabad,688.0,Net Irrigated Area,Tank,Tank,7368.0,Warangal
143350,2018-2019,Telangana,36,Mahabubabad,688.0,Net Irrigated Area,Well,Other Well,46694.0,Warangal
143351,2018-2019,Telangana,36,Mahabubabad,688.0,Net Irrigated Area,Well,Tubewell,27076.0,Warangal
143352,2018-2019,Telangana,36,Mahabubnagar,512.0,Gross Irrigated Area,Canal,Government,56271.0,Mahabubnagar
143353,2018-2019,Telangana,36,Mahabubnagar,512.0,Gross Irrigated Area,Canal,Private,,Mahabubnagar
143354,2018-2019,Telangana,36,Mahabubnagar,512.0,Gross Irrigated Area,Other Source,Other Source,,Mahabubnagar
143355,2018-2019,Telangana,36,Mahabubnagar,512.0,Gross Irrigated Area,Tank,Tank,2996.0,Mahabubnagar
143356,2018-2019,Telangana,36,Mahabubnagar,512.0,Gross Irrigated Area,Well,Other Well,,Mahabubnagar
143357,2018-2019,Telangana,36,Mahabubnagar,512.0,Gross Irrigated Area,Well,Tubewell,4919.0,Mahabubnagar
143358,2018-2019,Telangana,36,Mahabubnagar,512.0,Net Irrigated Area,Canal,Government,15625.0,Mahabubnagar
143359,2018-2019,Telangana,36,Mahabubnagar,512.0,Net Irrigated Area,Canal,Private,,Mahabubnagar
143360,2018-2019,Telangana,36,Mahabubnagar,512.0,Net Irrigated Area,Other Source,Other Source,,Mahabubnagar
143361,2018-2019,Telangana,36,Mahabubnagar,512.0,Net Irrigated Area,Tank,Tank,2187.0,Mahabubnagar
143362,2018-2019,Telangana,36,Mahabubnagar,512.0,Net Irrigated Area,Well,Other Well,,Mahabubnagar
143363,2018-2019,Telangana,36,Mahabubnagar,512.0,Net Irrigated Area,Well,Tubewell,3492.0,Mahabubnagar
143364,2018-2019,Telangana,36,Mancherial,684.0,Gross Irrigated Area,Canal,Government,69944.0,Adilabad
143365,2018-2019,Telangana,36,Mancherial,684.0,Gross Irrigated Area,Canal,Private,,Adilabad
143366,2018-2019,Telangana,36,Mancherial,684.0,Gross Irrigated Area,Other Source,Other Source,826.0,Adilabad
143367,2018-2019,Telangana,36,Mancherial,684.0,Gross Irrigated Area,Tank,Tank,6757.0,Adilabad
143368,2018-2019,Telangana,36,Mancherial,684.0,Gross Irrigated Area,Well,Other Well,6581.0,Adilabad
143369,2018-2019,Telangana,36,Mancherial,684.0,Gross Irrigated Area,Well,Tubewell,11207.0,Adilabad
143370,2018-2019,Telangana,36,Mancherial,684.0,Net Irrigated Area,Canal,Government,32436.0,Adilabad
143371,2018-2019,Telangana,36,Mancherial,684.0,Net Irrigated Area,Canal,Private,,Adilabad
143372,2018-2019,Telangana,36,Mancherial,684.0,Net Irrigated Area,Other Source,Other Source,661.0,Adilabad
143373,2018-2019,Telangana,36,Mancherial,684.0,Net Irrigated Area,Tank,Tank,5946.0,Adilabad
143374,2018-2019,Telangana,36,Mancherial,684.0,Net Irrigated Area,Well,Other Well,3225.0,Adilabad
143375,2018-2019,Telangana,36,Mancherial,684.0,Net Irrigated Area,Well,Tubewell,6612.0,Adilabad
143376,2018-2019,Telangana,36,Medak,513.0,Gross Irrigated Area,Canal,Government,19048.0,Medak
143377,2018-2019,Telangana,36,Medak,513.0,Gross Irrigated Area,Canal,Private,,Medak
143378,2018-2019,Telangana,36,Medak,513.0,Gross Irrigated Area,Other Source,Other Source,1327.0,Medak
143379,2018-2019,Telangana,36,Medak,513.0,Gross Irrigated Area,Tank,Tank,1607.0,Medak
143380,2018-2019,Telangana,36,Medak,513.0,Gross Irrigated Area,Well,Other Well,,Medak
143381,2018-2019,Telangana,36,Medak,513.0,Gross Irrigated Area,Well,Tubewell,29950.0,Medak
143382,2018-2019,Telangana,36,Medak,513.0,Net Irrigated Area,Canal,Government,13773.0,Medak
143383,2018-2019,Telangana,36,Medak,513.0,Net Irrigated Area,Canal,Private,,Medak
143384,2018-2019,Telangana,36,Medak,513.0,Net Irrigated Area,Other Source,Other Source,1327.0,Medak
143385,2018-2019,Telangana,36,Medak,513.0,Net Irrigated Area,Tank,Tank,1350.0,Medak
143386,2018-2019,Telangana,36,Medak,513.0,Net Irrigated Area,Well,Other Well,,Medak
143387,2018-2019,Telangana,36,Medak,513.0,Net Irrigated Area,Well,Tubewell,21264.0,Medak
143388,2018-2019,Telangana,36,Medchal Malkajgiri,700.0,Gross Irrigated Area,Canal,Government,,Ranga Reddy
143389,2018-2019,Telangana,36,Medchal Malkajgiri,700.0,Gross Irrigated Area,Canal,Private,,Ranga Reddy
143390,2018-2019,Telangana,36,Medchal Malkajgiri,700.0,Gross Irrigated Area,Other Source,Other Source,232.0,Ranga Reddy
143391,2018-2019,Telangana,36,Medchal Malkajgiri,700.0,Gross Irrigated Area,Tank,Tank,324.0,Ranga Reddy
143392,2018-2019,Telangana,36,Medchal Malkajgiri,700.0,Gross Irrigated Area,Well,Other Well,,Ranga Reddy
143393,2018-2019,Telangana,36,Medchal Malkajgiri,700.0,Gross Irrigated Area,Well,Tubewell,10426.0,Ranga Reddy
143394,2018-2019,Telangana,36,Medchal Malkajgiri,700.0,Net Irrigated Area,Canal,Government,,Ranga Reddy
143395,2018-2019,Telangana,36,Medchal Malkajgiri,700.0,Net Irrigated Area,Canal,Private,,Ranga Reddy
143396,2018-2019,Telangana,36,Medchal Malkajgiri,700.0,Net Irrigated Area,Other Source,Other Source,135.0,Ranga Reddy
143397,2018-2019,Telangana,36,Medchal Malkajgiri,700.0,Net Irrigated Area,Tank,Tank,324.0,Ranga Reddy
143398,2018-2019,Telangana,36,Medchal Malkajgiri,700.0,Net Irrigated Area,Well,Other Well,,Ranga Reddy
143399,2018-2019,Telangana,36,Medchal Malkajgiri,700.0,Net Irrigated Area,Well,Tubewell,7107.0,Ranga Reddy
143400,2018-2019,Telangana,36,Nagarkurnool,694.0,Gross Irrigated Area,Canal,Government,94180.0,Mahabubnagar
143401,2018-2019,Telangana,36,Nagarkurnool,694.0,Gross Irrigated Area,Canal,Private,,Mahabubnagar
143402,2018-2019,Telangana,36,Nagarkurnool,694.0,Gross Irrigated Area,Other Source,Other Source,675.0,Mahabubnagar
143403,2018-2019,Telangana,36,Nagarkurnool,694.0,Gross Irrigated Area,Tank,Tank,4369.0,Mahabubnagar
143404,2018-2019,Telangana,36,Nagarkurnool,694.0,Gross Irrigated Area,Well,Other Well,,Mahabubnagar
143405,2018-2019,Telangana,36,Nagarkurnool,694.0,Gross Irrigated Area,Well,Tubewell,26754.0,Mahabubnagar
143406,2018-2019,Telangana,36,Nagarkurnool,694.0,Net Irrigated Area,Canal,Government,50883.0,Mahabubnagar
143407,2018-2019,Telangana,36,Nagarkurnool,694.0,Net Irrigated Area,Canal,Private,,Mahabubnagar
143408,2018-2019,Telangana,36,Nagarkurnool,694.0,Net Irrigated Area,Other Source,Other Source,628.0,Mahabubnagar
143409,2018-2019,Telangana,36,Nagarkurnool,694.0,Net Irrigated Area,Tank,Tank,3714.0,Mahabubnagar
143410,2018-2019,Telangana,36,Nagarkurnool,694.0,Net Irrigated Area,Well,Other Well,,Mahabubnagar
143411,2018-2019,Telangana,36,Nagarkurnool,694.0,Net Irrigated Area,Well,Tubewell,22741.0,Mahabubnagar
143412,2018-2019,Telangana,36,Nalgonda,514.0,Gross Irrigated Area,Canal,Government,196995.0,Nalgonda
143413,2018-2019,Telangana,36,Nalgonda,514.0,Gross Irrigated Area,Canal,Private,,Nalgonda
143414,2018-2019,Telangana,36,Nalgonda,514.0,Gross Irrigated Area,Other Source,Other Source,2834.0,Nalgonda
143415,2018-2019,Telangana,36,Nalgonda,514.0,Gross Irrigated Area,Tank,Tank,4080.0,Nalgonda
143416,2018-2019,Telangana,36,Nalgonda,514.0,Gross Irrigated Area,Well,Other Well,373.0,Nalgonda
143417,2018-2019,Telangana,36,Nalgonda,514.0,Gross Irrigated Area,Well,Tubewell,12076.0,Nalgonda
143418,2018-2019,Telangana,36,Nalgonda,514.0,Net Irrigated Area,Canal,Government,128905.0,Nalgonda
143419,2018-2019,Telangana,36,Nalgonda,514.0,Net Irrigated Area,Canal,Private,,Nalgonda
143420,2018-2019,Telangana,36,Nalgonda,514.0,Net Irrigated Area,Other Source,Other Source,1474.0,Nalgonda
143421,2018-2019,Telangana,36,Nalgonda,514.0,Net Irrigated Area,Tank,Tank,2856.0,Nalgonda
143422,2018-2019,Telangana,36,Nalgonda,514.0,Net Irrigated Area,Well,Other Well,272.0,Nalgonda
143423,2018-2019,Telangana,36,Nalgonda,514.0,Net Irrigated Area,Well,Tubewell,8453.0,Nalgonda
143424,2018-2019,Telangana,36,Nirmal,680.0,Gross Irrigated Area,Canal,Government,73667.0,Adilabad
143425,2018-2019,Telangana,36,Nirmal,680.0,Gross Irrigated Area,Canal,Private,,Adilabad
143426,2018-2019,Telangana,36,Nirmal,680.0,Gross Irrigated Area,Other Source,Other Source,368.0,Adilabad
143427,2018-2019,Telangana,36,Nirmal,680.0,Gross Irrigated Area,Tank,Tank,6789.0,Adilabad
143428,2018-2019,Telangana,36,Nirmal,680.0,Gross Irrigated Area,Well,Other Well,3413.0,Adilabad
143429,2018-2019,Telangana,36,Nirmal,680.0,Gross Irrigated Area,Well,Tubewell,19331.0,Adilabad
143430,2018-2019,Telangana,36,Nirmal,680.0,Net Irrigated Area,Canal,Government,49523.0,Adilabad
143431,2018-2019,Telangana,36,Nirmal,680.0,Net Irrigated Area,Canal,Private,,Adilabad
143432,2018-2019,Telangana,36,Nirmal,680.0,Net Irrigated Area,Other Source,Other Source,151.0,Adilabad
143433,2018-2019,Telangana,36,Nirmal,680.0,Net Irrigated Area,Tank,Tank,4752.0,Adilabad
143434,2018-2019,Telangana,36,Nirmal,680.0,Net Irrigated Area,Well,Other Well,2457.0,Adilabad
143435,2018-2019,Telangana,36,Nirmal,680.0,Net Irrigated Area,Well,Tubewell,12372.0,Adilabad
143436,2018-2019,Telangana,36,Nizamabad,516.0,Gross Irrigated Area,Canal,Government,85864.0,Nizamabad
143437,2018-2019,Telangana,36,Nizamabad,516.0,Gross Irrigated Area,Canal,Private,,Nizamabad
143438,2018-2019,Telangana,36,Nizamabad,516.0,Gross Irrigated Area,Other Source,Other Source,7921.0,Nizamabad
143439,2018-2019,Telangana,36,Nizamabad,516.0,Gross Irrigated Area,Tank,Tank,4166.0,Nizamabad
143440,2018-2019,Telangana,36,Nizamabad,516.0,Gross Irrigated Area,Well,Other Well,,Nizamabad
143441,2018-2019,Telangana,36,Nizamabad,516.0,Gross Irrigated Area,Well,Tubewell,162814.0,Nizamabad
143442,2018-2019,Telangana,36,Nizamabad,516.0,Net Irrigated Area,Canal,Government,54671.0,Nizamabad
143443,2018-2019,Telangana,36,Nizamabad,516.0,Net Irrigated Area,Canal,Private,,Nizamabad
143444,2018-2019,Telangana,36,Nizamabad,516.0,Net Irrigated Area,Other Source,Other Source,4119.0,Nizamabad
143445,2018-2019,Telangana,36,Nizamabad,516.0,Net Irrigated Area,Tank,Tank,2541.0,Nizamabad
143446,2018-2019,Telangana,36,Nizamabad,516.0,Net Irrigated Area,Well,Other Well,,Nizamabad
143447,2018-2019,Telangana,36,Nizamabad,516.0,Net Irrigated Area,Well,Tubewell,81407.0,Nizamabad
143448,2018-2019,Telangana,36,Peddapalli,682.0,Gross Irrigated Area,Canal,Government,80997.0,Karimnagar
143449,2018-2019,Telangana,36,Peddapalli,682.0,Gross Irrigated Area,Canal,Private,,Karimnagar
143450,2018-2019,Telangana,36,Peddapalli,682.0,Gross Irrigated Area,Other Source,Other Source,474.0,Karimnagar
143451,2018-2019,Telangana,36,Peddapalli,682.0,Gross Irrigated Area,Tank,Tank,10680.0,Karimnagar
143452,2018-2019,Telangana,36,Peddapalli,682.0,Gross Irrigated Area,Well,Other Well,25043.0,Karimnagar
143453,2018-2019,Telangana,36,Peddapalli,682.0,Gross Irrigated Area,Well,Tubewell,6657.0,Karimnagar
143454,2018-2019,Telangana,36,Peddapalli,682.0,Net Irrigated Area,Canal,Government,60211.0,Karimnagar
143455,2018-2019,Telangana,36,Peddapalli,682.0,Net Irrigated Area,Canal,Private,,Karimnagar
143456,2018-2019,Telangana,36,Peddapalli,682.0,Net Irrigated Area,Other Source,Other Source,474.0,Karimnagar
143457,2018-2019,Telangana,36,Peddapalli,682.0,Net Irrigated Area,Tank,Tank,8758.0,Karimnagar
143458,2018-2019,Telangana,36,Peddapalli,682.0,Net Irrigated Area,Well,Other Well,16779.0,Karimnagar
143459,2018-2019,Telangana,36,Peddapalli,682.0,Net Irrigated Area,Well,Tubewell,4327.0,Karimnagar
143460,2018-2019,Telangana,36,Rajanna Sircilla,683.0,Gross Irrigated Area,Canal,Government,7537.0,Karimnagar
143461,2018-2019,Telangana,36,Rajanna Sircilla,683.0,Gross Irrigated Area,Canal,Private,,Karimnagar
143462,2018-2019,Telangana,36,Rajanna Sircilla,683.0,Gross Irrigated Area,Other Source,Other Source,,Karimnagar
143463,2018-2019,Telangana,36,Rajanna Sircilla,683.0,Gross Irrigated Area,Tank,Tank,7730.0,Karimnagar
143464,2018-2019,Telangana,36,Rajanna Sircilla,683.0,Gross Irrigated Area,Well,Other Well,11865.0,Karimnagar
143465,2018-2019,Telangana,36,Rajanna Sircilla,683.0,Gross Irrigated Area,Well,Tubewell,21094.0,Karimnagar
143466,2018-2019,Telangana,36,Rajanna Sircilla,683.0,Net Irrigated Area,Canal,Government,7537.0,Karimnagar
143467,2018-2019,Telangana,36,Rajanna Sircilla,683.0,Net Irrigated Area,Canal,Private,,Karimnagar
143468,2018-2019,Telangana,36,Rajanna Sircilla,683.0,Net Irrigated Area,Other Source,Other Source,,Karimnagar
143469,2018-2019,Telangana,36,Rajanna Sircilla,683.0,Net Irrigated Area,Tank,Tank,1082.0,Karimnagar
143470,2018-2019,Telangana,36,Rajanna Sircilla,683.0,Net Irrigated Area,Well,Other Well,6170.0,Karimnagar
143471,2018-2019,Telangana,36,Rajanna Sircilla,683.0,Net Irrigated Area,Well,Tubewell,13762.0,Karimnagar
143472,2018-2019,Telangana,36,Ranga Reddy,518.0,Gross Irrigated Area,Canal,Government,702.0,Ranga Reddy
143473,2018-2019,Telangana,36,Ranga Reddy,518.0,Gross Irrigated Area,Canal,Private,,Ranga Reddy
143474,2018-2019,Telangana,36,Ranga Reddy,518.0,Gross Irrigated Area,Other Source,Other Source,204.0,Ranga Reddy
143475,2018-2019,Telangana,36,Ranga Reddy,518.0,Gross Irrigated Area,Tank,Tank,1934.0,Ranga Reddy
143476,2018-2019,Telangana,36,Ranga Reddy,518.0,Gross Irrigated Area,Well,Other Well,,Ranga Reddy
143477,2018-2019,Telangana,36,Ranga Reddy,518.0,Gross Irrigated Area,Well,Tubewell,51716.0,Ranga Reddy
143478,2018-2019,Telangana,36,Ranga Reddy,518.0,Net Irrigated Area,Canal,Government,702.0,Ranga Reddy
143479,2018-2019,Telangana,36,Ranga Reddy,518.0,Net Irrigated Area,Canal,Private,,Ranga Reddy
143480,2018-2019,Telangana,36,Ranga Reddy,518.0,Net Irrigated Area,Other Source,Other Source,149.0,Ranga Reddy
143481,2018-2019,Telangana,36,Ranga Reddy,518.0,Net Irrigated Area,Tank,Tank,,Ranga Reddy
143482,2018-2019,Telangana,36,Ranga Reddy,518.0,Net Irrigated Area,Well,Other Well,,Ranga Reddy
143483,2018-2019,Telangana,36,Ranga Reddy,518.0,Net Irrigated Area,Well,Tubewell,39860.0,Ranga Reddy
143484,2018-2019,Telangana,36,Sangareddy,691.0,Gross Irrigated Area,Canal,Government,25253.0,Medak
143485,2018-2019,Telangana,36,Sangareddy,691.0,Gross Irrigated Area,Canal,Private,,Medak
143486,2018-2019,Telangana,36,Sangareddy,691.0,Gross Irrigated Area,Other Source,Other Source,21.0,Medak
143487,2018-2019,Telangana,36,Sangareddy,691.0,Gross Irrigated Area,Tank,Tank,2433.0,Medak
143488,2018-2019,Telangana,36,Sangareddy,691.0,Gross Irrigated Area,Well,Other Well,435.0,Medak
143489,2018-2019,Telangana,36,Sangareddy,691.0,Gross Irrigated Area,Well,Tubewell,43110.0,Medak
143490,2018-2019,Telangana,36,Sangareddy,691.0,Net Irrigated Area,Canal,Government,19755.0,Medak
143491,2018-2019,Telangana,36,Sangareddy,691.0,Net Irrigated Area,Canal,Private,,Medak
143492,2018-2019,Telangana,36,Sangareddy,691.0,Net Irrigated Area,Other Source,Other Source,21.0,Medak
143493,2018-2019,Telangana,36,Sangareddy,691.0,Net Irrigated Area,Tank,Tank,2409.0,Medak
143494,2018-2019,Telangana,36,Sangareddy,691.0,Net Irrigated Area,Well,Other Well,435.0,Medak
143495,2018-2019,Telangana,36,Sangareddy,691.0,Net Irrigated Area,Well,Tubewell,34057.0,Medak
143496,2018-2019,Telangana,36,Siddipet,692.0,Gross Irrigated Area,Canal,Government,39338.0,Medak
143497,2018-2019,Telangana,36,Siddipet,692.0,Gross Irrigated Area,Canal,Private,,Medak
143498,2018-2019,Telangana,36,Siddipet,692.0,Gross Irrigated Area,Other Source,Other Source,,Medak
143499,2018-2019,Telangana,36,Siddipet,692.0,Gross Irrigated Area,Tank,Tank,2644.0,Medak
143500,2018-2019,Telangana,36,Siddipet,692.0,Gross Irrigated Area,Well,Other Well,9029.0,Medak
143501,2018-2019,Telangana,36,Siddipet,692.0,Gross Irrigated Area,Well,Tubewell,44085.0,Medak
143502,2018-2019,Telangana,36,Siddipet,692.0,Net Irrigated Area,Canal,Government,30200.0,Medak
143503,2018-2019,Telangana,36,Siddipet,692.0,Net Irrigated Area,Canal,Private,,Medak
143504,2018-2019,Telangana,36,Siddipet,692.0,Net Irrigated Area,Other Source,Other Source,,Medak
143505,2018-2019,Telangana,36,Siddipet,692.0,Net Irrigated Area,Tank,Tank,1904.0,Medak
143506,2018-2019,Telangana,36,Siddipet,692.0,Net Irrigated Area,Well,Other Well,5147.0,Medak
143507,2018-2019,Telangana,36,Siddipet,692.0,Net Irrigated Area,Well,Tubewell,19232.0,Medak
143508,2018-2019,Telangana,36,Suryapet,696.0,Gross Irrigated Area,Canal,Government,195699.0,Nalgonda
143509,2018-2019,Telangana,36,Suryapet,696.0,Gross Irrigated Area,Canal,Private,,Nalgonda
143510,2018-2019,Telangana,36,Suryapet,696.0,Gross Irrigated Area,Other Source,Other Source,5077.0,Nalgonda
143511,2018-2019,Telangana,36,Suryapet,696.0,Gross Irrigated Area,Tank,Tank,1816.0,Nalgonda
143512,2018-2019,Telangana,36,Suryapet,696.0,Gross Irrigated Area,Well,Other Well,2802.0,Nalgonda
143513,2018-2019,Telangana,36,Suryapet,696.0,Gross Irrigated Area,Well,Tubewell,8876.0,Nalgonda
143514,2018-2019,Telangana,36,Suryapet,696.0,Net Irrigated Area,Canal,Government,107730.0,Nalgonda
143515,2018-2019,Telangana,36,Suryapet,696.0,Net Irrigated Area,Canal,Private,,Nalgonda
143516,2018-2019,Telangana,36,Suryapet,696.0,Net Irrigated Area,Other Source,Other Source,3452.0,Nalgonda
143517,2018-2019,Telangana,36,Suryapet,696.0,Net Irrigated Area,Tank,Tank,1126.0,Nalgonda
143518,2018-2019,Telangana,36,Suryapet,696.0,Net Irrigated Area,Well,Other Well,1849.0,Nalgonda
143519,2018-2019,Telangana,36,Suryapet,696.0,Net Irrigated Area,Well,Tubewell,6392.0,Nalgonda
143520,2018-2019,Telangana,36,Vikarabad,698.0,Gross Irrigated Area,Canal,Government,,Ranga Reddy
143521,2018-2019,Telangana,36,Vikarabad,698.0,Gross Irrigated Area,Canal,Private,,Ranga Reddy
143522,2018-2019,Telangana,36,Vikarabad,698.0,Gross Irrigated Area,Other Source,Other Source,183.0,Ranga Reddy
143523,2018-2019,Telangana,36,Vikarabad,698.0,Gross Irrigated Area,Tank,Tank,1712.0,Ranga Reddy
143524,2018-2019,Telangana,36,Vikarabad,698.0,Gross Irrigated Area,Well,Other Well,378.0,Ranga Reddy
143525,2018-2019,Telangana,36,Vikarabad,698.0,Gross Irrigated Area,Well,Tubewell,37452.0,Ranga Reddy
143526,2018-2019,Telangana,36,Vikarabad,698.0,Net Irrigated Area,Canal,Government,,Ranga Reddy
143527,2018-2019,Telangana,36,Vikarabad,698.0,Net Irrigated Area,Canal,Private,,Ranga Reddy
143528,2018-2019,Telangana,36,Vikarabad,698.0,Net Irrigated Area,Other Source,Other Source,183.0,Ranga Reddy
143529,2018-2019,Telangana,36,Vikarabad,698.0,Net Irrigated Area,Tank,Tank,1712.0,Ranga Reddy
143530,2018-2019,Telangana,36,Vikarabad,698.0,Net Irrigated Area,Well,Other Well,378.0,Ranga Reddy
143531,2018-2019,Telangana,36,Vikarabad,698.0,Net Irrigated Area,Well,Tubewell,35429.0,Ranga Reddy
143532,2018-2019,Telangana,36,Wanaparthy,693.0,Gross Irrigated Area,Canal,Government,78131.0,Mahabubnagar
143533,2018-2019,Telangana,36,Wanaparthy,693.0,Gross Irrigated Area,Canal,Private,,Mahabubnagar
143534,2018-2019,Telangana,36,Wanaparthy,693.0,Gross Irrigated Area,Other Source,Other Source,2076.0,Mahabubnagar
143535,2018-2019,Telangana,36,Wanaparthy,693.0,Gross Irrigated Area,Tank,Tank,1129.0,Mahabubnagar
143536,2018-2019,Telangana,36,Wanaparthy,693.0,Gross Irrigated Area,Well,Other Well,634.0,Mahabubnagar
143537,2018-2019,Telangana,36,Wanaparthy,693.0,Gross Irrigated Area,Well,Tubewell,20447.0,Mahabubnagar
143538,2018-2019,Telangana,36,Wanaparthy,693.0,Net Irrigated Area,Canal,Government,60297.0,Mahabubnagar
143539,2018-2019,Telangana,36,Wanaparthy,693.0,Net Irrigated Area,Canal,Private,,Mahabubnagar
143540,2018-2019,Telangana,36,Wanaparthy,693.0,Net Irrigated Area,Other Source,Other Source,1619.0,Mahabubnagar
143541,2018-2019,Telangana,36,Wanaparthy,693.0,Net Irrigated Area,Tank,Tank,892.0,Mahabubnagar
143542,2018-2019,Telangana,36,Wanaparthy,693.0,Net Irrigated Area,Well,Other Well,552.0,Mahabubnagar
143543,2018-2019,Telangana,36,Wanaparthy,693.0,Net Irrigated Area,Well,Tubewell,15335.0,Mahabubnagar
143544,2018-2019,Telangana,36,Warangal,522.0,Gross Irrigated Area,Canal,Government,63991.0,Warangal
143545,2018-2019,Telangana,36,Warangal,522.0,Gross Irrigated Area,Canal,Private,,Warangal
143546,2018-2019,Telangana,36,Warangal,522.0,Gross Irrigated Area,Other Source,Other Source,733.0,Warangal
143547,2018-2019,Telangana,36,Warangal,522.0,Gross Irrigated Area,Tank,Tank,10198.0,Warangal
143548,2018-2019,Telangana,36,Warangal,522.0,Gross Irrigated Area,Well,Other Well,64782.0,Warangal
143549,2018-2019,Telangana,36,Warangal,522.0,Gross Irrigated Area,Well,Tubewell,20457.0,Warangal
143550,2018-2019,Telangana,36,Warangal,522.0,Net Irrigated Area,Canal,Government,46748.0,Warangal
143551,2018-2019,Telangana,36,Warangal,522.0,Net Irrigated Area,Canal,Private,,Warangal
143552,2018-2019,Telangana,36,Warangal,522.0,Net Irrigated Area,Other Source,Other Source,528.0,Warangal
143553,2018-2019,Telangana,36,Warangal,522.0,Net Irrigated Area,Tank,Tank,9076.0,Warangal
143554,2018-2019,Telangana,36,Warangal,522.0,Net Irrigated Area,Well,Other Well,47939.0,Warangal
143555,2018-2019,Telangana,36,Warangal,522.0,Net Irrigated Area,Well,Tubewell,13706.0,Warangal
143556,2018-2019,Telangana,36,Yadadri Bhuvanagiri,697.0,Gross Irrigated Area,Canal,Government,37901.0,Nalgonda
143557,2018-2019,Telangana,36,Yadadri Bhuvanagiri,697.0,Gross Irrigated Area,Canal,Private,,Nalgonda
143558,2018-2019,Telangana,36,Yadadri Bhuvanagiri,697.0,Gross Irrigated Area,Other Source,Other Source,,Nalgonda
143559,2018-2019,Telangana,36,Yadadri Bhuvanagiri,697.0,Gross Irrigated Area,Tank,Tank,4775.0,Nalgonda
143560,2018-2019,Telangana,36,Yadadri Bhuvanagiri,697.0,Gross Irrigated Area,Well,Other Well,7880.0,Nalgonda
143561,2018-2019,Telangana,36,Yadadri Bhuvanagiri,697.0,Gross Irrigated Area,Well,Tubewell,48399.0,Nalgonda
143562,2018-2019,Telangana,36,Yadadri Bhuvanagiri,697.0,Net Irrigated Area,Canal,Government,22384.0,Nalgonda
143563,2018-2019,Telangana,36,Yadadri Bhuvanagiri,697.0,Net Irrigated Area,Canal,Private,,Nalgonda
143564,2018-2019,Telangana,36,Yadadri Bhuvanagiri,697.0,Net Irrigated Area,Other Source,Other Source,,Nalgonda
143565,2018-2019,Telangana,36,Yadadri Bhuvanagiri,697.0,Net Irrigated Area,Tank,Tank,3151.0,Nalgonda
143566,2018-2019,Telangana,36,Yadadri Bhuvanagiri,697.0,Net Irrigated Area,Well,Other Well,4807.0,Nalgonda
143567,2018-2019,Telangana,36,Yadadri Bhuvanagiri,697.0,Net Irrigated Area,Well,Tubewell,28555.0,Nalgonda
150828,2019-2020,Telangana,36,Adilabad,501.0,Gross Irrigated Area,Canal,Government,55287.0,Adilabad
150829,2019-2020,Telangana,36,Adilabad,501.0,Gross Irrigated Area,Canal,Private,,Adilabad
150830,2019-2020,Telangana,36,Adilabad,501.0,Gross Irrigated Area,Other Source,Other Source,78.0,Adilabad
150831,2019-2020,Telangana,36,Adilabad,501.0,Gross Irrigated Area,Tank,Tank,5955.0,Adilabad
150832,2019-2020,Telangana,36,Adilabad,501.0,Gross Irrigated Area,Well,Other Well,1191.0,Adilabad
150833,2019-2020,Telangana,36,Adilabad,501.0,Gross Irrigated Area,Well,Tubewell,18007.0,Adilabad
150834,2019-2020,Telangana,36,Adilabad,501.0,Net Irrigated Area,Canal,Government,22372.0,Adilabad
150835,2019-2020,Telangana,36,Adilabad,501.0,Net Irrigated Area,Canal,Private,,Adilabad
150836,2019-2020,Telangana,36,Adilabad,501.0,Net Irrigated Area,Other Source,Other Source,54.0,Adilabad
150837,2019-2020,Telangana,36,Adilabad,501.0,Net Irrigated Area,Tank,Tank,2977.0,Adilabad
150838,2019-2020,Telangana,36,Adilabad,501.0,Net Irrigated Area,Well,Other Well,34.0,Adilabad
150839,2019-2020,Telangana,36,Adilabad,501.0,Net Irrigated Area,Well,Tubewell,7203.0,Adilabad
150840,2019-2020,Telangana,36,Bhadradri Kothagudem,690.0,Gross Irrigated Area,Canal,Government,40063.0,Khammam
150841,2019-2020,Telangana,36,Bhadradri Kothagudem,690.0,Gross Irrigated Area,Canal,Private,,Khammam
150842,2019-2020,Telangana,36,Bhadradri Kothagudem,690.0,Gross Irrigated Area,Other Source,Other Source,3438.0,Khammam
150843,2019-2020,Telangana,36,Bhadradri Kothagudem,690.0,Gross Irrigated Area,Tank,Tank,23407.0,Khammam
150844,2019-2020,Telangana,36,Bhadradri Kothagudem,690.0,Gross Irrigated Area,Well,Other Well,1063.0,Khammam
150845,2019-2020,Telangana,36,Bhadradri Kothagudem,690.0,Gross Irrigated Area,Well,Tubewell,51634.0,Khammam
150846,2019-2020,Telangana,36,Bhadradri Kothagudem,690.0,Net Irrigated Area,Canal,Government,32141.0,Khammam
150847,2019-2020,Telangana,36,Bhadradri Kothagudem,690.0,Net Irrigated Area,Canal,Private,,Khammam
150848,2019-2020,Telangana,36,Bhadradri Kothagudem,690.0,Net Irrigated Area,Other Source,Other Source,2132.0,Khammam
150849,2019-2020,Telangana,36,Bhadradri Kothagudem,690.0,Net Irrigated Area,Tank,Tank,18960.0,Khammam
150850,2019-2020,Telangana,36,Bhadradri Kothagudem,690.0,Net Irrigated Area,Well,Other Well,422.0,Khammam
150851,2019-2020,Telangana,36,Bhadradri Kothagudem,690.0,Net Irrigated Area,Well,Tubewell,34595.0,Khammam
150852,2019-2020,Telangana,36,Hanumakonda,686.0,Gross Irrigated Area,Canal,Government,68046.0,Warangal
150853,2019-2020,Telangana,36,Hanumakonda,686.0,Gross Irrigated Area,Canal,Private,,Warangal
150854,2019-2020,Telangana,36,Hanumakonda,686.0,Gross Irrigated Area,Other Source,Other Source,161.0,Warangal
150855,2019-2020,Telangana,36,Hanumakonda,686.0,Gross Irrigated Area,Tank,Tank,10829.0,Warangal
150856,2019-2020,Telangana,36,Hanumakonda,686.0,Gross Irrigated Area,Well,Other Well,20339.0,Warangal
150857,2019-2020,Telangana,36,Hanumakonda,686.0,Gross Irrigated Area,Well,Tubewell,7139.0,Warangal
150858,2019-2020,Telangana,36,Hanumakonda,686.0,Net Irrigated Area,Canal,Government,35674.0,Warangal
150859,2019-2020,Telangana,36,Hanumakonda,686.0,Net Irrigated Area,Canal,Private,,Warangal
150860,2019-2020,Telangana,36,Hanumakonda,686.0,Net Irrigated Area,Other Source,Other Source,113.0,Warangal
150861,2019-2020,Telangana,36,Hanumakonda,686.0,Net Irrigated Area,Tank,Tank,5956.0,Warangal
150862,2019-2020,Telangana,36,Hanumakonda,686.0,Net Irrigated Area,Well,Other Well,12395.0,Warangal
150863,2019-2020,Telangana,36,Hanumakonda,686.0,Net Irrigated Area,Well,Tubewell,4283.0,Warangal
150876,2019-2020,Telangana,36,Jagitial,681.0,Gross Irrigated Area,Canal,Government,80781.0,Karimnagar
150877,2019-2020,Telangana,36,Jagitial,681.0,Gross Irrigated Area,Canal,Private,,Karimnagar
150878,2019-2020,Telangana,36,Jagitial,681.0,Gross Irrigated Area,Other Source,Other Source,4689.0,Karimnagar
150879,2019-2020,Telangana,36,Jagitial,681.0,Gross Irrigated Area,Tank,Tank,8406.0,Karimnagar
150880,2019-2020,Telangana,36,Jagitial,681.0,Gross Irrigated Area,Well,Other Well,128771.0,Karimnagar
150881,2019-2020,Telangana,36,Jagitial,681.0,Gross Irrigated Area,Well,Tubewell,42924.0,Karimnagar
150882,2019-2020,Telangana,36,Jagitial,681.0,Net Irrigated Area,Canal,Government,67925.0,Karimnagar
150883,2019-2020,Telangana,36,Jagitial,681.0,Net Irrigated Area,Canal,Private,,Karimnagar
150884,2019-2020,Telangana,36,Jagitial,681.0,Net Irrigated Area,Other Source,Other Source,2344.0,Karimnagar
150885,2019-2020,Telangana,36,Jagitial,681.0,Net Irrigated Area,Tank,Tank,5716.0,Karimnagar
150886,2019-2020,Telangana,36,Jagitial,681.0,Net Irrigated Area,Well,Other Well,86277.0,Karimnagar
150887,2019-2020,Telangana,36,Jagitial,681.0,Net Irrigated Area,Well,Tubewell,26184.0,Karimnagar
150888,2019-2020,Telangana,36,Jangoan,689.0,Gross Irrigated Area,Canal,Government,53261.0,Warangal
150889,2019-2020,Telangana,36,Jangoan,689.0,Gross Irrigated Area,Canal,Private,,Warangal
150890,2019-2020,Telangana,36,Jangoan,689.0,Gross Irrigated Area,Other Source,Other Source,,Warangal
150891,2019-2020,Telangana,36,Jangoan,689.0,Gross Irrigated Area,Tank,Tank,10642.0,Warangal
150892,2019-2020,Telangana,36,Jangoan,689.0,Gross Irrigated Area,Well,Other Well,3343.0,Warangal
150893,2019-2020,Telangana,36,Jangoan,689.0,Gross Irrigated Area,Well,Tubewell,26979.0,Warangal
150894,2019-2020,Telangana,36,Jangoan,689.0,Net Irrigated Area,Canal,Government,28002.0,Warangal
150895,2019-2020,Telangana,36,Jangoan,689.0,Net Irrigated Area,Canal,Private,,Warangal
150896,2019-2020,Telangana,36,Jangoan,689.0,Net Irrigated Area,Other Source,Other Source,,Warangal
150897,2019-2020,Telangana,36,Jangoan,689.0,Net Irrigated Area,Tank,Tank,7130.0,Warangal
150898,2019-2020,Telangana,36,Jangoan,689.0,Net Irrigated Area,Well,Other Well,2340.0,Warangal
150899,2019-2020,Telangana,36,Jangoan,689.0,Net Irrigated Area,Well,Tubewell,18069.0,Warangal
150900,2019-2020,Telangana,36,Jayashankar Bhupalapally,687.0,Gross Irrigated Area,Canal,Government,69681.0,Warangal
150901,2019-2020,Telangana,36,Jayashankar Bhupalapally,687.0,Gross Irrigated Area,Canal,Private,,Warangal
150902,2019-2020,Telangana,36,Jayashankar Bhupalapally,687.0,Gross Irrigated Area,Other Source,Other Source,679.0,Warangal
150903,2019-2020,Telangana,36,Jayashankar Bhupalapally,687.0,Gross Irrigated Area,Tank,Tank,12031.0,Warangal
150904,2019-2020,Telangana,36,Jayashankar Bhupalapally,687.0,Gross Irrigated Area,Well,Other Well,3544.0,Warangal
150905,2019-2020,Telangana,36,Jayashankar Bhupalapally,687.0,Gross Irrigated Area,Well,Tubewell,8258.0,Warangal
150906,2019-2020,Telangana,36,Jayashankar Bhupalapally,687.0,Net Irrigated Area,Canal,Government,45293.0,Warangal
150907,2019-2020,Telangana,36,Jayashankar Bhupalapally,687.0,Net Irrigated Area,Canal,Private,,Warangal
150908,2019-2020,Telangana,36,Jayashankar Bhupalapally,687.0,Net Irrigated Area,Other Source,Other Source,428.0,Warangal
150909,2019-2020,Telangana,36,Jayashankar Bhupalapally,687.0,Net Irrigated Area,Tank,Tank,8061.0,Warangal
150910,2019-2020,Telangana,36,Jayashankar Bhupalapally,687.0,Net Irrigated Area,Well,Other Well,2233.0,Warangal
150911,2019-2020,Telangana,36,Jayashankar Bhupalapally,687.0,Net Irrigated Area,Well,Tubewell,5203.0,Warangal
150912,2019-2020,Telangana,36,Jogulamba Gadwal,695.0,Gross Irrigated Area,Canal,Government,96907.0,Mahabubnagar
150913,2019-2020,Telangana,36,Jogulamba Gadwal,695.0,Gross Irrigated Area,Canal,Private,,Mahabubnagar
150914,2019-2020,Telangana,36,Jogulamba Gadwal,695.0,Gross Irrigated Area,Other Source,Other Source,2110.0,Mahabubnagar
150915,2019-2020,Telangana,36,Jogulamba Gadwal,695.0,Gross Irrigated Area,Tank,Tank,1000.0,Mahabubnagar
150916,2019-2020,Telangana,36,Jogulamba Gadwal,695.0,Gross Irrigated Area,Well,Other Well,1821.0,Mahabubnagar
150917,2019-2020,Telangana,36,Jogulamba Gadwal,695.0,Gross Irrigated Area,Well,Tubewell,34280.0,Mahabubnagar
150918,2019-2020,Telangana,36,Jogulamba Gadwal,695.0,Net Irrigated Area,Canal,Government,85001.0,Mahabubnagar
150919,2019-2020,Telangana,36,Jogulamba Gadwal,695.0,Net Irrigated Area,Canal,Private,,Mahabubnagar
150920,2019-2020,Telangana,36,Jogulamba Gadwal,695.0,Net Irrigated Area,Other Source,Other Source,1857.0,Mahabubnagar
150921,2019-2020,Telangana,36,Jogulamba Gadwal,695.0,Net Irrigated Area,Tank,Tank,910.0,Mahabubnagar
150922,2019-2020,Telangana,36,Jogulamba Gadwal,695.0,Net Irrigated Area,Well,Other Well,1660.0,Mahabubnagar
150923,2019-2020,Telangana,36,Jogulamba Gadwal,695.0,Net Irrigated Area,Well,Tubewell,27424.0,Mahabubnagar
150924,2019-2020,Telangana,36,Kamareddy,685.0,Gross Irrigated Area,Canal,Government,45164.0,Nizamabad
150925,2019-2020,Telangana,36,Kamareddy,685.0,Gross Irrigated Area,Canal,Private,,Nizamabad
150926,2019-2020,Telangana,36,Kamareddy,685.0,Gross Irrigated Area,Other Source,Other Source,431.0,Nizamabad
150927,2019-2020,Telangana,36,Kamareddy,685.0,Gross Irrigated Area,Tank,Tank,9690.0,Nizamabad
150928,2019-2020,Telangana,36,Kamareddy,685.0,Gross Irrigated Area,Well,Other Well,,Nizamabad
150929,2019-2020,Telangana,36,Kamareddy,685.0,Gross Irrigated Area,Well,Tubewell,137231.0,Nizamabad
150930,2019-2020,Telangana,36,Kamareddy,685.0,Net Irrigated Area,Canal,Government,27551.0,Nizamabad
150931,2019-2020,Telangana,36,Kamareddy,685.0,Net Irrigated Area,Canal,Private,,Nizamabad
150932,2019-2020,Telangana,36,Kamareddy,685.0,Net Irrigated Area,Other Source,Other Source,228.0,Nizamabad
150933,2019-2020,Telangana,36,Kamareddy,685.0,Net Irrigated Area,Tank,Tank,6977.0,Nizamabad
150934,2019-2020,Telangana,36,Kamareddy,685.0,Net Irrigated Area,Well,Other Well,,Nizamabad
150935,2019-2020,Telangana,36,Kamareddy,685.0,Net Irrigated Area,Well,Tubewell,78209.0,Nizamabad
150936,2019-2020,Telangana,36,Karimnagar,508.0,Gross Irrigated Area,Canal,Government,64817.0,Karimnagar
150937,2019-2020,Telangana,36,Karimnagar,508.0,Gross Irrigated Area,Canal,Private,,Karimnagar
150938,2019-2020,Telangana,36,Karimnagar,508.0,Gross Irrigated Area,Other Source,Other Source,1259.0,Karimnagar
150939,2019-2020,Telangana,36,Karimnagar,508.0,Gross Irrigated Area,Tank,Tank,7646.0,Karimnagar
150940,2019-2020,Telangana,36,Karimnagar,508.0,Gross Irrigated Area,Well,Other Well,121474.0,Karimnagar
150941,2019-2020,Telangana,36,Karimnagar,508.0,Gross Irrigated Area,Well,Tubewell,13513.0,Karimnagar
150942,2019-2020,Telangana,36,Karimnagar,508.0,Net Irrigated Area,Canal,Government,54485.0,Karimnagar
150943,2019-2020,Telangana,36,Karimnagar,508.0,Net Irrigated Area,Canal,Private,,Karimnagar
150944,2019-2020,Telangana,36,Karimnagar,508.0,Net Irrigated Area,Other Source,Other Source,1259.0,Karimnagar
150945,2019-2020,Telangana,36,Karimnagar,508.0,Net Irrigated Area,Tank,Tank,4052.0,Karimnagar
150946,2019-2020,Telangana,36,Karimnagar,508.0,Net Irrigated Area,Well,Other Well,82595.0,Karimnagar
150947,2019-2020,Telangana,36,Karimnagar,508.0,Net Irrigated Area,Well,Tubewell,6081.0,Karimnagar
150948,2019-2020,Telangana,36,Khammam,509.0,Gross Irrigated Area,Canal,Government,256621.0,Khammam
150949,2019-2020,Telangana,36,Khammam,509.0,Gross Irrigated Area,Canal,Private,,Khammam
150950,2019-2020,Telangana,36,Khammam,509.0,Gross Irrigated Area,Other Source,Other Source,2845.0,Khammam
150951,2019-2020,Telangana,36,Khammam,509.0,Gross Irrigated Area,Tank,Tank,13583.0,Khammam
150952,2019-2020,Telangana,36,Khammam,509.0,Gross Irrigated Area,Well,Other Well,13244.0,Khammam
150953,2019-2020,Telangana,36,Khammam,509.0,Gross Irrigated Area,Well,Tubewell,21559.0,Khammam
150954,2019-2020,Telangana,36,Khammam,509.0,Net Irrigated Area,Canal,Government,159254.0,Khammam
150955,2019-2020,Telangana,36,Khammam,509.0,Net Irrigated Area,Canal,Private,,Khammam
150956,2019-2020,Telangana,36,Khammam,509.0,Net Irrigated Area,Other Source,Other Source,1650.0,Khammam
150957,2019-2020,Telangana,36,Khammam,509.0,Net Irrigated Area,Tank,Tank,8829.0,Khammam
150958,2019-2020,Telangana,36,Khammam,509.0,Net Irrigated Area,Well,Other Well,9645.0,Khammam
150959,2019-2020,Telangana,36,Khammam,509.0,Net Irrigated Area,Well,Tubewell,12935.0,Khammam
150960,2019-2020,Telangana,36,Kumuram Bheem Asifabad,699.0,Gross Irrigated Area,Canal,Government,63744.0,Adilabad
150961,2019-2020,Telangana,36,Kumuram Bheem Asifabad,699.0,Gross Irrigated Area,Canal,Private,,Adilabad
150962,2019-2020,Telangana,36,Kumuram Bheem Asifabad,699.0,Gross Irrigated Area,Other Source,Other Source,1907.0,Adilabad
150963,2019-2020,Telangana,36,Kumuram Bheem Asifabad,699.0,Gross Irrigated Area,Tank,Tank,7689.0,Adilabad
150964,2019-2020,Telangana,36,Kumuram Bheem Asifabad,699.0,Gross Irrigated Area,Well,Other Well,1487.0,Adilabad
150965,2019-2020,Telangana,36,Kumuram Bheem Asifabad,699.0,Gross Irrigated Area,Well,Tubewell,10904.0,Adilabad
150966,2019-2020,Telangana,36,Kumuram Bheem Asifabad,699.0,Net Irrigated Area,Canal,Government,50358.0,Adilabad
150967,2019-2020,Telangana,36,Kumuram Bheem Asifabad,699.0,Net Irrigated Area,Canal,Private,,Adilabad
150968,2019-2020,Telangana,36,Kumuram Bheem Asifabad,699.0,Net Irrigated Area,Other Source,Other Source,1182.0,Adilabad
150969,2019-2020,Telangana,36,Kumuram Bheem Asifabad,699.0,Net Irrigated Area,Tank,Tank,7074.0,Adilabad
150970,2019-2020,Telangana,36,Kumuram Bheem Asifabad,699.0,Net Irrigated Area,Well,Other Well,967.0,Adilabad
150971,2019-2020,Telangana,36,Kumuram Bheem Asifabad,699.0,Net Irrigated Area,Well,Tubewell,5779.0,Adilabad
150972,2019-2020,Telangana,36,Mahabubabad,688.0,Gross Irrigated Area,Canal,Government,87104.0,Warangal
150973,2019-2020,Telangana,36,Mahabubabad,688.0,Gross Irrigated Area,Canal,Private,,Warangal
150974,2019-2020,Telangana,36,Mahabubabad,688.0,Gross Irrigated Area,Other Source,Other Source,334.0,Warangal
150975,2019-2020,Telangana,36,Mahabubabad,688.0,Gross Irrigated Area,Tank,Tank,9576.0,Warangal
150976,2019-2020,Telangana,36,Mahabubabad,688.0,Gross Irrigated Area,Well,Other Well,44665.0,Warangal
150977,2019-2020,Telangana,36,Mahabubabad,688.0,Gross Irrigated Area,Well,Tubewell,19138.0,Warangal
150978,2019-2020,Telangana,36,Mahabubabad,688.0,Net Irrigated Area,Canal,Government,68253.0,Warangal
150979,2019-2020,Telangana,36,Mahabubabad,688.0,Net Irrigated Area,Canal,Private,,Warangal
150980,2019-2020,Telangana,36,Mahabubabad,688.0,Net Irrigated Area,Other Source,Other Source,311.0,Warangal
150981,2019-2020,Telangana,36,Mahabubabad,688.0,Net Irrigated Area,Tank,Tank,7374.0,Warangal
150982,2019-2020,Telangana,36,Mahabubabad,688.0,Net Irrigated Area,Well,Other Well,31704.0,Warangal
150983,2019-2020,Telangana,36,Mahabubabad,688.0,Net Irrigated Area,Well,Tubewell,12822.0,Warangal
150984,2019-2020,Telangana,36,Mahabubnagar,512.0,Gross Irrigated Area,Canal,Government,4686.0,Mahabubnagar
150985,2019-2020,Telangana,36,Mahabubnagar,512.0,Gross Irrigated Area,Canal,Private,,Mahabubnagar
150986,2019-2020,Telangana,36,Mahabubnagar,512.0,Gross Irrigated Area,Other Source,Other Source,,Mahabubnagar
150987,2019-2020,Telangana,36,Mahabubnagar,512.0,Gross Irrigated Area,Tank,Tank,4967.0,Mahabubnagar
150988,2019-2020,Telangana,36,Mahabubnagar,512.0,Gross Irrigated Area,Well,Other Well,,Mahabubnagar
150989,2019-2020,Telangana,36,Mahabubnagar,512.0,Gross Irrigated Area,Well,Tubewell,33666.0,Mahabubnagar
150990,2019-2020,Telangana,36,Mahabubnagar,512.0,Net Irrigated Area,Canal,Government,2858.0,Mahabubnagar
150991,2019-2020,Telangana,36,Mahabubnagar,512.0,Net Irrigated Area,Canal,Private,,Mahabubnagar
150992,2019-2020,Telangana,36,Mahabubnagar,512.0,Net Irrigated Area,Other Source,Other Source,,Mahabubnagar
150993,2019-2020,Telangana,36,Mahabubnagar,512.0,Net Irrigated Area,Tank,Tank,4321.0,Mahabubnagar
150994,2019-2020,Telangana,36,Mahabubnagar,512.0,Net Irrigated Area,Well,Other Well,,Mahabubnagar
150995,2019-2020,Telangana,36,Mahabubnagar,512.0,Net Irrigated Area,Well,Tubewell,21427.0,Mahabubnagar
150996,2019-2020,Telangana,36,Mancherial,684.0,Gross Irrigated Area,Canal,Government,73806.0,Adilabad
150997,2019-2020,Telangana,36,Mancherial,684.0,Gross Irrigated Area,Canal,Private,,Adilabad
150998,2019-2020,Telangana,36,Mancherial,684.0,Gross Irrigated Area,Other Source,Other Source,775.0,Adilabad
150999,2019-2020,Telangana,36,Mancherial,684.0,Gross Irrigated Area,Tank,Tank,7565.0,Adilabad
151000,2019-2020,Telangana,36,Mancherial,684.0,Gross Irrigated Area,Well,Other Well,9457.0,Adilabad
151001,2019-2020,Telangana,36,Mancherial,684.0,Gross Irrigated Area,Well,Tubewell,20050.0,Adilabad
151002,2019-2020,Telangana,36,Mancherial,684.0,Net Irrigated Area,Canal,Government,48182.0,Adilabad
151003,2019-2020,Telangana,36,Mancherial,684.0,Net Irrigated Area,Canal,Private,,Adilabad
151004,2019-2020,Telangana,36,Mancherial,684.0,Net Irrigated Area,Other Source,Other Source,612.0,Adilabad
151005,2019-2020,Telangana,36,Mancherial,684.0,Net Irrigated Area,Tank,Tank,5674.0,Adilabad
151006,2019-2020,Telangana,36,Mancherial,684.0,Net Irrigated Area,Well,Other Well,5284.0,Adilabad
151007,2019-2020,Telangana,36,Mancherial,684.0,Net Irrigated Area,Well,Tubewell,12230.0,Adilabad
151008,2019-2020,Telangana,36,Medak,513.0,Gross Irrigated Area,Canal,Government,14024.0,Medak
151009,2019-2020,Telangana,36,Medak,513.0,Gross Irrigated Area,Canal,Private,,Medak
151010,2019-2020,Telangana,36,Medak,513.0,Gross Irrigated Area,Other Source,Other Source,5.0,Medak
151011,2019-2020,Telangana,36,Medak,513.0,Gross Irrigated Area,Tank,Tank,5057.0,Medak
151012,2019-2020,Telangana,36,Medak,513.0,Gross Irrigated Area,Well,Other Well,,Medak
151013,2019-2020,Telangana,36,Medak,513.0,Gross Irrigated Area,Well,Tubewell,70346.0,Medak
151014,2019-2020,Telangana,36,Medak,513.0,Net Irrigated Area,Canal,Government,8964.0,Medak
151015,2019-2020,Telangana,36,Medak,513.0,Net Irrigated Area,Canal,Private,,Medak
151016,2019-2020,Telangana,36,Medak,513.0,Net Irrigated Area,Other Source,Other Source,3.0,Medak
151017,2019-2020,Telangana,36,Medak,513.0,Net Irrigated Area,Tank,Tank,4551.0,Medak
151018,2019-2020,Telangana,36,Medak,513.0,Net Irrigated Area,Well,Other Well,,Medak
151019,2019-2020,Telangana,36,Medak,513.0,Net Irrigated Area,Well,Tubewell,45004.0,Medak
151020,2019-2020,Telangana,36,Medchal Malkajgiri,700.0,Gross Irrigated Area,Canal,Government,507.0,Ranga Reddy
151021,2019-2020,Telangana,36,Medchal Malkajgiri,700.0,Gross Irrigated Area,Canal,Private,,Ranga Reddy
151022,2019-2020,Telangana,36,Medchal Malkajgiri,700.0,Gross Irrigated Area,Other Source,Other Source,405.0,Ranga Reddy
151023,2019-2020,Telangana,36,Medchal Malkajgiri,700.0,Gross Irrigated Area,Tank,Tank,281.0,Ranga Reddy
151024,2019-2020,Telangana,36,Medchal Malkajgiri,700.0,Gross Irrigated Area,Well,Other Well,,Ranga Reddy
151025,2019-2020,Telangana,36,Medchal Malkajgiri,700.0,Gross Irrigated Area,Well,Tubewell,13022.0,Ranga Reddy
151026,2019-2020,Telangana,36,Medchal Malkajgiri,700.0,Net Irrigated Area,Canal,Government,507.0,Ranga Reddy
151027,2019-2020,Telangana,36,Medchal Malkajgiri,700.0,Net Irrigated Area,Canal,Private,,Ranga Reddy
151028,2019-2020,Telangana,36,Medchal Malkajgiri,700.0,Net Irrigated Area,Other Source,Other Source,162.0,Ranga Reddy
151029,2019-2020,Telangana,36,Medchal Malkajgiri,700.0,Net Irrigated Area,Tank,Tank,166.0,Ranga Reddy
151030,2019-2020,Telangana,36,Medchal Malkajgiri,700.0,Net Irrigated Area,Well,Other Well,,Ranga Reddy
151031,2019-2020,Telangana,36,Medchal Malkajgiri,700.0,Net Irrigated Area,Well,Tubewell,9174.0,Ranga Reddy
151032,2019-2020,Telangana,36,Mulugu,720.0,Gross Irrigated Area,Canal,Government,40036.0,Warangal
151033,2019-2020,Telangana,36,Mulugu,720.0,Gross Irrigated Area,Canal,Private,,Warangal
151034,2019-2020,Telangana,36,Mulugu,720.0,Gross Irrigated Area,Other Source,Other Source,997.0,Warangal
151035,2019-2020,Telangana,36,Mulugu,720.0,Gross Irrigated Area,Tank,Tank,25718.0,Warangal
151036,2019-2020,Telangana,36,Mulugu,720.0,Gross Irrigated Area,Well,Other Well,234.0,Warangal
151037,2019-2020,Telangana,36,Mulugu,720.0,Gross Irrigated Area,Well,Tubewell,2110.0,Warangal
151038,2019-2020,Telangana,36,Mulugu,720.0,Net Irrigated Area,Canal,Government,20366.0,Warangal
151039,2019-2020,Telangana,36,Mulugu,720.0,Net Irrigated Area,Canal,Private,,Warangal
151040,2019-2020,Telangana,36,Mulugu,720.0,Net Irrigated Area,Other Source,Other Source,728.0,Warangal
151041,2019-2020,Telangana,36,Mulugu,720.0,Net Irrigated Area,Tank,Tank,22117.0,Warangal
151042,2019-2020,Telangana,36,Mulugu,720.0,Net Irrigated Area,Well,Other Well,204.0,Warangal
151043,2019-2020,Telangana,36,Mulugu,720.0,Net Irrigated Area,Well,Tubewell,1224.0,Warangal
151044,2019-2020,Telangana,36,Nagarkurnool,694.0,Gross Irrigated Area,Canal,Government,148688.0,Mahabubnagar
151045,2019-2020,Telangana,36,Nagarkurnool,694.0,Gross Irrigated Area,Canal,Private,,Mahabubnagar
151046,2019-2020,Telangana,36,Nagarkurnool,694.0,Gross Irrigated Area,Other Source,Other Source,2041.0,Mahabubnagar
151047,2019-2020,Telangana,36,Nagarkurnool,694.0,Gross Irrigated Area,Tank,Tank,3547.0,Mahabubnagar
151048,2019-2020,Telangana,36,Nagarkurnool,694.0,Gross Irrigated Area,Well,Other Well,602.0,Mahabubnagar
151049,2019-2020,Telangana,36,Nagarkurnool,694.0,Gross Irrigated Area,Well,Tubewell,59569.0,Mahabubnagar
151050,2019-2020,Telangana,36,Nagarkurnool,694.0,Net Irrigated Area,Canal,Government,54400.0,Mahabubnagar
151051,2019-2020,Telangana,36,Nagarkurnool,694.0,Net Irrigated Area,Canal,Private,,Mahabubnagar
151052,2019-2020,Telangana,36,Nagarkurnool,694.0,Net Irrigated Area,Other Source,Other Source,1755.0,Mahabubnagar
151053,2019-2020,Telangana,36,Nagarkurnool,694.0,Net Irrigated Area,Tank,Tank,2802.0,Mahabubnagar
151054,2019-2020,Telangana,36,Nagarkurnool,694.0,Net Irrigated Area,Well,Other Well,584.0,Mahabubnagar
151055,2019-2020,Telangana,36,Nagarkurnool,694.0,Net Irrigated Area,Well,Tubewell,48847.0,Mahabubnagar
151056,2019-2020,Telangana,36,Nalgonda,514.0,Gross Irrigated Area,Canal,Government,312568.0,Nalgonda
151057,2019-2020,Telangana,36,Nalgonda,514.0,Gross Irrigated Area,Canal,Private,,Nalgonda
151058,2019-2020,Telangana,36,Nalgonda,514.0,Gross Irrigated Area,Other Source,Other Source,2673.0,Nalgonda
151059,2019-2020,Telangana,36,Nalgonda,514.0,Gross Irrigated Area,Tank,Tank,7724.0,Nalgonda
151060,2019-2020,Telangana,36,Nalgonda,514.0,Gross Irrigated Area,Well,Other Well,1212.0,Nalgonda
151061,2019-2020,Telangana,36,Nalgonda,514.0,Gross Irrigated Area,Well,Tubewell,59410.0,Nalgonda
151062,2019-2020,Telangana,36,Nalgonda,514.0,Net Irrigated Area,Canal,Government,139450.0,Nalgonda
151063,2019-2020,Telangana,36,Nalgonda,514.0,Net Irrigated Area,Canal,Private,,Nalgonda
151064,2019-2020,Telangana,36,Nalgonda,514.0,Net Irrigated Area,Other Source,Other Source,1390.0,Nalgonda
151065,2019-2020,Telangana,36,Nalgonda,514.0,Net Irrigated Area,Tank,Tank,4789.0,Nalgonda
151066,2019-2020,Telangana,36,Nalgonda,514.0,Net Irrigated Area,Well,Other Well,1030.0,Nalgonda
151067,2019-2020,Telangana,36,Nalgonda,514.0,Net Irrigated Area,Well,Tubewell,36834.0,Nalgonda
151068,2019-2020,Telangana,36,Narayanpet,721.0,Gross Irrigated Area,Canal,Government,44000.0,Mahabubnagar
151069,2019-2020,Telangana,36,Narayanpet,721.0,Gross Irrigated Area,Canal,Private,,Mahabubnagar
151070,2019-2020,Telangana,36,Narayanpet,721.0,Gross Irrigated Area,Other Source,Other Source,2731.0,Mahabubnagar
151071,2019-2020,Telangana,36,Narayanpet,721.0,Gross Irrigated Area,Tank,Tank,723.0,Mahabubnagar
151072,2019-2020,Telangana,36,Narayanpet,721.0,Gross Irrigated Area,Well,Other Well,,Mahabubnagar
151073,2019-2020,Telangana,36,Narayanpet,721.0,Gross Irrigated Area,Well,Tubewell,18748.0,Mahabubnagar
151074,2019-2020,Telangana,36,Narayanpet,721.0,Net Irrigated Area,Canal,Government,28358.0,Mahabubnagar
151075,2019-2020,Telangana,36,Narayanpet,721.0,Net Irrigated Area,Canal,Private,,Mahabubnagar
151076,2019-2020,Telangana,36,Narayanpet,721.0,Net Irrigated Area,Other Source,Other Source,1939.0,Mahabubnagar
151077,2019-2020,Telangana,36,Narayanpet,721.0,Net Irrigated Area,Tank,Tank,564.0,Mahabubnagar
151078,2019-2020,Telangana,36,Narayanpet,721.0,Net Irrigated Area,Well,Other Well,,Mahabubnagar
151079,2019-2020,Telangana,36,Narayanpet,721.0,Net Irrigated Area,Well,Tubewell,10680.0,Mahabubnagar
151080,2019-2020,Telangana,36,Nirmal,680.0,Gross Irrigated Area,Canal,Government,84472.0,Adilabad
151081,2019-2020,Telangana,36,Nirmal,680.0,Gross Irrigated Area,Canal,Private,,Adilabad
151082,2019-2020,Telangana,36,Nirmal,680.0,Gross Irrigated Area,Other Source,Other Source,1420.0,Adilabad
151083,2019-2020,Telangana,36,Nirmal,680.0,Gross Irrigated Area,Tank,Tank,5838.0,Adilabad
151084,2019-2020,Telangana,36,Nirmal,680.0,Gross Irrigated Area,Well,Other Well,10599.0,Adilabad
151085,2019-2020,Telangana,36,Nirmal,680.0,Gross Irrigated Area,Well,Tubewell,70801.0,Adilabad
151086,2019-2020,Telangana,36,Nirmal,680.0,Net Irrigated Area,Canal,Government,34362.0,Adilabad
151087,2019-2020,Telangana,36,Nirmal,680.0,Net Irrigated Area,Canal,Private,,Adilabad
151088,2019-2020,Telangana,36,Nirmal,680.0,Net Irrigated Area,Other Source,Other Source,710.0,Adilabad
151089,2019-2020,Telangana,36,Nirmal,680.0,Net Irrigated Area,Tank,Tank,2510.0,Adilabad
151090,2019-2020,Telangana,36,Nirmal,680.0,Net Irrigated Area,Well,Other Well,4020.0,Adilabad
151091,2019-2020,Telangana,36,Nirmal,680.0,Net Irrigated Area,Well,Tubewell,31152.0,Adilabad
151092,2019-2020,Telangana,36,Nizamabad,516.0,Gross Irrigated Area,Canal,Government,175091.0,Nizamabad
151093,2019-2020,Telangana,36,Nizamabad,516.0,Gross Irrigated Area,Canal,Private,,Nizamabad
151094,2019-2020,Telangana,36,Nizamabad,516.0,Gross Irrigated Area,Other Source,Other Source,9596.0,Nizamabad
151095,2019-2020,Telangana,36,Nizamabad,516.0,Gross Irrigated Area,Tank,Tank,6592.0,Nizamabad
151096,2019-2020,Telangana,36,Nizamabad,516.0,Gross Irrigated Area,Well,Other Well,1830.0,Nizamabad
151097,2019-2020,Telangana,36,Nizamabad,516.0,Gross Irrigated Area,Well,Tubewell,177832.0,Nizamabad
151098,2019-2020,Telangana,36,Nizamabad,516.0,Net Irrigated Area,Canal,Government,95645.0,Nizamabad
151099,2019-2020,Telangana,36,Nizamabad,516.0,Net Irrigated Area,Canal,Private,,Nizamabad
151100,2019-2020,Telangana,36,Nizamabad,516.0,Net Irrigated Area,Other Source,Other Source,4222.0,Nizamabad
151101,2019-2020,Telangana,36,Nizamabad,516.0,Net Irrigated Area,Tank,Tank,4087.0,Nizamabad
151102,2019-2020,Telangana,36,Nizamabad,516.0,Net Irrigated Area,Well,Other Well,1166.0,Nizamabad
151103,2019-2020,Telangana,36,Nizamabad,516.0,Net Irrigated Area,Well,Tubewell,103143.0,Nizamabad
151104,2019-2020,Telangana,36,Peddapalli,682.0,Gross Irrigated Area,Canal,Government,87497.0,Karimnagar
151105,2019-2020,Telangana,36,Peddapalli,682.0,Gross Irrigated Area,Canal,Private,,Karimnagar
151106,2019-2020,Telangana,36,Peddapalli,682.0,Gross Irrigated Area,Other Source,Other Source,495.0,Karimnagar
151107,2019-2020,Telangana,36,Peddapalli,682.0,Gross Irrigated Area,Tank,Tank,10379.0,Karimnagar
151108,2019-2020,Telangana,36,Peddapalli,682.0,Gross Irrigated Area,Well,Other Well,65911.0,Karimnagar
151109,2019-2020,Telangana,36,Peddapalli,682.0,Gross Irrigated Area,Well,Tubewell,14463.0,Karimnagar
151110,2019-2020,Telangana,36,Peddapalli,682.0,Net Irrigated Area,Canal,Government,37211.0,Karimnagar
151111,2019-2020,Telangana,36,Peddapalli,682.0,Net Irrigated Area,Canal,Private,,Karimnagar
151112,2019-2020,Telangana,36,Peddapalli,682.0,Net Irrigated Area,Other Source,Other Source,158.0,Karimnagar
151113,2019-2020,Telangana,36,Peddapalli,682.0,Net Irrigated Area,Tank,Tank,6539.0,Karimnagar
151114,2019-2020,Telangana,36,Peddapalli,682.0,Net Irrigated Area,Well,Other Well,44802.0,Karimnagar
151115,2019-2020,Telangana,36,Peddapalli,682.0,Net Irrigated Area,Well,Tubewell,9979.0,Karimnagar
151116,2019-2020,Telangana,36,Rajanna Sircilla,683.0,Gross Irrigated Area,Canal,Government,2684.0,Karimnagar
151117,2019-2020,Telangana,36,Rajanna Sircilla,683.0,Gross Irrigated Area,Canal,Private,,Karimnagar
151118,2019-2020,Telangana,36,Rajanna Sircilla,683.0,Gross Irrigated Area,Other Source,Other Source,48.0,Karimnagar
151119,2019-2020,Telangana,36,Rajanna Sircilla,683.0,Gross Irrigated Area,Tank,Tank,9065.0,Karimnagar
151120,2019-2020,Telangana,36,Rajanna Sircilla,683.0,Gross Irrigated Area,Well,Other Well,27069.0,Karimnagar
151121,2019-2020,Telangana,36,Rajanna Sircilla,683.0,Gross Irrigated Area,Well,Tubewell,60189.0,Karimnagar
151122,2019-2020,Telangana,36,Rajanna Sircilla,683.0,Net Irrigated Area,Canal,Government,2684.0,Karimnagar
151123,2019-2020,Telangana,36,Rajanna Sircilla,683.0,Net Irrigated Area,Canal,Private,,Karimnagar
151124,2019-2020,Telangana,36,Rajanna Sircilla,683.0,Net Irrigated Area,Other Source,Other Source,48.0,Karimnagar
151125,2019-2020,Telangana,36,Rajanna Sircilla,683.0,Net Irrigated Area,Tank,Tank,8521.0,Karimnagar
151126,2019-2020,Telangana,36,Rajanna Sircilla,683.0,Net Irrigated Area,Well,Other Well,15684.0,Karimnagar
151127,2019-2020,Telangana,36,Rajanna Sircilla,683.0,Net Irrigated Area,Well,Tubewell,29978.0,Karimnagar
151128,2019-2020,Telangana,36,Ranga Reddy,518.0,Gross Irrigated Area,Canal,Government,3176.0,Ranga Reddy
151129,2019-2020,Telangana,36,Ranga Reddy,518.0,Gross Irrigated Area,Canal,Private,,Ranga Reddy
151130,2019-2020,Telangana,36,Ranga Reddy,518.0,Gross Irrigated Area,Other Source,Other Source,790.0,Ranga Reddy
151131,2019-2020,Telangana,36,Ranga Reddy,518.0,Gross Irrigated Area,Tank,Tank,1002.0,Ranga Reddy
151132,2019-2020,Telangana,36,Ranga Reddy,518.0,Gross Irrigated Area,Well,Other Well,,Ranga Reddy
151133,2019-2020,Telangana,36,Ranga Reddy,518.0,Gross Irrigated Area,Well,Tubewell,63747.0,Ranga Reddy
151134,2019-2020,Telangana,36,Ranga Reddy,518.0,Net Irrigated Area,Canal,Government,3176.0,Ranga Reddy
151135,2019-2020,Telangana,36,Ranga Reddy,518.0,Net Irrigated Area,Canal,Private,,Ranga Reddy
151136,2019-2020,Telangana,36,Ranga Reddy,518.0,Net Irrigated Area,Other Source,Other Source,434.0,Ranga Reddy
151137,2019-2020,Telangana,36,Ranga Reddy,518.0,Net Irrigated Area,Tank,Tank,1002.0,Ranga Reddy
151138,2019-2020,Telangana,36,Ranga Reddy,518.0,Net Irrigated Area,Well,Other Well,,Ranga Reddy
151139,2019-2020,Telangana,36,Ranga Reddy,518.0,Net Irrigated Area,Well,Tubewell,42214.0,Ranga Reddy
151140,2019-2020,Telangana,36,Sangareddy,691.0,Gross Irrigated Area,Canal,Government,7110.0,Medak
151141,2019-2020,Telangana,36,Sangareddy,691.0,Gross Irrigated Area,Canal,Private,,Medak
151142,2019-2020,Telangana,36,Sangareddy,691.0,Gross Irrigated Area,Other Source,Other Source,25.0,Medak
151143,2019-2020,Telangana,36,Sangareddy,691.0,Gross Irrigated Area,Tank,Tank,5024.0,Medak
151144,2019-2020,Telangana,36,Sangareddy,691.0,Gross Irrigated Area,Well,Other Well,,Medak
151145,2019-2020,Telangana,36,Sangareddy,691.0,Gross Irrigated Area,Well,Tubewell,59172.0,Medak
151146,2019-2020,Telangana,36,Sangareddy,691.0,Net Irrigated Area,Canal,Government,5122.0,Medak
151147,2019-2020,Telangana,36,Sangareddy,691.0,Net Irrigated Area,Canal,Private,,Medak
151148,2019-2020,Telangana,36,Sangareddy,691.0,Net Irrigated Area,Other Source,Other Source,25.0,Medak
151149,2019-2020,Telangana,36,Sangareddy,691.0,Net Irrigated Area,Tank,Tank,4924.0,Medak
151150,2019-2020,Telangana,36,Sangareddy,691.0,Net Irrigated Area,Well,Other Well,,Medak
151151,2019-2020,Telangana,36,Sangareddy,691.0,Net Irrigated Area,Well,Tubewell,47911.0,Medak
151152,2019-2020,Telangana,36,Siddipet,692.0,Gross Irrigated Area,Canal,Government,83203.0,Medak
151153,2019-2020,Telangana,36,Siddipet,692.0,Gross Irrigated Area,Canal,Private,,Medak
151154,2019-2020,Telangana,36,Siddipet,692.0,Gross Irrigated Area,Other Source,Other Source,24.0,Medak
151155,2019-2020,Telangana,36,Siddipet,692.0,Gross Irrigated Area,Tank,Tank,5097.0,Medak
151156,2019-2020,Telangana,36,Siddipet,692.0,Gross Irrigated Area,Well,Other Well,11965.0,Medak
151157,2019-2020,Telangana,36,Siddipet,692.0,Gross Irrigated Area,Well,Tubewell,44919.0,Medak
151158,2019-2020,Telangana,36,Siddipet,692.0,Net Irrigated Area,Canal,Government,52590.0,Medak
151159,2019-2020,Telangana,36,Siddipet,692.0,Net Irrigated Area,Canal,Private,,Medak
151160,2019-2020,Telangana,36,Siddipet,692.0,Net Irrigated Area,Other Source,Other Source,24.0,Medak
151161,2019-2020,Telangana,36,Siddipet,692.0,Net Irrigated Area,Tank,Tank,4485.0,Medak
151162,2019-2020,Telangana,36,Siddipet,692.0,Net Irrigated Area,Well,Other Well,7897.0,Medak
151163,2019-2020,Telangana,36,Siddipet,692.0,Net Irrigated Area,Well,Tubewell,27833.0,Medak
151164,2019-2020,Telangana,36,Suryapet,696.0,Gross Irrigated Area,Canal,Government,283341.0,Nalgonda
151165,2019-2020,Telangana,36,Suryapet,696.0,Gross Irrigated Area,Canal,Private,,Nalgonda
151166,2019-2020,Telangana,36,Suryapet,696.0,Gross Irrigated Area,Other Source,Other Source,8997.0,Nalgonda
151167,2019-2020,Telangana,36,Suryapet,696.0,Gross Irrigated Area,Tank,Tank,4543.0,Nalgonda
151168,2019-2020,Telangana,36,Suryapet,696.0,Gross Irrigated Area,Well,Other Well,699.0,Nalgonda
151169,2019-2020,Telangana,36,Suryapet,696.0,Gross Irrigated Area,Well,Tubewell,2714.0,Nalgonda
151170,2019-2020,Telangana,36,Suryapet,696.0,Net Irrigated Area,Canal,Government,159820.0,Nalgonda
151171,2019-2020,Telangana,36,Suryapet,696.0,Net Irrigated Area,Canal,Private,,Nalgonda
151172,2019-2020,Telangana,36,Suryapet,696.0,Net Irrigated Area,Other Source,Other Source,4768.0,Nalgonda
151173,2019-2020,Telangana,36,Suryapet,696.0,Net Irrigated Area,Tank,Tank,2090.0,Nalgonda
151174,2019-2020,Telangana,36,Suryapet,696.0,Net Irrigated Area,Well,Other Well,360.0,Nalgonda
151175,2019-2020,Telangana,36,Suryapet,696.0,Net Irrigated Area,Well,Tubewell,1791.0,Nalgonda
151176,2019-2020,Telangana,36,Vikarabad,698.0,Gross Irrigated Area,Canal,Government,,Ranga Reddy
151177,2019-2020,Telangana,36,Vikarabad,698.0,Gross Irrigated Area,Canal,Private,,Ranga Reddy
151178,2019-2020,Telangana,36,Vikarabad,698.0,Gross Irrigated Area,Other Source,Other Source,152.0,Ranga Reddy
151179,2019-2020,Telangana,36,Vikarabad,698.0,Gross Irrigated Area,Tank,Tank,1678.0,Ranga Reddy
151180,2019-2020,Telangana,36,Vikarabad,698.0,Gross Irrigated Area,Well,Other Well,1566.0,Ranga Reddy
151181,2019-2020,Telangana,36,Vikarabad,698.0,Gross Irrigated Area,Well,Tubewell,50254.0,Ranga Reddy
151182,2019-2020,Telangana,36,Vikarabad,698.0,Net Irrigated Area,Canal,Government,,Ranga Reddy
151183,2019-2020,Telangana,36,Vikarabad,698.0,Net Irrigated Area,Canal,Private,,Ranga Reddy
151184,2019-2020,Telangana,36,Vikarabad,698.0,Net Irrigated Area,Other Source,Other Source,152.0,Ranga Reddy
151185,2019-2020,Telangana,36,Vikarabad,698.0,Net Irrigated Area,Tank,Tank,1460.0,Ranga Reddy
151186,2019-2020,Telangana,36,Vikarabad,698.0,Net Irrigated Area,Well,Other Well,668.0,Ranga Reddy
151187,2019-2020,Telangana,36,Vikarabad,698.0,Net Irrigated Area,Well,Tubewell,37617.0,Ranga Reddy
151188,2019-2020,Telangana,36,Wanaparthy,693.0,Gross Irrigated Area,Canal,Government,99587.0,Mahabubnagar
151189,2019-2020,Telangana,36,Wanaparthy,693.0,Gross Irrigated Area,Canal,Private,,Mahabubnagar
151190,2019-2020,Telangana,36,Wanaparthy,693.0,Gross Irrigated Area,Other Source,Other Source,3985.0,Mahabubnagar
151191,2019-2020,Telangana,36,Wanaparthy,693.0,Gross Irrigated Area,Tank,Tank,1685.0,Mahabubnagar
151192,2019-2020,Telangana,36,Wanaparthy,693.0,Gross Irrigated Area,Well,Other Well,1329.0,Mahabubnagar
151193,2019-2020,Telangana,36,Wanaparthy,693.0,Gross Irrigated Area,Well,Tubewell,31558.0,Mahabubnagar
151194,2019-2020,Telangana,36,Wanaparthy,693.0,Net Irrigated Area,Canal,Government,73292.0,Mahabubnagar
151195,2019-2020,Telangana,36,Wanaparthy,693.0,Net Irrigated Area,Canal,Private,,Mahabubnagar
151196,2019-2020,Telangana,36,Wanaparthy,693.0,Net Irrigated Area,Other Source,Other Source,2869.0,Mahabubnagar
151197,2019-2020,Telangana,36,Wanaparthy,693.0,Net Irrigated Area,Tank,Tank,1230.0,Mahabubnagar
151198,2019-2020,Telangana,36,Wanaparthy,693.0,Net Irrigated Area,Well,Other Well,1157.0,Mahabubnagar
151199,2019-2020,Telangana,36,Wanaparthy,693.0,Net Irrigated Area,Well,Tubewell,21459.0,Mahabubnagar
151200,2019-2020,Telangana,36,Warangal,522.0,Gross Irrigated Area,Canal,Government,79876.0,Warangal
151201,2019-2020,Telangana,36,Warangal,522.0,Gross Irrigated Area,Canal,Private,,Warangal
151202,2019-2020,Telangana,36,Warangal,522.0,Gross Irrigated Area,Other Source,Other Source,280.0,Warangal
151203,2019-2020,Telangana,36,Warangal,522.0,Gross Irrigated Area,Tank,Tank,11536.0,Warangal
151204,2019-2020,Telangana,36,Warangal,522.0,Gross Irrigated Area,Well,Other Well,85541.0,Warangal
151205,2019-2020,Telangana,36,Warangal,522.0,Gross Irrigated Area,Well,Tubewell,33255.0,Warangal
151206,2019-2020,Telangana,36,Warangal,522.0,Net Irrigated Area,Canal,Government,32929.0,Warangal
151207,2019-2020,Telangana,36,Warangal,522.0,Net Irrigated Area,Canal,Private,,Warangal
151208,2019-2020,Telangana,36,Warangal,522.0,Net Irrigated Area,Other Source,Other Source,106.0,Warangal
151209,2019-2020,Telangana,36,Warangal,522.0,Net Irrigated Area,Tank,Tank,7383.0,Warangal
151210,2019-2020,Telangana,36,Warangal,522.0,Net Irrigated Area,Well,Other Well,60714.0,Warangal
151211,2019-2020,Telangana,36,Warangal,522.0,Net Irrigated Area,Well,Tubewell,21283.0,Warangal
151212,2019-2020,Telangana,36,Yadadri Bhuvanagiri,697.0,Gross Irrigated Area,Canal,Government,30457.0,Nalgonda
151213,2019-2020,Telangana,36,Yadadri Bhuvanagiri,697.0,Gross Irrigated Area,Canal,Private,,Nalgonda
151214,2019-2020,Telangana,36,Yadadri Bhuvanagiri,697.0,Gross Irrigated Area,Other Source,Other Source,,Nalgonda
151215,2019-2020,Telangana,36,Yadadri Bhuvanagiri,697.0,Gross Irrigated Area,Tank,Tank,6607.0,Nalgonda
151216,2019-2020,Telangana,36,Yadadri Bhuvanagiri,697.0,Gross Irrigated Area,Well,Other Well,10718.0,Nalgonda
151217,2019-2020,Telangana,36,Yadadri Bhuvanagiri,697.0,Gross Irrigated Area,Well,Tubewell,96307.0,Nalgonda
151218,2019-2020,Telangana,36,Yadadri Bhuvanagiri,697.0,Net Irrigated Area,Canal,Government,18491.0,Nalgonda
151219,2019-2020,Telangana,36,Yadadri Bhuvanagiri,697.0,Net Irrigated Area,Canal,Private,,Nalgonda
151220,2019-2020,Telangana,36,Yadadri Bhuvanagiri,697.0,Net Irrigated Area,Other Source,Other Source,,Nalgonda
151221,2019-2020,Telangana,36,Yadadri Bhuvanagiri,697.0,Net Irrigated Area,Tank,Tank,4096.0,Nalgonda
151222,2019-2020,Telangana,36,Yadadri Bhuvanagiri,697.0,Net Irrigated Area,Well,Other Well,7074.0,Nalgonda
151223,2019-2020,Telangana,36,Yadadri Bhuvanagiri,697.0,Net Irrigated Area,Well,Tubewell,55847.0,Nalgonda
158835,2020-2021,Telangana,36,Narayanpet,721.0,Gross Irrigated Area,Tank,Tank,821.0,Mahabubnagar
158592,2020-2021,Telangana,36,Adilabad,501.0,Gross Irrigated Area,Canal,Government,49769.0,Adilabad
158593,2020-2021,Telangana,36,Adilabad,501.0,Gross Irrigated Area,Canal,Private,,Adilabad
158594,2020-2021,Telangana,36,Adilabad,501.0,Gross Irrigated Area,Other Source,Other Source,118.0,Adilabad
158595,2020-2021,Telangana,36,Adilabad,501.0,Gross Irrigated Area,Tank,Tank,4818.0,Adilabad
158596,2020-2021,Telangana,36,Adilabad,501.0,Gross Irrigated Area,Well,Other Well,4076.0,Adilabad
158597,2020-2021,Telangana,36,Adilabad,501.0,Gross Irrigated Area,Well,Tubewell,25002.0,Adilabad
158598,2020-2021,Telangana,36,Adilabad,501.0,Net Irrigated Area,Canal,Government,49769.0,Adilabad
158599,2020-2021,Telangana,36,Adilabad,501.0,Net Irrigated Area,Canal,Private,,Adilabad
158600,2020-2021,Telangana,36,Adilabad,501.0,Net Irrigated Area,Other Source,Other Source,118.0,Adilabad
158601,2020-2021,Telangana,36,Adilabad,501.0,Net Irrigated Area,Tank,Tank,4818.0,Adilabad
158602,2020-2021,Telangana,36,Adilabad,501.0,Net Irrigated Area,Well,Other Well,4076.0,Adilabad
158603,2020-2021,Telangana,36,Adilabad,501.0,Net Irrigated Area,Well,Tubewell,24085.0,Adilabad
158604,2020-2021,Telangana,36,Bhadradri Kothagudem,690.0,Gross Irrigated Area,Canal,Government,51144.0,Khammam
158605,2020-2021,Telangana,36,Bhadradri Kothagudem,690.0,Gross Irrigated Area,Canal,Private,,Khammam
158606,2020-2021,Telangana,36,Bhadradri Kothagudem,690.0,Gross Irrigated Area,Other Source,Other Source,3542.0,Khammam
158607,2020-2021,Telangana,36,Bhadradri Kothagudem,690.0,Gross Irrigated Area,Tank,Tank,27364.0,Khammam
158608,2020-2021,Telangana,36,Bhadradri Kothagudem,690.0,Gross Irrigated Area,Well,Other Well,444.0,Khammam
158609,2020-2021,Telangana,36,Bhadradri Kothagudem,690.0,Gross Irrigated Area,Well,Tubewell,43906.0,Khammam
158610,2020-2021,Telangana,36,Bhadradri Kothagudem,690.0,Net Irrigated Area,Canal,Government,48076.0,Khammam
158611,2020-2021,Telangana,36,Bhadradri Kothagudem,690.0,Net Irrigated Area,Canal,Private,,Khammam
158612,2020-2021,Telangana,36,Bhadradri Kothagudem,690.0,Net Irrigated Area,Other Source,Other Source,2337.0,Khammam
158613,2020-2021,Telangana,36,Bhadradri Kothagudem,690.0,Net Irrigated Area,Tank,Tank,24901.0,Khammam
158614,2020-2021,Telangana,36,Bhadradri Kothagudem,690.0,Net Irrigated Area,Well,Other Well,210.0,Khammam
158615,2020-2021,Telangana,36,Bhadradri Kothagudem,690.0,Net Irrigated Area,Well,Tubewell,25757.0,Khammam
158616,2020-2021,Telangana,36,Hanumakonda,686.0,Gross Irrigated Area,Canal,Government,59671.0,Warangal
158617,2020-2021,Telangana,36,Hanumakonda,686.0,Gross Irrigated Area,Canal,Private,,Warangal
158618,2020-2021,Telangana,36,Hanumakonda,686.0,Gross Irrigated Area,Other Source,Other Source,142.0,Warangal
158619,2020-2021,Telangana,36,Hanumakonda,686.0,Gross Irrigated Area,Tank,Tank,9765.0,Warangal
158620,2020-2021,Telangana,36,Hanumakonda,686.0,Gross Irrigated Area,Well,Other Well,41536.0,Warangal
158621,2020-2021,Telangana,36,Hanumakonda,686.0,Gross Irrigated Area,Well,Tubewell,12368.0,Warangal
158622,2020-2021,Telangana,36,Hanumakonda,686.0,Net Irrigated Area,Canal,Government,30432.0,Warangal
158623,2020-2021,Telangana,36,Hanumakonda,686.0,Net Irrigated Area,Canal,Private,,Warangal
158624,2020-2021,Telangana,36,Hanumakonda,686.0,Net Irrigated Area,Other Source,Other Source,,Warangal
158625,2020-2021,Telangana,36,Hanumakonda,686.0,Net Irrigated Area,Tank,Tank,6054.0,Warangal
158626,2020-2021,Telangana,36,Hanumakonda,686.0,Net Irrigated Area,Well,Other Well,21216.0,Warangal
158627,2020-2021,Telangana,36,Hanumakonda,686.0,Net Irrigated Area,Well,Tubewell,7003.0,Warangal
158640,2020-2021,Telangana,36,Jagitial,681.0,Gross Irrigated Area,Canal,Government,172669.0,Karimnagar
158641,2020-2021,Telangana,36,Jagitial,681.0,Gross Irrigated Area,Canal,Private,,Karimnagar
158642,2020-2021,Telangana,36,Jagitial,681.0,Gross Irrigated Area,Other Source,Other Source,2047.0,Karimnagar
158643,2020-2021,Telangana,36,Jagitial,681.0,Gross Irrigated Area,Tank,Tank,12157.0,Karimnagar
158644,2020-2021,Telangana,36,Jagitial,681.0,Gross Irrigated Area,Well,Other Well,79102.0,Karimnagar
158645,2020-2021,Telangana,36,Jagitial,681.0,Gross Irrigated Area,Well,Tubewell,27772.0,Karimnagar
158646,2020-2021,Telangana,36,Jagitial,681.0,Net Irrigated Area,Canal,Government,81155.0,Karimnagar
158647,2020-2021,Telangana,36,Jagitial,681.0,Net Irrigated Area,Canal,Private,,Karimnagar
158648,2020-2021,Telangana,36,Jagitial,681.0,Net Irrigated Area,Other Source,Other Source,1372.0,Karimnagar
158649,2020-2021,Telangana,36,Jagitial,681.0,Net Irrigated Area,Tank,Tank,7173.0,Karimnagar
158650,2020-2021,Telangana,36,Jagitial,681.0,Net Irrigated Area,Well,Other Well,45887.0,Karimnagar
158651,2020-2021,Telangana,36,Jagitial,681.0,Net Irrigated Area,Well,Tubewell,12539.0,Karimnagar
158652,2020-2021,Telangana,36,Jangoan,689.0,Gross Irrigated Area,Canal,Government,39382.0,Warangal
158653,2020-2021,Telangana,36,Jangoan,689.0,Gross Irrigated Area,Canal,Private,,Warangal
158654,2020-2021,Telangana,36,Jangoan,689.0,Gross Irrigated Area,Other Source,Other Source,,Warangal
158655,2020-2021,Telangana,36,Jangoan,689.0,Gross Irrigated Area,Tank,Tank,12547.0,Warangal
158656,2020-2021,Telangana,36,Jangoan,689.0,Gross Irrigated Area,Well,Other Well,10847.0,Warangal
158657,2020-2021,Telangana,36,Jangoan,689.0,Gross Irrigated Area,Well,Tubewell,79545.0,Warangal
158658,2020-2021,Telangana,36,Jangoan,689.0,Net Irrigated Area,Canal,Government,22054.0,Warangal
158659,2020-2021,Telangana,36,Jangoan,689.0,Net Irrigated Area,Canal,Private,,Warangal
158660,2020-2021,Telangana,36,Jangoan,689.0,Net Irrigated Area,Other Source,Other Source,,Warangal
158661,2020-2021,Telangana,36,Jangoan,689.0,Net Irrigated Area,Tank,Tank,8285.0,Warangal
158662,2020-2021,Telangana,36,Jangoan,689.0,Net Irrigated Area,Well,Other Well,6175.0,Warangal
158663,2020-2021,Telangana,36,Jangoan,689.0,Net Irrigated Area,Well,Tubewell,62400.0,Warangal
158664,2020-2021,Telangana,36,Jayashankar Bhupalapally,687.0,Gross Irrigated Area,Canal,Government,67181.0,Warangal
158665,2020-2021,Telangana,36,Jayashankar Bhupalapally,687.0,Gross Irrigated Area,Canal,Private,,Warangal
158666,2020-2021,Telangana,36,Jayashankar Bhupalapally,687.0,Gross Irrigated Area,Other Source,Other Source,1169.0,Warangal
158667,2020-2021,Telangana,36,Jayashankar Bhupalapally,687.0,Gross Irrigated Area,Tank,Tank,17704.0,Warangal
158668,2020-2021,Telangana,36,Jayashankar Bhupalapally,687.0,Gross Irrigated Area,Well,Other Well,9186.0,Warangal
158669,2020-2021,Telangana,36,Jayashankar Bhupalapally,687.0,Gross Irrigated Area,Well,Tubewell,13206.0,Warangal
158670,2020-2021,Telangana,36,Jayashankar Bhupalapally,687.0,Net Irrigated Area,Canal,Government,4076.0,Warangal
158671,2020-2021,Telangana,36,Jayashankar Bhupalapally,687.0,Net Irrigated Area,Canal,Private,,Warangal
158672,2020-2021,Telangana,36,Jayashankar Bhupalapally,687.0,Net Irrigated Area,Other Source,Other Source,877.0,Warangal
158673,2020-2021,Telangana,36,Jayashankar Bhupalapally,687.0,Net Irrigated Area,Tank,Tank,11861.0,Warangal
158674,2020-2021,Telangana,36,Jayashankar Bhupalapally,687.0,Net Irrigated Area,Well,Other Well,5516.0,Warangal
158675,2020-2021,Telangana,36,Jayashankar Bhupalapally,687.0,Net Irrigated Area,Well,Tubewell,7989.0,Warangal
158676,2020-2021,Telangana,36,Jogulamba Gadwal,695.0,Gross Irrigated Area,Canal,Government,109935.0,Mahabubnagar
158677,2020-2021,Telangana,36,Jogulamba Gadwal,695.0,Gross Irrigated Area,Canal,Private,,Mahabubnagar
158678,2020-2021,Telangana,36,Jogulamba Gadwal,695.0,Gross Irrigated Area,Other Source,Other Source,5545.0,Mahabubnagar
158679,2020-2021,Telangana,36,Jogulamba Gadwal,695.0,Gross Irrigated Area,Tank,Tank,643.0,Mahabubnagar
158680,2020-2021,Telangana,36,Jogulamba Gadwal,695.0,Gross Irrigated Area,Well,Other Well,3172.0,Mahabubnagar
158681,2020-2021,Telangana,36,Jogulamba Gadwal,695.0,Gross Irrigated Area,Well,Tubewell,42127.0,Mahabubnagar
158682,2020-2021,Telangana,36,Jogulamba Gadwal,695.0,Net Irrigated Area,Canal,Government,86849.0,Mahabubnagar
158683,2020-2021,Telangana,36,Jogulamba Gadwal,695.0,Net Irrigated Area,Canal,Private,,Mahabubnagar
158684,2020-2021,Telangana,36,Jogulamba Gadwal,695.0,Net Irrigated Area,Other Source,Other Source,4159.0,Mahabubnagar
158685,2020-2021,Telangana,36,Jogulamba Gadwal,695.0,Net Irrigated Area,Tank,Tank,586.0,Mahabubnagar
158686,2020-2021,Telangana,36,Jogulamba Gadwal,695.0,Net Irrigated Area,Well,Other Well,2731.0,Mahabubnagar
158687,2020-2021,Telangana,36,Jogulamba Gadwal,695.0,Net Irrigated Area,Well,Tubewell,31962.0,Mahabubnagar
158688,2020-2021,Telangana,36,Kamareddy,685.0,Gross Irrigated Area,Canal,Government,62789.0,Nizamabad
158689,2020-2021,Telangana,36,Kamareddy,685.0,Gross Irrigated Area,Canal,Private,,Nizamabad
158690,2020-2021,Telangana,36,Kamareddy,685.0,Gross Irrigated Area,Other Source,Other Source,314.0,Nizamabad
158691,2020-2021,Telangana,36,Kamareddy,685.0,Gross Irrigated Area,Tank,Tank,10427.0,Nizamabad
158692,2020-2021,Telangana,36,Kamareddy,685.0,Gross Irrigated Area,Well,Other Well,1523.0,Nizamabad
158693,2020-2021,Telangana,36,Kamareddy,685.0,Gross Irrigated Area,Well,Tubewell,150737.0,Nizamabad
158694,2020-2021,Telangana,36,Kamareddy,685.0,Net Irrigated Area,Canal,Government,39557.0,Nizamabad
158695,2020-2021,Telangana,36,Kamareddy,685.0,Net Irrigated Area,Canal,Private,,Nizamabad
158696,2020-2021,Telangana,36,Kamareddy,685.0,Net Irrigated Area,Other Source,Other Source,217.0,Nizamabad
158697,2020-2021,Telangana,36,Kamareddy,685.0,Net Irrigated Area,Tank,Tank,7507.0,Nizamabad
158698,2020-2021,Telangana,36,Kamareddy,685.0,Net Irrigated Area,Well,Other Well,1523.0,Nizamabad
158699,2020-2021,Telangana,36,Kamareddy,685.0,Net Irrigated Area,Well,Tubewell,79104.0,Nizamabad
158700,2020-2021,Telangana,36,Karimnagar,508.0,Gross Irrigated Area,Canal,Government,149798.0,Karimnagar
158701,2020-2021,Telangana,36,Karimnagar,508.0,Gross Irrigated Area,Canal,Private,,Karimnagar
158702,2020-2021,Telangana,36,Karimnagar,508.0,Gross Irrigated Area,Other Source,Other Source,486.0,Karimnagar
158703,2020-2021,Telangana,36,Karimnagar,508.0,Gross Irrigated Area,Tank,Tank,9375.0,Karimnagar
158704,2020-2021,Telangana,36,Karimnagar,508.0,Gross Irrigated Area,Well,Other Well,71489.0,Karimnagar
158705,2020-2021,Telangana,36,Karimnagar,508.0,Gross Irrigated Area,Well,Tubewell,8795.0,Karimnagar
158706,2020-2021,Telangana,36,Karimnagar,508.0,Net Irrigated Area,Canal,Government,83887.0,Karimnagar
158707,2020-2021,Telangana,36,Karimnagar,508.0,Net Irrigated Area,Canal,Private,,Karimnagar
158708,2020-2021,Telangana,36,Karimnagar,508.0,Net Irrigated Area,Other Source,Other Source,325.0,Karimnagar
158709,2020-2021,Telangana,36,Karimnagar,508.0,Net Irrigated Area,Tank,Tank,5719.0,Karimnagar
158710,2020-2021,Telangana,36,Karimnagar,508.0,Net Irrigated Area,Well,Other Well,41821.0,Karimnagar
158711,2020-2021,Telangana,36,Karimnagar,508.0,Net Irrigated Area,Well,Tubewell,5775.0,Karimnagar
158712,2020-2021,Telangana,36,Khammam,509.0,Gross Irrigated Area,Canal,Government,313205.0,Khammam
158713,2020-2021,Telangana,36,Khammam,509.0,Gross Irrigated Area,Canal,Private,,Khammam
158714,2020-2021,Telangana,36,Khammam,509.0,Gross Irrigated Area,Other Source,Other Source,2958.0,Khammam
158715,2020-2021,Telangana,36,Khammam,509.0,Gross Irrigated Area,Tank,Tank,18484.0,Khammam
158716,2020-2021,Telangana,36,Khammam,509.0,Gross Irrigated Area,Well,Other Well,5797.0,Khammam
158717,2020-2021,Telangana,36,Khammam,509.0,Gross Irrigated Area,Well,Tubewell,12285.0,Khammam
158718,2020-2021,Telangana,36,Khammam,509.0,Net Irrigated Area,Canal,Government,188867.0,Khammam
158719,2020-2021,Telangana,36,Khammam,509.0,Net Irrigated Area,Canal,Private,,Khammam
158720,2020-2021,Telangana,36,Khammam,509.0,Net Irrigated Area,Other Source,Other Source,1449.0,Khammam
158721,2020-2021,Telangana,36,Khammam,509.0,Net Irrigated Area,Tank,Tank,12015.0,Khammam
158722,2020-2021,Telangana,36,Khammam,509.0,Net Irrigated Area,Well,Other Well,4155.0,Khammam
158723,2020-2021,Telangana,36,Khammam,509.0,Net Irrigated Area,Well,Tubewell,7601.0,Khammam
158724,2020-2021,Telangana,36,Kumuram Bheem Asifabad,699.0,Gross Irrigated Area,Canal,Government,74699.0,Adilabad
158725,2020-2021,Telangana,36,Kumuram Bheem Asifabad,699.0,Gross Irrigated Area,Canal,Private,,Adilabad
158726,2020-2021,Telangana,36,Kumuram Bheem Asifabad,699.0,Gross Irrigated Area,Other Source,Other Source,960.0,Adilabad
158727,2020-2021,Telangana,36,Kumuram Bheem Asifabad,699.0,Gross Irrigated Area,Tank,Tank,6528.0,Adilabad
158728,2020-2021,Telangana,36,Kumuram Bheem Asifabad,699.0,Gross Irrigated Area,Well,Other Well,683.0,Adilabad
158729,2020-2021,Telangana,36,Kumuram Bheem Asifabad,699.0,Gross Irrigated Area,Well,Tubewell,5005.0,Adilabad
158730,2020-2021,Telangana,36,Kumuram Bheem Asifabad,699.0,Net Irrigated Area,Canal,Government,47443.0,Adilabad
158731,2020-2021,Telangana,36,Kumuram Bheem Asifabad,699.0,Net Irrigated Area,Canal,Private,,Adilabad
158732,2020-2021,Telangana,36,Kumuram Bheem Asifabad,699.0,Net Irrigated Area,Other Source,Other Source,518.0,Adilabad
158733,2020-2021,Telangana,36,Kumuram Bheem Asifabad,699.0,Net Irrigated Area,Tank,Tank,5810.0,Adilabad
158734,2020-2021,Telangana,36,Kumuram Bheem Asifabad,699.0,Net Irrigated Area,Well,Other Well,410.0,Adilabad
158735,2020-2021,Telangana,36,Kumuram Bheem Asifabad,699.0,Net Irrigated Area,Well,Tubewell,2480.0,Adilabad
158736,2020-2021,Telangana,36,Mahabubabad,688.0,Gross Irrigated Area,Canal,Government,98114.0,Warangal
158737,2020-2021,Telangana,36,Mahabubabad,688.0,Gross Irrigated Area,Canal,Private,,Warangal
158738,2020-2021,Telangana,36,Mahabubabad,688.0,Gross Irrigated Area,Other Source,Other Source,291.0,Warangal
158739,2020-2021,Telangana,36,Mahabubabad,688.0,Gross Irrigated Area,Tank,Tank,13753.0,Warangal
158740,2020-2021,Telangana,36,Mahabubabad,688.0,Gross Irrigated Area,Well,Other Well,64682.0,Warangal
158741,2020-2021,Telangana,36,Mahabubabad,688.0,Gross Irrigated Area,Well,Tubewell,23902.0,Warangal
158742,2020-2021,Telangana,36,Mahabubabad,688.0,Net Irrigated Area,Canal,Government,40607.0,Warangal
158743,2020-2021,Telangana,36,Mahabubabad,688.0,Net Irrigated Area,Canal,Private,,Warangal
158744,2020-2021,Telangana,36,Mahabubabad,688.0,Net Irrigated Area,Other Source,Other Source,291.0,Warangal
158745,2020-2021,Telangana,36,Mahabubabad,688.0,Net Irrigated Area,Tank,Tank,7977.0,Warangal
158746,2020-2021,Telangana,36,Mahabubabad,688.0,Net Irrigated Area,Well,Other Well,51594.0,Warangal
158747,2020-2021,Telangana,36,Mahabubabad,688.0,Net Irrigated Area,Well,Tubewell,15968.0,Warangal
158748,2020-2021,Telangana,36,Mahabubnagar,512.0,Gross Irrigated Area,Canal,Government,109497.0,Mahabubnagar
158749,2020-2021,Telangana,36,Mahabubnagar,512.0,Gross Irrigated Area,Canal,Private,,Mahabubnagar
158750,2020-2021,Telangana,36,Mahabubnagar,512.0,Gross Irrigated Area,Other Source,Other Source,,Mahabubnagar
158751,2020-2021,Telangana,36,Mahabubnagar,512.0,Gross Irrigated Area,Tank,Tank,5756.0,Mahabubnagar
158752,2020-2021,Telangana,36,Mahabubnagar,512.0,Gross Irrigated Area,Well,Other Well,,Mahabubnagar
158753,2020-2021,Telangana,36,Mahabubnagar,512.0,Gross Irrigated Area,Well,Tubewell,8166.0,Mahabubnagar
158754,2020-2021,Telangana,36,Mahabubnagar,512.0,Net Irrigated Area,Canal,Government,61318.0,Mahabubnagar
158755,2020-2021,Telangana,36,Mahabubnagar,512.0,Net Irrigated Area,Canal,Private,,Mahabubnagar
158756,2020-2021,Telangana,36,Mahabubnagar,512.0,Net Irrigated Area,Other Source,Other Source,,Mahabubnagar
158757,2020-2021,Telangana,36,Mahabubnagar,512.0,Net Irrigated Area,Tank,Tank,4317.0,Mahabubnagar
158758,2020-2021,Telangana,36,Mahabubnagar,512.0,Net Irrigated Area,Well,Other Well,,Mahabubnagar
158759,2020-2021,Telangana,36,Mahabubnagar,512.0,Net Irrigated Area,Well,Tubewell,4823.0,Mahabubnagar
158760,2020-2021,Telangana,36,Mancherial,684.0,Gross Irrigated Area,Canal,Government,54667.0,Adilabad
158761,2020-2021,Telangana,36,Mancherial,684.0,Gross Irrigated Area,Canal,Private,,Adilabad
158762,2020-2021,Telangana,36,Mancherial,684.0,Gross Irrigated Area,Other Source,Other Source,803.0,Adilabad
158763,2020-2021,Telangana,36,Mancherial,684.0,Gross Irrigated Area,Tank,Tank,9486.0,Adilabad
158764,2020-2021,Telangana,36,Mancherial,684.0,Gross Irrigated Area,Well,Other Well,17923.0,Adilabad
158765,2020-2021,Telangana,36,Mancherial,684.0,Gross Irrigated Area,Well,Tubewell,38067.0,Adilabad
158766,2020-2021,Telangana,36,Mancherial,684.0,Net Irrigated Area,Canal,Government,36357.0,Adilabad
158767,2020-2021,Telangana,36,Mancherial,684.0,Net Irrigated Area,Canal,Private,,Adilabad
158768,2020-2021,Telangana,36,Mancherial,684.0,Net Irrigated Area,Other Source,Other Source,642.0,Adilabad
158769,2020-2021,Telangana,36,Mancherial,684.0,Net Irrigated Area,Tank,Tank,7209.0,Adilabad
158770,2020-2021,Telangana,36,Mancherial,684.0,Net Irrigated Area,Well,Other Well,8402.0,Adilabad
158771,2020-2021,Telangana,36,Mancherial,684.0,Net Irrigated Area,Well,Tubewell,22483.0,Adilabad
158772,2020-2021,Telangana,36,Medak,513.0,Gross Irrigated Area,Canal,Government,63269.0,Medak
158773,2020-2021,Telangana,36,Medak,513.0,Gross Irrigated Area,Canal,Private,,Medak
158774,2020-2021,Telangana,36,Medak,513.0,Gross Irrigated Area,Other Source,Other Source,90.0,Medak
158775,2020-2021,Telangana,36,Medak,513.0,Gross Irrigated Area,Tank,Tank,5182.0,Medak
158776,2020-2021,Telangana,36,Medak,513.0,Gross Irrigated Area,Well,Other Well,,Medak
158777,2020-2021,Telangana,36,Medak,513.0,Gross Irrigated Area,Well,Tubewell,85683.0,Medak
158778,2020-2021,Telangana,36,Medak,513.0,Net Irrigated Area,Canal,Government,33158.0,Medak
158779,2020-2021,Telangana,36,Medak,513.0,Net Irrigated Area,Canal,Private,,Medak
158780,2020-2021,Telangana,36,Medak,513.0,Net Irrigated Area,Other Source,Other Source,40.0,Medak
158781,2020-2021,Telangana,36,Medak,513.0,Net Irrigated Area,Tank,Tank,3939.0,Medak
158782,2020-2021,Telangana,36,Medak,513.0,Net Irrigated Area,Well,Other Well,,Medak
158783,2020-2021,Telangana,36,Medak,513.0,Net Irrigated Area,Well,Tubewell,58632.0,Medak
158784,2020-2021,Telangana,36,Medchal Malkajgiri,700.0,Gross Irrigated Area,Canal,Government,,Ranga Reddy
158785,2020-2021,Telangana,36,Medchal Malkajgiri,700.0,Gross Irrigated Area,Canal,Private,,Ranga Reddy
158786,2020-2021,Telangana,36,Medchal Malkajgiri,700.0,Gross Irrigated Area,Other Source,Other Source,755.0,Ranga Reddy
158787,2020-2021,Telangana,36,Medchal Malkajgiri,700.0,Gross Irrigated Area,Tank,Tank,356.0,Ranga Reddy
158788,2020-2021,Telangana,36,Medchal Malkajgiri,700.0,Gross Irrigated Area,Well,Other Well,,Ranga Reddy
158789,2020-2021,Telangana,36,Medchal Malkajgiri,700.0,Gross Irrigated Area,Well,Tubewell,16893.0,Ranga Reddy
158790,2020-2021,Telangana,36,Medchal Malkajgiri,700.0,Net Irrigated Area,Canal,Government,,Ranga Reddy
158791,2020-2021,Telangana,36,Medchal Malkajgiri,700.0,Net Irrigated Area,Canal,Private,,Ranga Reddy
158792,2020-2021,Telangana,36,Medchal Malkajgiri,700.0,Net Irrigated Area,Other Source,Other Source,506.0,Ranga Reddy
158793,2020-2021,Telangana,36,Medchal Malkajgiri,700.0,Net Irrigated Area,Tank,Tank,356.0,Ranga Reddy
158794,2020-2021,Telangana,36,Medchal Malkajgiri,700.0,Net Irrigated Area,Well,Other Well,,Ranga Reddy
158795,2020-2021,Telangana,36,Medchal Malkajgiri,700.0,Net Irrigated Area,Well,Tubewell,12015.0,Ranga Reddy
158796,2020-2021,Telangana,36,Mulugu,720.0,Gross Irrigated Area,Canal,Government,54884.0,Warangal
158797,2020-2021,Telangana,36,Mulugu,720.0,Gross Irrigated Area,Canal,Private,,Warangal
158798,2020-2021,Telangana,36,Mulugu,720.0,Gross Irrigated Area,Other Source,Other Source,670.0,Warangal
158799,2020-2021,Telangana,36,Mulugu,720.0,Gross Irrigated Area,Tank,Tank,14926.0,Warangal
158800,2020-2021,Telangana,36,Mulugu,720.0,Gross Irrigated Area,Well,Other Well,149.0,Warangal
158801,2020-2021,Telangana,36,Mulugu,720.0,Gross Irrigated Area,Well,Tubewell,1969.0,Warangal
158802,2020-2021,Telangana,36,Mulugu,720.0,Net Irrigated Area,Canal,Government,12567.0,Warangal
158803,2020-2021,Telangana,36,Mulugu,720.0,Net Irrigated Area,Canal,Private,,Warangal
158804,2020-2021,Telangana,36,Mulugu,720.0,Net Irrigated Area,Other Source,Other Source,476.0,Warangal
158805,2020-2021,Telangana,36,Mulugu,720.0,Net Irrigated Area,Tank,Tank,12389.0,Warangal
158806,2020-2021,Telangana,36,Mulugu,720.0,Net Irrigated Area,Well,Other Well,119.0,Warangal
158807,2020-2021,Telangana,36,Mulugu,720.0,Net Irrigated Area,Well,Tubewell,1281.0,Warangal
158808,2020-2021,Telangana,36,Nagarkurnool,694.0,Gross Irrigated Area,Canal,Government,94905.0,Mahabubnagar
158809,2020-2021,Telangana,36,Nagarkurnool,694.0,Gross Irrigated Area,Canal,Private,,Mahabubnagar
158810,2020-2021,Telangana,36,Nagarkurnool,694.0,Gross Irrigated Area,Other Source,Other Source,8095.0,Mahabubnagar
158811,2020-2021,Telangana,36,Nagarkurnool,694.0,Gross Irrigated Area,Tank,Tank,2366.0,Mahabubnagar
158812,2020-2021,Telangana,36,Nagarkurnool,694.0,Gross Irrigated Area,Well,Other Well,737.0,Mahabubnagar
158813,2020-2021,Telangana,36,Nagarkurnool,694.0,Gross Irrigated Area,Well,Tubewell,72864.0,Mahabubnagar
158814,2020-2021,Telangana,36,Nagarkurnool,694.0,Net Irrigated Area,Canal,Government,92952.0,Mahabubnagar
158815,2020-2021,Telangana,36,Nagarkurnool,694.0,Net Irrigated Area,Canal,Private,,Mahabubnagar
158816,2020-2021,Telangana,36,Nagarkurnool,694.0,Net Irrigated Area,Other Source,Other Source,8095.0,Mahabubnagar
158817,2020-2021,Telangana,36,Nagarkurnool,694.0,Net Irrigated Area,Tank,Tank,2248.0,Mahabubnagar
158818,2020-2021,Telangana,36,Nagarkurnool,694.0,Net Irrigated Area,Well,Other Well,667.0,Mahabubnagar
158819,2020-2021,Telangana,36,Nagarkurnool,694.0,Net Irrigated Area,Well,Tubewell,68845.0,Mahabubnagar
158820,2020-2021,Telangana,36,Nalgonda,514.0,Gross Irrigated Area,Canal,Government,387751.0,Nalgonda
158821,2020-2021,Telangana,36,Nalgonda,514.0,Gross Irrigated Area,Canal,Private,,Nalgonda
158822,2020-2021,Telangana,36,Nalgonda,514.0,Gross Irrigated Area,Other Source,Other Source,1784.0,Nalgonda
158823,2020-2021,Telangana,36,Nalgonda,514.0,Gross Irrigated Area,Tank,Tank,9993.0,Nalgonda
158824,2020-2021,Telangana,36,Nalgonda,514.0,Gross Irrigated Area,Well,Other Well,175.0,Nalgonda
158825,2020-2021,Telangana,36,Nalgonda,514.0,Gross Irrigated Area,Well,Tubewell,8560.0,Nalgonda
158826,2020-2021,Telangana,36,Nalgonda,514.0,Net Irrigated Area,Canal,Government,209593.0,Nalgonda
158827,2020-2021,Telangana,36,Nalgonda,514.0,Net Irrigated Area,Canal,Private,,Nalgonda
158828,2020-2021,Telangana,36,Nalgonda,514.0,Net Irrigated Area,Other Source,Other Source,963.0,Nalgonda
158829,2020-2021,Telangana,36,Nalgonda,514.0,Net Irrigated Area,Tank,Tank,6696.0,Nalgonda
158830,2020-2021,Telangana,36,Nalgonda,514.0,Net Irrigated Area,Well,Other Well,106.0,Nalgonda
158831,2020-2021,Telangana,36,Nalgonda,514.0,Net Irrigated Area,Well,Tubewell,4910.0,Nalgonda
158832,2020-2021,Telangana,36,Narayanpet,721.0,Gross Irrigated Area,Canal,Government,56438.0,Mahabubnagar
158833,2020-2021,Telangana,36,Narayanpet,721.0,Gross Irrigated Area,Canal,Private,,Mahabubnagar
158834,2020-2021,Telangana,36,Narayanpet,721.0,Gross Irrigated Area,Other Source,Other Source,5264.0,Mahabubnagar
158836,2020-2021,Telangana,36,Narayanpet,721.0,Gross Irrigated Area,Well,Other Well,,Mahabubnagar
158837,2020-2021,Telangana,36,Narayanpet,721.0,Gross Irrigated Area,Well,Tubewell,26443.0,Mahabubnagar
158838,2020-2021,Telangana,36,Narayanpet,721.0,Net Irrigated Area,Canal,Government,31995.0,Mahabubnagar
158839,2020-2021,Telangana,36,Narayanpet,721.0,Net Irrigated Area,Canal,Private,,Mahabubnagar
158840,2020-2021,Telangana,36,Narayanpet,721.0,Net Irrigated Area,Other Source,Other Source,3685.0,Mahabubnagar
158841,2020-2021,Telangana,36,Narayanpet,721.0,Net Irrigated Area,Tank,Tank,599.0,Mahabubnagar
158842,2020-2021,Telangana,36,Narayanpet,721.0,Net Irrigated Area,Well,Other Well,,Mahabubnagar
158843,2020-2021,Telangana,36,Narayanpet,721.0,Net Irrigated Area,Well,Tubewell,13315.0,Mahabubnagar
158844,2020-2021,Telangana,36,Nirmal,680.0,Gross Irrigated Area,Canal,Government,84728.0,Adilabad
158845,2020-2021,Telangana,36,Nirmal,680.0,Gross Irrigated Area,Canal,Private,,Adilabad
158846,2020-2021,Telangana,36,Nirmal,680.0,Gross Irrigated Area,Other Source,Other Source,2040.0,Adilabad
158847,2020-2021,Telangana,36,Nirmal,680.0,Gross Irrigated Area,Tank,Tank,9572.0,Adilabad
158848,2020-2021,Telangana,36,Nirmal,680.0,Gross Irrigated Area,Well,Other Well,11226.0,Adilabad
158849,2020-2021,Telangana,36,Nirmal,680.0,Gross Irrigated Area,Well,Tubewell,51130.0,Adilabad
158850,2020-2021,Telangana,36,Nirmal,680.0,Net Irrigated Area,Canal,Government,41728.0,Adilabad
158851,2020-2021,Telangana,36,Nirmal,680.0,Net Irrigated Area,Canal,Private,,Adilabad
158852,2020-2021,Telangana,36,Nirmal,680.0,Net Irrigated Area,Other Source,Other Source,1163.0,Adilabad
158853,2020-2021,Telangana,36,Nirmal,680.0,Net Irrigated Area,Tank,Tank,6413.0,Adilabad
158854,2020-2021,Telangana,36,Nirmal,680.0,Net Irrigated Area,Well,Other Well,6358.0,Adilabad
158855,2020-2021,Telangana,36,Nirmal,680.0,Net Irrigated Area,Well,Tubewell,24948.0,Adilabad
158856,2020-2021,Telangana,36,Nizamabad,516.0,Gross Irrigated Area,Canal,Government,200028.0,Nizamabad
158857,2020-2021,Telangana,36,Nizamabad,516.0,Gross Irrigated Area,Canal,Private,,Nizamabad
158858,2020-2021,Telangana,36,Nizamabad,516.0,Gross Irrigated Area,Other Source,Other Source,6985.0,Nizamabad
158859,2020-2021,Telangana,36,Nizamabad,516.0,Gross Irrigated Area,Tank,Tank,5238.0,Nizamabad
158860,2020-2021,Telangana,36,Nizamabad,516.0,Gross Irrigated Area,Well,Other Well,1813.0,Nizamabad
158861,2020-2021,Telangana,36,Nizamabad,516.0,Gross Irrigated Area,Well,Tubewell,179430.0,Nizamabad
158862,2020-2021,Telangana,36,Nizamabad,516.0,Net Irrigated Area,Canal,Government,111158.0,Nizamabad
158863,2020-2021,Telangana,36,Nizamabad,516.0,Net Irrigated Area,Canal,Private,,Nizamabad
158864,2020-2021,Telangana,36,Nizamabad,516.0,Net Irrigated Area,Other Source,Other Source,3912.0,Nizamabad
158865,2020-2021,Telangana,36,Nizamabad,516.0,Net Irrigated Area,Tank,Tank,3509.0,Nizamabad
158866,2020-2021,Telangana,36,Nizamabad,516.0,Net Irrigated Area,Well,Other Well,1152.0,Nizamabad
158867,2020-2021,Telangana,36,Nizamabad,516.0,Net Irrigated Area,Well,Tubewell,98015.0,Nizamabad
158868,2020-2021,Telangana,36,Peddapalli,682.0,Gross Irrigated Area,Canal,Government,160804.0,Karimnagar
158869,2020-2021,Telangana,36,Peddapalli,682.0,Gross Irrigated Area,Canal,Private,,Karimnagar
158870,2020-2021,Telangana,36,Peddapalli,682.0,Gross Irrigated Area,Other Source,Other Source,341.0,Karimnagar
158871,2020-2021,Telangana,36,Peddapalli,682.0,Gross Irrigated Area,Tank,Tank,16733.0,Karimnagar
158872,2020-2021,Telangana,36,Peddapalli,682.0,Gross Irrigated Area,Well,Other Well,5954.0,Karimnagar
158873,2020-2021,Telangana,36,Peddapalli,682.0,Gross Irrigated Area,Well,Tubewell,1537.0,Karimnagar
158874,2020-2021,Telangana,36,Peddapalli,682.0,Net Irrigated Area,Canal,Government,75578.0,Karimnagar
158875,2020-2021,Telangana,36,Peddapalli,682.0,Net Irrigated Area,Canal,Private,,Karimnagar
158876,2020-2021,Telangana,36,Peddapalli,682.0,Net Irrigated Area,Other Source,Other Source,184.0,Karimnagar
158877,2020-2021,Telangana,36,Peddapalli,682.0,Net Irrigated Area,Tank,Tank,10039.0,Karimnagar
158878,2020-2021,Telangana,36,Peddapalli,682.0,Net Irrigated Area,Well,Other Well,3993.0,Karimnagar
158879,2020-2021,Telangana,36,Peddapalli,682.0,Net Irrigated Area,Well,Tubewell,993.0,Karimnagar
158880,2020-2021,Telangana,36,Rajanna Sircilla,683.0,Gross Irrigated Area,Canal,Government,31204.0,Karimnagar
158881,2020-2021,Telangana,36,Rajanna Sircilla,683.0,Gross Irrigated Area,Canal,Private,,Karimnagar
158882,2020-2021,Telangana,36,Rajanna Sircilla,683.0,Gross Irrigated Area,Other Source,Other Source,948.0,Karimnagar
158883,2020-2021,Telangana,36,Rajanna Sircilla,683.0,Gross Irrigated Area,Tank,Tank,8320.0,Karimnagar
158884,2020-2021,Telangana,36,Rajanna Sircilla,683.0,Gross Irrigated Area,Well,Other Well,31912.0,Karimnagar
158885,2020-2021,Telangana,36,Rajanna Sircilla,683.0,Gross Irrigated Area,Well,Tubewell,61896.0,Karimnagar
158886,2020-2021,Telangana,36,Rajanna Sircilla,683.0,Net Irrigated Area,Canal,Government,29670.0,Karimnagar
158887,2020-2021,Telangana,36,Rajanna Sircilla,683.0,Net Irrigated Area,Canal,Private,,Karimnagar
158888,2020-2021,Telangana,36,Rajanna Sircilla,683.0,Net Irrigated Area,Other Source,Other Source,635.0,Karimnagar
158889,2020-2021,Telangana,36,Rajanna Sircilla,683.0,Net Irrigated Area,Tank,Tank,7904.0,Karimnagar
158890,2020-2021,Telangana,36,Rajanna Sircilla,683.0,Net Irrigated Area,Well,Other Well,19033.0,Karimnagar
158891,2020-2021,Telangana,36,Rajanna Sircilla,683.0,Net Irrigated Area,Well,Tubewell,34729.0,Karimnagar
158892,2020-2021,Telangana,36,Ranga Reddy,518.0,Gross Irrigated Area,Canal,Government,,Ranga Reddy
158893,2020-2021,Telangana,36,Ranga Reddy,518.0,Gross Irrigated Area,Canal,Private,,Ranga Reddy
158894,2020-2021,Telangana,36,Ranga Reddy,518.0,Gross Irrigated Area,Other Source,Other Source,3125.0,Ranga Reddy
158895,2020-2021,Telangana,36,Ranga Reddy,518.0,Gross Irrigated Area,Tank,Tank,796.0,Ranga Reddy
158896,2020-2021,Telangana,36,Ranga Reddy,518.0,Gross Irrigated Area,Well,Other Well,,Ranga Reddy
158897,2020-2021,Telangana,36,Ranga Reddy,518.0,Gross Irrigated Area,Well,Tubewell,98410.0,Ranga Reddy
158898,2020-2021,Telangana,36,Ranga Reddy,518.0,Net Irrigated Area,Canal,Government,,Ranga Reddy
158899,2020-2021,Telangana,36,Ranga Reddy,518.0,Net Irrigated Area,Canal,Private,,Ranga Reddy
158900,2020-2021,Telangana,36,Ranga Reddy,518.0,Net Irrigated Area,Other Source,Other Source,2218.0,Ranga Reddy
158901,2020-2021,Telangana,36,Ranga Reddy,518.0,Net Irrigated Area,Tank,Tank,,Ranga Reddy
158902,2020-2021,Telangana,36,Ranga Reddy,518.0,Net Irrigated Area,Well,Other Well,,Ranga Reddy
158903,2020-2021,Telangana,36,Ranga Reddy,518.0,Net Irrigated Area,Well,Tubewell,59996.0,Ranga Reddy
158904,2020-2021,Telangana,36,Sangareddy,691.0,Gross Irrigated Area,Canal,Government,34693.0,Medak
158905,2020-2021,Telangana,36,Sangareddy,691.0,Gross Irrigated Area,Canal,Private,,Medak
158906,2020-2021,Telangana,36,Sangareddy,691.0,Gross Irrigated Area,Other Source,Other Source,126.0,Medak
158907,2020-2021,Telangana,36,Sangareddy,691.0,Gross Irrigated Area,Tank,Tank,5150.0,Medak
158908,2020-2021,Telangana,36,Sangareddy,691.0,Gross Irrigated Area,Well,Other Well,601.0,Medak
158909,2020-2021,Telangana,36,Sangareddy,691.0,Gross Irrigated Area,Well,Tubewell,59544.0,Medak
158910,2020-2021,Telangana,36,Sangareddy,691.0,Net Irrigated Area,Canal,Government,17463.0,Medak
158911,2020-2021,Telangana,36,Sangareddy,691.0,Net Irrigated Area,Canal,Private,,Medak
158912,2020-2021,Telangana,36,Sangareddy,691.0,Net Irrigated Area,Other Source,Other Source,38.0,Medak
158913,2020-2021,Telangana,36,Sangareddy,691.0,Net Irrigated Area,Tank,Tank,3811.0,Medak
158914,2020-2021,Telangana,36,Sangareddy,691.0,Net Irrigated Area,Well,Other Well,584.0,Medak
158915,2020-2021,Telangana,36,Sangareddy,691.0,Net Irrigated Area,Well,Tubewell,43903.0,Medak
158916,2020-2021,Telangana,36,Siddipet,692.0,Gross Irrigated Area,Canal,Government,104400.0,Medak
158917,2020-2021,Telangana,36,Siddipet,692.0,Gross Irrigated Area,Canal,Private,,Medak
158918,2020-2021,Telangana,36,Siddipet,692.0,Gross Irrigated Area,Other Source,Other Source,31.0,Medak
158919,2020-2021,Telangana,36,Siddipet,692.0,Gross Irrigated Area,Tank,Tank,6789.0,Medak
158920,2020-2021,Telangana,36,Siddipet,692.0,Gross Irrigated Area,Well,Other Well,25017.0,Medak
158921,2020-2021,Telangana,36,Siddipet,692.0,Gross Irrigated Area,Well,Tubewell,88666.0,Medak
158922,2020-2021,Telangana,36,Siddipet,692.0,Net Irrigated Area,Canal,Government,62688.0,Medak
158923,2020-2021,Telangana,36,Siddipet,692.0,Net Irrigated Area,Canal,Private,,Medak
158924,2020-2021,Telangana,36,Siddipet,692.0,Net Irrigated Area,Other Source,Other Source,31.0,Medak
158925,2020-2021,Telangana,36,Siddipet,692.0,Net Irrigated Area,Tank,Tank,5634.0,Medak
158926,2020-2021,Telangana,36,Siddipet,692.0,Net Irrigated Area,Well,Other Well,18378.0,Medak
158927,2020-2021,Telangana,36,Siddipet,692.0,Net Irrigated Area,Well,Tubewell,69348.0,Medak
158928,2020-2021,Telangana,36,Suryapet,696.0,Gross Irrigated Area,Canal,Government,314719.0,Nalgonda
158929,2020-2021,Telangana,36,Suryapet,696.0,Gross Irrigated Area,Canal,Private,,Nalgonda
158930,2020-2021,Telangana,36,Suryapet,696.0,Gross Irrigated Area,Other Source,Other Source,5193.0,Nalgonda
158931,2020-2021,Telangana,36,Suryapet,696.0,Gross Irrigated Area,Tank,Tank,3628.0,Nalgonda
158932,2020-2021,Telangana,36,Suryapet,696.0,Gross Irrigated Area,Well,Other Well,7698.0,Nalgonda
158933,2020-2021,Telangana,36,Suryapet,696.0,Gross Irrigated Area,Well,Tubewell,21873.0,Nalgonda
158934,2020-2021,Telangana,36,Suryapet,696.0,Net Irrigated Area,Canal,Government,165564.0,Nalgonda
158935,2020-2021,Telangana,36,Suryapet,696.0,Net Irrigated Area,Canal,Private,,Nalgonda
158936,2020-2021,Telangana,36,Suryapet,696.0,Net Irrigated Area,Other Source,Other Source,2908.0,Nalgonda
158937,2020-2021,Telangana,36,Suryapet,696.0,Net Irrigated Area,Tank,Tank,2213.0,Nalgonda
158938,2020-2021,Telangana,36,Suryapet,696.0,Net Irrigated Area,Well,Other Well,4050.0,Nalgonda
158939,2020-2021,Telangana,36,Suryapet,696.0,Net Irrigated Area,Well,Tubewell,12677.0,Nalgonda
158940,2020-2021,Telangana,36,Vikarabad,698.0,Gross Irrigated Area,Canal,Government,9790.0,Ranga Reddy
158941,2020-2021,Telangana,36,Vikarabad,698.0,Gross Irrigated Area,Canal,Private,,Ranga Reddy
158942,2020-2021,Telangana,36,Vikarabad,698.0,Gross Irrigated Area,Other Source,Other Source,320.0,Ranga Reddy
158943,2020-2021,Telangana,36,Vikarabad,698.0,Gross Irrigated Area,Tank,Tank,3466.0,Ranga Reddy
158944,2020-2021,Telangana,36,Vikarabad,698.0,Gross Irrigated Area,Well,Other Well,1518.0,Ranga Reddy
158945,2020-2021,Telangana,36,Vikarabad,698.0,Gross Irrigated Area,Well,Tubewell,74331.0,Ranga Reddy
158946,2020-2021,Telangana,36,Vikarabad,698.0,Net Irrigated Area,Canal,Government,979.0,Ranga Reddy
158947,2020-2021,Telangana,36,Vikarabad,698.0,Net Irrigated Area,Canal,Private,,Ranga Reddy
158948,2020-2021,Telangana,36,Vikarabad,698.0,Net Irrigated Area,Other Source,Other Source,320.0,Ranga Reddy
158949,2020-2021,Telangana,36,Vikarabad,698.0,Net Irrigated Area,Tank,Tank,2253.0,Ranga Reddy
158950,2020-2021,Telangana,36,Vikarabad,698.0,Net Irrigated Area,Well,Other Well,1171.0,Ranga Reddy
158951,2020-2021,Telangana,36,Vikarabad,698.0,Net Irrigated Area,Well,Tubewell,49652.0,Ranga Reddy
158952,2020-2021,Telangana,36,Wanaparthy,693.0,Gross Irrigated Area,Canal,Government,132785.0,Mahabubnagar
158953,2020-2021,Telangana,36,Wanaparthy,693.0,Gross Irrigated Area,Canal,Private,,Mahabubnagar
158954,2020-2021,Telangana,36,Wanaparthy,693.0,Gross Irrigated Area,Other Source,Other Source,2743.0,Mahabubnagar
158955,2020-2021,Telangana,36,Wanaparthy,693.0,Gross Irrigated Area,Tank,Tank,1590.0,Mahabubnagar
158956,2020-2021,Telangana,36,Wanaparthy,693.0,Gross Irrigated Area,Well,Other Well,1152.0,Mahabubnagar
158957,2020-2021,Telangana,36,Wanaparthy,693.0,Gross Irrigated Area,Well,Tubewell,27616.0,Mahabubnagar
158958,2020-2021,Telangana,36,Wanaparthy,693.0,Net Irrigated Area,Canal,Government,86303.0,Mahabubnagar
158959,2020-2021,Telangana,36,Wanaparthy,693.0,Net Irrigated Area,Canal,Private,,Mahabubnagar
158960,2020-2021,Telangana,36,Wanaparthy,693.0,Net Irrigated Area,Other Source,Other Source,1947.0,Mahabubnagar
158961,2020-2021,Telangana,36,Wanaparthy,693.0,Net Irrigated Area,Tank,Tank,954.0,Mahabubnagar
158962,2020-2021,Telangana,36,Wanaparthy,693.0,Net Irrigated Area,Well,Other Well,771.0,Mahabubnagar
158963,2020-2021,Telangana,36,Wanaparthy,693.0,Net Irrigated Area,Well,Tubewell,17982.0,Mahabubnagar
158964,2020-2021,Telangana,36,Warangal,522.0,Gross Irrigated Area,Canal,Government,97823.0,Warangal
158965,2020-2021,Telangana,36,Warangal,522.0,Gross Irrigated Area,Canal,Private,,Warangal
158966,2020-2021,Telangana,36,Warangal,522.0,Gross Irrigated Area,Other Source,Other Source,238.0,Warangal
158967,2020-2021,Telangana,36,Warangal,522.0,Gross Irrigated Area,Tank,Tank,15967.0,Warangal
158968,2020-2021,Telangana,36,Warangal,522.0,Gross Irrigated Area,Well,Other Well,81545.0,Warangal
158969,2020-2021,Telangana,36,Warangal,522.0,Gross Irrigated Area,Well,Tubewell,31672.0,Warangal
158970,2020-2021,Telangana,36,Warangal,522.0,Net Irrigated Area,Canal,Government,31982.0,Warangal
158971,2020-2021,Telangana,36,Warangal,522.0,Net Irrigated Area,Canal,Private,,Warangal
158972,2020-2021,Telangana,36,Warangal,522.0,Net Irrigated Area,Other Source,Other Source,126.0,Warangal
158973,2020-2021,Telangana,36,Warangal,522.0,Net Irrigated Area,Tank,Tank,9581.0,Warangal
158974,2020-2021,Telangana,36,Warangal,522.0,Net Irrigated Area,Well,Other Well,51019.0,Warangal
158975,2020-2021,Telangana,36,Warangal,522.0,Net Irrigated Area,Well,Tubewell,19361.0,Warangal
158976,2020-2021,Telangana,36,Yadadri Bhuvanagiri,697.0,Gross Irrigated Area,Canal,Government,17237.0,Nalgonda
158977,2020-2021,Telangana,36,Yadadri Bhuvanagiri,697.0,Gross Irrigated Area,Canal,Private,,Nalgonda
158978,2020-2021,Telangana,36,Yadadri Bhuvanagiri,697.0,Gross Irrigated Area,Other Source,Other Source,,Nalgonda
158979,2020-2021,Telangana,36,Yadadri Bhuvanagiri,697.0,Gross Irrigated Area,Tank,Tank,7590.0,Nalgonda
158980,2020-2021,Telangana,36,Yadadri Bhuvanagiri,697.0,Gross Irrigated Area,Well,Other Well,18287.0,Nalgonda
158981,2020-2021,Telangana,36,Yadadri Bhuvanagiri,697.0,Gross Irrigated Area,Well,Tubewell,147953.0,Nalgonda
158982,2020-2021,Telangana,36,Yadadri Bhuvanagiri,697.0,Net Irrigated Area,Canal,Government,10599.0,Nalgonda
158983,2020-2021,Telangana,36,Yadadri Bhuvanagiri,697.0,Net Irrigated Area,Canal,Private,,Nalgonda
158984,2020-2021,Telangana,36,Yadadri Bhuvanagiri,697.0,Net Irrigated Area,Other Source,Other Source,,Nalgonda
158985,2020-2021,Telangana,36,Yadadri Bhuvanagiri,697.0,Net Irrigated Area,Tank,Tank,4882.0,Nalgonda
158986,2020-2021,Telangana,36,Yadadri Bhuvanagiri,697.0,Net Irrigated Area,Well,Other Well,12643.0,Nalgonda
158987,2020-2021,Telangana,36,Yadadri Bhuvanagiri,697.0,Net Irrigated Area,Well,Tubewell,78957.0,Nalgonda
164307,2021-2022,Telangana,36,Khammam,509.0,Gross Irrigated Area,Tank,Tank,21051.0,Khammam
164184,2021-2022,Telangana,36,Adilabad,501.0,Gross Irrigated Area,Canal,Government,55728.0,Adilabad
164185,2021-2022,Telangana,36,Adilabad,501.0,Gross Irrigated Area,Canal,Private,,Adilabad
164186,2021-2022,Telangana,36,Adilabad,501.0,Gross Irrigated Area,Other Source,Other Source,12.0,Adilabad
164187,2021-2022,Telangana,36,Adilabad,501.0,Gross Irrigated Area,Tank,Tank,6316.0,Adilabad
164188,2021-2022,Telangana,36,Adilabad,501.0,Gross Irrigated Area,Well,Other Well,4149.0,Adilabad
164189,2021-2022,Telangana,36,Adilabad,501.0,Gross Irrigated Area,Well,Tubewell,25441.0,Adilabad
164190,2021-2022,Telangana,36,Adilabad,501.0,Net Irrigated Area,Canal,Government,37895.0,Adilabad
164191,2021-2022,Telangana,36,Adilabad,501.0,Net Irrigated Area,Canal,Private,,Adilabad
164192,2021-2022,Telangana,36,Adilabad,501.0,Net Irrigated Area,Other Source,Other Source,10.0,Adilabad
164193,2021-2022,Telangana,36,Adilabad,501.0,Net Irrigated Area,Tank,Tank,4042.0,Adilabad
164194,2021-2022,Telangana,36,Adilabad,501.0,Net Irrigated Area,Well,Other Well,1203.0,Adilabad
164195,2021-2022,Telangana,36,Adilabad,501.0,Net Irrigated Area,Well,Tubewell,7901.0,Adilabad
164196,2021-2022,Telangana,36,Bhadradri Kothagudem,690.0,Gross Irrigated Area,Canal,Government,53334.0,Khammam
164197,2021-2022,Telangana,36,Bhadradri Kothagudem,690.0,Gross Irrigated Area,Canal,Private,,Khammam
164198,2021-2022,Telangana,36,Bhadradri Kothagudem,690.0,Gross Irrigated Area,Other Source,Other Source,3032.0,Khammam
164199,2021-2022,Telangana,36,Bhadradri Kothagudem,690.0,Gross Irrigated Area,Tank,Tank,26767.0,Khammam
164200,2021-2022,Telangana,36,Bhadradri Kothagudem,690.0,Gross Irrigated Area,Well,Other Well,595.0,Khammam
164201,2021-2022,Telangana,36,Bhadradri Kothagudem,690.0,Gross Irrigated Area,Well,Tubewell,58838.0,Khammam
164202,2021-2022,Telangana,36,Bhadradri Kothagudem,690.0,Net Irrigated Area,Canal,Government,49067.0,Khammam
164203,2021-2022,Telangana,36,Bhadradri Kothagudem,690.0,Net Irrigated Area,Canal,Private,,Khammam
164204,2021-2022,Telangana,36,Bhadradri Kothagudem,690.0,Net Irrigated Area,Other Source,Other Source,1971.0,Khammam
164205,2021-2022,Telangana,36,Bhadradri Kothagudem,690.0,Net Irrigated Area,Tank,Tank,23555.0,Khammam
164206,2021-2022,Telangana,36,Bhadradri Kothagudem,690.0,Net Irrigated Area,Well,Other Well,125.0,Khammam
164207,2021-2022,Telangana,36,Bhadradri Kothagudem,690.0,Net Irrigated Area,Well,Tubewell,43574.0,Khammam
164208,2021-2022,Telangana,36,Hanumakonda,686.0,Gross Irrigated Area,Canal,Government,79511.0,Warangal
164209,2021-2022,Telangana,36,Hanumakonda,686.0,Gross Irrigated Area,Canal,Private,,Warangal
164210,2021-2022,Telangana,36,Hanumakonda,686.0,Gross Irrigated Area,Other Source,Other Source,,Warangal
164211,2021-2022,Telangana,36,Hanumakonda,686.0,Gross Irrigated Area,Tank,Tank,10748.0,Warangal
164212,2021-2022,Telangana,36,Hanumakonda,686.0,Gross Irrigated Area,Well,Other Well,53489.0,Warangal
164213,2021-2022,Telangana,36,Hanumakonda,686.0,Gross Irrigated Area,Well,Tubewell,15919.0,Warangal
164214,2021-2022,Telangana,36,Hanumakonda,686.0,Net Irrigated Area,Canal,Government,46866.0,Warangal
164215,2021-2022,Telangana,36,Hanumakonda,686.0,Net Irrigated Area,Canal,Private,,Warangal
164216,2021-2022,Telangana,36,Hanumakonda,686.0,Net Irrigated Area,Other Source,Other Source,,Warangal
164217,2021-2022,Telangana,36,Hanumakonda,686.0,Net Irrigated Area,Tank,Tank,7524.0,Warangal
164218,2021-2022,Telangana,36,Hanumakonda,686.0,Net Irrigated Area,Well,Other Well,31559.0,Warangal
164219,2021-2022,Telangana,36,Hanumakonda,686.0,Net Irrigated Area,Well,Tubewell,9427.0,Warangal
164232,2021-2022,Telangana,36,Jagitial,681.0,Gross Irrigated Area,Canal,Government,151536.0,Karimnagar
164233,2021-2022,Telangana,36,Jagitial,681.0,Gross Irrigated Area,Canal,Private,,Karimnagar
164234,2021-2022,Telangana,36,Jagitial,681.0,Gross Irrigated Area,Other Source,Other Source,2179.0,Karimnagar
164235,2021-2022,Telangana,36,Jagitial,681.0,Gross Irrigated Area,Tank,Tank,11416.0,Karimnagar
164236,2021-2022,Telangana,36,Jagitial,681.0,Gross Irrigated Area,Well,Other Well,76810.0,Karimnagar
164237,2021-2022,Telangana,36,Jagitial,681.0,Gross Irrigated Area,Well,Tubewell,26948.0,Karimnagar
164238,2021-2022,Telangana,36,Jagitial,681.0,Net Irrigated Area,Canal,Government,85114.0,Karimnagar
164239,2021-2022,Telangana,36,Jagitial,681.0,Net Irrigated Area,Canal,Private,,Karimnagar
164240,2021-2022,Telangana,36,Jagitial,681.0,Net Irrigated Area,Other Source,Other Source,1525.0,Karimnagar
164241,2021-2022,Telangana,36,Jagitial,681.0,Net Irrigated Area,Tank,Tank,7763.0,Karimnagar
164242,2021-2022,Telangana,36,Jagitial,681.0,Net Irrigated Area,Well,Other Well,47622.0,Karimnagar
164243,2021-2022,Telangana,36,Jagitial,681.0,Net Irrigated Area,Well,Tubewell,15922.0,Karimnagar
164244,2021-2022,Telangana,36,Jangoan,689.0,Gross Irrigated Area,Canal,Government,62665.0,Warangal
164245,2021-2022,Telangana,36,Jangoan,689.0,Gross Irrigated Area,Canal,Private,,Warangal
164246,2021-2022,Telangana,36,Jangoan,689.0,Gross Irrigated Area,Other Source,Other Source,,Warangal
164247,2021-2022,Telangana,36,Jangoan,689.0,Gross Irrigated Area,Tank,Tank,12547.0,Warangal
164248,2021-2022,Telangana,36,Jangoan,689.0,Gross Irrigated Area,Well,Other Well,9044.0,Warangal
164249,2021-2022,Telangana,36,Jangoan,689.0,Gross Irrigated Area,Well,Tubewell,66940.0,Warangal
164250,2021-2022,Telangana,36,Jangoan,689.0,Net Irrigated Area,Canal,Government,35092.0,Warangal
164251,2021-2022,Telangana,36,Jangoan,689.0,Net Irrigated Area,Canal,Private,,Warangal
164252,2021-2022,Telangana,36,Jangoan,689.0,Net Irrigated Area,Other Source,Other Source,,Warangal
164253,2021-2022,Telangana,36,Jangoan,689.0,Net Irrigated Area,Tank,Tank,7002.0,Warangal
164254,2021-2022,Telangana,36,Jangoan,689.0,Net Irrigated Area,Well,Other Well,4883.0,Warangal
164255,2021-2022,Telangana,36,Jangoan,689.0,Net Irrigated Area,Well,Tubewell,35813.0,Warangal
164256,2021-2022,Telangana,36,Jayashankar Bhupalapally,687.0,Gross Irrigated Area,Canal,Government,42866.0,Warangal
164257,2021-2022,Telangana,36,Jayashankar Bhupalapally,687.0,Gross Irrigated Area,Canal,Private,,Warangal
164258,2021-2022,Telangana,36,Jayashankar Bhupalapally,687.0,Gross Irrigated Area,Other Source,Other Source,518.0,Warangal
164259,2021-2022,Telangana,36,Jayashankar Bhupalapally,687.0,Gross Irrigated Area,Tank,Tank,17034.0,Warangal
164260,2021-2022,Telangana,36,Jayashankar Bhupalapally,687.0,Gross Irrigated Area,Well,Other Well,14230.0,Warangal
164261,2021-2022,Telangana,36,Jayashankar Bhupalapally,687.0,Gross Irrigated Area,Well,Tubewell,20460.0,Warangal
164262,2021-2022,Telangana,36,Jayashankar Bhupalapally,687.0,Net Irrigated Area,Canal,Government,23920.0,Warangal
164263,2021-2022,Telangana,36,Jayashankar Bhupalapally,687.0,Net Irrigated Area,Canal,Private,,Warangal
164264,2021-2022,Telangana,36,Jayashankar Bhupalapally,687.0,Net Irrigated Area,Other Source,Other Source,316.0,Warangal
164265,2021-2022,Telangana,36,Jayashankar Bhupalapally,687.0,Net Irrigated Area,Tank,Tank,13116.0,Warangal
164266,2021-2022,Telangana,36,Jayashankar Bhupalapally,687.0,Net Irrigated Area,Well,Other Well,9676.0,Warangal
164267,2021-2022,Telangana,36,Jayashankar Bhupalapally,687.0,Net Irrigated Area,Well,Tubewell,14539.0,Warangal
164268,2021-2022,Telangana,36,Jogulamba Gadwal,695.0,Gross Irrigated Area,Canal,Government,110567.0,Mahabubnagar
164269,2021-2022,Telangana,36,Jogulamba Gadwal,695.0,Gross Irrigated Area,Canal,Private,,Mahabubnagar
164270,2021-2022,Telangana,36,Jogulamba Gadwal,695.0,Gross Irrigated Area,Other Source,Other Source,3547.0,Mahabubnagar
164271,2021-2022,Telangana,36,Jogulamba Gadwal,695.0,Gross Irrigated Area,Tank,Tank,1658.0,Mahabubnagar
164272,2021-2022,Telangana,36,Jogulamba Gadwal,695.0,Gross Irrigated Area,Well,Other Well,2354.0,Mahabubnagar
164273,2021-2022,Telangana,36,Jogulamba Gadwal,695.0,Gross Irrigated Area,Well,Tubewell,31236.0,Mahabubnagar
164274,2021-2022,Telangana,36,Jogulamba Gadwal,695.0,Net Irrigated Area,Canal,Government,85108.0,Mahabubnagar
164275,2021-2022,Telangana,36,Jogulamba Gadwal,695.0,Net Irrigated Area,Canal,Private,,Mahabubnagar
164276,2021-2022,Telangana,36,Jogulamba Gadwal,695.0,Net Irrigated Area,Other Source,Other Source,2802.0,Mahabubnagar
164277,2021-2022,Telangana,36,Jogulamba Gadwal,695.0,Net Irrigated Area,Tank,Tank,1542.0,Mahabubnagar
164278,2021-2022,Telangana,36,Jogulamba Gadwal,695.0,Net Irrigated Area,Well,Other Well,2260.0,Mahabubnagar
164279,2021-2022,Telangana,36,Jogulamba Gadwal,695.0,Net Irrigated Area,Well,Tubewell,23145.0,Mahabubnagar
164280,2021-2022,Telangana,36,Kamareddy,685.0,Gross Irrigated Area,Canal,Government,74519.0,Nizamabad
164281,2021-2022,Telangana,36,Kamareddy,685.0,Gross Irrigated Area,Canal,Private,,Nizamabad
164282,2021-2022,Telangana,36,Kamareddy,685.0,Gross Irrigated Area,Other Source,Other Source,219.0,Nizamabad
164283,2021-2022,Telangana,36,Kamareddy,685.0,Gross Irrigated Area,Tank,Tank,12495.0,Nizamabad
164284,2021-2022,Telangana,36,Kamareddy,685.0,Gross Irrigated Area,Well,Other Well,1360.0,Nizamabad
164285,2021-2022,Telangana,36,Kamareddy,685.0,Gross Irrigated Area,Well,Tubewell,134534.0,Nizamabad
164286,2021-2022,Telangana,36,Kamareddy,685.0,Net Irrigated Area,Canal,Government,71972.0,Nizamabad
164287,2021-2022,Telangana,36,Kamareddy,685.0,Net Irrigated Area,Canal,Private,,Nizamabad
164288,2021-2022,Telangana,36,Kamareddy,685.0,Net Irrigated Area,Other Source,Other Source,206.0,Nizamabad
164289,2021-2022,Telangana,36,Kamareddy,685.0,Net Irrigated Area,Tank,Tank,11995.0,Nizamabad
164290,2021-2022,Telangana,36,Kamareddy,685.0,Net Irrigated Area,Well,Other Well,1360.0,Nizamabad
164291,2021-2022,Telangana,36,Kamareddy,685.0,Net Irrigated Area,Well,Tubewell,75382.0,Nizamabad
164292,2021-2022,Telangana,36,Karimnagar,508.0,Gross Irrigated Area,Canal,Government,172194.0,Karimnagar
164293,2021-2022,Telangana,36,Karimnagar,508.0,Gross Irrigated Area,Canal,Private,,Karimnagar
164294,2021-2022,Telangana,36,Karimnagar,508.0,Gross Irrigated Area,Other Source,Other Source,49.0,Karimnagar
164295,2021-2022,Telangana,36,Karimnagar,508.0,Gross Irrigated Area,Tank,Tank,10419.0,Karimnagar
164296,2021-2022,Telangana,36,Karimnagar,508.0,Gross Irrigated Area,Well,Other Well,36459.0,Karimnagar
164297,2021-2022,Telangana,36,Karimnagar,508.0,Gross Irrigated Area,Well,Tubewell,4430.0,Karimnagar
164298,2021-2022,Telangana,36,Karimnagar,508.0,Net Irrigated Area,Canal,Government,91925.0,Karimnagar
164299,2021-2022,Telangana,36,Karimnagar,508.0,Net Irrigated Area,Canal,Private,,Karimnagar
164300,2021-2022,Telangana,36,Karimnagar,508.0,Net Irrigated Area,Other Source,Other Source,34.0,Karimnagar
164301,2021-2022,Telangana,36,Karimnagar,508.0,Net Irrigated Area,Tank,Tank,6251.0,Karimnagar
164302,2021-2022,Telangana,36,Karimnagar,508.0,Net Irrigated Area,Well,Other Well,20417.0,Karimnagar
164303,2021-2022,Telangana,36,Karimnagar,508.0,Net Irrigated Area,Well,Tubewell,2794.0,Karimnagar
164304,2021-2022,Telangana,36,Khammam,509.0,Gross Irrigated Area,Canal,Government,273304.0,Khammam
164305,2021-2022,Telangana,36,Khammam,509.0,Gross Irrigated Area,Canal,Private,,Khammam
164306,2021-2022,Telangana,36,Khammam,509.0,Gross Irrigated Area,Other Source,Other Source,2273.0,Khammam
164308,2021-2022,Telangana,36,Khammam,509.0,Gross Irrigated Area,Well,Other Well,6261.0,Khammam
164309,2021-2022,Telangana,36,Khammam,509.0,Gross Irrigated Area,Well,Tubewell,13234.0,Khammam
164310,2021-2022,Telangana,36,Khammam,509.0,Net Irrigated Area,Canal,Government,190284.0,Khammam
164311,2021-2022,Telangana,36,Khammam,509.0,Net Irrigated Area,Canal,Private,,Khammam
164312,2021-2022,Telangana,36,Khammam,509.0,Net Irrigated Area,Other Source,Other Source,1887.0,Khammam
164313,2021-2022,Telangana,36,Khammam,509.0,Net Irrigated Area,Tank,Tank,17261.0,Khammam
164314,2021-2022,Telangana,36,Khammam,509.0,Net Irrigated Area,Well,Other Well,4821.0,Khammam
164315,2021-2022,Telangana,36,Khammam,509.0,Net Irrigated Area,Well,Tubewell,9446.0,Khammam
164316,2021-2022,Telangana,36,Kumuram Bheem Asifabad,699.0,Gross Irrigated Area,Canal,Government,50687.0,Adilabad
164317,2021-2022,Telangana,36,Kumuram Bheem Asifabad,699.0,Gross Irrigated Area,Canal,Private,,Adilabad
164318,2021-2022,Telangana,36,Kumuram Bheem Asifabad,699.0,Gross Irrigated Area,Other Source,Other Source,263.0,Adilabad
164319,2021-2022,Telangana,36,Kumuram Bheem Asifabad,699.0,Gross Irrigated Area,Tank,Tank,7516.0,Adilabad
164320,2021-2022,Telangana,36,Kumuram Bheem Asifabad,699.0,Gross Irrigated Area,Well,Other Well,813.0,Adilabad
164321,2021-2022,Telangana,36,Kumuram Bheem Asifabad,699.0,Gross Irrigated Area,Well,Tubewell,5921.0,Adilabad
164322,2021-2022,Telangana,36,Kumuram Bheem Asifabad,699.0,Net Irrigated Area,Canal,Government,40208.0,Adilabad
164323,2021-2022,Telangana,36,Kumuram Bheem Asifabad,699.0,Net Irrigated Area,Canal,Private,,Adilabad
164324,2021-2022,Telangana,36,Kumuram Bheem Asifabad,699.0,Net Irrigated Area,Other Source,Other Source,197.0,Adilabad
164325,2021-2022,Telangana,36,Kumuram Bheem Asifabad,699.0,Net Irrigated Area,Tank,Tank,6915.0,Adilabad
164326,2021-2022,Telangana,36,Kumuram Bheem Asifabad,699.0,Net Irrigated Area,Well,Other Well,488.0,Adilabad
164327,2021-2022,Telangana,36,Kumuram Bheem Asifabad,699.0,Net Irrigated Area,Well,Tubewell,3221.0,Adilabad
164328,2021-2022,Telangana,36,Mahabubabad,688.0,Gross Irrigated Area,Canal,Government,170524.0,Warangal
164329,2021-2022,Telangana,36,Mahabubabad,688.0,Gross Irrigated Area,Canal,Private,,Warangal
164330,2021-2022,Telangana,36,Mahabubabad,688.0,Gross Irrigated Area,Other Source,Other Source,544.0,Warangal
164331,2021-2022,Telangana,36,Mahabubabad,688.0,Gross Irrigated Area,Tank,Tank,13320.0,Warangal
164332,2021-2022,Telangana,36,Mahabubabad,688.0,Gross Irrigated Area,Well,Other Well,16189.0,Warangal
164333,2021-2022,Telangana,36,Mahabubabad,688.0,Gross Irrigated Area,Well,Tubewell,5935.0,Warangal
164334,2021-2022,Telangana,36,Mahabubabad,688.0,Net Irrigated Area,Canal,Government,101732.0,Warangal
164335,2021-2022,Telangana,36,Mahabubabad,688.0,Net Irrigated Area,Canal,Private,,Warangal
164336,2021-2022,Telangana,36,Mahabubabad,688.0,Net Irrigated Area,Other Source,Other Source,403.0,Warangal
164337,2021-2022,Telangana,36,Mahabubabad,688.0,Net Irrigated Area,Tank,Tank,9457.0,Warangal
164338,2021-2022,Telangana,36,Mahabubabad,688.0,Net Irrigated Area,Well,Other Well,12627.0,Warangal
164339,2021-2022,Telangana,36,Mahabubabad,688.0,Net Irrigated Area,Well,Tubewell,4072.0,Warangal
164340,2021-2022,Telangana,36,Mahabubnagar,512.0,Gross Irrigated Area,Canal,Government,11811.0,Mahabubnagar
164341,2021-2022,Telangana,36,Mahabubnagar,512.0,Gross Irrigated Area,Canal,Private,,Mahabubnagar
164342,2021-2022,Telangana,36,Mahabubnagar,512.0,Gross Irrigated Area,Other Source,Other Source,,Mahabubnagar
164343,2021-2022,Telangana,36,Mahabubnagar,512.0,Gross Irrigated Area,Tank,Tank,5625.0,Mahabubnagar
164344,2021-2022,Telangana,36,Mahabubnagar,512.0,Gross Irrigated Area,Well,Other Well,,Mahabubnagar
164345,2021-2022,Telangana,36,Mahabubnagar,512.0,Gross Irrigated Area,Well,Tubewell,99462.0,Mahabubnagar
164346,2021-2022,Telangana,36,Mahabubnagar,512.0,Net Irrigated Area,Canal,Government,6614.0,Mahabubnagar
164347,2021-2022,Telangana,36,Mahabubnagar,512.0,Net Irrigated Area,Canal,Private,,Mahabubnagar
164348,2021-2022,Telangana,36,Mahabubnagar,512.0,Net Irrigated Area,Other Source,Other Source,,Mahabubnagar
164349,2021-2022,Telangana,36,Mahabubnagar,512.0,Net Irrigated Area,Tank,Tank,4556.0,Mahabubnagar
164350,2021-2022,Telangana,36,Mahabubnagar,512.0,Net Irrigated Area,Well,Other Well,,Mahabubnagar
164351,2021-2022,Telangana,36,Mahabubnagar,512.0,Net Irrigated Area,Well,Tubewell,59708.0,Mahabubnagar
164352,2021-2022,Telangana,36,Mancherial,684.0,Gross Irrigated Area,Canal,Government,22712.0,Adilabad
164353,2021-2022,Telangana,36,Mancherial,684.0,Gross Irrigated Area,Canal,Private,,Adilabad
164354,2021-2022,Telangana,36,Mancherial,684.0,Gross Irrigated Area,Other Source,Other Source,1226.0,Adilabad
164355,2021-2022,Telangana,36,Mancherial,684.0,Gross Irrigated Area,Tank,Tank,8129.0,Adilabad
164356,2021-2022,Telangana,36,Mancherial,684.0,Gross Irrigated Area,Well,Other Well,22378.0,Adilabad
164409,2021-2022,Telangana,36,Nagarkurnool,694.0,Net Irrigated Area,Tank,Tank,5090.0,Mahabubnagar
164357,2021-2022,Telangana,36,Mancherial,684.0,Gross Irrigated Area,Well,Tubewell,47496.0,Adilabad
164358,2021-2022,Telangana,36,Mancherial,684.0,Net Irrigated Area,Canal,Government,14998.0,Adilabad
164359,2021-2022,Telangana,36,Mancherial,684.0,Net Irrigated Area,Canal,Private,,Adilabad
164360,2021-2022,Telangana,36,Mancherial,684.0,Net Irrigated Area,Other Source,Other Source,944.0,Adilabad
164361,2021-2022,Telangana,36,Mancherial,684.0,Net Irrigated Area,Tank,Tank,6910.0,Adilabad
164362,2021-2022,Telangana,36,Mancherial,684.0,Net Irrigated Area,Well,Other Well,10742.0,Adilabad
164363,2021-2022,Telangana,36,Mancherial,684.0,Net Irrigated Area,Well,Tubewell,31861.0,Adilabad
164364,2021-2022,Telangana,36,Medak,513.0,Gross Irrigated Area,Canal,Government,64985.0,Medak
164365,2021-2022,Telangana,36,Medak,513.0,Gross Irrigated Area,Canal,Private,,Medak
164366,2021-2022,Telangana,36,Medak,513.0,Gross Irrigated Area,Other Source,Other Source,178.0,Medak
164367,2021-2022,Telangana,36,Medak,513.0,Gross Irrigated Area,Tank,Tank,5679.0,Medak
164368,2021-2022,Telangana,36,Medak,513.0,Gross Irrigated Area,Well,Other Well,,Medak
164369,2021-2022,Telangana,36,Medak,513.0,Gross Irrigated Area,Well,Tubewell,103930.0,Medak
164370,2021-2022,Telangana,36,Medak,513.0,Net Irrigated Area,Canal,Government,39641.0,Medak
164371,2021-2022,Telangana,36,Medak,513.0,Net Irrigated Area,Canal,Private,,Medak
164372,2021-2022,Telangana,36,Medak,513.0,Net Irrigated Area,Other Source,Other Source,107.0,Medak
164373,2021-2022,Telangana,36,Medak,513.0,Net Irrigated Area,Tank,Tank,4259.0,Medak
164374,2021-2022,Telangana,36,Medak,513.0,Net Irrigated Area,Well,Other Well,,Medak
164375,2021-2022,Telangana,36,Medak,513.0,Net Irrigated Area,Well,Tubewell,61351.0,Medak
164376,2021-2022,Telangana,36,Medchal Malkajgiri,700.0,Gross Irrigated Area,Canal,Government,,Ranga Reddy
164377,2021-2022,Telangana,36,Medchal Malkajgiri,700.0,Gross Irrigated Area,Canal,Private,,Ranga Reddy
164378,2021-2022,Telangana,36,Medchal Malkajgiri,700.0,Gross Irrigated Area,Other Source,Other Source,458.0,Ranga Reddy
164379,2021-2022,Telangana,36,Medchal Malkajgiri,700.0,Gross Irrigated Area,Tank,Tank,405.0,Ranga Reddy
164380,2021-2022,Telangana,36,Medchal Malkajgiri,700.0,Gross Irrigated Area,Well,Other Well,,Ranga Reddy
164381,2021-2022,Telangana,36,Medchal Malkajgiri,700.0,Gross Irrigated Area,Well,Tubewell,14715.0,Ranga Reddy
164382,2021-2022,Telangana,36,Medchal Malkajgiri,700.0,Net Irrigated Area,Canal,Government,,Ranga Reddy
164383,2021-2022,Telangana,36,Medchal Malkajgiri,700.0,Net Irrigated Area,Canal,Private,,Ranga Reddy
164384,2021-2022,Telangana,36,Medchal Malkajgiri,700.0,Net Irrigated Area,Other Source,Other Source,321.0,Ranga Reddy
164385,2021-2022,Telangana,36,Medchal Malkajgiri,700.0,Net Irrigated Area,Tank,Tank,388.0,Ranga Reddy
164386,2021-2022,Telangana,36,Medchal Malkajgiri,700.0,Net Irrigated Area,Well,Other Well,,Ranga Reddy
164387,2021-2022,Telangana,36,Medchal Malkajgiri,700.0,Net Irrigated Area,Well,Tubewell,9876.0,Ranga Reddy
164388,2021-2022,Telangana,36,Mulugu,720.0,Gross Irrigated Area,Canal,Government,45106.0,Warangal
164389,2021-2022,Telangana,36,Mulugu,720.0,Gross Irrigated Area,Canal,Private,,Warangal
164390,2021-2022,Telangana,36,Mulugu,720.0,Gross Irrigated Area,Other Source,Other Source,92.0,Warangal
164391,2021-2022,Telangana,36,Mulugu,720.0,Gross Irrigated Area,Tank,Tank,13513.0,Warangal
164392,2021-2022,Telangana,36,Mulugu,720.0,Gross Irrigated Area,Well,Other Well,338.0,Warangal
164393,2021-2022,Telangana,36,Mulugu,720.0,Gross Irrigated Area,Well,Tubewell,4475.0,Warangal
164394,2021-2022,Telangana,36,Mulugu,720.0,Net Irrigated Area,Canal,Government,11641.0,Warangal
164395,2021-2022,Telangana,36,Mulugu,720.0,Net Irrigated Area,Canal,Private,,Warangal
164396,2021-2022,Telangana,36,Mulugu,720.0,Net Irrigated Area,Other Source,Other Source,76.0,Warangal
164397,2021-2022,Telangana,36,Mulugu,720.0,Net Irrigated Area,Tank,Tank,11757.0,Warangal
164398,2021-2022,Telangana,36,Mulugu,720.0,Net Irrigated Area,Well,Other Well,202.0,Warangal
164399,2021-2022,Telangana,36,Mulugu,720.0,Net Irrigated Area,Well,Tubewell,2243.0,Warangal
164400,2021-2022,Telangana,36,Nagarkurnool,694.0,Gross Irrigated Area,Canal,Government,220681.0,Mahabubnagar
164401,2021-2022,Telangana,36,Nagarkurnool,694.0,Gross Irrigated Area,Canal,Private,,Mahabubnagar
164402,2021-2022,Telangana,36,Nagarkurnool,694.0,Gross Irrigated Area,Other Source,Other Source,2288.0,Mahabubnagar
164403,2021-2022,Telangana,36,Nagarkurnool,694.0,Gross Irrigated Area,Tank,Tank,6132.0,Mahabubnagar
164404,2021-2022,Telangana,36,Nagarkurnool,694.0,Gross Irrigated Area,Well,Other Well,53.0,Mahabubnagar
164405,2021-2022,Telangana,36,Nagarkurnool,694.0,Gross Irrigated Area,Well,Tubewell,5225.0,Mahabubnagar
164406,2021-2022,Telangana,36,Nagarkurnool,694.0,Net Irrigated Area,Canal,Government,130101.0,Mahabubnagar
164407,2021-2022,Telangana,36,Nagarkurnool,694.0,Net Irrigated Area,Canal,Private,,Mahabubnagar
164408,2021-2022,Telangana,36,Nagarkurnool,694.0,Net Irrigated Area,Other Source,Other Source,2197.0,Mahabubnagar
164410,2021-2022,Telangana,36,Nagarkurnool,694.0,Net Irrigated Area,Well,Other Well,30.0,Mahabubnagar
164411,2021-2022,Telangana,36,Nagarkurnool,694.0,Net Irrigated Area,Well,Tubewell,3327.0,Mahabubnagar
164412,2021-2022,Telangana,36,Nalgonda,514.0,Gross Irrigated Area,Canal,Government,386208.0,Nalgonda
164413,2021-2022,Telangana,36,Nalgonda,514.0,Gross Irrigated Area,Canal,Private,,Nalgonda
164414,2021-2022,Telangana,36,Nalgonda,514.0,Gross Irrigated Area,Other Source,Other Source,2606.0,Nalgonda
164415,2021-2022,Telangana,36,Nalgonda,514.0,Gross Irrigated Area,Tank,Tank,13950.0,Nalgonda
164416,2021-2022,Telangana,36,Nalgonda,514.0,Gross Irrigated Area,Well,Other Well,79.0,Nalgonda
164417,2021-2022,Telangana,36,Nalgonda,514.0,Gross Irrigated Area,Well,Tubewell,3792.0,Nalgonda
164418,2021-2022,Telangana,36,Nalgonda,514.0,Net Irrigated Area,Canal,Government,225246.0,Nalgonda
164419,2021-2022,Telangana,36,Nalgonda,514.0,Net Irrigated Area,Canal,Private,,Nalgonda
164420,2021-2022,Telangana,36,Nalgonda,514.0,Net Irrigated Area,Other Source,Other Source,1407.0,Nalgonda
164421,2021-2022,Telangana,36,Nalgonda,514.0,Net Irrigated Area,Tank,Tank,8649.0,Nalgonda
164422,2021-2022,Telangana,36,Nalgonda,514.0,Net Irrigated Area,Well,Other Well,47.0,Nalgonda
164423,2021-2022,Telangana,36,Nalgonda,514.0,Net Irrigated Area,Well,Tubewell,2119.0,Nalgonda
164424,2021-2022,Telangana,36,Narayanpet,721.0,Gross Irrigated Area,Canal,Government,49481.0,Mahabubnagar
164425,2021-2022,Telangana,36,Narayanpet,721.0,Gross Irrigated Area,Canal,Private,,Mahabubnagar
164426,2021-2022,Telangana,36,Narayanpet,721.0,Gross Irrigated Area,Other Source,Other Source,3098.0,Mahabubnagar
164427,2021-2022,Telangana,36,Narayanpet,721.0,Gross Irrigated Area,Tank,Tank,1691.0,Mahabubnagar
164428,2021-2022,Telangana,36,Narayanpet,721.0,Gross Irrigated Area,Well,Other Well,,Mahabubnagar
164429,2021-2022,Telangana,36,Narayanpet,721.0,Gross Irrigated Area,Well,Tubewell,39001.0,Mahabubnagar
164430,2021-2022,Telangana,36,Narayanpet,721.0,Net Irrigated Area,Canal,Government,27709.0,Mahabubnagar
164431,2021-2022,Telangana,36,Narayanpet,721.0,Net Irrigated Area,Canal,Private,,Mahabubnagar
164432,2021-2022,Telangana,36,Narayanpet,721.0,Net Irrigated Area,Other Source,Other Source,1921.0,Mahabubnagar
164433,2021-2022,Telangana,36,Narayanpet,721.0,Net Irrigated Area,Tank,Tank,1251.0,Mahabubnagar
164434,2021-2022,Telangana,36,Narayanpet,721.0,Net Irrigated Area,Well,Other Well,,Mahabubnagar
164435,2021-2022,Telangana,36,Narayanpet,721.0,Net Irrigated Area,Well,Tubewell,23018.0,Mahabubnagar
164436,2021-2022,Telangana,36,Nirmal,680.0,Gross Irrigated Area,Canal,Government,124542.0,Adilabad
164437,2021-2022,Telangana,36,Nirmal,680.0,Gross Irrigated Area,Canal,Private,,Adilabad
164438,2021-2022,Telangana,36,Nirmal,680.0,Gross Irrigated Area,Other Source,Other Source,830.0,Adilabad
164439,2021-2022,Telangana,36,Nirmal,680.0,Gross Irrigated Area,Tank,Tank,8292.0,Adilabad
164440,2021-2022,Telangana,36,Nirmal,680.0,Gross Irrigated Area,Well,Other Well,6146.0,Adilabad
164441,2021-2022,Telangana,36,Nirmal,680.0,Gross Irrigated Area,Well,Tubewell,27938.0,Adilabad
164442,2021-2022,Telangana,36,Nirmal,680.0,Net Irrigated Area,Canal,Government,71629.0,Adilabad
164443,2021-2022,Telangana,36,Nirmal,680.0,Net Irrigated Area,Canal,Private,,Adilabad
164444,2021-2022,Telangana,36,Nirmal,680.0,Net Irrigated Area,Other Source,Other Source,697.0,Adilabad
164445,2021-2022,Telangana,36,Nirmal,680.0,Net Irrigated Area,Tank,Tank,5804.0,Adilabad
164446,2021-2022,Telangana,36,Nirmal,680.0,Net Irrigated Area,Well,Other Well,3688.0,Adilabad
164447,2021-2022,Telangana,36,Nirmal,680.0,Net Irrigated Area,Well,Tubewell,10918.0,Adilabad
164448,2021-2022,Telangana,36,Nizamabad,516.0,Gross Irrigated Area,Canal,Government,242779.0,Nizamabad
164449,2021-2022,Telangana,36,Nizamabad,516.0,Gross Irrigated Area,Canal,Private,,Nizamabad
164450,2021-2022,Telangana,36,Nizamabad,516.0,Gross Irrigated Area,Other Source,Other Source,5124.0,Nizamabad
164451,2021-2022,Telangana,36,Nizamabad,516.0,Gross Irrigated Area,Tank,Tank,9213.0,Nizamabad
164452,2021-2022,Telangana,36,Nizamabad,516.0,Gross Irrigated Area,Well,Other Well,1229.0,Nizamabad
164453,2021-2022,Telangana,36,Nizamabad,516.0,Gross Irrigated Area,Well,Tubewell,121583.0,Nizamabad
164454,2021-2022,Telangana,36,Nizamabad,516.0,Net Irrigated Area,Canal,Government,128698.0,Nizamabad
164455,2021-2022,Telangana,36,Nizamabad,516.0,Net Irrigated Area,Canal,Private,,Nizamabad
164456,2021-2022,Telangana,36,Nizamabad,516.0,Net Irrigated Area,Other Source,Other Source,2972.0,Nizamabad
164457,2021-2022,Telangana,36,Nizamabad,516.0,Net Irrigated Area,Tank,Tank,5344.0,Nizamabad
164458,2021-2022,Telangana,36,Nizamabad,516.0,Net Irrigated Area,Well,Other Well,811.0,Nizamabad
164459,2021-2022,Telangana,36,Nizamabad,516.0,Net Irrigated Area,Well,Tubewell,64477.0,Nizamabad
164460,2021-2022,Telangana,36,Peddapalli,682.0,Gross Irrigated Area,Canal,Government,159747.0,Karimnagar
164461,2021-2022,Telangana,36,Peddapalli,682.0,Gross Irrigated Area,Canal,Private,,Karimnagar
164462,2021-2022,Telangana,36,Peddapalli,682.0,Gross Irrigated Area,Other Source,Other Source,3051.0,Karimnagar
164463,2021-2022,Telangana,36,Peddapalli,682.0,Gross Irrigated Area,Tank,Tank,14611.0,Karimnagar
164464,2021-2022,Telangana,36,Peddapalli,682.0,Gross Irrigated Area,Well,Other Well,3870.0,Karimnagar
164465,2021-2022,Telangana,36,Peddapalli,682.0,Gross Irrigated Area,Well,Tubewell,971.0,Karimnagar
164466,2021-2022,Telangana,36,Peddapalli,682.0,Net Irrigated Area,Canal,Government,93107.0,Karimnagar
164467,2021-2022,Telangana,36,Peddapalli,682.0,Net Irrigated Area,Canal,Private,,Karimnagar
164468,2021-2022,Telangana,36,Peddapalli,682.0,Net Irrigated Area,Other Source,Other Source,2807.0,Karimnagar
164469,2021-2022,Telangana,36,Peddapalli,682.0,Net Irrigated Area,Tank,Tank,9643.0,Karimnagar
164470,2021-2022,Telangana,36,Peddapalli,682.0,Net Irrigated Area,Well,Other Well,2515.0,Karimnagar
164471,2021-2022,Telangana,36,Peddapalli,682.0,Net Irrigated Area,Well,Tubewell,638.0,Karimnagar
164472,2021-2022,Telangana,36,Rajanna Sircilla,683.0,Gross Irrigated Area,Canal,Government,64975.0,Karimnagar
164473,2021-2022,Telangana,36,Rajanna Sircilla,683.0,Gross Irrigated Area,Canal,Private,,Karimnagar
164474,2021-2022,Telangana,36,Rajanna Sircilla,683.0,Gross Irrigated Area,Other Source,Other Source,,Karimnagar
164475,2021-2022,Telangana,36,Rajanna Sircilla,683.0,Gross Irrigated Area,Tank,Tank,9845.0,Karimnagar
164476,2021-2022,Telangana,36,Rajanna Sircilla,683.0,Gross Irrigated Area,Well,Other Well,17529.0,Karimnagar
164477,2021-2022,Telangana,36,Rajanna Sircilla,683.0,Gross Irrigated Area,Well,Tubewell,33991.0,Karimnagar
164478,2021-2022,Telangana,36,Rajanna Sircilla,683.0,Net Irrigated Area,Canal,Government,27442.0,Karimnagar
164479,2021-2022,Telangana,36,Rajanna Sircilla,683.0,Net Irrigated Area,Canal,Private,,Karimnagar
164480,2021-2022,Telangana,36,Rajanna Sircilla,683.0,Net Irrigated Area,Other Source,Other Source,,Karimnagar
164481,2021-2022,Telangana,36,Rajanna Sircilla,683.0,Net Irrigated Area,Tank,Tank,8073.0,Karimnagar
164482,2021-2022,Telangana,36,Rajanna Sircilla,683.0,Net Irrigated Area,Well,Other Well,9991.0,Karimnagar
164483,2021-2022,Telangana,36,Rajanna Sircilla,683.0,Net Irrigated Area,Well,Tubewell,20075.0,Karimnagar
164484,2021-2022,Telangana,36,Ranga Reddy,518.0,Gross Irrigated Area,Canal,Government,,Ranga Reddy
164485,2021-2022,Telangana,36,Ranga Reddy,518.0,Gross Irrigated Area,Canal,Private,,Ranga Reddy
164486,2021-2022,Telangana,36,Ranga Reddy,518.0,Gross Irrigated Area,Other Source,Other Source,960.0,Ranga Reddy
164487,2021-2022,Telangana,36,Ranga Reddy,518.0,Gross Irrigated Area,Tank,Tank,3507.0,Ranga Reddy
164488,2021-2022,Telangana,36,Ranga Reddy,518.0,Gross Irrigated Area,Well,Other Well,,Ranga Reddy
164489,2021-2022,Telangana,36,Ranga Reddy,518.0,Gross Irrigated Area,Well,Tubewell,96009.0,Ranga Reddy
164490,2021-2022,Telangana,36,Ranga Reddy,518.0,Net Irrigated Area,Canal,Government,,Ranga Reddy
164491,2021-2022,Telangana,36,Ranga Reddy,518.0,Net Irrigated Area,Canal,Private,,Ranga Reddy
164492,2021-2022,Telangana,36,Ranga Reddy,518.0,Net Irrigated Area,Other Source,Other Source,672.0,Ranga Reddy
164493,2021-2022,Telangana,36,Ranga Reddy,518.0,Net Irrigated Area,Tank,Tank,1754.0,Ranga Reddy
164494,2021-2022,Telangana,36,Ranga Reddy,518.0,Net Irrigated Area,Well,Other Well,,Ranga Reddy
164495,2021-2022,Telangana,36,Ranga Reddy,518.0,Net Irrigated Area,Well,Tubewell,69206.0,Ranga Reddy
164496,2021-2022,Telangana,36,Sangareddy,691.0,Gross Irrigated Area,Canal,Government,87556.0,Medak
164497,2021-2022,Telangana,36,Sangareddy,691.0,Gross Irrigated Area,Canal,Private,,Medak
164498,2021-2022,Telangana,36,Sangareddy,691.0,Gross Irrigated Area,Other Source,Other Source,128.0,Medak
164499,2021-2022,Telangana,36,Sangareddy,691.0,Gross Irrigated Area,Tank,Tank,6403.0,Medak
164500,2021-2022,Telangana,36,Sangareddy,691.0,Gross Irrigated Area,Well,Other Well,126.0,Medak
164501,2021-2022,Telangana,36,Sangareddy,691.0,Gross Irrigated Area,Well,Tubewell,12395.0,Medak
164502,2021-2022,Telangana,36,Sangareddy,691.0,Net Irrigated Area,Canal,Government,55011.0,Medak
164503,2021-2022,Telangana,36,Sangareddy,691.0,Net Irrigated Area,Canal,Private,,Medak
164504,2021-2022,Telangana,36,Sangareddy,691.0,Net Irrigated Area,Other Source,Other Source,127.0,Medak
164505,2021-2022,Telangana,36,Sangareddy,691.0,Net Irrigated Area,Tank,Tank,4738.0,Medak
164506,2021-2022,Telangana,36,Sangareddy,691.0,Net Irrigated Area,Well,Other Well,82.0,Medak
164507,2021-2022,Telangana,36,Sangareddy,691.0,Net Irrigated Area,Well,Tubewell,9133.0,Medak
164508,2021-2022,Telangana,36,Siddipet,692.0,Gross Irrigated Area,Canal,Government,81923.0,Medak
164509,2021-2022,Telangana,36,Siddipet,692.0,Gross Irrigated Area,Canal,Private,,Medak
164510,2021-2022,Telangana,36,Siddipet,692.0,Gross Irrigated Area,Other Source,Other Source,,Medak
164511,2021-2022,Telangana,36,Siddipet,692.0,Gross Irrigated Area,Tank,Tank,7502.0,Medak
164512,2021-2022,Telangana,36,Siddipet,692.0,Gross Irrigated Area,Well,Other Well,36981.0,Medak
164513,2021-2022,Telangana,36,Siddipet,692.0,Gross Irrigated Area,Well,Tubewell,131046.0,Medak
164514,2021-2022,Telangana,36,Siddipet,692.0,Net Irrigated Area,Canal,Government,44772.0,Medak
164515,2021-2022,Telangana,36,Siddipet,692.0,Net Irrigated Area,Canal,Private,,Medak
164516,2021-2022,Telangana,36,Siddipet,692.0,Net Irrigated Area,Other Source,Other Source,,Medak
164517,2021-2022,Telangana,36,Siddipet,692.0,Net Irrigated Area,Tank,Tank,4352.0,Medak
164518,2021-2022,Telangana,36,Siddipet,692.0,Net Irrigated Area,Well,Other Well,18860.0,Medak
164519,2021-2022,Telangana,36,Siddipet,692.0,Net Irrigated Area,Well,Tubewell,70801.0,Medak
164520,2021-2022,Telangana,36,Suryapet,696.0,Gross Irrigated Area,Canal,Government,367470.0,Nalgonda
164521,2021-2022,Telangana,36,Suryapet,696.0,Gross Irrigated Area,Canal,Private,,Nalgonda
164522,2021-2022,Telangana,36,Suryapet,696.0,Gross Irrigated Area,Other Source,Other Source,6009.0,Nalgonda
164523,2021-2022,Telangana,36,Suryapet,696.0,Gross Irrigated Area,Tank,Tank,3679.0,Nalgonda
164524,2021-2022,Telangana,36,Suryapet,696.0,Gross Irrigated Area,Well,Other Well,2694.0,Nalgonda
164525,2021-2022,Telangana,36,Suryapet,696.0,Gross Irrigated Area,Well,Tubewell,7607.0,Nalgonda
164526,2021-2022,Telangana,36,Suryapet,696.0,Net Irrigated Area,Canal,Government,194541.0,Nalgonda
164527,2021-2022,Telangana,36,Suryapet,696.0,Net Irrigated Area,Canal,Private,,Nalgonda
164528,2021-2022,Telangana,36,Suryapet,696.0,Net Irrigated Area,Other Source,Other Source,3425.0,Nalgonda
164529,2021-2022,Telangana,36,Suryapet,696.0,Net Irrigated Area,Tank,Tank,2060.0,Nalgonda
164530,2021-2022,Telangana,36,Suryapet,696.0,Net Irrigated Area,Well,Other Well,1347.0,Nalgonda
164531,2021-2022,Telangana,36,Suryapet,696.0,Net Irrigated Area,Well,Tubewell,4371.0,Nalgonda
164532,2021-2022,Telangana,36,Vikarabad,698.0,Gross Irrigated Area,Canal,Government,10518.0,Ranga Reddy
164533,2021-2022,Telangana,36,Vikarabad,698.0,Gross Irrigated Area,Canal,Private,,Ranga Reddy
164534,2021-2022,Telangana,36,Vikarabad,698.0,Gross Irrigated Area,Other Source,Other Source,,Ranga Reddy
164535,2021-2022,Telangana,36,Vikarabad,698.0,Gross Irrigated Area,Tank,Tank,4179.0,Ranga Reddy
164536,2021-2022,Telangana,36,Vikarabad,698.0,Gross Irrigated Area,Well,Other Well,1514.0,Ranga Reddy
164537,2021-2022,Telangana,36,Vikarabad,698.0,Gross Irrigated Area,Well,Tubewell,74117.0,Ranga Reddy
164538,2021-2022,Telangana,36,Vikarabad,698.0,Net Irrigated Area,Canal,Government,7678.0,Ranga Reddy
164539,2021-2022,Telangana,36,Vikarabad,698.0,Net Irrigated Area,Canal,Private,,Ranga Reddy
164540,2021-2022,Telangana,36,Vikarabad,698.0,Net Irrigated Area,Other Source,Other Source,,Ranga Reddy
164541,2021-2022,Telangana,36,Vikarabad,698.0,Net Irrigated Area,Tank,Tank,3051.0,Ranga Reddy
164542,2021-2022,Telangana,36,Vikarabad,698.0,Net Irrigated Area,Well,Other Well,439.0,Ranga Reddy
164543,2021-2022,Telangana,36,Vikarabad,698.0,Net Irrigated Area,Well,Tubewell,49708.0,Ranga Reddy
164544,2021-2022,Telangana,36,Wanaparthy,693.0,Gross Irrigated Area,Canal,Government,119989.0,Mahabubnagar
164545,2021-2022,Telangana,36,Wanaparthy,693.0,Gross Irrigated Area,Canal,Private,,Mahabubnagar
164546,2021-2022,Telangana,36,Wanaparthy,693.0,Gross Irrigated Area,Other Source,Other Source,2111.0,Mahabubnagar
164547,2021-2022,Telangana,36,Wanaparthy,693.0,Gross Irrigated Area,Tank,Tank,2260.0,Mahabubnagar
164548,2021-2022,Telangana,36,Wanaparthy,693.0,Gross Irrigated Area,Well,Other Well,403.0,Mahabubnagar
164549,2021-2022,Telangana,36,Wanaparthy,693.0,Gross Irrigated Area,Well,Tubewell,9641.0,Mahabubnagar
164550,2021-2022,Telangana,36,Wanaparthy,693.0,Net Irrigated Area,Canal,Government,85707.0,Mahabubnagar
164551,2021-2022,Telangana,36,Wanaparthy,693.0,Net Irrigated Area,Canal,Private,,Mahabubnagar
164552,2021-2022,Telangana,36,Wanaparthy,693.0,Net Irrigated Area,Other Source,Other Source,1541.0,Mahabubnagar
164553,2021-2022,Telangana,36,Wanaparthy,693.0,Net Irrigated Area,Tank,Tank,1740.0,Mahabubnagar
164554,2021-2022,Telangana,36,Wanaparthy,693.0,Net Irrigated Area,Well,Other Well,327.0,Mahabubnagar
164555,2021-2022,Telangana,36,Wanaparthy,693.0,Net Irrigated Area,Well,Tubewell,6387.0,Mahabubnagar
164556,2021-2022,Telangana,36,Warangal,522.0,Gross Irrigated Area,Canal,Government,134963.0,Warangal
164557,2021-2022,Telangana,36,Warangal,522.0,Gross Irrigated Area,Canal,Private,,Warangal
164558,2021-2022,Telangana,36,Warangal,522.0,Gross Irrigated Area,Other Source,Other Source,340.0,Warangal
164559,2021-2022,Telangana,36,Warangal,522.0,Gross Irrigated Area,Tank,Tank,13569.0,Warangal
164560,2021-2022,Telangana,36,Warangal,522.0,Gross Irrigated Area,Well,Other Well,16312.0,Warangal
164561,2021-2022,Telangana,36,Warangal,522.0,Gross Irrigated Area,Well,Tubewell,6308.0,Warangal
164562,2021-2022,Telangana,36,Warangal,522.0,Net Irrigated Area,Canal,Government,45089.0,Warangal
164563,2021-2022,Telangana,36,Warangal,522.0,Net Irrigated Area,Canal,Private,,Warangal
164564,2021-2022,Telangana,36,Warangal,522.0,Net Irrigated Area,Other Source,Other Source,184.0,Warangal
164565,2021-2022,Telangana,36,Warangal,522.0,Net Irrigated Area,Tank,Tank,9227.0,Warangal
164566,2021-2022,Telangana,36,Warangal,522.0,Net Irrigated Area,Well,Other Well,10113.0,Warangal
164567,2021-2022,Telangana,36,Warangal,522.0,Net Irrigated Area,Well,Tubewell,3743.0,Warangal
164568,2021-2022,Telangana,36,Yadadri Bhuvanagiri,697.0,Gross Irrigated Area,Canal,Government,28909.0,Nalgonda
164569,2021-2022,Telangana,36,Yadadri Bhuvanagiri,697.0,Gross Irrigated Area,Canal,Private,,Nalgonda
164570,2021-2022,Telangana,36,Yadadri Bhuvanagiri,697.0,Gross Irrigated Area,Other Source,Other Source,,Nalgonda
164571,2021-2022,Telangana,36,Yadadri Bhuvanagiri,697.0,Gross Irrigated Area,Tank,Tank,7590.0,Nalgonda
164572,2021-2022,Telangana,36,Yadadri Bhuvanagiri,697.0,Gross Irrigated Area,Well,Other Well,15894.0,Nalgonda
164573,2021-2022,Telangana,36,Yadadri Bhuvanagiri,697.0,Gross Irrigated Area,Well,Tubewell,130227.0,Nalgonda
164574,2021-2022,Telangana,36,Yadadri Bhuvanagiri,697.0,Net Irrigated Area,Canal,Government,16189.0,Nalgonda
164575,2021-2022,Telangana,36,Yadadri Bhuvanagiri,697.0,Net Irrigated Area,Canal,Private,,Nalgonda
164576,2021-2022,Telangana,36,Yadadri Bhuvanagiri,697.0,Net Irrigated Area,Other Source,Other Source,,Nalgonda
164577,2021-2022,Telangana,36,Yadadri Bhuvanagiri,697.0,Net Irrigated Area,Tank,Tank,6585.0,Nalgonda
164578,2021-2022,Telangana,36,Yadadri Bhuvanagiri,697.0,Net Irrigated Area,Well,Other Well,10490.0,Nalgonda
164579,2021-2022,Telangana,36,Yadadri Bhuvanagiri,697.0,Net Irrigated Area,Well,Tubewell,86163.0,Nalgonda
170748,2022-2023,Telangana,36,Adilabad,501.0,Gross Irrigated Area,Canal,Government,17315.0,Adilabad
170749,2022-2023,Telangana,36,Adilabad,501.0,Gross Irrigated Area,Canal,Private,,Adilabad
170750,2022-2023,Telangana,36,Adilabad,501.0,Gross Irrigated Area,Other Source,Other Source,2013.0,Adilabad
170751,2022-2023,Telangana,36,Adilabad,501.0,Gross Irrigated Area,Tank,Tank,2135.0,Adilabad
170752,2022-2023,Telangana,36,Adilabad,501.0,Gross Irrigated Area,Well,Other Well,8724.0,Adilabad
170753,2022-2023,Telangana,36,Adilabad,501.0,Gross Irrigated Area,Well,Tubewell,81270.0,Adilabad
170754,2022-2023,Telangana,36,Adilabad,501.0,Net Irrigated Area,Canal,Government,10112.0,Adilabad
170755,2022-2023,Telangana,36,Adilabad,501.0,Net Irrigated Area,Canal,Private,,Adilabad
170756,2022-2023,Telangana,36,Adilabad,501.0,Net Irrigated Area,Other Source,Other Source,1804.0,Adilabad
170757,2022-2023,Telangana,36,Adilabad,501.0,Net Irrigated Area,Tank,Tank,1680.0,Adilabad
170758,2022-2023,Telangana,36,Adilabad,501.0,Net Irrigated Area,Well,Other Well,3995.0,Adilabad
170759,2022-2023,Telangana,36,Adilabad,501.0,Net Irrigated Area,Well,Tubewell,25746.0,Adilabad
170760,2022-2023,Telangana,36,Bhadradri Kothagudem,690.0,Gross Irrigated Area,Canal,Government,10589.0,Khammam
170761,2022-2023,Telangana,36,Bhadradri Kothagudem,690.0,Gross Irrigated Area,Canal,Private,,Khammam
170762,2022-2023,Telangana,36,Bhadradri Kothagudem,690.0,Gross Irrigated Area,Other Source,Other Source,5785.0,Khammam
170763,2022-2023,Telangana,36,Bhadradri Kothagudem,690.0,Gross Irrigated Area,Tank,Tank,56154.0,Khammam
170764,2022-2023,Telangana,36,Bhadradri Kothagudem,690.0,Gross Irrigated Area,Well,Other Well,1680.0,Khammam
170765,2022-2023,Telangana,36,Bhadradri Kothagudem,690.0,Gross Irrigated Area,Well,Tubewell,81777.0,Khammam
170766,2022-2023,Telangana,36,Bhadradri Kothagudem,690.0,Net Irrigated Area,Canal,Government,8761.0,Khammam
170767,2022-2023,Telangana,36,Bhadradri Kothagudem,690.0,Net Irrigated Area,Canal,Private,,Khammam
170768,2022-2023,Telangana,36,Bhadradri Kothagudem,690.0,Net Irrigated Area,Other Source,Other Source,3786.0,Khammam
170769,2022-2023,Telangana,36,Bhadradri Kothagudem,690.0,Net Irrigated Area,Tank,Tank,46053.0,Khammam
170770,2022-2023,Telangana,36,Bhadradri Kothagudem,690.0,Net Irrigated Area,Well,Other Well,1270.0,Khammam
170771,2022-2023,Telangana,36,Bhadradri Kothagudem,690.0,Net Irrigated Area,Well,Tubewell,56818.0,Khammam
170772,2022-2023,Telangana,36,Hanumakonda,686.0,Gross Irrigated Area,Canal,Government,51098.0,Warangal
170773,2022-2023,Telangana,36,Hanumakonda,686.0,Gross Irrigated Area,Canal,Private,,Warangal
170774,2022-2023,Telangana,36,Hanumakonda,686.0,Gross Irrigated Area,Other Source,Other Source,,Warangal
170775,2022-2023,Telangana,36,Hanumakonda,686.0,Gross Irrigated Area,Tank,Tank,10188.0,Warangal
170776,2022-2023,Telangana,36,Hanumakonda,686.0,Gross Irrigated Area,Well,Other Well,82279.0,Warangal
170777,2022-2023,Telangana,36,Hanumakonda,686.0,Gross Irrigated Area,Well,Tubewell,26279.0,Warangal
170778,2022-2023,Telangana,36,Hanumakonda,686.0,Net Irrigated Area,Canal,Government,29637.0,Warangal
170779,2022-2023,Telangana,36,Hanumakonda,686.0,Net Irrigated Area,Canal,Private,,Warangal
170780,2022-2023,Telangana,36,Hanumakonda,686.0,Net Irrigated Area,Other Source,Other Source,,Warangal
170781,2022-2023,Telangana,36,Hanumakonda,686.0,Net Irrigated Area,Tank,Tank,8354.0,Warangal
170782,2022-2023,Telangana,36,Hanumakonda,686.0,Net Irrigated Area,Well,Other Well,45894.0,Warangal
170783,2022-2023,Telangana,36,Hanumakonda,686.0,Net Irrigated Area,Well,Tubewell,20254.0,Warangal
170796,2022-2023,Telangana,36,Jagitial,681.0,Gross Irrigated Area,Canal,Government,85181.0,Karimnagar
170797,2022-2023,Telangana,36,Jagitial,681.0,Gross Irrigated Area,Canal,Private,,Karimnagar
170798,2022-2023,Telangana,36,Jagitial,681.0,Gross Irrigated Area,Other Source,Other Source,,Karimnagar
170799,2022-2023,Telangana,36,Jagitial,681.0,Gross Irrigated Area,Tank,Tank,29972.0,Karimnagar
170800,2022-2023,Telangana,36,Jagitial,681.0,Gross Irrigated Area,Well,Other Well,130116.0,Karimnagar
170801,2022-2023,Telangana,36,Jagitial,681.0,Gross Irrigated Area,Well,Tubewell,66952.0,Karimnagar
170802,2022-2023,Telangana,36,Jagitial,681.0,Net Irrigated Area,Canal,Government,60433.0,Karimnagar
170803,2022-2023,Telangana,36,Jagitial,681.0,Net Irrigated Area,Canal,Private,,Karimnagar
170804,2022-2023,Telangana,36,Jagitial,681.0,Net Irrigated Area,Other Source,Other Source,,Karimnagar
170805,2022-2023,Telangana,36,Jagitial,681.0,Net Irrigated Area,Tank,Tank,19994.0,Karimnagar
170806,2022-2023,Telangana,36,Jagitial,681.0,Net Irrigated Area,Well,Other Well,73917.0,Karimnagar
170807,2022-2023,Telangana,36,Jagitial,681.0,Net Irrigated Area,Well,Tubewell,29480.0,Karimnagar
170808,2022-2023,Telangana,36,Jangoan,689.0,Gross Irrigated Area,Canal,Government,21563.0,Warangal
170809,2022-2023,Telangana,36,Jangoan,689.0,Gross Irrigated Area,Canal,Private,,Warangal
170810,2022-2023,Telangana,36,Jangoan,689.0,Gross Irrigated Area,Other Source,Other Source,,Warangal
170811,2022-2023,Telangana,36,Jangoan,689.0,Gross Irrigated Area,Tank,Tank,12713.0,Warangal
170812,2022-2023,Telangana,36,Jangoan,689.0,Gross Irrigated Area,Well,Other Well,15011.0,Warangal
170813,2022-2023,Telangana,36,Jangoan,689.0,Gross Irrigated Area,Well,Tubewell,133916.0,Warangal
170814,2022-2023,Telangana,36,Jangoan,689.0,Net Irrigated Area,Canal,Government,8194.0,Warangal
170815,2022-2023,Telangana,36,Jangoan,689.0,Net Irrigated Area,Canal,Private,,Warangal
170816,2022-2023,Telangana,36,Jangoan,689.0,Net Irrigated Area,Other Source,Other Source,,Warangal
170817,2022-2023,Telangana,36,Jangoan,689.0,Net Irrigated Area,Tank,Tank,6611.0,Warangal
170818,2022-2023,Telangana,36,Jangoan,689.0,Net Irrigated Area,Well,Other Well,8271.0,Warangal
170819,2022-2023,Telangana,36,Jangoan,689.0,Net Irrigated Area,Well,Tubewell,77071.0,Warangal
170820,2022-2023,Telangana,36,Jayashankar Bhupalapally,687.0,Gross Irrigated Area,Canal,Government,3679.0,Warangal
170821,2022-2023,Telangana,36,Jayashankar Bhupalapally,687.0,Gross Irrigated Area,Canal,Private,,Warangal
170822,2022-2023,Telangana,36,Jayashankar Bhupalapally,687.0,Gross Irrigated Area,Other Source,Other Source,2600.0,Warangal
170823,2022-2023,Telangana,36,Jayashankar Bhupalapally,687.0,Gross Irrigated Area,Tank,Tank,32434.0,Warangal
170824,2022-2023,Telangana,36,Jayashankar Bhupalapally,687.0,Gross Irrigated Area,Well,Other Well,27392.0,Warangal
170825,2022-2023,Telangana,36,Jayashankar Bhupalapally,687.0,Gross Irrigated Area,Well,Tubewell,42773.0,Warangal
170826,2022-2023,Telangana,36,Jayashankar Bhupalapally,687.0,Net Irrigated Area,Canal,Government,1430.0,Warangal
170827,2022-2023,Telangana,36,Jayashankar Bhupalapally,687.0,Net Irrigated Area,Canal,Private,,Warangal
170828,2022-2023,Telangana,36,Jayashankar Bhupalapally,687.0,Net Irrigated Area,Other Source,Other Source,1749.0,Warangal
170829,2022-2023,Telangana,36,Jayashankar Bhupalapally,687.0,Net Irrigated Area,Tank,Tank,20977.0,Warangal
170830,2022-2023,Telangana,36,Jayashankar Bhupalapally,687.0,Net Irrigated Area,Well,Other Well,19662.0,Warangal
170831,2022-2023,Telangana,36,Jayashankar Bhupalapally,687.0,Net Irrigated Area,Well,Tubewell,25598.0,Warangal
170832,2022-2023,Telangana,36,Jogulamba Gadwal,695.0,Gross Irrigated Area,Canal,Government,109990.0,Mahabubnagar
170833,2022-2023,Telangana,36,Jogulamba Gadwal,695.0,Gross Irrigated Area,Canal,Private,,Mahabubnagar
170834,2022-2023,Telangana,36,Jogulamba Gadwal,695.0,Gross Irrigated Area,Other Source,Other Source,6525.0,Mahabubnagar
170835,2022-2023,Telangana,36,Jogulamba Gadwal,695.0,Gross Irrigated Area,Tank,Tank,6017.0,Mahabubnagar
170836,2022-2023,Telangana,36,Jogulamba Gadwal,695.0,Gross Irrigated Area,Well,Other Well,2354.0,Mahabubnagar
170837,2022-2023,Telangana,36,Jogulamba Gadwal,695.0,Gross Irrigated Area,Well,Tubewell,57926.0,Mahabubnagar
170838,2022-2023,Telangana,36,Jogulamba Gadwal,695.0,Net Irrigated Area,Canal,Government,81393.0,Mahabubnagar
170839,2022-2023,Telangana,36,Jogulamba Gadwal,695.0,Net Irrigated Area,Canal,Private,,Mahabubnagar
170840,2022-2023,Telangana,36,Jogulamba Gadwal,695.0,Net Irrigated Area,Other Source,Other Source,4959.0,Mahabubnagar
170841,2022-2023,Telangana,36,Jogulamba Gadwal,695.0,Net Irrigated Area,Tank,Tank,4626.0,Mahabubnagar
170842,2022-2023,Telangana,36,Jogulamba Gadwal,695.0,Net Irrigated Area,Well,Other Well,1926.0,Mahabubnagar
170843,2022-2023,Telangana,36,Jogulamba Gadwal,695.0,Net Irrigated Area,Well,Tubewell,43106.0,Mahabubnagar
170844,2022-2023,Telangana,36,Kamareddy,685.0,Gross Irrigated Area,Canal,Government,32926.0,Nizamabad
170845,2022-2023,Telangana,36,Kamareddy,685.0,Gross Irrigated Area,Canal,Private,,Nizamabad
170846,2022-2023,Telangana,36,Kamareddy,685.0,Gross Irrigated Area,Other Source,Other Source,3526.0,Nizamabad
170847,2022-2023,Telangana,36,Kamareddy,685.0,Gross Irrigated Area,Tank,Tank,38453.0,Nizamabad
170848,2022-2023,Telangana,36,Kamareddy,685.0,Gross Irrigated Area,Well,Other Well,1302.0,Nizamabad
170849,2022-2023,Telangana,36,Kamareddy,685.0,Gross Irrigated Area,Well,Tubewell,191689.0,Nizamabad
170850,2022-2023,Telangana,36,Kamareddy,685.0,Net Irrigated Area,Canal,Government,17513.0,Nizamabad
170851,2022-2023,Telangana,36,Kamareddy,685.0,Net Irrigated Area,Canal,Private,,Nizamabad
170852,2022-2023,Telangana,36,Kamareddy,685.0,Net Irrigated Area,Other Source,Other Source,2300.0,Nizamabad
170853,2022-2023,Telangana,36,Kamareddy,685.0,Net Irrigated Area,Tank,Tank,24030.0,Nizamabad
170854,2022-2023,Telangana,36,Kamareddy,685.0,Net Irrigated Area,Well,Other Well,1302.0,Nizamabad
170855,2022-2023,Telangana,36,Kamareddy,685.0,Net Irrigated Area,Well,Tubewell,103362.0,Nizamabad
170856,2022-2023,Telangana,36,Karimnagar,508.0,Gross Irrigated Area,Canal,Government,99623.0,Karimnagar
170857,2022-2023,Telangana,36,Karimnagar,508.0,Gross Irrigated Area,Canal,Private,,Karimnagar
170858,2022-2023,Telangana,36,Karimnagar,508.0,Gross Irrigated Area,Other Source,Other Source,,Karimnagar
170859,2022-2023,Telangana,36,Karimnagar,508.0,Gross Irrigated Area,Tank,Tank,24723.0,Karimnagar
170860,2022-2023,Telangana,36,Karimnagar,508.0,Gross Irrigated Area,Well,Other Well,107632.0,Karimnagar
170861,2022-2023,Telangana,36,Karimnagar,508.0,Gross Irrigated Area,Well,Tubewell,14202.0,Karimnagar
170862,2022-2023,Telangana,36,Karimnagar,508.0,Net Irrigated Area,Canal,Government,54830.0,Karimnagar
170863,2022-2023,Telangana,36,Karimnagar,508.0,Net Irrigated Area,Canal,Private,,Karimnagar
170864,2022-2023,Telangana,36,Karimnagar,508.0,Net Irrigated Area,Other Source,Other Source,,Karimnagar
170865,2022-2023,Telangana,36,Karimnagar,508.0,Net Irrigated Area,Tank,Tank,15062.0,Karimnagar
170866,2022-2023,Telangana,36,Karimnagar,508.0,Net Irrigated Area,Well,Other Well,60821.0,Karimnagar
170867,2022-2023,Telangana,36,Karimnagar,508.0,Net Irrigated Area,Well,Tubewell,9892.0,Karimnagar
170868,2022-2023,Telangana,36,Khammam,509.0,Gross Irrigated Area,Canal,Government,232838.0,Khammam
170869,2022-2023,Telangana,36,Khammam,509.0,Gross Irrigated Area,Canal,Private,,Khammam
170870,2022-2023,Telangana,36,Khammam,509.0,Gross Irrigated Area,Other Source,Other Source,2190.0,Khammam
170871,2022-2023,Telangana,36,Khammam,509.0,Gross Irrigated Area,Tank,Tank,28077.0,Khammam
170872,2022-2023,Telangana,36,Khammam,509.0,Gross Irrigated Area,Well,Other Well,23233.0,Khammam
170873,2022-2023,Telangana,36,Khammam,509.0,Gross Irrigated Area,Well,Tubewell,82276.0,Khammam
170874,2022-2023,Telangana,36,Khammam,509.0,Net Irrigated Area,Canal,Government,144359.0,Khammam
170875,2022-2023,Telangana,36,Khammam,509.0,Net Irrigated Area,Canal,Private,,Khammam
170876,2022-2023,Telangana,36,Khammam,509.0,Net Irrigated Area,Other Source,Other Source,1358.0,Khammam
170877,2022-2023,Telangana,36,Khammam,509.0,Net Irrigated Area,Tank,Tank,19934.0,Khammam
170878,2022-2023,Telangana,36,Khammam,509.0,Net Irrigated Area,Well,Other Well,17671.0,Khammam
170879,2022-2023,Telangana,36,Khammam,509.0,Net Irrigated Area,Well,Tubewell,58427.0,Khammam
170880,2022-2023,Telangana,36,Kumuram Bheem Asifabad,699.0,Gross Irrigated Area,Canal,Government,7626.0,Adilabad
170881,2022-2023,Telangana,36,Kumuram Bheem Asifabad,699.0,Gross Irrigated Area,Canal,Private,,Adilabad
170882,2022-2023,Telangana,36,Kumuram Bheem Asifabad,699.0,Gross Irrigated Area,Other Source,Other Source,2190.0,Adilabad
170883,2022-2023,Telangana,36,Kumuram Bheem Asifabad,699.0,Gross Irrigated Area,Tank,Tank,12680.0,Adilabad
170884,2022-2023,Telangana,36,Kumuram Bheem Asifabad,699.0,Gross Irrigated Area,Well,Other Well,2191.0,Adilabad
170885,2022-2023,Telangana,36,Kumuram Bheem Asifabad,699.0,Gross Irrigated Area,Well,Tubewell,11371.0,Adilabad
170886,2022-2023,Telangana,36,Kumuram Bheem Asifabad,699.0,Net Irrigated Area,Canal,Government,5208.0,Adilabad
170887,2022-2023,Telangana,36,Kumuram Bheem Asifabad,699.0,Net Irrigated Area,Canal,Private,,Adilabad
170888,2022-2023,Telangana,36,Kumuram Bheem Asifabad,699.0,Net Irrigated Area,Other Source,Other Source,1837.0,Adilabad
170889,2022-2023,Telangana,36,Kumuram Bheem Asifabad,699.0,Net Irrigated Area,Tank,Tank,11076.0,Adilabad
170890,2022-2023,Telangana,36,Kumuram Bheem Asifabad,699.0,Net Irrigated Area,Well,Other Well,1111.0,Adilabad
170891,2022-2023,Telangana,36,Kumuram Bheem Asifabad,699.0,Net Irrigated Area,Well,Tubewell,5923.0,Adilabad
170892,2022-2023,Telangana,36,Mahabubabad,688.0,Gross Irrigated Area,Canal,Government,71327.0,Warangal
170893,2022-2023,Telangana,36,Mahabubabad,688.0,Gross Irrigated Area,Canal,Private,,Warangal
170894,2022-2023,Telangana,36,Mahabubabad,688.0,Gross Irrigated Area,Other Source,Other Source,267.0,Warangal
170895,2022-2023,Telangana,36,Mahabubabad,688.0,Gross Irrigated Area,Tank,Tank,14661.0,Warangal
170896,2022-2023,Telangana,36,Mahabubabad,688.0,Gross Irrigated Area,Well,Other Well,77288.0,Warangal
170897,2022-2023,Telangana,36,Mahabubabad,688.0,Gross Irrigated Area,Well,Tubewell,65180.0,Warangal
170898,2022-2023,Telangana,36,Mahabubabad,688.0,Net Irrigated Area,Canal,Government,34950.0,Warangal
170899,2022-2023,Telangana,36,Mahabubabad,688.0,Net Irrigated Area,Canal,Private,,Warangal
170900,2022-2023,Telangana,36,Mahabubabad,688.0,Net Irrigated Area,Other Source,Other Source,195.0,Warangal
170901,2022-2023,Telangana,36,Mahabubabad,688.0,Net Irrigated Area,Tank,Tank,9676.0,Warangal
170902,2022-2023,Telangana,36,Mahabubabad,688.0,Net Irrigated Area,Well,Other Well,60671.0,Warangal
170903,2022-2023,Telangana,36,Mahabubabad,688.0,Net Irrigated Area,Well,Tubewell,52441.0,Warangal
170904,2022-2023,Telangana,36,Mahabubnagar,512.0,Gross Irrigated Area,Canal,Government,9876.0,Mahabubnagar
170905,2022-2023,Telangana,36,Mahabubnagar,512.0,Gross Irrigated Area,Canal,Private,,Mahabubnagar
170906,2022-2023,Telangana,36,Mahabubnagar,512.0,Gross Irrigated Area,Other Source,Other Source,,Mahabubnagar
170907,2022-2023,Telangana,36,Mahabubnagar,512.0,Gross Irrigated Area,Tank,Tank,5158.0,Mahabubnagar
170908,2022-2023,Telangana,36,Mahabubnagar,512.0,Gross Irrigated Area,Well,Other Well,,Mahabubnagar
170909,2022-2023,Telangana,36,Mahabubnagar,512.0,Gross Irrigated Area,Well,Tubewell,137002.0,Mahabubnagar
170910,2022-2023,Telangana,36,Mahabubnagar,512.0,Net Irrigated Area,Canal,Government,9184.0,Mahabubnagar
170911,2022-2023,Telangana,36,Mahabubnagar,512.0,Net Irrigated Area,Canal,Private,,Mahabubnagar
170912,2022-2023,Telangana,36,Mahabubnagar,512.0,Net Irrigated Area,Other Source,Other Source,,Mahabubnagar
170913,2022-2023,Telangana,36,Mahabubnagar,512.0,Net Irrigated Area,Tank,Tank,4281.0,Mahabubnagar
170914,2022-2023,Telangana,36,Mahabubnagar,512.0,Net Irrigated Area,Well,Other Well,,Mahabubnagar
170915,2022-2023,Telangana,36,Mahabubnagar,512.0,Net Irrigated Area,Well,Tubewell,82556.0,Mahabubnagar
170916,2022-2023,Telangana,36,Mancherial,684.0,Gross Irrigated Area,Canal,Government,32788.0,Adilabad
170917,2022-2023,Telangana,36,Mancherial,684.0,Gross Irrigated Area,Canal,Private,,Adilabad
170918,2022-2023,Telangana,36,Mancherial,684.0,Gross Irrigated Area,Other Source,Other Source,6033.0,Adilabad
170919,2022-2023,Telangana,36,Mancherial,684.0,Gross Irrigated Area,Tank,Tank,17214.0,Adilabad
170920,2022-2023,Telangana,36,Mancherial,684.0,Gross Irrigated Area,Well,Other Well,19645.0,Adilabad
170921,2022-2023,Telangana,36,Mancherial,684.0,Gross Irrigated Area,Well,Tubewell,40973.0,Adilabad
170922,2022-2023,Telangana,36,Mancherial,684.0,Net Irrigated Area,Canal,Government,25707.0,Adilabad
170923,2022-2023,Telangana,36,Mancherial,684.0,Net Irrigated Area,Canal,Private,,Adilabad
170924,2022-2023,Telangana,36,Mancherial,684.0,Net Irrigated Area,Other Source,Other Source,698.0,Adilabad
170925,2022-2023,Telangana,36,Mancherial,684.0,Net Irrigated Area,Tank,Tank,13927.0,Adilabad
170926,2022-2023,Telangana,36,Mancherial,684.0,Net Irrigated Area,Well,Other Well,8253.0,Adilabad
170927,2022-2023,Telangana,36,Mancherial,684.0,Net Irrigated Area,Well,Tubewell,24539.0,Adilabad
170928,2022-2023,Telangana,36,Medak,513.0,Gross Irrigated Area,Canal,Government,17520.0,Medak
170929,2022-2023,Telangana,36,Medak,513.0,Gross Irrigated Area,Canal,Private,,Medak
170930,2022-2023,Telangana,36,Medak,513.0,Gross Irrigated Area,Other Source,Other Source,9126.0,Medak
170931,2022-2023,Telangana,36,Medak,513.0,Gross Irrigated Area,Tank,Tank,33593.0,Medak
170932,2022-2023,Telangana,36,Medak,513.0,Gross Irrigated Area,Well,Other Well,,Medak
170933,2022-2023,Telangana,36,Medak,513.0,Gross Irrigated Area,Well,Tubewell,174946.0,Medak
170934,2022-2023,Telangana,36,Medak,513.0,Net Irrigated Area,Canal,Government,9208.0,Medak
170935,2022-2023,Telangana,36,Medak,513.0,Net Irrigated Area,Canal,Private,,Medak
170936,2022-2023,Telangana,36,Medak,513.0,Net Irrigated Area,Other Source,Other Source,5343.0,Medak
170937,2022-2023,Telangana,36,Medak,513.0,Net Irrigated Area,Tank,Tank,19783.0,Medak
170938,2022-2023,Telangana,36,Medak,513.0,Net Irrigated Area,Well,Other Well,,Medak
170939,2022-2023,Telangana,36,Medak,513.0,Net Irrigated Area,Well,Tubewell,98158.0,Medak
170940,2022-2023,Telangana,36,Medchal Malkajgiri,700.0,Gross Irrigated Area,Canal,Government,,Ranga Reddy
170941,2022-2023,Telangana,36,Medchal Malkajgiri,700.0,Gross Irrigated Area,Canal,Private,,Ranga Reddy
170942,2022-2023,Telangana,36,Medchal Malkajgiri,700.0,Gross Irrigated Area,Other Source,Other Source,1059.0,Ranga Reddy
170943,2022-2023,Telangana,36,Medchal Malkajgiri,700.0,Gross Irrigated Area,Tank,Tank,1741.0,Ranga Reddy
170944,2022-2023,Telangana,36,Medchal Malkajgiri,700.0,Gross Irrigated Area,Well,Other Well,,Ranga Reddy
170945,2022-2023,Telangana,36,Medchal Malkajgiri,700.0,Gross Irrigated Area,Well,Tubewell,19832.0,Ranga Reddy
170946,2022-2023,Telangana,36,Medchal Malkajgiri,700.0,Net Irrigated Area,Canal,Government,,Ranga Reddy
170947,2022-2023,Telangana,36,Medchal Malkajgiri,700.0,Net Irrigated Area,Canal,Private,,Ranga Reddy
170948,2022-2023,Telangana,36,Medchal Malkajgiri,700.0,Net Irrigated Area,Other Source,Other Source,569.0,Ranga Reddy
170949,2022-2023,Telangana,36,Medchal Malkajgiri,700.0,Net Irrigated Area,Tank,Tank,935.0,Ranga Reddy
170950,2022-2023,Telangana,36,Medchal Malkajgiri,700.0,Net Irrigated Area,Well,Other Well,,Ranga Reddy
170951,2022-2023,Telangana,36,Medchal Malkajgiri,700.0,Net Irrigated Area,Well,Tubewell,13608.0,Ranga Reddy
170952,2022-2023,Telangana,36,Mulugu,720.0,Gross Irrigated Area,Canal,Government,14018.0,Warangal
170953,2022-2023,Telangana,36,Mulugu,720.0,Gross Irrigated Area,Canal,Private,,Warangal
170954,2022-2023,Telangana,36,Mulugu,720.0,Gross Irrigated Area,Other Source,Other Source,2051.0,Warangal
170955,2022-2023,Telangana,36,Mulugu,720.0,Gross Irrigated Area,Tank,Tank,16904.0,Warangal
170956,2022-2023,Telangana,36,Mulugu,720.0,Gross Irrigated Area,Well,Other Well,2789.0,Warangal
170957,2022-2023,Telangana,36,Mulugu,720.0,Gross Irrigated Area,Well,Tubewell,37828.0,Warangal
170958,2022-2023,Telangana,36,Mulugu,720.0,Net Irrigated Area,Canal,Government,8796.0,Warangal
170959,2022-2023,Telangana,36,Mulugu,720.0,Net Irrigated Area,Canal,Private,,Warangal
170960,2022-2023,Telangana,36,Mulugu,720.0,Net Irrigated Area,Other Source,Other Source,1477.0,Warangal
170961,2022-2023,Telangana,36,Mulugu,720.0,Net Irrigated Area,Tank,Tank,14015.0,Warangal
170962,2022-2023,Telangana,36,Mulugu,720.0,Net Irrigated Area,Well,Other Well,1625.0,Warangal
170963,2022-2023,Telangana,36,Mulugu,720.0,Net Irrigated Area,Well,Tubewell,26076.0,Warangal
170964,2022-2023,Telangana,36,Nagarkurnool,694.0,Gross Irrigated Area,Canal,Government,36392.0,Mahabubnagar
170965,2022-2023,Telangana,36,Nagarkurnool,694.0,Gross Irrigated Area,Canal,Private,,Mahabubnagar
170966,2022-2023,Telangana,36,Nagarkurnool,694.0,Gross Irrigated Area,Other Source,Other Source,25.0,Mahabubnagar
170967,2022-2023,Telangana,36,Nagarkurnool,694.0,Gross Irrigated Area,Tank,Tank,3891.0,Mahabubnagar
170968,2022-2023,Telangana,36,Nagarkurnool,694.0,Gross Irrigated Area,Well,Other Well,730.0,Mahabubnagar
170969,2022-2023,Telangana,36,Nagarkurnool,694.0,Gross Irrigated Area,Well,Tubewell,155957.0,Mahabubnagar
170970,2022-2023,Telangana,36,Nagarkurnool,694.0,Net Irrigated Area,Canal,Government,30933.0,Mahabubnagar
170971,2022-2023,Telangana,36,Nagarkurnool,694.0,Net Irrigated Area,Canal,Private,,Mahabubnagar
170972,2022-2023,Telangana,36,Nagarkurnool,694.0,Net Irrigated Area,Other Source,Other Source,25.0,Mahabubnagar
170973,2022-2023,Telangana,36,Nagarkurnool,694.0,Net Irrigated Area,Tank,Tank,2996.0,Mahabubnagar
170974,2022-2023,Telangana,36,Nagarkurnool,694.0,Net Irrigated Area,Well,Other Well,691.0,Mahabubnagar
170975,2022-2023,Telangana,36,Nagarkurnool,694.0,Net Irrigated Area,Well,Tubewell,128925.0,Mahabubnagar
170976,2022-2023,Telangana,36,Nalgonda,514.0,Gross Irrigated Area,Canal,Government,303779.0,Nalgonda
170977,2022-2023,Telangana,36,Nalgonda,514.0,Gross Irrigated Area,Canal,Private,,Nalgonda
170978,2022-2023,Telangana,36,Nalgonda,514.0,Gross Irrigated Area,Other Source,Other Source,4582.0,Nalgonda
170979,2022-2023,Telangana,36,Nalgonda,514.0,Gross Irrigated Area,Tank,Tank,6427.0,Nalgonda
170980,2022-2023,Telangana,36,Nalgonda,514.0,Gross Irrigated Area,Well,Other Well,4652.0,Nalgonda
170981,2022-2023,Telangana,36,Nalgonda,514.0,Gross Irrigated Area,Well,Tubewell,148578.0,Nalgonda
170982,2022-2023,Telangana,36,Nalgonda,514.0,Net Irrigated Area,Canal,Government,170116.0,Nalgonda
170983,2022-2023,Telangana,36,Nalgonda,514.0,Net Irrigated Area,Canal,Private,,Nalgonda
170984,2022-2023,Telangana,36,Nalgonda,514.0,Net Irrigated Area,Other Source,Other Source,2382.0,Nalgonda
170985,2022-2023,Telangana,36,Nalgonda,514.0,Net Irrigated Area,Tank,Tank,3921.0,Nalgonda
170986,2022-2023,Telangana,36,Nalgonda,514.0,Net Irrigated Area,Well,Other Well,2703.0,Nalgonda
170987,2022-2023,Telangana,36,Nalgonda,514.0,Net Irrigated Area,Well,Tubewell,86652.0,Nalgonda
170988,2022-2023,Telangana,36,Narayanpet,721.0,Gross Irrigated Area,Canal,Government,10183.0,Mahabubnagar
170989,2022-2023,Telangana,36,Narayanpet,721.0,Gross Irrigated Area,Canal,Private,,Mahabubnagar
170990,2022-2023,Telangana,36,Narayanpet,721.0,Gross Irrigated Area,Other Source,Other Source,7617.0,Mahabubnagar
170991,2022-2023,Telangana,36,Narayanpet,721.0,Gross Irrigated Area,Tank,Tank,4194.0,Mahabubnagar
170992,2022-2023,Telangana,36,Narayanpet,721.0,Gross Irrigated Area,Well,Other Well,,Mahabubnagar
170993,2022-2023,Telangana,36,Narayanpet,721.0,Gross Irrigated Area,Well,Tubewell,111643.0,Mahabubnagar
170994,2022-2023,Telangana,36,Narayanpet,721.0,Net Irrigated Area,Canal,Government,6008.0,Mahabubnagar
170995,2022-2023,Telangana,36,Narayanpet,721.0,Net Irrigated Area,Canal,Private,,Mahabubnagar
170996,2022-2023,Telangana,36,Narayanpet,721.0,Net Irrigated Area,Other Source,Other Source,5103.0,Mahabubnagar
170997,2022-2023,Telangana,36,Narayanpet,721.0,Net Irrigated Area,Tank,Tank,2977.0,Mahabubnagar
170998,2022-2023,Telangana,36,Narayanpet,721.0,Net Irrigated Area,Well,Other Well,,Mahabubnagar
170999,2022-2023,Telangana,36,Narayanpet,721.0,Net Irrigated Area,Well,Tubewell,71449.0,Mahabubnagar
171000,2022-2023,Telangana,36,Nirmal,680.0,Gross Irrigated Area,Canal,Government,26324.0,Adilabad
171001,2022-2023,Telangana,36,Nirmal,680.0,Gross Irrigated Area,Canal,Private,,Adilabad
171002,2022-2023,Telangana,36,Nirmal,680.0,Gross Irrigated Area,Other Source,Other Source,870.0,Adilabad
171003,2022-2023,Telangana,36,Nirmal,680.0,Gross Irrigated Area,Tank,Tank,23150.0,Adilabad
171004,2022-2023,Telangana,36,Nirmal,680.0,Gross Irrigated Area,Well,Other Well,22840.0,Adilabad
171005,2022-2023,Telangana,36,Nirmal,680.0,Gross Irrigated Area,Well,Tubewell,119433.0,Adilabad
171006,2022-2023,Telangana,36,Nirmal,680.0,Net Irrigated Area,Canal,Government,12587.0,Adilabad
171007,2022-2023,Telangana,36,Nirmal,680.0,Net Irrigated Area,Canal,Private,,Adilabad
171008,2022-2023,Telangana,36,Nirmal,680.0,Net Irrigated Area,Other Source,Other Source,513.0,Adilabad
171009,2022-2023,Telangana,36,Nirmal,680.0,Net Irrigated Area,Tank,Tank,14628.0,Adilabad
171010,2022-2023,Telangana,36,Nirmal,680.0,Net Irrigated Area,Well,Other Well,12153.0,Adilabad
171011,2022-2023,Telangana,36,Nirmal,680.0,Net Irrigated Area,Well,Tubewell,47290.0,Adilabad
171012,2022-2023,Telangana,36,Nizamabad,516.0,Gross Irrigated Area,Canal,Government,125591.0,Nizamabad
171013,2022-2023,Telangana,36,Nizamabad,516.0,Gross Irrigated Area,Canal,Private,,Nizamabad
171014,2022-2023,Telangana,36,Nizamabad,516.0,Gross Irrigated Area,Other Source,Other Source,9430.0,Nizamabad
171015,2022-2023,Telangana,36,Nizamabad,516.0,Gross Irrigated Area,Tank,Tank,13260.0,Nizamabad
171016,2022-2023,Telangana,36,Nizamabad,516.0,Gross Irrigated Area,Well,Other Well,486.0,Nizamabad
171017,2022-2023,Telangana,36,Nizamabad,516.0,Gross Irrigated Area,Well,Tubewell,262821.0,Nizamabad
171018,2022-2023,Telangana,36,Nizamabad,516.0,Net Irrigated Area,Canal,Government,65799.0,Nizamabad
171019,2022-2023,Telangana,36,Nizamabad,516.0,Net Irrigated Area,Canal,Private,,Nizamabad
171020,2022-2023,Telangana,36,Nizamabad,516.0,Net Irrigated Area,Other Source,Other Source,4805.0,Nizamabad
171021,2022-2023,Telangana,36,Nizamabad,516.0,Net Irrigated Area,Tank,Tank,8301.0,Nizamabad
171022,2022-2023,Telangana,36,Nizamabad,516.0,Net Irrigated Area,Well,Other Well,275.0,Nizamabad
171023,2022-2023,Telangana,36,Nizamabad,516.0,Net Irrigated Area,Well,Tubewell,141243.0,Nizamabad
171024,2022-2023,Telangana,36,Peddapalli,682.0,Gross Irrigated Area,Canal,Government,115267.0,Karimnagar
171025,2022-2023,Telangana,36,Peddapalli,682.0,Gross Irrigated Area,Canal,Private,,Karimnagar
171026,2022-2023,Telangana,36,Peddapalli,682.0,Gross Irrigated Area,Other Source,Other Source,987.0,Karimnagar
171027,2022-2023,Telangana,36,Peddapalli,682.0,Gross Irrigated Area,Tank,Tank,30737.0,Karimnagar
171028,2022-2023,Telangana,36,Peddapalli,682.0,Gross Irrigated Area,Well,Other Well,37796.0,Karimnagar
171029,2022-2023,Telangana,36,Peddapalli,682.0,Gross Irrigated Area,Well,Tubewell,16057.0,Karimnagar
171030,2022-2023,Telangana,36,Peddapalli,682.0,Net Irrigated Area,Canal,Government,62202.0,Karimnagar
171031,2022-2023,Telangana,36,Peddapalli,682.0,Net Irrigated Area,Canal,Private,,Karimnagar
171032,2022-2023,Telangana,36,Peddapalli,682.0,Net Irrigated Area,Other Source,Other Source,851.0,Karimnagar
171033,2022-2023,Telangana,36,Peddapalli,682.0,Net Irrigated Area,Tank,Tank,17687.0,Karimnagar
171034,2022-2023,Telangana,36,Peddapalli,682.0,Net Irrigated Area,Well,Other Well,24122.0,Karimnagar
171035,2022-2023,Telangana,36,Peddapalli,682.0,Net Irrigated Area,Well,Tubewell,11270.0,Karimnagar
171036,2022-2023,Telangana,36,Rajanna Sircilla,683.0,Gross Irrigated Area,Canal,Government,3784.0,Karimnagar
171037,2022-2023,Telangana,36,Rajanna Sircilla,683.0,Gross Irrigated Area,Canal,Private,,Karimnagar
171038,2022-2023,Telangana,36,Rajanna Sircilla,683.0,Gross Irrigated Area,Other Source,Other Source,,Karimnagar
171039,2022-2023,Telangana,36,Rajanna Sircilla,683.0,Gross Irrigated Area,Tank,Tank,8250.0,Karimnagar
171040,2022-2023,Telangana,36,Rajanna Sircilla,683.0,Gross Irrigated Area,Well,Other Well,44866.0,Karimnagar
171041,2022-2023,Telangana,36,Rajanna Sircilla,683.0,Gross Irrigated Area,Well,Tubewell,92721.0,Karimnagar
171042,2022-2023,Telangana,36,Rajanna Sircilla,683.0,Net Irrigated Area,Canal,Government,1853.0,Karimnagar
171043,2022-2023,Telangana,36,Rajanna Sircilla,683.0,Net Irrigated Area,Canal,Private,,Karimnagar
171044,2022-2023,Telangana,36,Rajanna Sircilla,683.0,Net Irrigated Area,Other Source,Other Source,,Karimnagar
171045,2022-2023,Telangana,36,Rajanna Sircilla,683.0,Net Irrigated Area,Tank,Tank,6828.0,Karimnagar
171046,2022-2023,Telangana,36,Rajanna Sircilla,683.0,Net Irrigated Area,Well,Other Well,27111.0,Karimnagar
171047,2022-2023,Telangana,36,Rajanna Sircilla,683.0,Net Irrigated Area,Well,Tubewell,56536.0,Karimnagar
171048,2022-2023,Telangana,36,Ranga Reddy,518.0,Gross Irrigated Area,Canal,Government,,Ranga Reddy
171049,2022-2023,Telangana,36,Ranga Reddy,518.0,Gross Irrigated Area,Canal,Private,,Ranga Reddy
171050,2022-2023,Telangana,36,Ranga Reddy,518.0,Gross Irrigated Area,Other Source,Other Source,1804.0,Ranga Reddy
171051,2022-2023,Telangana,36,Ranga Reddy,518.0,Gross Irrigated Area,Tank,Tank,178.0,Ranga Reddy
171052,2022-2023,Telangana,36,Ranga Reddy,518.0,Gross Irrigated Area,Well,Other Well,,Ranga Reddy
171053,2022-2023,Telangana,36,Ranga Reddy,518.0,Gross Irrigated Area,Well,Tubewell,129606.0,Ranga Reddy
171054,2022-2023,Telangana,36,Ranga Reddy,518.0,Net Irrigated Area,Canal,Government,,Ranga Reddy
171055,2022-2023,Telangana,36,Ranga Reddy,518.0,Net Irrigated Area,Canal,Private,,Ranga Reddy
171056,2022-2023,Telangana,36,Ranga Reddy,518.0,Net Irrigated Area,Other Source,Other Source,893.0,Ranga Reddy
171057,2022-2023,Telangana,36,Ranga Reddy,518.0,Net Irrigated Area,Tank,Tank,89.0,Ranga Reddy
171058,2022-2023,Telangana,36,Ranga Reddy,518.0,Net Irrigated Area,Well,Other Well,,Ranga Reddy
171059,2022-2023,Telangana,36,Ranga Reddy,518.0,Net Irrigated Area,Well,Tubewell,88242.0,Ranga Reddy
171060,2022-2023,Telangana,36,Sangareddy,691.0,Gross Irrigated Area,Canal,Government,15331.0,Medak
171061,2022-2023,Telangana,36,Sangareddy,691.0,Gross Irrigated Area,Canal,Private,,Medak
171062,2022-2023,Telangana,36,Sangareddy,691.0,Gross Irrigated Area,Other Source,Other Source,236.0,Medak
171063,2022-2023,Telangana,36,Sangareddy,691.0,Gross Irrigated Area,Tank,Tank,16625.0,Medak
171064,2022-2023,Telangana,36,Sangareddy,691.0,Gross Irrigated Area,Well,Other Well,,Medak
171065,2022-2023,Telangana,36,Sangareddy,691.0,Gross Irrigated Area,Well,Tubewell,116998.0,Medak
171066,2022-2023,Telangana,36,Sangareddy,691.0,Net Irrigated Area,Canal,Government,8398.0,Medak
171067,2022-2023,Telangana,36,Sangareddy,691.0,Net Irrigated Area,Canal,Private,,Medak
171068,2022-2023,Telangana,36,Sangareddy,691.0,Net Irrigated Area,Other Source,Other Source,163.0,Medak
171069,2022-2023,Telangana,36,Sangareddy,691.0,Net Irrigated Area,Tank,Tank,10688.0,Medak
171070,2022-2023,Telangana,36,Sangareddy,691.0,Net Irrigated Area,Well,Other Well,,Medak
171071,2022-2023,Telangana,36,Sangareddy,691.0,Net Irrigated Area,Well,Tubewell,72803.0,Medak
171072,2022-2023,Telangana,36,Siddipet,692.0,Gross Irrigated Area,Canal,Government,5131.0,Medak
171073,2022-2023,Telangana,36,Siddipet,692.0,Gross Irrigated Area,Canal,Private,,Medak
171074,2022-2023,Telangana,36,Siddipet,692.0,Gross Irrigated Area,Other Source,Other Source,37.0,Medak
171075,2022-2023,Telangana,36,Siddipet,692.0,Gross Irrigated Area,Tank,Tank,24917.0,Medak
171076,2022-2023,Telangana,36,Siddipet,692.0,Gross Irrigated Area,Well,Other Well,55285.0,Medak
171077,2022-2023,Telangana,36,Siddipet,692.0,Gross Irrigated Area,Well,Tubewell,233595.0,Medak
171078,2022-2023,Telangana,36,Siddipet,692.0,Net Irrigated Area,Canal,Government,2823.0,Medak
171079,2022-2023,Telangana,36,Siddipet,692.0,Net Irrigated Area,Canal,Private,,Medak
171080,2022-2023,Telangana,36,Siddipet,692.0,Net Irrigated Area,Other Source,Other Source,,Medak
171081,2022-2023,Telangana,36,Siddipet,692.0,Net Irrigated Area,Tank,Tank,14530.0,Medak
171082,2022-2023,Telangana,36,Siddipet,692.0,Net Irrigated Area,Well,Other Well,27744.0,Medak
171083,2022-2023,Telangana,36,Siddipet,692.0,Net Irrigated Area,Well,Tubewell,124124.0,Medak
171084,2022-2023,Telangana,36,Suryapet,696.0,Gross Irrigated Area,Canal,Government,260015.0,Nalgonda
171085,2022-2023,Telangana,36,Suryapet,696.0,Gross Irrigated Area,Canal,Private,,Nalgonda
171086,2022-2023,Telangana,36,Suryapet,696.0,Gross Irrigated Area,Other Source,Other Source,9510.0,Nalgonda
171087,2022-2023,Telangana,36,Suryapet,696.0,Gross Irrigated Area,Tank,Tank,5993.0,Nalgonda
171088,2022-2023,Telangana,36,Suryapet,696.0,Gross Irrigated Area,Well,Other Well,30263.0,Nalgonda
171089,2022-2023,Telangana,36,Suryapet,696.0,Gross Irrigated Area,Well,Tubewell,95250.0,Nalgonda
171090,2022-2023,Telangana,36,Suryapet,696.0,Net Irrigated Area,Canal,Government,135208.0,Nalgonda
171091,2022-2023,Telangana,36,Suryapet,696.0,Net Irrigated Area,Canal,Private,,Nalgonda
171092,2022-2023,Telangana,36,Suryapet,696.0,Net Irrigated Area,Other Source,Other Source,4850.0,Nalgonda
171093,2022-2023,Telangana,36,Suryapet,696.0,Net Irrigated Area,Tank,Tank,3236.0,Nalgonda
171094,2022-2023,Telangana,36,Suryapet,696.0,Net Irrigated Area,Well,Other Well,15859.0,Nalgonda
171095,2022-2023,Telangana,36,Suryapet,696.0,Net Irrigated Area,Well,Tubewell,53843.0,Nalgonda
171096,2022-2023,Telangana,36,Vikarabad,698.0,Gross Irrigated Area,Canal,Government,1902.0,Ranga Reddy
171097,2022-2023,Telangana,36,Vikarabad,698.0,Gross Irrigated Area,Canal,Private,,Ranga Reddy
171098,2022-2023,Telangana,36,Vikarabad,698.0,Gross Irrigated Area,Other Source,Other Source,,Ranga Reddy
171099,2022-2023,Telangana,36,Vikarabad,698.0,Gross Irrigated Area,Tank,Tank,,Ranga Reddy
171100,2022-2023,Telangana,36,Vikarabad,698.0,Gross Irrigated Area,Well,Other Well,100.0,Ranga Reddy
171101,2022-2023,Telangana,36,Vikarabad,698.0,Gross Irrigated Area,Well,Tubewell,122449.0,Ranga Reddy
171102,2022-2023,Telangana,36,Vikarabad,698.0,Net Irrigated Area,Canal,Government,1122.0,Ranga Reddy
171103,2022-2023,Telangana,36,Vikarabad,698.0,Net Irrigated Area,Canal,Private,,Ranga Reddy
171104,2022-2023,Telangana,36,Vikarabad,698.0,Net Irrigated Area,Other Source,Other Source,,Ranga Reddy
171105,2022-2023,Telangana,36,Vikarabad,698.0,Net Irrigated Area,Tank,Tank,,Ranga Reddy
171106,2022-2023,Telangana,36,Vikarabad,698.0,Net Irrigated Area,Well,Other Well,100.0,Ranga Reddy
171107,2022-2023,Telangana,36,Vikarabad,698.0,Net Irrigated Area,Well,Tubewell,71149.0,Ranga Reddy
171108,2022-2023,Telangana,36,Wanaparthy,693.0,Gross Irrigated Area,Canal,Government,115082.0,Mahabubnagar
171109,2022-2023,Telangana,36,Wanaparthy,693.0,Gross Irrigated Area,Canal,Private,,Mahabubnagar
171110,2022-2023,Telangana,36,Wanaparthy,693.0,Gross Irrigated Area,Other Source,Other Source,2877.0,Mahabubnagar
171111,2022-2023,Telangana,36,Wanaparthy,693.0,Gross Irrigated Area,Tank,Tank,3080.0,Mahabubnagar
171112,2022-2023,Telangana,36,Wanaparthy,693.0,Gross Irrigated Area,Well,Other Well,1999.0,Mahabubnagar
171113,2022-2023,Telangana,36,Wanaparthy,693.0,Gross Irrigated Area,Well,Tubewell,57235.0,Mahabubnagar
171114,2022-2023,Telangana,36,Wanaparthy,693.0,Net Irrigated Area,Canal,Government,75954.0,Mahabubnagar
171115,2022-2023,Telangana,36,Wanaparthy,693.0,Net Irrigated Area,Canal,Private,,Mahabubnagar
171116,2022-2023,Telangana,36,Wanaparthy,693.0,Net Irrigated Area,Other Source,Other Source,263.0,Mahabubnagar
171117,2022-2023,Telangana,36,Wanaparthy,693.0,Net Irrigated Area,Tank,Tank,2094.0,Mahabubnagar
171118,2022-2023,Telangana,36,Wanaparthy,693.0,Net Irrigated Area,Well,Other Well,1458.0,Mahabubnagar
171119,2022-2023,Telangana,36,Wanaparthy,693.0,Net Irrigated Area,Well,Tubewell,37109.0,Mahabubnagar
171120,2022-2023,Telangana,36,Warangal,522.0,Gross Irrigated Area,Canal,Government,41898.0,Warangal
171121,2022-2023,Telangana,36,Warangal,522.0,Gross Irrigated Area,Canal,Private,,Warangal
171122,2022-2023,Telangana,36,Warangal,522.0,Gross Irrigated Area,Other Source,Other Source,366.0,Warangal
171123,2022-2023,Telangana,36,Warangal,522.0,Gross Irrigated Area,Tank,Tank,14614.0,Warangal
171124,2022-2023,Telangana,36,Warangal,522.0,Gross Irrigated Area,Well,Other Well,80655.0,Warangal
171125,2022-2023,Telangana,36,Warangal,522.0,Gross Irrigated Area,Well,Tubewell,56352.0,Warangal
171126,2022-2023,Telangana,36,Warangal,522.0,Net Irrigated Area,Canal,Government,16759.0,Warangal
171127,2022-2023,Telangana,36,Warangal,522.0,Net Irrigated Area,Canal,Private,,Warangal
171128,2022-2023,Telangana,36,Warangal,522.0,Net Irrigated Area,Other Source,Other Source,253.0,Warangal
171129,2022-2023,Telangana,36,Warangal,522.0,Net Irrigated Area,Tank,Tank,9061.0,Warangal
171130,2022-2023,Telangana,36,Warangal,522.0,Net Irrigated Area,Well,Other Well,45133.0,Warangal
171131,2022-2023,Telangana,36,Warangal,522.0,Net Irrigated Area,Well,Tubewell,36283.0,Warangal
171132,2022-2023,Telangana,36,Yadadri Bhuvanagiri,697.0,Gross Irrigated Area,Canal,Government,,Nalgonda
171133,2022-2023,Telangana,36,Yadadri Bhuvanagiri,697.0,Gross Irrigated Area,Canal,Private,,Nalgonda
171134,2022-2023,Telangana,36,Yadadri Bhuvanagiri,697.0,Gross Irrigated Area,Other Source,Other Source,959.0,Nalgonda
171135,2022-2023,Telangana,36,Yadadri Bhuvanagiri,697.0,Gross Irrigated Area,Tank,Tank,9981.0,Nalgonda
171136,2022-2023,Telangana,36,Yadadri Bhuvanagiri,697.0,Gross Irrigated Area,Well,Other Well,20436.0,Nalgonda
171137,2022-2023,Telangana,36,Yadadri Bhuvanagiri,697.0,Gross Irrigated Area,Well,Tubewell,217507.0,Nalgonda
171138,2022-2023,Telangana,36,Yadadri Bhuvanagiri,697.0,Net Irrigated Area,Canal,Government,,Nalgonda
171139,2022-2023,Telangana,36,Yadadri Bhuvanagiri,697.0,Net Irrigated Area,Canal,Private,,Nalgonda
171140,2022-2023,Telangana,36,Yadadri Bhuvanagiri,697.0,Net Irrigated Area,Other Source,Other Source,556.0,Nalgonda
171141,2022-2023,Telangana,36,Yadadri Bhuvanagiri,697.0,Net Irrigated Area,Tank,Tank,6188.0,Nalgonda
171142,2022-2023,Telangana,36,Yadadri Bhuvanagiri,697.0,Net Irrigated Area,Well,Other Well,10899.0,Nalgonda
171143,2022-2023,Telangana,36,Yadadri Bhuvanagiri,697.0,Net Irrigated Area,Well,Tubewell,121278.0,Nalgonda
